timestamp,cpu_usage_percent
1779734520,20.272881355931073
1779734535,20.405084745761382
1779734550,20.561016949152155
1779734565,20.96864406779725
1779734580,21.24406779661081
1779734595,21.57288135592954
1779734610,20.4991525423716
1779734625,20.56186440677883
1779734640,20.65762711864486
1779734655,20.668644067797803
1779734670,20.80084745762687
1779734685,20.933898305085098
1779734700,21.027118644069876
1779734715,21.1610169491523
1779734730,21.305932203391365
1779734745,21.348305084744833
1779734760,21.37796610169447
1779734775,21.44406779660839
1779734790,21.55169491525404
1779734805,21.500847457627657
1779734820,21.50508474576227
1779734835,21.629661016950042
1779734850,21.453389830507984
1779734865,21.592372881356624
1779734880,21.8271186440676
1779734895,21.58389830508248
1779734910,21.64067796610175
1779734925,21.526271186440237
1779734940,21.426271186442058
1779734955,21.468644067797992
1779734970,21.394915254235368
1779734985,21.254237288134604
1779735000,21.160169491524393
1779735015,21.211864406779913
1779735030,21.238135593219166
1779735045,21.298305084747593
1779735060,21.308474576270154
1779735075,21.380508474576963
1779735090,21.59237288135416
1779735105,21.605084745764145
1779735120,21.822033898302617
1779735135,22.061864406779808
1779735150,22.077966101694035
1779735165,22.184745762711767
1779735180,22.127966101696195
1779735195,21.991525423730053
1779735210,22.06949152542359
1779735225,22.17796610169467
1779735240,22.19237288135677
1779735255,22.353389830508817
1779735270,22.28474576271118
1779735285,22.27796610169408
1779735300,22.22711864406647
1779735315,22.211016949152253
1779735330,22.213559322034737
1779735345,22.159322033897965
1779735360,22.189830508475517
1779735375,21.93728813559327
1779735390,21.804237288135052
1779735405,21.68389830508559
1779735420,21.51271186440851
1779735435,21.447457627118794
1779735450,21.401694915252456
1779735465,21.419491525422497
1779735480,21.322881355932253
1779735495,21.34745762711815
1779735510,21.310169491525965
1779735525,21.337288135593123
1779735540,21.243220338981672
1779735555,21.12881355932139
1779735570,21.088983050849187
1779735585,21.10932203389677
1779735600,20.97118644067728
1779735615,21.62033898305169
1779735630,21.583898305083714
1779735645,21.49999999999975
1779735660,21.52966101695063
1779735675,21.5610169491524
1779735690,21.550847457626134
1779735705,21.494067796611805
1779735720,21.476271186441764
1779735735,21.563559322034887
1779735750,21.555932203389883
1779735765,21.6677966101689
1779735780,21.601694915253745
1779735795,21.63135593220462
1779735810,21.6500000000001
1779735825,21.494067796610572
1779735840,21.529661016949397
1779735855,21.554237288135305
1779735870,21.60000000000163
1779735885,21.677966101693936
1779735900,21.62033898305046
1779735915,21.111016949151363
1779735930,21.04237288135371
1779735945,21.229661016947475
1779735960,21.187288135594006
1779735975,21.293220338983843
1779735990,21.292372881355938
1779736005,21.286440677965512
1779736020,21.28813559322009
1779736035,21.10254237288092
1779736050,21.38898305084618
1779736065,21.327118644066868
1779736080,21.278813559320508
1779736095,21.427118644067498
1779736110,21.444915254236307
1779736125,21.46694915254217
1779736140,21.47033898305011
1779736155,21.596610169492457
1779736170,21.517796610169793
1779736185,21.502542372883482
1779736200,21.495762711863918
1779736215,21.57711864406908
1779736230,21.674576271187227
1779736245,21.590677966102035
1779736260,21.61101694915457
1779736275,21.451694915254638
1779736290,21.420338983050403
1779736305,21.296610169493
1779736320,21.505084745759806
1779736335,21.47372881355928
1779736350,21.386440677964924
1779736365,21.35847457626985
1779736380,21.41101694915205
1779736395,21.321186440676442
1779736410,21.411864406778726
1779736425,21.396610169491183
1779736440,21.48135593220305
1779736455,21.594067796611206
1779736470,21.672033898305976
1779736485,21.738983050847803
1779736500,21.78305084745832
1779736515,21.81016949152671
1779736530,21.76694915254287
1779736545,21.807627118644213
1779736560,21.83220338983135
1779736575,22.003389830508425
1779736590,22.02796610169556
1779736605,22.10254237288116
1779736620,22.21949152542393
1779736635,22.06694915254479
1779736650,21.98474576271172
1779736665,22.06610169491442
1779736680,22.088983050849432
1779736695,22.026271186440983
1779736710,21.95762711864333
1779736725,21.9296610169495
1779736740,21.827118644066367
1779736755,21.695762711863964
1779736770,21.689830508476003
1779736785,21.769491525424122
1779736800,21.618644067795877
1779736815,21.445762711862983
1779736830,21.632203389831297
1779736845,21.665254237288877
1779736860,21.57457627118783
1779736875,21.48305084745763
1779736890,21.81101694915215
1779736905,21.772033898305377
1779736920,22.11440677966077
1779736935,21.9864406779663
1779736950,22.204237288135154
1779736965,22.176271186438857
1779736980,22.203069809697894
1779736995,22.15762711864462
1779737010,22.237288135592724
1779737025,22.3550847457634
1779737040,22.390677966101013
1779737055,22.417796610170626
1779737070,22.412711864406877
1779737085,22.42881355932357
1779737100,22.506779661018328
1779737115,22.47881355932204
1779737130,22.473728813559525
1779737145,22.259322033897366
1779737160,22.302542372881206
1779737175,22.27033898305031
1779737190,22.304237288134555
1779737205,22.22711864406647
1779737220,22.09406779660825
1779737235,21.915254237287396
1779737250,21.95762711864333
1779737265,21.964406779662895
1779737280,21.859322033898497
1779737295,21.85932203389974
1779737310,21.795762711863375
1779737325,21.73644067796532
1779737340,21.75847457627118
1779737355,21.739830508473247
1779737370,21.696610169490636
1779737385,21.690677966101457
1779737400,21.580508474575776
1779737415,21.47881355932302
1779737430,21.66779661016891
1779737445,21.731355932201566
1779737460,21.838983050848448
1779737475,21.836440677965953
1779737490,21.572881355932005
1779737505,21.525423728814797
1779737520,21.577118644066616
1779737535,21.51016949152602
1779737550,21.712711864407332
1779737565,21.7635593220337
1779737580,21.62966101694881
1779737595,21.570338983051982
1779737610,21.511016949152694
1779737625,21.54830508474488
1779737640,21.57033898304952
1779737655,21.553389830508628
1779737670,21.543220338982362
1779737685,21.51779661016855
1779737700,21.565254237289466
1779737715,21.42542372881292
1779737730,21.18050847457692
1779737745,21.259322033898354
1779737760,21.288135593221323
1779737775,21.306779661016794
1779737790,21.25677966101587
1779737805,21.220338983049114
1779737820,21.173728813559812
1779737835,20.997457627117754
1779737850,21.225423728814107
1779737865,21.272881355931318
1779737880,21.2847457627134
1779737895,21.277118644068395
1779737910,21.270338983050063
1779737925,21.329661016950585
1779737940,21.405932203389533
1779737955,21.3415254237302
1779737970,21.238135593221628
1779737985,21.36525423728819
1779738000,21.453389830509217
1779738015,21.450847457626733
1779738030,21.466101694914276
1779738045,21.377966101693247
1779738060,21.477118644068437
1779738075,21.384745762711567
1779738090,21.44152542372837
1779738105,21.47203389830592
1779738120,21.618644067798343
1779738135,21.58983050847536
1779738150,21.464406779659683
1779738165,21.55932203389781
1779738180,21.547457627118206
1779738195,21.653389830506796
1779738210,21.681355932203093
1779738225,21.717796610169838
1779738240,21.570338983051982
1779738255,21.807627118644213
1779738270,21.856779661017246
1779738285,21.982203389830456
1779738300,21.838983050848448
1779738315,21.85084745762682
1779738330,21.994915254236748
1779738345,22.107627118644913
1779738360,21.966949152541694
1779738375,21.94491525423581
1779738390,22.055932203389396
1779738405,22.158474576271292
1779738420,22.025423728813067
1779738435,22.01694915254262
1779738450,21.955932203389985
1779738465,21.94152542372788
1779738480,21.8550847457602
1779738495,21.838983050847215
1779738510,21.825423728815487
1779738525,21.759322033899096
1779738540,21.730508474576126
1779738555,21.698305084746462
1779738570,21.585593220338296
1779738585,21.63644067796714
1779738600,21.587288135594108
1779738615,21.743220338983647
1779738630,21.532203389831896
1779738645,21.49067796610017
1779738660,21.552758606664003
1779738675,21.49915254237308
1779738690,21.808474576269667
1779738705,21.868644067798094
1779738720,21.827118644068833
1779738735,21.85423728813599
1779738750,21.871186440676883
1779738765,22.02796610169433
1779738780,21.79152542372753
1779738795,21.97372881356001
1779738810,21.988983050847555
1779738825,22.077966101695257
1779738840,21.888135593219005
1779738855,22.014406779660135
1779738870,22.045762711863127
1779738885,22.283898305083262
1779738900,22.16694915254297
1779738915,22.24745762711776
1779738930,22.266101694915697
1779738945,22.370338983050953
1779738960,22.333050847456292
1779738975,22.271186440678214
1779738990,22.13813559322
1779739005,22.183898305085094
1779739020,22.229661016950185
1779739035,22.280508474576564
1779739050,22.339830508474634
1779739065,22.299152542373278
1779739080,22.39830508474725
1779739095,22.355084745762166
1779739110,22.394067796610173
1779739125,22.293220338982856
1779739140,22.546610169491778
1779739155,22.604237288135252
1779739170,22.49661016949084
1779739185,22.250847457628154
1779739200,22.257627118645253
1779739215,22.292372881356183
1779739230,22.30254237288244
1779739245,22.366101694913876
1779739260,22.394915254236846
1779739275,22.483898305084548
1779739290,22.37372881355888
1779739305,22.278813559320753
1779739320,22.36271186440718
1779739335,22.251694915253605
1779739350,22.19406779661136
1779739365,22.221186440677275
1779739380,22.289830508472463
1779739395,22.29322033898532
1779739410,22.344915254238384
1779739425,22.35593220338885
1779739440,22.397457627119334
1779739455,22.350847457626333
1779739470,22.465254237289077
1779739485,22.500847457627906
1779739500,22.61525423728572
1779739515,22.751694915253108
1779739530,22.71779661016885
1779739545,22.794915254235715
1779739560,22.881355932204617
1779739575,22.92881355932184
1779739590,22.844915254237886
1779739605,22.994915254238222
1779739620,22.969491525424424
1779739635,22.950847457626477
1779739650,23.04745762711795
1779739665,23.2042372881354
1779739680,23.130508474574007
1779739695,23.051694915255027
1779739710,23.057627118642987
1779739725,23.188135593218718
1779739740,23.09999999999892
1779739755,23.214406779661665
1779739770,23.351694915254484
1779739785,23.15593220339027
1779739800,23.010169491525765
1779739815,22.89152542372842
1779739830,22.905932203386826
1779739845,22.78135593220275
1779739860,22.541525423729258
1779739875,22.544915254237186
1779739890,22.48050847457662
1779739905,22.486440677967035
1779739920,22.455084745761578
1779739935,22.494067796610807
1779739950,22.277118644067407
1779739965,22.261864406779864
1779739980,22.143220338982516
1779739995,22.14745762711835
1779740010,22.135593220339977
1779740025,22.034745762711427
1779740040,22.110169491523703
1779740055,22.024576271187623
1779740070,21.998305084745915
1779740085,22.070338983050252
1779740100,22.05847457627188
1779740115,22.02627118643974
1779740130,22.103389830506604
1779740145,22.183050847458418
1779740160,22.182203389831745
1779740175,22.202542372880572
1779740190,22.14915254237293
1779740205,22.237288135592724
1779740220,22.30762711864496
1779740235,22.343220338983794
1779740250,22.399999999999352
1779740265,22.42966101695024
1779740280,22.53983050847468
1779740295,22.620338983050704
1779740310,22.73220338982972
1779740325,22.774576271185655
1779740340,22.87796610169299
1779740355,22.73050847457637
1779740370,22.71101694915052
1779740385,22.714406779660923
1779740400,22.77086257042099
1779740415,22.81525423728824
1779740430,22.61440677966151
1779740445,22.81355932203365
1779740460,22.799152542371548
1779740475,22.817796610169495
1779740490,22.950847457625244
1779740505,23.0381355932196
1779740520,23.002542372880775
1779740535,23.037288135592927
1779740550,23.103389830508082
1779740565,23.02796610169334
1779740580,22.912711864406386
1779740595,22.955084745763553
1779740610,22.85677966101749
1779740625,22.77372881355898
1779740640,22.697457627118787
1779740655,22.58898305084893
1779740670,22.605932203389834
1779740685,22.433050847459402
1779740700,22.318644067796654
1779740715,22.294915254237434
1779740730,22.31694915254332
1779740745,22.33559322033879
1779740760,22.455932203390727
1779740775,22.360169491524683
1779740790,21.99576271186342
1779740805,21.827966101695505
1779740820,21.942372881355787
1779740835,21.93728813559327
1779740850,21.846610169489754
1779740865,22.005084745763014
1779740880,22.131355932205366
1779740895,21.861016949154322
1779740910,21.92372881355784
1779740925,21.885593220338983
1779740940,21.945762711864948
1779740955,21.944067796610366
1779740970,21.91271186440614
1779740985,21.97372881356001
1779741000,21.8381355932193
1779741015,22.02033898305178
1779741030,22.013559322032215
1779741045,21.953389830506254
1779741060,21.796610169492514
1779741075,21.83559322034051
1779741090,21.822033898305083
1779741105,21.744915254235764
1779741120,21.721186440679
1779741135,21.655932203390527
1779741150,21.52966101695064
1779741165,21.326271186440195
1779741180,21.399152542372434
1779741195,21.316949152543064
1779741210,21.34067796610106
1779741225,21.444067796610867
1779741240,21.52627118644147
1779741255,21.403389830508278
1779741270,21.21440677965993
1779741285,21.349999999999405
1779741300,21.500000000000984
1779741315,21.24067796610165
1779741330,21.223728813559518
1779741345,21.033050847459055
1779741360,21.281355932202995
1779741375,21.329661016950585
1779741390,21.44915254237214
1779741405,21.45762711864505
1779741420,21.527118644069375
1779741435,21.49576271186515
1779741450,21.404237288136187
1779741465,21.45169491525587
1779741480,21.482203389830957
1779741495,21.44745762711633
1779741510,21.423728813559574
1779741525,21.446610169489656
1779741540,21.6500000000001
1779741555,21.6677966101689
1779741570,21.66440677965974
1779741585,21.77288135593205
1779741600,21.694915254236058
1779741615,21.847457627118892
1779741630,21.59152542372872
1779741645,21.680508474577653
1779741660,21.772881355933293
1779741675,21.715254237288583
1779741690,21.616101694915844
1779741705,21.708474576270255
1779741720,21.623728813559616
1779741735,21.521186440676487
1779741750,21.431355932203346
1779741765,21.4127118644054
1779741780,21.327966101694763
1779741795,21.257627118645004
1779741810,21.265254237287547
1779741825,21.14661016949143
1779741840,21.11016949152592
1779741855,20.911016949151318
1779741870,20.90169491525542
1779741885,20.910169491527107
1779741900,21.198305084744483
1779741915,21.083050847457528
1779741930,21.116101694916345
1779741945,20.827118644068587
1779741960,20.750847457625945
1779741975,20.833898305085686
1779741990,20.682203389829525
1779742005,20.757627118644262
1779742020,20.67881355932283
1779742035,20.68305084745743
1779742050,20.725423728814597
1779742065,20.90593220339003
1779742080,20.91779661016964
1779742095,20.961016949152246
1779742110,20.959322033898896
1779742125,20.961864406780162
1779742140,20.90593220339003
1779742155,20.766949152542622
1779742170,20.910169491524634
1779742185,20.756779661016367
1779742200,20.66186440677946
1779742215,20.67627118644033
1779742230,20.786440677967242
1779742245,20.857627118644906
1779742260,20.864406779660772
1779742275,20.927118644066766
1779742290,21.032203389829917
1779742305,21.199999999999065
1779742320,21.183898305083616
1779742335,21.158474576269803
1779742350,21.21864406779701
1779742365,21.195762711864454
1779742380,21.028813559319527
1779742395,20.922881355932155
1779742410,21.007627118644024
1779742425,20.977118644068938
1779742440,20.967796610169344
1779742455,20.93305084745718
1779742470,20.955084745763063
1779742485,21.027118644068644
1779742500,21.00677966101735
1779742515,20.88644067796541
1779742530,20.88305084745872
1779742545,20.975423728813112
1779742560,20.99237288135648
1779742575,21.13220338983056
1779742590,20.81779661016654
1779742605,20.824576271186103
1779742620,20.860169491523695
1779742635,20.955084745763063
1779742650,20.878813559321642
1779742665,20.96101694915348
1779742680,21.033050847459055
1779742695,21.078813559321684
1779742710,21.176271186439845
1779742725,21.06440677966083
1779742740,20.98728813559273
1779742755,21.051694915253304
1779742770,21.154237288136436
1779742785,21.26016949152627
1779742800,21.21864406779701
1779742815,22.013559322035924
1779742830,22.052542372881454
1779742845,22.124576271185802
1779742860,22.073728813560656
1779742875,22.07033898305273
1779742890,22.038135593220588
1779742905,22.003389830508425
1779742920,21.9398305084733
1779742935,22.093220338981578
1779742950,22.019491525423884
1779742965,21.976271186440034
1779742980,22.050000000000203
1779742995,21.972881355932106
1779743010,21.962711864405847
1779743025,21.962711864408313
1779743040,21.89745762711737
1779743055,22.107627118644913
1779743070,21.944915254238275
1779743085,21.96101694915249
1779743100,22.081355932204428
1779743115,21.219491525423685
1779743130,21.065254237288734
1779743145,21.051694915254537
1779743160,21.044915254237438
1779743175,21.002542372881507
1779743190,20.994915254236503
1779743205,21.013559322031984
1779743220,21.070338983050007
1779743235,20.99830508474443
1779743250,21.122033898306757
1779743265,21.07033898305124
1779743280,21.107627118642192
1779743295,21.24745762711875
1779743310,21.172033898304
1779743325,21.2355932203379
1779743340,21.270338983050063
1779743355,21.27881355932174
1779743370,21.216101694914514
1779743385,21.096610169490493
1779743400,21.141525423728915
1779743415,21.154237288136436
1779743430,21.064406779662058
1779743445,21.18050847457569
1779743460,21.246610169490832
1779743475,21.216101694915746
1779743490,21.268644067797947
1779743505,21.06016949152498
1779743520,21.031355932203244
1779743535,20.79152542372975
1779743550,20.629661016949797
1779743565,20.57118644067718
1779743580,20.41864406779681
1779743595,20.495762711864906
1779743610,20.16525423728789
1779743625,20.15847457627079
1779743640,20.07881355932144
1779743655,20.09830508474606
1779743670,19.836440677965463
1779743685,19.819491525423338
1779743700,19.754237288134856
1779743715,19.625423728812475
1779743730,19.49491525423551
1779743745,19.50254237288298
1779743760,19.356779661017253
1779743775,19.267796610170773
1779743790,19.2313559322028
1779743805,19.268644067796213
1779743820,19.225423728812373
1779743835,19.444067796609133
1779743850,19.366101694914374
1779743865,19.421186440676586
1779743880,19.432203389829528
1779743895,19.555084745761476
1779743910,19.672881355932148
1779743925,19.728813559322276
1779743940,19.705084745763056
1779743955,19.783898305084502
1779743970,19.845762711863824
1779743985,19.91525423728814
1779744000,19.761016949153188
1779744015,19.844067796611697
1779744030,19.83728813559337
1779744045,19.84915254237545
1779744060,19.900000000000595
1779744075,20.03728813559342
1779744090,20.256779661018086
1779744105,20.254237288135602
1779744120,20.299999999999464
1779744135,20.33728813559288
1779744150,20.38813559322049
1779744165,20.393220338983
1779744180,20.32966101695034
1779744195,20.25932203389934
1779744210,20.427118644068486
1779744225,20.39237288135386
1779744240,20.45847457627026
1779744255,20.40932203389969
1779744270,20.47033898305233
1779744285,20.408474576270553
1779744300,20.69745762711953
1779744315,20.496610169491582
1779744330,20.478813559322774
1779744345,20.439830508474778
1779744360,20.388135593221723
1779744375,20.387288135593806
1779744390,20.30847457627114
1779744405,20.281355932203983
1779744420,20.38305084745674
1779744435,20.181355932202106
1779744450,20.209322033898403
1779744465,20.06525423728849
1779744480,20.012711864406295
1779744495,19.744915254235273
1779744510,19.81101694915166
1779744525,19.75423728813609
1779744540,19.77118644067698
1779744555,19.605084745763644
1779744570,19.560169491523993
1779744585,19.41355932203158
1779744600,19.29999999999921
1779744615,19.326271186442167
1779744630,19.449152542372882
1779744645,19.43813559321994
1779744660,19.398305084746504
1779744675,19.255932203389925
1779744690,19.293220338983353
1779744705,19.238135593219894
1779744720,19.216101694914023
1779744735,19.16610169491555
1779744750,19.266949152542868
1779744765,19.148305084746752
1779744780,19.239830508474487
1779744795,19.295762711863375
1779744810,19.43728813559451
1779744825,19.2669491525441
1779744840,19.425423728814895
1779744855,19.50254237288176
1779744870,19.47881355932253
1779744885,19.60423728813452
1779744900,19.82372881355917
1779744915,19.75338983050695
1779744930,19.57203389830484
1779744945,19.674576271185508
1779744960,19.751694915253605
1779744975,19.94491525423655
1779744990,19.887288135594304
1779745005,19.897457627116864
1779745020,20.124576271185312
1779745035,20.050847457626375
1779745050,20.16525423728912
1779745065,20.367796610169197
1779745080,20.345762711865788
1779745095,20.391525423728417
1779745110,20.55169491525256
1779745125,20.544067796610022
1779745140,20.39915254237219
1779745155,20.43305084745768
1779745170,20.475423728814846
1779745185,20.624576271186047
1779745200,20.62372881355937
1779745215,20.682203389830754
1779745230,20.777966101696798
1779745245,20.886440677966643
1779745260,20.927966101695905
1779745275,21.07711864406834
1779745290,21.335593220337312
1779745305,21.185593220339427
1779745320,21.192372881355293
1779745335,21.280508474576322
1779745350,21.203389830510698
1779745365,21.128813559323856
1779745380,21.06101694915289
1779745395,21.13728813559308
1779745410,20.900847457627513
1779745425,20.99406779661106
1779745440,21.000847457626925
1779745455,21.09152542372921
1779745470,21.05423728813579
1779745485,20.874576271187028
1779745500,21.111864406778036
1779745515,21.065254237288734
1779745530,20.866949152542034
1779745545,21.044915254237438
1779745560,20.916101694915056
1779745575,20.805084745761484
1779745590,20.601694915254733
1779745605,20.573728813558432
1779745620,20.482203389830712
1779745635,20.492372881355735
1779745650,20.470338983051096
1779745665,20.556779661015078
1779745680,20.591525423728473
1779745695,20.671186440677825
1779745710,20.682203389831987
1779745725,20.726271186440037
1779745740,20.670338983051153
1779745755,20.604237288135984
1779745770,20.622881355931465
1779745785,20.644067796610667
1779745800,20.602542372881416
1779745815,20.638135593221474
1779745830,20.67966101694827
1779745845,20.75169491525508
1779745860,20.875423728812482
1779745875,20.811016949151906
1779745890,21.012711864409006
1779745905,21.144067796608933
1779745920,21.260169491525026
1779745935,21.310169491525976
1779745950,21.355084745763154
1779745965,21.313559322033893
1779745980,21.247457627117516
1779745995,21.230508474575384
1779746010,21.116949152543018
1779746025,21.22627118643954
1779746040,21.227118644067456
1779746055,21.12711864406681
1779746070,21.19152542372862
1779746085,21.181355932204827
1779746100,21.06271186440747
1779746115,21.151694915253938
1779746130,20.988135593220637
1779746145,21.033050847456593
1779746160,20.864406779660772
1779746175,20.84830508474409
1779746190,20.627966101696448
1779746205,20.583898305085935
1779746220,20.34237288135663
1779746235,20.27372881356144
1779746250,20.229661016950928
1779746265,20.18898305084711
1779746280,20.343220338985766
1779746295,20.28305084745733
1779746310,20.244067796610565
1779746325,20.16779661016792
1779746340,20.249999999998526
1779746355,20.232203389832193
1779746370,20.15932203389994
1779746385,20.21101694915052
1779746400,20.04406779661052
1779746415,19.955084745761575
1779746430,19.96949152542491
1779746445,20.16525423728789
1779746460,20.021186440676743
1779746475,19.960169491526557
1779746490,19.911016949152295
1779746505,20.055084745763452
1779746520,19.905932203388545
1779746535,19.821186440676687
1779746550,19.794067796609525
1779746565,19.688135593220935
1779746580,19.654237288135445
1779746595,19.500847457627167
1779746610,19.488983050846322
1779746625,19.407627118644854
1779746640,19.261016949153674
1779746655,19.240677966102382
1779746670,19.26779661016955
1779746685,19.265254237285824
1779746700,19.2949152542367
1779746715,19.400847457626536
1779746730,19.28305084745585
1779746745,19.25084745762742
1779746760,19.213559322034
1779746775,19.17966101694851
1779746790,19.168644067796812
1779746805,19.219491525423184
1779746820,19.266949152541635
1779746835,19.34322033898428
1779746850,19.460169491527058
1779746865,19.605084745763655
1779746880,19.59322033898404
1779746895,19.638135593219996
1779746910,19.581355932204424
1779746925,19.500000000001727
1779746940,19.916949152541484
1779746955,19.878813559322627
1779746970,19.92796610169566
1779746985,19.8186440677942
1779747000,19.80338983050789
1779747015,19.745762711865645
1779747030,19.708474576270994
1779747045,19.66949152542423
1779747060,19.654237288135445
1779747075,19.703389830507245
1779747090,19.746610169489852
1779747105,19.64745762711835
1779747120,19.5355932203381
1779747135,19.4754237288146
1779747150,19.34576271186431
1779747165,19.313559322034646
1779747180,19.24491525423576
1779747195,19.201694915253153
1779747210,19.299152542372532
1779747225,19.20000000000104
1779747240,19.00847457627144
1779747255,19.09830508474458
1779747270,19.06694915254281
1779747285,19.17711864406726
1779747300,19.1500000000001
1779747315,19.21016949152483
1779747330,19.27457627118664
1779747345,19.38898305084692
1779747360,19.54406779661224
1779747375,19.618644067797852
1779747390,19.483898305085045
1779747405,19.738135593219408
1779747420,19.9864406779658
1779747435,20.11186440678149
1779747450,20.22203389830469
1779747465,20.33898305084746
1779747480,20.27372881356021
1779747495,20.67033898305237
1779747510,20.38813559321926
1779747525,20.683898305084103
1779747540,20.811864406781044
1779747555,20.84915254237323
1779747570,20.922881355932155
1779747585,21.041525423730747
1779747600,21.128813559322623
1779747615,21.2355932203379
1779747630,21.41949152542373
1779747645,21.37118644067738
1779747660,21.324576271188068
1779747675,21.218644067795765
1779747690,21.255932203390415
1779747705,21.23728813559248
1779747720,21.100847457626337
1779747735,21.094915254237144
1779747750,21.033898305083266
1779747765,20.999152542371114
1779747780,21.03898305084825
1779747795,20.87627118644162
1779747810,20.899152542372935
1779747825,20.84576271186407
1779747840,20.766949152542622
1779747855,20.69322033898122
1779747870,20.576271186442163
1779747885,20.5059322033887
1779747900,20.392372881357556
1779747915,20.189830508475026
1779747930,20.1271186440678
1779747945,20.11440677966274
1779747960,20.08813559321857
1779747975,20.0245762711859
1779747990,19.99152542372955
1779748005,20.052542372880964
1779748020,19.882203389831798
1779748035,19.788135593220346
1779748050,19.737288135593968
1779748065,19.65847457627252
1779748080,19.789830508473692
1779748095,19.53559322033933
1779748110,19.42118644067782
1779748125,19.44830508474621
1779748140,19.510169491526753
1779748155,19.283898305083767
1779748170,19.276271186441218
1779748185,19.190677966101454
1779748200,19.166101694913085
1779748215,19.229661016950683
1779748230,19.13474576271256
1779748245,19.152542372882596
1779748260,19.229661016951916
1779748275,19.300847457625892
1779748290,19.32542372881425
1779748305,19.365254237286457
1779748320,19.374576271187284
1779748335,19.38474576271354
1779748350,19.308474576269663
1779748365,19.437288135593267
1779748380,19.386440677965666
1779748395,19.412711864407374
1779748410,19.477118644066714
1779748425,19.603389830509066
1779748440,19.509322033897615
1779748455,19.619491525424525
1779748470,19.620338983051198
1779748485,19.633898305085385
1779748500,19.824576271185844
1779748515,19.563559322035616
1779748530,19.717796610168115
1779748545,19.446610169491628
1779748560,19.190677966101454
1779748575,19.250847457626186
1779748590,19.17542372881391
1779748605,19.12118644067713
1779748620,19.031355932203986
1779748635,19.016949152541883
1779748650,19.005084745762268
1779748665,19.144067796608443
1779748680,19.09322033898453
1779748695,19.118644067797106
1779748710,19.183050847458915
1779748725,19.160169491525124
1779748740,19.16864406779557
1779748755,19.133898305085882
1779748770,19.151694915252214
1779748785,19.08813559322202
1779748800,19.25169491525409
1779748815,19.165254237288877
1779748830,19.220338983052333
1779748845,19.388135593220234
1779748860,19.379661016948567
1779748875,19.357627118645148
1779748890,19.361016949151853
1779748905,19.344915254237637
1779748920,19.456779661017887
1779748935,19.4864406779663
1779748950,19.48474576271049
1779748965,19.434745762712012
1779748980,19.454237288135403
1779748995,19.564406779659837
1779749010,19.611864406778277
1779749025,19.607627118643677
1779749040,19.498305084744683
1779749055,19.47033898305085
1779749070,19.55932203389732
1779749085,19.43813559321994
1779749100,19.423728813559073
1779749115,19.630508474577457
1779749130,19.54661016949226
1779749145,19.378813559321895
1779749160,19.350847457625587
1779749175,19.416949152543218
1779749190,19.352542372882642
1779749205,19.41016949152612
1779749220,19.56610169491565
1779749235,19.29152542372876
1779749250,19.206779661016903
1779749265,19.301694915253798
1779749280,19.284745762711676
1779749295,19.20762711864358
1779749310,19.1669491525447
1779749325,19.26016949152577
1779749340,19.16186440678095
1779749355,19.120338983050456
1779749370,18.961864406778428
1779749385,19.02627118644147
1779749400,18.990677966100165
1779749415,19.131355932203398
1779749430,19.126271186439638
1779749445,19.033050847458565
1779749460,18.959322033898406
1779749475,18.97033898305258
1779749490,19.002542372881017
1779749505,19.072881355934477
1779749520,19.027118644068143
1779749535,19.073728813558688
1779749550,18.890677966100753
1779749565,19.154237288135946
1779749580,19.099999999999163
1779749595,19.163559322033063
1779749610,19.218644067795275
1779749625,19.238983050847814
1779749640,19.287288135592927
1779749655,19.35593220339058
1779749670,19.43389830508534
1779749685,19.52796610169433
1779749700,19.669491525422988
1779749715,19.793220338984085
1779749730,19.817796610169978
1779749745,19.91355932203479
1779749760,19.93389830508361
1779749775,20.111016949151118
1779749790,20.159322033898707
1779749805,20.180508474577906
1779749820,19.981355932204526
1779749835,20.131355932203643
1779749850,20.19830508474547
1779749865,20.079661016948116
1779749880,20.128813559321145
1779749895,20.031355932205464
1779749910,20.03813559322133
1779749925,20.066101694916384
1779749940,20.10000000000065
1779749955,20.106779661016503
1779749970,19.847457627119635
1779749985,19.79576271186534
1779750000,19.51186440678011
1779750015,20.40084745762678
1779750030,21.245762711865403
1779750045,21.31694915254183
1779750060,21.385593220339484
1779750075,21.23644067796704
1779750090,21.226271186440783
1779750105,21.3805084745745
1779750120,21.320338983051002
1779750135,21.281355932202995
1779750150,21.375423728813214
1779750165,21.198305084744483
1779750180,21.236440677965806
1779750195,21.205932203389487
1779750210,21.055084745762464
1779750225,21.077118644067106
1779750240,20.89491525423586
1779750255,20.94576271186347
1779750270,20.877966101694966
1779750285,20.812711864406484
1779750300,20.713559322034982
1779750315,19.218644067795275
1779750330,18.900847457627023
1779750345,18.718644067795775
1779750360,18.633898305082674
1779750375,18.600000000002126
1779750390,18.55762711864496
1779750405,18.615254237288436
1779750420,18.552542372882442
1779750435,18.645762711863522
1779750450,18.576271186441673
1779750465,18.62796610169719
1779750480,18.634745762713045
1779750495,18.7076271186453
1779750510,18.782203389830897
1779750525,18.882203389831552
1779750540,18.943220338985423
1779750555,18.951694915254635
1779750570,18.965254237288832
1779750585,19.14237288135633
1779750600,19.206779661015673
1779750615,19.44576271186371
1779750630,19.501694915255086
1779750645,19.692372881355535
1779750660,19.813559322035378
1779750675,19.995762711864163
1779750690,20.121186440677373
1779750705,20.19830508474547
1779750720,20.24999999999976
1779750735,20.288135593221078
1779750750,20.301694915254043
1779750765,20.54745762711796
1779750780,20.38305084745674
1779750795,20.48983050847325
1779750810,20.42796610169393
1779750825,20.57288135593176
1779750840,20.650847457627762
1779750855,20.74491525423552
1779750870,20.792372881356425
1779750885,20.842372881354898
1779750900,20.799152542373523
1779750915,20.812711864406484
1779750930,20.792372881355192
1779750945,20.84067796610032
1779750960,20.7677966101693
1779750975,20.74491525423675
1779750990,20.683050847456197
1779751005,20.627966101695215
1779751020,20.705932203389978
1779751035,20.614406779662254
1779751050,20.75932203389762
1779751065,20.813559322034394
1779751080,20.871186440676638
1779751095,20.996610169492314
1779751110,20.866949152542034
1779751125,21.04491525423621
1779751140,21.005932203390675
1779751155,20.8822033898308
1779751170,20.985593220340615
1779751185,20.98305084745813
1779751200,21.148305084744777
1779751215,21.139830508475566
1779751230,21.11016949152592
1779751245,21.064406779660814
1779751260,21.06355932203414
1779751275,21.04152542372827
1779751290,21.079661016952066
1779751305,21.218644067795765
1779751320,21.27542372881257
1779751335,21.170338983051884
1779751350,21.26186440678085
1779751365,21.32627118643895
1779751380,21.310169491527198
1779751395,21.272033898305875
1779751410,21.136440677966405
1779751425,21.244915254237483
1779751440,21.194067796609872
1779751455,21.217796610171558
1779751470,21.23474576271246
1779751485,21.106779661016752
1779751500,21.12288135593221
1779751515,21.119491525424273
1779751530,21.061016949151657
1779751545,21.16694915254519
1779751560,21.23728813559371
1779751575,21.327966101692297
1779751590,21.211016949150764
1779751605,21.221186440679496
1779751620,21.163559322034786
1779751635,21.222033898304936
1779751650,21.158474576271036
1779751665,21.18050847457691
1779751680,21.345762711866033
1779751695,21.19661016949237
1779751710,21.277118644067162
1779751725,21.043220338981627
1779751740,20.898305084746262
1779751755,20.969491525423933
1779751770,20.86779661016871
1779751785,20.965254237289322
1779751800,21.002542372881507
1779751815,21.02542372881405
1779751830,20.97711864406524
1779751845,20.85084745762904
1779751860,20.850847457626575
1779751875,20.844915254238614
1779751890,20.765254237288033
1779751905,20.76610169491595
1779751920,20.713559322034982
1779751935,20.68728813559204
1779751950,20.646610169490685
1779751965,20.61779661016896
1779751980,20.625423728813953
1779751995,20.544915254236695
1779752010,20.529661016950396
1779752025,20.638135593221474
1779752040,20.78050847457682
1779752055,20.846610169491974
1779752070,20.848305084746556
1779752085,20.79915254237229
1779752100,20.79830508474685
1779752115,20.75169491525385
1779752130,20.824576271186103
1779752145,20.86016949152494
1779752160,20.705932203389988
1779752175,20.764406779658895
1779752190,20.773728813558478
1779752205,20.84406779660948
1779752220,20.836440677965705
1779752235,20.77627118644221
1779752250,20.94915254237264
1779752265,20.91440677966171
1779752280,21.036440677968226
1779752295,21.194067796609872
1779752310,21.45000000000006
1779752325,21.46694915254218
1779752340,21.581355932203692
1779752355,21.734745762713192
1779752370,21.896610169493158
1779752385,22.21949152542393
1779752400,22.569491525424322
1779752415,22.890677966101748
1779752430,23.17542372881366
1779752445,23.505084745763995
1779752460,23.794915254237193
1779752475,24.399999999998624
1779752490,24.82203389830583
1779752505,25.14237288135658
1779752520,25.649152542371944
1779752535,26.08728813559337
1779752550,26.515254237289763
1779752565,26.86440677966102
1779752580,27.102542372881167
1779752595,27.59237288135563
1779752610,27.672881355932898
1779752625,28.00593220338993
1779752640,28.325423728812773
1779752655,29.061864406777836
1779752670,29.73135593220231
1779752685,30.11355932203483
1779752700,30.655932203392744
1779752715,31.03983050847492
1779752730,31.622033898305034
1779752745,31.948305084744977
1779752760,32.261864406779864
1779752775,32.661016949153286
1779752790,32.84406779661244
1779752805,33.46610169491476
1779752820,33.74661016949207
1779752835,34.16271186440638
1779752850,34.331355932203444
1779752865,34.79576271186411
1779752880,35.19152542372838
1779752895,35.49406779660785
1779752910,35.82711864406611
1779752925,36.1855932203382
1779752940,36.293220338983836
1779752955,36.22372881356198
1779752970,36.05084745762539
1779752985,35.92627118644132
1779753000,36.00254237288151
1779753015,36.0686440677979
1779753030,36.249999999998764
1779753045,36.60084745762584
1779753060,36.55847457627114
1779753075,36.723728813560264
1779753090,36.83983050847388
1779753105,36.802542372880474
1779753120,37.05508474576394
1779753135,36.9864406779663
1779753150,37.22711864406647
1779753165,37.13983050847458
1779753180,37.20084745762598
1779753195,37.329661016948364
1779753210,37.4042372881352
1779753225,37.137288135593316
1779753240,37.46355932203449
1779753255,37.644915254239066
1779753270,37.84661016949122
1779753285,37.95762711864234
1779753300,38.30762711864397
1779753315,38.43983050847552
1779753330,38.30084745762811
1779753345,38.12881355932311
1779753360,37.98559322033987
1779753375,38.00169491525286
1779753390,38.10254237288141
1779753405,37.97542372881484
1779753420,38.04915254237253
1779753435,38.50423728813486
1779753450,38.31864406779815
1779753465,38.20445631650428
1779753480,38.28644067796477
1779753495,38.26186440677888
1779753510,38.342372881356134
1779753525,38.400847457626284
1779753540,38.322033898306074
1779753555,38.43983050847552
1779753570,38.45508474576306
1779753585,38.107627118643926
1779753600,37.632203389831545
1779753615,37.76186440678183
1779753630,38.148305084746504
1779753645,38.258474576269705
1779753660,38.447457627118055
1779753675,38.273728813559714
1779753690,38.34576271186529
1779753705,38.344067796610716
1779753720,38.094915254236405
1779753735,38.14661016949069
1779753750,38.02203389830415
1779753765,38.155084745762366
1779753780,38.000847457627415
1779753795,37.93559322033771
1779753810,38.00169491525409
1779753825,38.008474576269954
1779753840,37.8042372881353
1779753855,37.60084745762732
1779753870,37.66440677966245
1779753885,37.46779661017157
1779753900,37.296610169489554
1779753915,36.99152542372881
1779753930,36.937288135594514
1779753945,36.87542372881396
1779753960,36.868644067796865
1779753975,36.77966101694916
1779753990,36.751694915255314
1779754005,36.55932203389904
1779754020,36.71016949152484
1779754035,36.53898305084775
1779754050,36.511016949151454
1779754065,36.44237288135505
1779754080,36.54067796610111
1779754095,36.90847457627153
1779754110,36.906779661014475
1779754125,37.27118644067945
1779754140,37.22627118644102
1779754155,37.42627118644107
1779754170,37.28474576271241
1779754185,37.655084745764086
1779754200,37.97457627118816
1779754215,38.58983050847462
1779754230,38.84067796610352
1779754245,38.666101694916044
1779754260,38.75508474576128
1779754275,38.637288135593074
1779754290,39.1135593220346
1779754305,39.0618644067803
1779754320,39.26355932203124
1779754335,39.27627118644123
1779754350,39.09491525423788
1779754365,39.19576271186397
1779754380,39.100847457627076
1779754395,39.09745762712038
1779754410,39.163559322035525
1779754425,39.107627118644174
1779754440,38.99067796610264
1779754455,39.2779661016958
1779754470,40.02033898305007
1779754485,39.99067796610042
1779754500,39.835828838935484
1779754515,39.18983050847354
1779754530,39.30508474576173
1779754545,39.4016949152532
1779754560,39.40593220339028
1779754575,39.36610169491437
1779754590,39.281355932203745
1779754605,38.96016949152632
1779754620,39.00593220339141
1779754635,39.12372881355716
1779754650,38.91101694915206
1779754665,39.17203389830475
1779754680,39.0762711864387
1779754695,39.01610169491521
1779754710,39.06525423728947
1779754725,39.223728813560264
1779754740,39.13220338982883
1779754755,38.60338983050882
1779754770,38.5296610169499
1779754785,38.18135593220284
1779754800,38.20508474576207
1779754815,38.194915254239504
1779754830,38.07372881355967
1779754845,38.10932203389974
1779754860,37.94745762711855
1779754875,37.900847457626774
1779754890,37.65762711864289
1779754905,38.00169491525532
1779754920,38.194067796611606
1779754935,38.54745762711993
1779754950,38.64830508474601
1779754965,38.41525423728839
1779754980,38.388983050847905
1779754995,38.41186440678045
1779755010,38.60762711864343
1779755025,38.705932203389494
1779755040,38.8101694915235
1779755055,38.77881355932051
1779755070,38.6923728813553
1779755085,38.7881355932201
1779755100,38.71779661017034
1779755115,38.67288135593191
1779755130,38.981355932203044
1779755145,38.9593220338984
1779755160,39.20000000000103
1779755175,39.376271186440626
1779755190,39.521186440678456
1779755205,39.010169491524785
1779755220,38.83220338983061
1779755235,38.496193194530925
1779755250,38.43983050847305
1779755265,38.43389830508509
1779755280,38.55084745762787
1779755295,38.58135593220542
1779755310,38.37796610169497
1779755325,38.27966101694891
1779755340,38.09661016948975
1779755355,38.000000000000746
1779755370,38.05423728813382
1779755385,38.02457627118787
1779755400,38.056779661017536
1779755415,38.06271186440673
1779755430,38.249152542371355
1779755445,38.246610169492556
1779755460,38.0135593220337
1779755475,38.06694915254134
1779755490,38.19745762711953
1779755505,38.222452729135625
1779755520,38.44830508474597
1779755535,38.338135593220294
1779755550,38.17203389830449
1779755565,38.161864406778236
1779755580,37.938983050846865
1779755595,37.810169491526956
1779755610,37.66525423728789
1779755625,37.89830508474675
1779755640,38.073728813560905
1779755655,38.22457627118669
1779755670,38.020338983052035
1779755685,38.21610169491747
1779755700,38.24406779661007
1779755715,38.2364406779663
1779755730,38.03898305084874
1779755745,38.136440677965666
1779755760,38.177118644068244
1779755775,38.17881355932159
1779755790,38.24152542373128
1779755805,38.12881355932311
1779755820,38.06864406779839
1779755835,38.101694915252274
1779755850,38.05254237288294
1779755865,38.266101694915946
1779755880,38.32203389830484
1779755895,38.34915254237199
1779755910,38.47033898305183
1779755925,38.05593220338963
1779755940,38.177966101693684
1779755955,38.178813559324055
1779755970,38.121186440679345
1779755985,38.025423728814545
1779756000,37.91864406779681
1779756015,37.6983050847467
1779756030,37.86186440678001
1779756045,37.790677966102336
1779756060,37.66525423728789
1779756075,37.74406779661304
1779756090,37.70338983050675
1779756105,37.775423728813564
1779756120,37.52966101695212
1779756120,37.52966101695212
1779756135,37.46398280666201
1779756150,37.45932203389866
1779756165,37.6381355932195
1779756180,38.20762711864333
1779756195,38.18389830508411
1779756210,38.34237288135737
1779756225,38.226271186440044
1779756240,38.23559322033716
1779756255,38.343220338981574
1779756270,38.17881355932282
1779756285,38.083898305084695
1779756300,38.08305084745679
1779756315,38.00550504742273
1779756330,38.226271186441274
1779756345,38.15847457627031
1779756360,38.13474576270984
1779756375,38.082203389828884
1779756390,38.04830508474463
1779756405,38.13242168564437
1779756420,38.14491525423733
1779756435,38.216101694915004
1779756450,38.43305084745842
1779756465,37.89661016949217
1779756480,37.84999999999916
1779756495,37.93728813559228
1779756510,38.02033898305079
1779756525,38.272881355933045
1779756540,38.19491525423704
1779756555,38.06271186440549
1779756570,37.98135593220403
1779756585,37.788983050846525
1779756600,37.71567942833659
1779756615,37.76016949152602
1779756630,37.70847457627296
1779756645,38.02796610169581
1779756660,38.04830508474832
1779756675,38.12627118644063
1779756690,38.012711864407024
1779756705,38.02542372881579
1779756720,37.811016949152396
1779756735,37.82966101694911
1779756750,38.08898305084721
1779756765,38.33983050847487
1779756780,38.083898305084695
1779756795,37.94406779661061
1779756810,37.88220338982884
1779756825,37.71949152542097
1779756840,37.833898305083714
1779756855,38.16271186440614
1779756870,37.87288135593294
1779756885,38.30508474576272
1779756900,37.943220338982705
1779756915,37.71610169491427
1779756930,37.730508474576375
1779756945,37.64491525423783
1779756960,37.5847457627131
1779756975,37.54661016949301
1779756990,37.66694915254247
1779757005,37.66101694915081
1779757020,37.8889830508484
1779757035,37.52966101694841
1779757050,37.31186440677834
1779757065,37.00169491525508
1779757080,37.16949152542176
1779757095,37.10932203389825
1779757110,37.02118644067846
1779757125,37.115254237287445
1779757140,37.14152542372793
1779757155,37.13050847457622
1779757170,37.29152542372827
1779757185,37.354237288134264
1779757200,37.49152542372832
1779757215,38.16271186440614
1779757230,38.07542372881302
1779757245,38.2296610169492
1779757260,38.33050847457529
1779757275,38.29661016949103
1779757290,38.1036078333004
1779757305,37.88813559322048
1779757320,38.0593220338988
1779757335,38.35423728813697
1779757350,38.47457627118644
1779757365,38.480508474576865
1779757380,38.563559322032916
1779757395,38.62627118644137
1779757410,38.81440677966304
1779757425,39.0406779661011
1779757440,38.850847457627324
1779757455,39.03135593220275
1779757470,39.019491525424364
1779757485,38.746610169492065
1779757500,38.72203389830371
1779757515,38.21101694915497
1779757530,38.23474576271172
1779757545,38.32881355932194
1779757560,38.293220338983105
1779757575,38.64237288135436
1779757590,38.82796610169477
1779757605,38.994915254236005
1779757620,38.96355932203548
1779757635,38.880508474575734
1779757650,38.82203389830434
1779757665,38.53559322033908
1779757680,39.17203389830721
1779757695,38.994067796610565
1779757710,39.53305084745807
1779757725,39.66101694915254
1779757740,39.755932203390664
1779757755,40.081355932203934
1779757770,40.45762711864358
1779757785,40.702542372880814
1779757800,41.13220338983056
1779757815,41.242372881356225
1779757830,41.46016949152631
1779757845,41.407627118642885
1779757860,41.361864406777784
1779757875,41.14237288135683
1779757890,41.18474576271276
1779757905,41.290677966101356
1779757920,41.25508474576252
1779757935,41.07118644067669
1779757950,41.09067796610254
1779757965,40.95762711864308
1779757980,40.82796610169525
1779757995,40.802542372880225
1779758010,39.98983050847373
1779758025,40.23728813559346
1779758040,39.844915254237144
1779758055,39.88644067796516
1779758070,39.35254237288017
1779758085,39.107627118644174
1779758100,38.75762711864377
1779758115,38.51355932203444
1779758130,38.72966101694995
1779758145,38.634745762711816
1779758160,38.594067796608
1779758175,38.72203389830741
1779758190,38.949152542373376
1779758205,38.66101694915229
1779758220,38.492372881356474
1779758235,38.7745762711859
1779758250,38.865254237288184
1779758265,38.60932203389924
1779758280,38.50000000000024
1779758295,38.527966101694076
1779758310,38.617796610169684
1779758325,38.286440677967235
1779758340,38.01016949152331
1779758355,37.76016949152602
1779758370,37.55084745762638
1779758385,37.559322033898056
1779758400,37.55593220339013
1779758415,37.16546269962172
1779758430,36.62203389830504
1779758445,36.572881355932005
1779758460,36.5864406779662
1779758475,36.56016949152572
1779758490,36.991525423731275
1779758505,37.44152542372861
1779758520,37.645762711864506
1779758535,37.7872881355907
1779758550,38.294067796608545
1779758565,39.062711864403276
1779758580,39.36186440677976
1779758595,39.708474576270994
1779758610,40.25169491525433
1779758625,41.02542372881529
1779758640,41.9898305084767
1779758655,42.9525423728823
1779758670,43.83050847457726
1779758685,44.61525423728868
1779758700,45.74830508474839
1779758715,46.84322033898305
1779758730,47.86101694915333
1779758745,48.650847457627265
1779758760,49.41271186440738
1779758775,50.07288135593225
1779758790,50.22627118644053
1779758805,51.132700345419025
1779758820,51.8796610169498
1779758835,52.79491525423694
1779758850,53.385593220337505
1779758865,53.79661016949178
1779758880,54.41694915254322
1779758895,54.9008474576285
1779758910,55.45254237288106
1779758925,55.859322033899495
1779758940,56.23220338982997
1779758955,56.617796610169194
1779758970,56.8652542372877
1779758985,56.843220338981816
1779759000,56.95338983050748
1779759015,57.10593220338909
1779759030,57.49152542372832
1779759045,57.615254237288184
1779759060,57.86271186440791
1779759075,58.21525423728957
1779759090,58.24491525423922
1779759105,58.08983050847636
1779759120,58.18983050847453
1779759135,58.3313559322032
1779759150,58.343220338981574
1779759165,58.49576271186317
1779759180,58.319491525424816
1779759195,58.141525423730634
1779759210,58.2754237288143
1779759225,58.15932203389944
1779759240,58.032203389830414
1779759255,58.06186440678005
1779759270,58.33644067796817
1779759285,58.58305084745753
1779759300,58.44067796609973
1779759315,58.38813559321999
1779759330,58.47796610169438
1779759345,58.574576271185855
1779759360,58.73305084745664
1779759375,58.65084745762728
1779759390,58.79322033898138
1779759405,58.593220338982555
1779759420,58.65932203389772
1779759435,58.635593220337256
1779759450,58.77966101695088
1779759465,59.07796610169329
1779759480,59.185593220340174
1779759495,59.02118644067895
1779759510,58.73728813559248
1779759525,58.68644067796733
1779759540,58.62033898304971
1779759555,58.60932203389802
1779759570,58.47203389830642
1779759585,58.35762711864368
1779759600,58.55593220339037
1779759615,58.365254237287445
1779759630,58.10423728813352
1779759645,57.94661016949063
1779759660,57.88050847457672
1779759675,57.676271186442065
1779759690,57.65000000000035
1779759705,57.62796610169324
1779759720,57.657627118644115
1779759735,57.32372881355917
1779759750,56.911864406779465
1779759765,56.78983050847418
1779759780,56.583898305084944
1779759795,56.77203389830539
1779759810,57.27203389830612
1779759825,57.05508474576395
1779759840,57.00803736987255
1779759855,56.845207829098584
1779759870,56.93305084745867
1779759885,56.99786777492668
1779759900,56.815254237287995
1779759915,56.988983050847565
1779759930,56.930508474577415
1779759945,57.12627118644038
1779759960,57.02796610169679
1779759975,57.20254237288057
1779759990,57.273728813558236
1779760005,57.26101694915195
1779760020,56.988983050847565
1779760035,57.123728813557896
1779760050,57.329661016948364
1779760065,57.6525423728816
1779760080,58.54915254237327
1779760095,58.4940677966086
1779760110,58.245762711865886
1779760125,58.18644067796659
1779760140,58.100847457628056
1779760155,58.294067796609774
1779760170,58.219491525424175
1779760185,58.18305084745743
1779760200,58.45762711864432
1779760215,58.24067796610214
1779760230,58.39491525423709
1779760245,58.13898305084815
1779760260,58.37288135593245
1779760275,58.30932203389856
1779760290,58.19406779660914
1779760305,58.567796610169985
1779760320,58.47288135593186
1779760335,58.724576271186194
1779760350,58.73305084745911
1779760365,57.875423728815434
1779760380,57.56779661016851
1779760395,57.840677966103286
1779760410,58.31271186440772
1779760425,58.29491525423644
1779760440,58.268644067795975
1779760455,57.92457627118599
1779760470,57.94491525423729
1779760485,57.733898305083066
1779760500,57.75932203389934
1779760515,57.81016949152572
1779760530,57.41949152542398
1779760545,57.15000000000083
1779760560,57.08644067796694
1779760575,57.42627118644108
1779760590,57.36215347692395
1779760605,57.08728813559485
1779760620,56.988135593219646
1779760635,56.789830508472946
1779760650,56.78474576271291
1779760665,56.797457627119186
1779760680,56.627966101695456
1779760695,56.51694915254064
1779760710,56.40762711864289
1779760725,56.3717381134777
1779760740,56.499152542371846
1779760755,56.77118644067871
1779760770,56.46271186440634
1779760785,56.25762711864254
1779760800,56.225423728815336
1779760815,56.140677966101
1779760830,56.29152542372926
1779760845,56.34322033898355
1779760860,56.11271186440594
1779760875,56.094915254237144
1779760890,55.78644067796476
1779760905,55.847457627118644
1779760920,55.84830508474532
1779760935,56.09491525423837
1779760950,56.09576271186382
1779760965,56.03898305084948
1779760980,56.11355932203386
1779760995,56.31864406779519
1779761010,56.110169491525916
1779761025,55.85423728813451
1779761040,55.943220338982215
1779761055,55.77711864406765
1779761070,55.96864406779724
1779761085,55.99915254237234
1779761100,55.940677966100964
1779761115,55.87627118644162
1779761130,55.83559322033903
1779761145,56.075423728815
1779761160,55.92796610169467
1779761175,56.11355932203386
1779761190,56.06101694915166
1779761205,55.94661016949014
1779761220,55.771186440677226
1779761235,55.534745762710436
1779761250,55.36186440677877
1779761265,55.22457627118595
1779761280,55.100000000001884
1779761295,55.07627118644018
1779761310,55.22966101694846
1779761325,55.53050847457459
1779761340,55.58898305084845
1779761355,55.96864406779603
1779761370,55.85254237288115
1779761385,55.9030908684105
1779761400,56.355084745763165
1779761415,56.509322033898115
1779761430,56.5364406779665
1779761445,56.64406779660845
1779761460,56.80762711864422
1779761475,56.59067796610328
1779761490,56.91694915254322
1779761505,56.8771186440673
1779761520,56.86779661017019
1779761535,56.86779661016895
1779761550,56.887288135593565
1779761565,57.01355932203469
1779761580,56.79830508474463
1779761595,56.7457627118649
1779761610,56.8627118644052
1779761625,56.57796610169452
1779761640,56.44576271186421
1779761655,56.21525423728908
1779761670,56.51016949152602
1779761685,56.471186440679254
1779761700,56.54237288135568
1779761715,56.17203389830523
1779761730,56.16694915254272
1779761745,56.351694915253994
1779761760,56.18898305084736
1779761775,56.150847457627265
1779761790,56.57372881355991
1779761805,56.731355932202796
1779761820,56.827966101695516
1779761835,57.06101694915313
1779761850,56.9995627074191
1779761865,57.0822033898311
1779761880,57.02457627118762
1779761895,57.044067796609774
1779761910,56.95762711864333
1779761925,56.882203389831055
1779761940,57.436440677964875
1779761955,57.35932203390048
1779761970,57.233608363445356
1779761985,57.41355932203478
1779762000,57.206779661015176
1779762015,57.22288135593063
1779762030,57.490677966100414
1779762045,57.39237288135682
1779762060,57.20762711864431
1779762075,57.22796610169561
1779762090,56.97881355932376
1779762105,57.03135593220225
1779762120,56.884745762712306
1779762135,56.93305084745744
1779762150,56.965254237288335
1779762165,56.74152542372659
1779762180,56.80254237288417
1779762195,56.93559322033992
1779762210,56.978813559322525
1779762225,56.875423728815186
1779762240,56.721186440680235
1779762255,56.503389830507686
1779762270,56.78050847457583
1779762285,56.6389830508484
1779762300,56.78220338983287
1779762315,56.875423728815186
1779762330,56.78135593220127
1779762345,56.93220338983199
1779762360,56.97796610169339
1779762375,56.90932203389944
1779762390,56.907627118643624
1779762405,56.84152542372847
1779762420,56.76724225598397
1779762435,56.81694915254134
1779762450,56.47203389830469
1779762465,56.849999999998914
1779762480,56.97711864406795
1779762495,56.916101694917764
1779762510,56.861864406780995
1779762525,56.88135593220191
1779762540,56.7813559322025
1779762555,56.57118644068113
1779762570,56.60932203389875
1779762585,56.56610169491367
1779762600,56.50423728813683
1779762615,56.38559322033825
1779762630,55.99152542372856
1779762645,56.403389830508274
1779762660,56.4906779661014
1779762675,57.01610169491471
1779762690,56.97457627118916
1779762705,57.279661016951124
1779762720,57.485593220339126
1779762735,57.62711864406656
1779762750,57.564406779659336
1779762765,57.66186440677872
1779762780,57.73389830508553
1779762795,57.783898305084016
1779762810,57.66779661016914
1779762825,57.61271186440816
1779762840,57.74491525423847
1779762855,57.84689595324502
1779762870,58.027966101692094
1779762885,57.9525423728823
1779762900,58.007064358886595
1779762915,58.39830508474749
1779762930,58.25593220338968
1779762945,57.97542372881483
1779762960,58.0737288135609
1779762975,57.68898305084957
1779762990,57.730508474577604
1779763005,57.27881355932322
1779763020,57.59576271186357
1779763035,57.45932203389742
1779763050,57.42796610169072
1779763065,57.51949152542708
1779763080,57.43644067796857
1779763095,57.44915254237486
1779763110,57.46525423729154
1779763125,57.70847457626927
1779763140,57.774576271183186
1779763155,57.36694915254178
1779763170,57.206779661017634
1779763185,57.390677966102245
1779763200,57.56440677966057
1779763215,57.37259235655958
1779763230,57.29491525423867
1779763245,57.154237288131746
1779763260,56.94576271186249
1779763275,56.717796610172314
1779763290,56.68135593220063
1779763305,56.85593220338934
1779763320,56.460169491526315
1779763335,56.368644067797355
1779763350,56.37148222724224
1779763365,56.30762711863855
1779763380,56.90029220140496
1779763395,57.18389830508386
1779763410,57.444915254237785
1779763425,57.37881355932263
1779763440,57.37372881355765
1779763455,57.885593220337995
1779763470,58.010169491529474
1779763485,58.05508474576173
1779763500,57.93559322033277
1779763515,58.08135593220467
1779763530,58.251694915256316
1779763545,58.327118644066125
1779763560,58.366949152538325
1779763575,58.511016949149486
1779763590,58.63220338982686
1779763605,58.64999999999812
1779763620,58.77203389830588
1779763635,59.118644067794634
1779763650,58.854237288141405
1779763665,58.76525423728754
1779763680,58.251694915253836
1779763695,58.39661016949045
1779763710,58.32542372881031
1779763725,58.44322033898591
1779763740,58.20762711864455
1779763755,58.027118644065425
1779763770,58.05593220338964
1779763785,57.45254237288402
1779763800,57.55508474576222
1779763815,57.534745762712156
1779763830,57.932203389828544
1779763845,57.724576271185946
1779763860,57.69576271186174
1779763875,57.797457627121894
1779763890,57.898305084746745
1779763905,57.86271186440668
1779763920,57.65000000000404
1779763935,57.54661016949301
1779763950,57.64322033898325
1779763965,57.2805084745741
1779763980,57.171186440680046
1779763995,56.918351988825755
1779764010,56.92796610169738
1779764025,56.921186440676586
1779764040,56.95000000000079
1779764055,56.72372881355903
1779764070,57.08305084745901
1779764085,57.25423728813609
1779764100,57.31779661016751
1779764115,57.34745762711471
1779764130,57.21949152542639
1779764145,57.32711864406957
1779764160,56.791525423732466
1779764175,56.936440677971525
1779764190,56.85254237288264
1779764205,56.803389830510845
1779764220,56.817796610170475
1779764235,56.85762711864268
1779764250,57.01355932203469
1779764265,57.0186440677972
1779764280,57.19661016949015
1779764295,57.54067796610505
1779764310,57.657627118642885
1779764325,57.47372881355952
1779764340,57.454237288134905
1779764355,57.24237288135772
1779764370,57.37118644067639
1779764385,57.293220338982856
1779764400,57.01101694915343
1779764415,57.33898305084794
1779764430,57.42542372881809
1779764445,57.40593220338855
1779764460,57.36864406779514
1779764475,57.435593220340664
1779764490,57.611864406780256
1779764505,57.761864406779374
1779764520,57.81694915254158
1779764535,58.077118644067596
1779764550,58.010169491526995
1779764565,58.115254237286464
1779764580,58.21610169491625
1779764595,58.010169491526995
1779764610,58.239830508473
1779764625,58.42033898305213
1779764640,58.47542372881682
1779764655,58.57118644067669
1779764670,58.63389830508514
1779764685,58.57033898304631
1779764700,58.696610169488665
1779764715,58.10084745762929
1779764730,58.015817056386524
1779764745,58.22372881356248
1779764760,58.68559322034066
1779764775,58.4915254237298
1779764790,58.01864406779869
1779764805,58.19491525423581
1779764820,57.94152542372812
1779764835,57.86610169491585
1779764850,57.67966101694876
1779764865,57.79661016949152
1779764880,57.658474576268326
1779764895,57.36525423728597
1779764910,56.898305084745274
1779764925,56.746610169492804
1779764940,56.53135593220645
1779764955,56.64915254236973
1779764970,56.63135593220092
1779764985,56.72428287648964
1779765000,56.67372881355932
1779765015,57.01016949152306
1779765030,56.756193304316874
1779765045,56.41949152542374
1779765060,56.26271186440629
1779765075,56.488983050850514
1779765090,56.794915254239164
1779765105,57.12203389830578
1779765120,57.06271186440648
1779765135,56.969491525422946
1779765150,56.63050847457796
1779765165,56.631355932203384
1779765180,56.5364406779665
1779765195,56.55169491525898
1779765210,56.5796610169528
1779765225,56.55762711864447
1779765240,56.31101694915264
1779765255,56.2855932203376
1779765270,56.314406779664274
1779765285,56.14915254237268
1779765300,56.12966101694808
1779765315,56.08898305084795
1779765330,56.24152542372832
1779765345,56.383898305083655
1779765360,55.990677966099426
1779765375,56.06016949152621
1779765390,55.60762711864269
1779765405,55.526271186437526
1779765420,55.57542372880933
1779765435,55.70847457627247
1779765450,55.74152542372881
1779765465,55.68050847457864
1779765480,55.66779661016742
1779765495,55.855084745764884
1779765510,55.995762711864415
1779765525,56.05847457626793
1779765540,56.398305084743306
1779765555,56.483898305088
1779765570,56.45508474576133
1779765585,56.37203389830282
1779765600,56.328813559321446
1779765615,56.193220338981966
1779765630,56.12796610169719
1779765645,56.2177966101691
1779765660,56.64745762711885
1779765675,56.53983050847566
1779765690,56.71440677965944
1779765705,56.708474576271485
1779765720,56.81186440677759
1779765735,56.87457627118604
1779765750,56.945762711863715
1779765765,56.709322033896925
1779765780,56.75254237288077
1779765795,56.672881355936354
1779765810,56.559322033895356
1779765825,56.316949152540595
1779765840,56.50169491525434
1779765855,56.583898305084944
1779765870,56.75508474576202
1779765885,56.58474576271285
1779765900,56.861864406782225
1779765915,56.95338983050996
1779765930,57.20423728813885
1779765945,57.05338983050936
1779765960,56.98135593220379
1779765975,56.63644067796591
1779765990,56.60128880045405
1779766005,56.31355932203637
1779766020,56.17118644067609
1779766035,56.14152542372891
1779766050,56.4194915254262
1779766065,56.57711864406908
1779766080,56.572033898306564
1779766095,56.47542372881139
1779766110,56.63305084745674
1779766125,56.46779661017503
1779766140,56.17203389830647
1779766155,55.856779661015764
1779766170,55.693220338977525
1779766185,55.63559322033898
1779766200,55.43983050847478
1779766215,55.39999999999763
1779766230,55.16864406779336
1779766245,55.12457627118901
1779766260,55.245762711866384
1779766275,55.5161016949125
1779766290,55.38389830508464
1779766305,55.583050847458026
1779766320,55.772033898303896
1779766335,55.66694915254444
1779766350,55.68305084745744
1779766365,55.49915254237654
1779766380,55.59830508474557
1779766395,55.473728813559035
1779766410,55.41271186440638
1779766425,55.24745762711727
1779766440,55.5872881355951
1779766455,55.715254237288335
1779766470,55.716101694918706
1779766485,55.6516949152569
1779766500,55.54661016949252
1779766515,55.55338983050837
1779766530,55.587288135590164
1779766545,55.21186440677967
1779766560,55.1378314429279
1779766575,55.34661016949123
1779766590,55.39322033898178
1779766605,55.438983050844406
1779766620,55.02581382183776
1779766635,55.22203389830715
1779766650,55.305084745760745
1779766665,55.53728813559293
1779766680,55.62118644067935
1779766695,55.722033898301724
1779766710,55.736440677961376
1779766725,56.12203389830677
1779766740,55.97966101695142
1779766755,56.06779661016752
1779766770,55.98644067796729
1779766785,55.90084745762505
1779766800,55.76525423728804
1779766815,56.14830508474724
1779766830,56.15677966101893
1779766845,56.13135593220389
1779766860,55.96779661016811
1779766875,55.800847457625636
1779766890,55.694915254238275
1779766905,55.47372881355657
1779766920,55.416101694915554
1779766935,55.15254237288036
1779766950,54.98898305084706
1779766965,55.08728813559313
1779766980,54.929661016950234
1779766995,54.946610169488665
1779767010,54.57796610169403
1779767025,54.61186440678322
1779767040,54.70762711864061
1779767055,54.63220338982834
1779767070,55.1864406779671
1779767085,55.119491525424024
1779767100,54.9355932203382
1779767115,54.80169491525453
1779767130,55.01694915254336
1779767145,54.98474576271
1779767160,55.005932203392895
1779767175,54.864406779663
1779767190,54.888135593219744
1779767205,54.872033898304295
1779767220,54.747457627117754
1779767235,55.01610169491792
1779767250,55.09661016949271
1779767265,54.97966101694748
1779767280,54.67288135593339
1779767295,54.71694915254021
1779767310,54.89661016949143
1779767325,54.9474576271215
1779767340,54.8542372881355
1779767355,54.94491525423778
1779767370,54.995762711865396
1779767385,55.15000000000158
1779767400,55.126271186439894
1779767415,55.11440677966151
1779767430,55.13898305084618
1779767445,55.166949152544944
1779767460,55.12118644067985
1779767475,55.46271186440362
1779767490,55.87457627118704
1779767505,55.99661016948985
1779767520,56.12542372881346
1779767535,56.22542372881287
1779767550,56.13644067796639
1779767565,56.09999999999842
1779767580,56.409322033898704
1779767595,56.34915254237397
1779767610,56.08728813559214
1779767625,55.990677966099426
1779767640,55.82966101694984
1779767655,55.581355932202214
1779767670,55.44491525423483
1779767685,55.396610169490934
1779767700,55.455084745759855
1779767715,55.45084745762525
1779767730,55.61271186440767
1779767745,55.47796610169363
1779767760,55.43898305084933
1779767775,54.98305084745417
1779767790,55.0881355932235
1779767805,54.98389830508701
1779767820,54.968644067797
1779767835,54.91525423728567
1779767850,55.05084745762762
1779767865,55.062711864408456
1779767880,55.288679923254016
1779767895,55.310169491528185
1779767910,55.50677966101537
1779767925,55.68813559321748
1779767940,55.849152542371996
1779767955,56.02627118644197
1779767970,56.16271186440688
1779767985,56.05169491525454
1779768000,55.68898305084785
1779768015,55.8322033898311
1779768030,55.95932203389889
1779768045,56.07203389830213
1779768060,56.133898305082674
1779768075,56.077118644067106
1779768090,56.18728813559154
1779768105,55.912711864403434
1779768120,56.103389830510054
1779768135,56.048305084745365
1779768150,55.97343032834041
1779768165,55.895762711860066
1779768180,55.6016949152498
1779768195,55.55254237287801
1779768210,55.4110169491555
1779768225,55.720338983050844
1779768240,55.37711864406878
1779768255,55.91016949152217
1779768270,55.92033898305213
1779768285,56.03220338982992
1779768300,56.24576271186786
1779768315,56.214406779662404
1779768330,55.99322033898315
1779768345,56.24406779660958
1779768360,56.17966101695024
1779768375,56.0864406779667
1779768390,56.09745762711963
1779768405,56.16355932203232
1779768420,55.80762711864398
1779768435,56.07796610169502
1779768450,56.10762711864219
1779768465,56.57881355931996
1779768480,56.83644067796718
1779768495,57.03813559321935
1779768510,56.79745762712043
1779768525,56.74661016949034
1779768540,56.7813559322025
1779768555,57.02033898305302
1779768570,57.03389830508474
1779768585,57.22372881355853
1779768600,57.78050847457854
1779768615,59.005932203388944
1779768630,59.18983050847477
1779768645,59.29067796610209
1779768660,59.68305084745842
1779768675,59.7127118644056
1779768690,60.013559322034205
1779768705,60.53474576271167
1779768720,60.68559322033869
1779768735,60.8033898305069
1779768750,60.62881355932066
1779768765,60.608474576275526
1779768780,60.53728813559539
1779768795,60.45111558565765
1779768810,60.593220338983045
1779768825,60.839830508474876
1779768840,60.51101694915491
1779768855,60.36694915254375
1779768870,60.17881355932085
1779768885,60.233898305085546
1779768900,59.502542372884214
1779768915,59.014406779660625
1779768930,58.80254237288342
1779768945,58.432203389830505
1779768960,58.388983050846676
1779768975,58.53135593220448
1779768990,58.511864406779864
1779769005,58.484745762711476
1779769020,58.565254237288734
1779769035,58.48644067796729
1779769050,58.55169491525207
1779769065,58.515254237291494
1779769080,58.29322033898187
1779769095,58.43474576271177
1779769110,58.42627118643762
1779769125,58.69067796610318
1779769140,58.74830508474665
1779769155,58.64915254237022
1779769170,58.87711864406779
1779769185,58.641525423728915
1779769200,58.48474576271641
1779769215,58.44661016949014
1779769230,58.60847457627256
1779769245,58.85338983051104
1779769260,58.71864406779454
1779769275,58.94830508474547
1779769290,59.04152542373148
1779769305,58.99322033898513
1779769320,59.06694915254158
1779769335,58.959322033898395
1779769350,58.98305084745763
1779769365,59.259322033899096
1779769380,59.50084745763087
1779769395,59.57118644067816
1779769410,59.5453266576954
1779769425,59.58983050847241
1779769440,59.89322033898473
1779769455,59.86186440678174
1779769470,60.02881355932173
1779769485,60.08559322033731
1779769500,60.288135593222314
1779769515,60.11694915254277
1779769530,60.12118644067738
1779769545,60.08389830508889
1779769560,59.8627118644047
1779769575,59.90677966102139
1779769590,60.34237288135908
1779769605,60.658474576270294
1779769620,60.74491525423551
1779769635,60.902542372880866
1779769650,61.0271186440674
1779769665,61.027118644064934
1779769680,61.0618644067771
1779769695,60.86610169491535
1779769710,60.604237288133525
1779769725,61.737288135593225
1779769740,61.3135593220339
1779769755,61.28559322033513
1779769770,61.25084745763038
1779769785,61.186440677966104
1779769800,60.911864406780445
1779769815,60.914406779664176
1779769830,60.807627118641506
1779769845,60.50593220338993
1779769860,60.55847457626843
1779769875,60.53389830508622
1779769890,60.74576271186589
1779769905,60.70423728813292
1779769920,60.412711864408855
1779769935,60.03305084745881
1779769950,59.86186440677926
1779769965,59.33685420148378
1779769980,59.02881355932519
1779769995,59.176271186438115
1779770010,58.595762711861354
1779770025,57.86864406779464
1779770040,58.19406779661036
1779770055,58.05423728813628
1779770070,57.93644067796808
1779770085,58.04661016949251
1779770100,58.33813559321905
1779770115,58.376271186440384
1779770130,58.62288135593221
1779770145,58.88305084745822
1779770160,58.98135593220428
1779770175,58.20593220338874
1779770190,57.82542372881326
1779770205,57.94999999999734
1779770220,58.239830508473
1779770235,58.7991525423718
1779770250,58.600847457623864
1779770265,58.82881355932391
1779770280,59.095608549010706
1779770295,59.54688442790417
1779770310,59.52881355931976
1779770325,59.461291787853476
1779770340,59.31440677966131
1779770355,59.63050847457498
1779770370,59.840950230843035
1779770385,59.695762711864695
1779770400,59.47118644067876
1779770415,59.473728813560015
1779770430,59.427118644067
1779770445,59.17881355932184
1779770460,59.08813559322201
1779770475,58.928813559320844
1779770490,58.66271186440688
1779770505,58.54237288135495
1779770520,58.116101694919294
1779770535,58.20932203389791
1779770550,58.3144067796623
1779770565,58.00338983050868
1779770580,57.71101694915175
1779770595,57.51271186440382
1779770610,57.31779661016751
1779770625,57.2282560796205
1779770640,57.05084745762811
1779770655,57.03135593220102
1779770670,57.01016949152306
1779770685,57.043220338984334
1779770700,57.13389830508662
1779770715,57.10000000000483
1779770730,57.244915254236496
1779770745,57.18474576271178
1779770760,57.17627118644255
1779770775,57.51016949152257
1779770790,57.46045789520062
1779770805,57.561016949152645
1779770820,57.652542372880376
1779770835,57.59067796610229
1779770850,57.283050847460295
1779770865,57.52627118644048
1779770880,57.742372881354754
1779770895,57.89999999999763
1779770910,58.17033898305115
1779770925,58.203389830509956
1779770940,57.963559322031536
1779770955,58.0169491525404
1779770970,58.032203389827956
1779770985,58.099152542371016
1779771000,58.02118644067501
1779771015,58.129235212563366
1779771030,57.8677966101692
1779771045,57.62372881355616
1779771060,57.7228813559326
1779771075,57.68474576271374
1779771090,57.75084745762643
1779771105,57.834745762712856
1779771120,57.87627118644334
1779771135,58.027118644065425
1779771150,58.156779661016955
1779771165,58.386440677967876
1779771180,58.40508474576458
1779771195,58.34406779660948
1779771210,58.23898305084756
1779771225,58.254237288132636
1779771240,58.245762711865886
1779771255,57.98983050847448
1779771270,58.07966101694886
1779771285,57.84830508474458
1779771300,57.92288135593389
1779771315,57.96016949152977
1779771330,57.98050847457983
1779771345,58.05762711864298
1779771360,58.1296610169461
1779771375,58.09661016949468
1779771390,57.95762711864357
1779771405,57.77711864406938
1779771420,57.74999999999852
1779771435,57.782203389831885
1779771450,57.83220338983159
1779771465,57.683898305080895
1779771480,57.82457627118536
1779771495,57.91525423729258
1779771510,57.92966101694728
1779771525,57.93898305084934
1779771540,58.10423728813352
1779771555,58.388983050846676
1779771570,58.18983050847576
1779771585,58.35028237096689
1779771600,58.35338983050906
1779771615,59.34209723455427
1779771630,59.96806801309783
1779771645,59.78305084745783
1779771660,59.839830508475856
1779771675,60.07118644067767
1779771690,60.05169491525305
1779771705,60.13050847457697
1779771720,60.18050847457667
1779771735,60.12711864406533
1779771750,59.86864406780006
1779771765,59.84576271186381
1779771780,59.54237288136136
1779771795,59.69830508474596
1779771810,59.741525423729804
1779771825,59.821186440679156
1779771840,59.827966101695004
1779771855,59.84576271186381
1779771870,60.1771186440675
1779771885,60.116101694917326
1779771900,59.93135593220359
1779771915,58.719911322934415
1779771930,58.77881355932174
1779771945,58.82203389830312
1779771960,58.53644067796453
1779771975,58.36101694915037
1779771990,58.664406779660226
1779772005,58.922033898304996
1779772020,58.78898305084923
1779772035,58.70508474576282
1779772050,58.82288135593349
1779772065,58.66779661016939
1779772080,58.883898305081196
1779772095,59.06949152542285
1779772110,59.120338983050445
1779772125,59.12711864406632
1779772140,58.94576271186668
1779772155,58.798305084746346
1779772170,58.90423728813372
1779772185,59.030508474581
1779772200,58.81610169491269
1779772215,58.70762711864407
1779772230,59.05000000000069
1779772245,58.86101694914988
1779772260,59.19152542373058
1779772275,59.14322033898177
1779772290,58.844636234821536
1779772305,58.90677966101745
1779772320,59.060169491523254
1779772335,59.080508474573314
1779772350,58.920907938360486
1779772365,59.22203389830815
1779772380,58.91949152542373
1779772395,58.87118644067737
1779772410,58.77288135593625
1779772425,58.651694915256414
1779772440,58.72372881355952
1779772455,58.68983050847281
1779772470,58.71271186440905
1779772485,58.484745762711476
1779772500,58.976271186441764
1779772515,59.28559322034451
1779772530,59.18644067796315
1779772545,59.140677966102984
1779772560,59.07457627118535
1779772575,58.955932203391704
1779772590,58.908474576273264
1779772605,58.79067796610505
1779772620,58.768644067796714
1779772635,58.63559322034095
1779772650,58.51525423728903
1779772665,58.55762711864496
1779772680,58.841525423730204
1779772695,58.78644067796305
1779772710,58.53050847457657
1779772725,58.6542372881352
1779772740,58.872033898302824
1779772755,58.880508474572025
1779772770,59.086440677963736
1779772785,59.327552483582714
1779772800,58.63093522984782
1779772815,58.578813559320466
1779772830,58.78559322034007
1779772845,58.70423728813243
1779772860,58.5440677966083
1779772875,58.65254237287938
1779772890,59.01525423729099
1779772905,59.06440677966279
1779772920,59.21990623823987
1779772935,59.35593220338934
1779772950,59.189830508472305
1779772965,58.942372881352576
1779772980,58.71468668008922
1779772995,58.72627118643832
1779773010,59.88728813559431
1779773025,59.98983050847744
1779773040,59.88728813559431
1779773055,59.855084745760934
1779773070,59.922881355931914
1779773085,59.78474576271364
1779773100,59.687288135595495
1779773115,59.75254237288274
1779773130,59.65762711864091
1779773145,60.07430558851039
1779773160,59.91186440677897
1779773175,59.7516949152499
1779773190,60.0711864406826
1779773205,60.55677966102001
1779773220,60.437288135593526
1779773235,60.66440677966318
1779773250,60.74406779661007
1779773265,60.893220338983745
1779773280,60.786440677966006
1779773295,60.64237288135486
1779773310,59.708474576271
1779773325,59.89491525423808
1779773340,59.81101694915165
1779773355,59.989830508474974
1779773370,60.01864406779425
1779773385,60.07288135593842
1779773400,60.40677966101596
1779773415,60.41837571780167
1779773430,60.518644067793744
1779773445,60.472033898305675
1779773460,60.46440677965944
1779773475,60.52796610169827
1779773490,59.90169491525641
1779773505,59.90254237288431
1779773520,60.09067796609982
1779773535,59.87457627118555
1779773550,59.97796610169412
1779773565,60.32542372881573
1779773580,60.38813559322419
1779773595,60.302542372879486
1779773610,60.07627118644265
1779773625,60.06949152542679
1779773640,59.87372881355518
1779773655,59.96694915254612
1779773670,59.74322033898315
1779773685,60.08050847457479
1779773700,60.09549217282621
1779773715,60.30932203389534
1779773730,60.72314763967939
1779773745,60.844067796607014
1779773760,60.84067796609784
1779773775,60.69067796609874
1779773790,60.18898305084834
1779773805,60.31271186440698
1779773820,60.33349491689519
1779773835,60.510169491527
1779773850,60.1771186440675
1779773865,59.87033898305094
1779773880,59.59661016949074
1779773895,59.46949152542294
1779773910,59.45142000962955
1779773925,59.601694915258186
1779773940,59.47796610169709
1779773955,59.6703389830472
1779773970,59.972033898301234
1779773985,59.677966101693436
1779774000,59.0186440677977
1779774015,58.62796610169718
1779774030,58.31355932203193
1779774045,58.1720338983045
1779774060,58.12457627118852
1779774075,58.29067796610061
1779774090,58.49237288135771
1779774105,58.20932203390284
1779774120,58.23050847457834
1779774135,58.27288135592934
1779774150,58.452542372880565
1779774165,58.78728813559589
1779774180,58.865254237291886
1779774195,59.10677966101379
1779774210,59.114406779662495
1779774225,59.06440677966279
1779774240,59.06186440677907
1779774255,58.895762711864506
1779774270,58.41355932203627
1779774285,58.319491525424816
1779774300,58.3923728813583
1779774315,58.40508474576212
1779774330,58.48813559322063
1779774345,58.522881355932796
1779774360,58.48559322033691
1779774375,58.43050847457716
1779774390,58.54491525423373
1779774405,58.46525423728932
1779774420,58.64576271186846
1779774435,58.58389830508297
1779774450,58.2644067796626
1779774465,58.175423728813655
1779774480,58.049999999999216
1779774495,58.159322033898206
1779774510,57.97881355932402
1779774525,57.97542372880991
1779774540,57.59661016949271
1779774555,57.802542372879486
1779774570,57.703389830510446
1779774585,57.86525423729041
1779774600,57.807627118642
1779774615,57.77033898305351
1779774630,57.675423728811694
1779774645,57.619491525424024
1779774660,57.40423728814012
1779774675,57.442372881356526
1779774690,57.362711864412105
1779774705,57.33644067796669
1779774720,57.32966101695083
1779774735,57.35762711864466
1779774750,57.508474576274146
1779774765,57.550847457625146
1779774780,57.39491525423808
1779774795,57.19462504830493
1779774810,57.092372881356134
1779774825,56.994915254237974
1779774840,57.32033898305124
1779774855,57.15000000000208
1779774870,57.30762711864249
1779774885,57.57372881355893
1779774900,57.53983050847468
1779774915,57.504237288139535
1779774930,57.44237288135405
1779774945,57.47711864407115
1779774960,57.64322033898325
1779774975,57.69322033898049
1779774990,57.822881355929546
1779775005,57.74915254237308
1779775020,57.77542372881604
1779775035,57.85254237288166
1779775050,58.02542372881702
1779775065,58.00169491525533
1779775080,58.18813559321995
1779775095,58.12627118643693
1779775110,58.10677966101725
1779775125,58.382203389833265
1779775140,58.35564986881317
1779775155,58.83898305084894
1779775170,58.76073736092919
1779775185,59.01525423729099
1779775200,58.938983050845884
1779775215,59.677966101695915
1779775230,59.98135593220329
1779775245,60.30762711864446
1779775260,60.23559322033889
1779775275,60.30084745762614
1779775290,59.944915254232846
1779775305,59.82457627118338
1779775320,59.8296610169459
1779775335,59.75932203389613
1779775350,59.7593220338986
1779775365,59.98559322034036
1779775380,60.157627118642885
1779775395,60.24518477840948
1779775410,60.73983050847793
1779775425,60.97796610169808
1779775440,61.0694915254258
1779775455,61.04661016949202
1779775470,60.78983050847271
1779775485,60.653389830507784
1779775500,60.538983050848735
1779775515,60.232203389827255
1779775530,60.20000000000129
1779775545,60.22457627118348
1779775560,60.43135593219816
1779775575,60.56525423728676
1779775590,60.79875388563215
1779775605,60.99915254237111
1779775620,61.11779661016969
1779775635,61.166949152541484
1779775650,61.26440677966457
1779775665,60.930508474574694
1779775680,61.00338983050818
1779775695,60.76864406779967
1779775710,60.1135593220336
1779775725,59.52881355931976
1779775740,59.48050847457834
1779775755,59.3415254237297
1779775770,59.13135593219846
1779775785,59.33728813559509
1779775800,59.48135593220378
1779775815,59.41355932203282
1779775830,59.468644067797506
1779775845,59.284745762711665
1779775860,59.12796610169423
1779775875,59.15593220339053
1779775890,59.12627118643841
1779775905,58.851694915252764
1779775920,58.73474576271246
1779775935,58.57203389830706
1779775950,58.70508474576282
1779775965,58.720338983047895
1779775980,58.51864406779572
1779775995,58.75932203389712
1779776010,58.77033898305007
1779776025,59.19491525423729
1779776040,59.52966101695014
1779776055,59.910169491523156
1779776070,59.822033898304596
1779776085,59.739830508476444
1779776100,59.47627118643881
1779776115,59.476271186441274
1779776130,59.3940677966082
1779776145,59.42118644068398
1779776160,59.343220338980586
1779776175,59.03362056692205
1779776190,58.86610169491486
1779776205,59.08050847457824
1779776220,59.07711864406908
1779776235,59.10677966101873
1779776250,59.06694915254158
1779776265,59.03559322033859
1779776280,59.06440677966279
1779776295,59.04067796610604
1779776310,58.968644067797996
1779776325,58.60762711864219
1779776340,58.39067796610249
1779776355,58.41101694915254
1779776370,58.58898305084549
1779776385,58.499152542376045
1779776400,58.54406779661077
1779776415,58.51271186440776
1779776430,58.79576271186263
1779776445,58.61949152542304
1779776460,58.60169491525671
1779776475,58.94067796609923
1779776490,58.71779661017156
1779776505,58.547457627119925
1779776520,58.368644067794136
1779776535,58.52033898304907
1779776550,58.4449152542368
1779776565,58.69576271186323
1779776580,58.838983050851404
1779776595,58.82457627118931
1779776610,58.57711864406464
1779776625,58.79322033898384
1779776640,58.45338983050847
1779776655,58.52033898305153
1779776670,58.290677966103075
1779776685,58.383898305084145
1779776700,58.50254237288027
1779776715,58.571186440679156
1779776730,58.44067796610219
1779776745,58.69067796610318
1779776760,58.88559322033948
1779776775,59.45169491525167
1779776790,60.12457627118407
1779776805,60.17118644067708
1779776820,60.116949152540315
1779776835,60.4186440677968
1779776850,60.388135593219246
1779776865,60.29210367527767
1779776880,60.362980589962014
1779776895,60.532203389825476
1779776910,60.59406779661343
1779776925,60.580241221977346
1779776940,60.42711864406603
1779776955,60.5067796610129
1779776970,60.64491525423611
1779776985,60.40847457626685
1779777000,60.1098990501596
1779777015,60.134745762711574
1779777030,59.92372881355982
1779777045,59.85338983050759
1779777060,59.637561779242276
1779777075,58.79576271186756
1779777090,58.489830508473986
1779777105,58.46779661016811
1779777120,58.564406779660814
1779777135,58.480508474576865
1779777150,58.244915254240446
1779777165,58.202542372884515
1779777180,57.98135593220527
1779777195,58.120764873578146
1779777210,58.228388763273585
1779777225,58.48389830508356
1779777240,58.436440677965116
1779777255,58.39830508474873
1779777270,58.51694915253991
1779777285,58.703389830509465
1779777300,58.69745762711904
1779777315,58.71610169491574
1779777330,58.66949152542274
1779777345,58.688983050847355
1779777360,58.61016949152344
1779777375,58.62288135593221
1779777390,58.706779661016164
1779777405,58.9550847457638
1779777420,58.64406779661018
1779777435,58.5406779661016
1779777450,58.69576271186816
1779777465,58.60000000000336
1779777480,58.57372881356041
1779777495,58.76949152542461
1779777510,58.59661016948926
1779777525,58.71949152542244
1779777540,58.684745762710286
1779777555,58.7042372881349
1779777570,58.976271186441764
1779777585,58.885314476708814
1779777600,58.76158482430014
1779777615,58.994915254240944
1779777630,58.91722767981491
1779777645,58.79067796610258
1779777660,58.8983050847433
1779777675,58.93474576270881
1779777690,58.90847457626833
1779777705,58.76864406779918
1779777720,58.813559322033896
1779777720,58.813559322033896
1779777735,59.257627118643285
1779777750,59.05254237287948
1779777765,59.019491525428066
1779777780,59.008474576270196
1779777795,58.95423728813589
1779777810,59.053389830507385
1779777825,59.10847457627207
1779777840,59.186440677965614
1779777855,58.83050847457479
1779777870,58.68983050847527
1779777885,58.68728813559401
1779777900,58.611016949156294
1779777915,58.56101694915166
1779777930,58.296610169488574
1779777945,58.3394068414258
1779777960,58.06186440678005
1779777975,58.001694915252855
1779777990,58.03092912809195
1779778005,57.981355932202796
1779778020,57.868644067797106
1779778035,57.95254237288353
1779778050,57.905084745762615
1779778065,57.98813559321619
1779778080,58.042372881357906
1779778095,58.16355932203281
1779778110,58.082203389832586
1779778125,57.96271186440363
1779778140,58.01440677966161
1779778155,58.14745762711736
1779778170,57.96610169491525
1779778185,58.05084745762712
1779778200,58.08559322034175
1779778215,58.07288135593299
1779778230,58.23389830508504
1779778245,58.276271186438514
1779778260,58.60084745762879
1779778275,58.70677966101863
1779778290,58.938135593220444
1779778305,59.0186440677977
1779778320,58.96101694915669
1779778335,58.96271186440757
1779778350,59.161864406778484
1779778365,59.445762711863715
1779778380,59.49322033898463
1779778395,59.41186440677699
1779778410,59.48389830508258
1779778425,59.774576271183676
1779778440,60.01525423728755
1779778455,60.24322033898266
1779778470,60.64661016949192
1779778485,60.795762711863134
1779778500,61.025423728814054
1779778515,61.3135593220339
1779778530,61.439830508476255
1779778545,61.86271186440767
1779778560,61.9864406779663
1779778575,62.46186440677868
1779778590,62.72542372881386
1779778605,63.01949152542659
1779778620,63.22881355932006
1779778635,63.321186440680634
1779778650,63.70593220339072
1779778665,63.95677966101715
1779778680,64.32457627118387
1779778695,64.59152542372823
1779778710,64.95423728813736
1779778725,65.88389830508416
1779778740,67.6177966101682
1779778755,68.93474576271375
1779778770,70.2127118644051
1779778785,71.79067796609962
1779778800,72.14830508474626
1779778815,72.9076271186414
1779778830,73.10677966101477
1779778845,73.31271186440648
1779778860,73.7025423728865
1779778875,73.7822033898309
1779778890,74.50338983050719
1779778905,74.55169491525602
1779778920,74.99406779660957
1779778935,75.29915254237278
1779778950,75.5915254237297
1779778965,76.04915254237328
1779778980,76.32288135593348
1779778995,76.77203389830538
1779779010,77.09237288135367
1779779025,75.90169491525542
1779779040,74.97203389830617
1779779055,73.77542372881011
1779779070,72.76694915253941
1779779085,71.91186440677947
1779779100,72.41760961091252
1779779115,72.11864406780154
1779779130,72.35508474576339
1779779145,72.53135593220053
1779779160,72.3966101694939
1779779175,72.23983050847151
1779779190,72.38135593220389
1779779205,72.11694915254327
1779779220,72.35169491525424
1779779235,72.11949152542205
1779779250,71.96440677965796
1779779265,71.72542372881237
1779779280,71.65423728813718
1779779295,71.85084745762435
1779779310,71.93050847457864
1779779325,72.05677966101854
1779779340,71.97033898304839
1779779355,72.13728813559332
1779779370,72.77457627118812
1779779385,72.82966101695281
1779779400,73.25593220338845
1779779415,74.15762711864635
1779779430,75.27457627119058
1779779445,76.26016949152503
1779779460,77.3305084745738
1779779475,78.4457627118647
1779779490,79.5262711864385
1779779505,80.78728813559391
1779779520,81.63801110515895
1779779535,82.68983050847379
1779779550,83.76260178035055
1779779565,85.1881355932229
1779779580,86.21864406779454
1779779595,86.82618187242095
1779779610,86.83644067796472
1779779625,86.89576271186648
1779779640,87.19830508474348
1779779655,86.90847457626536
1779779670,86.95593220339121
1779779685,86.593220338987
1779779700,85.82796610169403
1779779715,84.98728813559619
1779779730,84.02372881356021
1779779745,83.05677966101754
1779779760,82.08389830508445
1779779775,81.07288135593002
1779779790,79.82118644067668
1779779805,78.62118644068133
1779779820,77.71949152542344
1779779835,77.26779661017275
1779779850,75.79576271186066
1779779865,74.46101694915373
1779779880,73.53135593220202
1779779895,73.36186440678074
1779779910,73.43728813558809
1779779925,73.46694915254267
1779779940,73.54915254237328
1779779955,73.75
1779779970,73.67372881355735
1779779985,73.79152542373296
1779780000,73.66440677966023
1779780015,73.73813559322409
1779780030,73.68135593220111
1779780045,73.5728813559325
1779780060,73.52372881356071
1779780075,73.30593220338815
1779780090,73.61016949152592
1779780105,73.84067796610229
1779780120,73.5881355932225
1779780135,73.44237288136047
1779780150,73.6542372881352
1779780165,73.83050847457726
1779780180,73.67627118644107
1779780195,73.72966101694995
1779780210,73.5550847457637
1779780225,73.55423728813825
1779780240,73.15847457627277
1779780255,72.57966101694934
1779780270,72.33050847457628
1779780285,72.21525423728932
1779780300,71.98220338982922
1779780315,71.99830508474714
1779780330,72.38644067796886
1779780345,72.18559322033474
1779780360,72.11864406779661
1779780375,72.30932203390077
1779780390,72.08644067796818
1779780405,71.9683590002619
1779780420,72.27457627119107
1779780435,72.14322033898375
1779780450,71.98644067796877
1779780465,71.68135593220556
1779780480,71.76101694915245
1779780495,71.65932203389475
1779780510,71.327966101696
1779780525,71.58389830508494
1779780540,71.49999999999852
1779780555,71.94915254237043
1779780570,71.82542372881426
1779780585,71.47542372881632
1779780600,71.25508474576499
1779780615,71.036440677967
1779780630,70.96101694915224
1779780645,70.94745762711558
1779780660,70.72881355932499
1779780675,70.41694915254347
1779780690,70.52118644067501
1779780705,70.27033898304857
1779780720,70.26949152542315
1779780735,70.33983050847536
1779780750,70.5177966101683
1779780765,70.54725794750836
1779780780,70.52627118644
1779780795,70.8898305084721
1779780810,71.2796610169521
1779780825,71.6211864406759
1779780840,71.6118644067763
1779780855,71.75847457627118
1779780870,72.03644067796353
1779780885,72.5355932203376
1779780900,72.54745762711845
1779780915,72.37203389830677
1779780930,72.30762711864742
1779780945,72.44491525423778
1779780960,72.71864406779798
1779780975,72.9025423728789
1779780990,73.03898305084627
1779781005,73.00762711864328
1779781020,72.69830508474546
1779781035,72.47881355932205
1779781050,72.15489596540073
1779781065,72.17457627118674
1779781080,71.99915254237506
1779781095,71.56440677966033
1779781110,71.39576271186205
1779781125,70.9593220338989
1779781140,70.80423728813481
1779781155,70.83220338983111
1779781170,71.01016949152651
1779781185,71.56355932203489
1779781200,72.70677966101715
1779781215,73.75254237288125
1779781230,74.73932556846549
1779781245,75.96949152542393
1779781260,76.18050847457322
1779781275,76.33575365590575
1779781290,76.3881355932232
1779781305,76.61949152542255
1779781320,76.61440677966249
1779781335,77.00254237287929
1779781350,77.60932203389899
1779781365,77.68983050847625
1779781380,77.68305084745792
1779781395,77.96779661017106
1779781410,78.46779661017058
1779781425,78.38898305084913
1779781440,78.59152542373414
1779781455,78.80338983050888
1779781470,78.70169491525365
1779781485,77.8211864406762
1779781500,76.98474576271049
1779781515,76.10593220338883
1779781530,75.54491525423916
1779781545,74.57033898305025
1779781560,74.27881355932371
1779781575,74.14491525423512
1779781590,74.2661016949125
1779781605,74.52457627119009
1779781620,74.61440677965953
1779781635,74.55067491982848
1779781650,74.29067796609716
1779781665,74.45169491525414
1779781680,74.56271186440895
1779781695,74.29406779660879
1779781710,74.42627118644157
1779781725,74.8220338983046
1779781740,74.71186440678015
1779781755,74.77288135593525
1779781770,74.90847457627228
1779781785,74.5144067796626
1779781800,74.69304876642778
1779781815,74.56525423729022
1779781830,74.0940677966075
1779781845,74.12288135593418
1779781860,74.29067796609962
1779781875,74.45677966101665
1779781890,74.55110625993733
1779781905,74.43813559322241
1779781920,74.22372881355903
1779781935,74.25423728813412
1779781950,74.04406779661026
1779781965,73.58117682153856
1779781980,73.69576271186568
1779781995,73.42711864406799
1779782010,73.02966101695162
1779782025,72.67542372881415
1779782040,72.68644067796215
1779782055,72.37033898304847
1779782070,72.36694915254425
1779782085,72.286440677967
1779782100,72.04086751954361
1779782115,71.73813559322113
1779782130,71.63644067796344
1779782145,71.50338983050769
1779782160,71.19152542373355
1779782175,70.79322033898434
1779782190,70.53305084745585
1779782205,70.51440677966161
1779782220,70.45593220339022
1779782235,70.17711864407244
1779782250,70.34426885241436
1779782265,70.27627118644146
1779782280,70.49830508474122
1779782295,71.16610169491358
1779782310,70.97881355932599
1779782325,70.99999999999902
1779782340,70.88155334540302
1779782355,70.78644067796847
1779782370,70.62118644067935
1779782385,70.50084745762494
1779782400,70.70677966101418
1779782415,70.82457627118733
1779782430,70.84067796610279
1779782445,70.9864406779673
1779782460,71.44830508474547
1779782475,71.59322033898454
1779782490,71.70593220339269
1779782505,71.7237288135615
1779782520,71.5406779661011
1779782535,71.64915254237218
1779782550,71.39830508474576
1779782565,71.37796610169325
1779782580,70.47542372881485
1779782595,70.18983050847625
1779782610,70.23559322033888
1779782625,70.39830508474428
1779782640,70.33644067796867
1779782655,70.36355932203212
1779782670,70.53813559322084
1779782685,70.72542372881583
1779782700,70.63728813559234
1779782715,70.9313559322026
1779782730,71.02627118644196
1779782745,70.53220338983041
1779782760,70.03728813559343
1779782775,69.71440677966388
1779782790,69.6313559322029
1779782805,69.58050847457282
1779782820,69.91016949152562
1779782835,69.59152542372821
1779782850,70.19830508474547
1779782865,70.08644067796767
1779782880,70.01525423729001
1779782895,70.29132400897899
1779782910,70.24237288135475
1779782925,70.18728813559501
1779782940,70.06206737581282
1779782955,70.29661016948906
1779782970,70.244915254236
1779782985,70.15169491525492
1779783000,70.03983050847468
1779783015,69.88644067796393
1779783030,69.88220338982933
1779783045,69.94830508474448
1779783060,70.24322033898513
1779783075,70.45169491525809
1779783090,70.55508474576419
1779783105,70.55762711864546
1779783120,70.44067796610268
1779783135,70.55593220338963
1779783150,70.51949152542413
1779783165,70.69491525423828
1779783180,70.61101694915186
1779783195,70.5627118644055
1779783210,70.4593220338994
1779783225,70.46440677966437
1779783240,70.53220338982794
1779783255,70.4771186440682
1779783270,70.63813559322024
1779783285,70.84745762712112
1779783300,70.66779661016989
1779783315,70.97457627118644
1779783330,71.30593220339011
1779783345,71.20084745762574
1779783360,71.68983050847231
1779783375,71.48135593220182
1779783390,71.62627118644333
1779783405,71.77542372881209
1779783420,71.87457627118606
1779783435,71.91610169491408
1779783450,72.0728813559315
1779783465,72.28220338983238
1779783480,72.4076271186419
1779783495,72.71440677965846
1779783510,72.85677966101379
1779783525,72.75762711864722
1779783540,72.86355932203212
1779783555,72.71440677966092
1779783570,72.54152542373049
1779783585,72.67203389830253
1779783600,73.06610169491466
1779783615,72.72881355932054
1779783630,72.8508474576283
1779783645,72.83220338982913
1779783660,72.87711864407125
1779783675,72.90847457626684
1779783690,73.04237288135545
1779783705,73.1330508474602
1779783720,73.29237288135396
1779783735,73.10338983050808
1779783750,73.0067796610203
1779783765,72.9915254237303
1779783780,73.0228813559333
1779783795,72.97457627118693
1779783810,73.20677966101665
1779783825,73.26779661016928
1779783840,73.3627118644062
1779783855,73.41016949152464
1779783870,73.7025423728791
1779783885,73.65593220338855
1779783900,73.61440677966053
1779783915,73.88220338983278
1779783930,74.09322033898206
1779783945,74.23813559322113
1779783960,74.1966101694931
1779783975,73.91525423728912
1779783990,73.97796610169512
1779784005,74.26779661017078
1779784020,74.47881355932253
1779784035,74.67033898304966
1779784050,74.1677966101689
1779784065,74.46677604594107
1779784080,74.62542372881494
1779784095,74.50593220338845
1779784110,74.53983050847764
1779784125,74.51271186440678
1779784140,74.75169491525236
1779784155,74.77881355932074
1779784170,74.5288135593247
1779784185,74.60576003905408
1779784200,74.77457627118862
1779784215,74.47796610169462
1779784230,74.38415880516311
1779784245,74.3194915254263
1779784260,74.38050847457647
1779784275,74.84237288135711
1779784290,74.41440677966072
1779784305,74.52881355931977
1779784320,74.24406779661155
1779784335,74.4500000000008
1779784350,74.32457627118634
1779784365,74.53050847458051
1779784380,74.30084745762466
1779784395,74.1957627118652
1779784410,74.2627118644058
1779784425,74.07542372881326
1779784440,73.72881355932697
1779784455,73.63389830508514
1779784470,73.47288135593556
1779784485,73.34763832109367
1779784500,73.06779661017048
1779784515,72.6686440677983
1779784530,72.21186440677769
1779784545,71.947457627122
1779784560,71.7322033898307
1779784575,71.2381355932241
1779784590,71.10254237288216
1779784605,70.69152542372912
1779784620,70.6516949152569
1779784635,70.62118644068181
1779784650,70.65847457627031
1779784665,70.29152542372901
1779784680,70.48389830508405
1779784695,70.33728813559411
1779784710,70.02627118644048
1779784725,70.44491525423729
1779784740,70.26779661016978
1779784755,70.7474576271217
1779784770,70.92118644068005
1779784785,70.89406779661165
1779784800,71.24322033898167
1779784815,71.44067796609923
1779784830,71.4237288135608
1779784845,71.6347457627101
1779784860,72.23813559321816
1779784875,72.35574478470696
1779784890,72.70762711864258
1779784905,72.5949152542369
1779784920,72.92033898305016
1779784935,72.72457627118841
1779784950,72.48050847457293
1779784965,72.9822033898307
1779784980,72.68983050847626
1779784995,73.04067796610208
1779785010,72.97796610169362
1779785025,72.9671324262241
1779785040,73.11864406779809
1779785055,73.18898305084538
1779785070,73.02542372881456
1779785085,73.00169491525286
1779785100,73.00593220338747
1779785115,73.17966101695073
1779785130,73.06949152542136
1779785145,73.18898305084785
1779785160,72.84812100421148
1779785175,72.74745762711726
1779785190,72.62288135592826
1779785205,72.5389830508443
1779785220,72.55141577710842
1779785235,72.85254237288166
1779785250,72.8644067796625
1779785265,72.7008474576292
1779785280,72.75847457627268
1779785295,72.95677966101813
1779785310,73.23474576271049
1779785325,73.16694915253952
1779785340,73.34576271186529
1779785355,73.31949152542234
1779785370,73.54915254237575
1779785385,73.7025423728791
1779785400,73.31016949152769
1779785415,73.40593220338756
1779785430,73.03220338983041
1779785445,72.73728813559717
1779785460,72.84576271186579
1779785475,72.37203389830677
1779785490,72.4601694915278
1779785505,72.33813559322004
1779785520,72.20762711864555
1779785535,72.00932203389762
1779785550,72.39406779660771
1779785565,72.145762711865
1779785580,72.03559322034056
1779785595,71.51186440678184
1779785610,70.87288135593614
1779785625,71.13559322033602
1779785640,70.63644067796196
1779785655,70.45508474575985
1779785670,70.33389830508494
1779785685,70.64067796610642
1779785700,70.47627118644029
1779785715,71.14830508474478
1779785730,71.20932203390235
1779785745,71.36460091796283
1779785760,71.72711864406818
1779785775,71.5898305084729
1779785790,71.76496710136173
1779785805,71.73389830508899
1779785820,71.46440677966092
1779785835,72.10677966101824
1779785850,71.98135593220378
1779785865,72.21355932203105
1779785880,72.32542372881376
1779785895,72.50169491525335
1779785910,72.55084745762761
1779785925,72.31779661016999
1779785940,72.08813559321905
1779785955,72.43389830508484
1779785970,72.50762711864131
1779785985,72.87966101695005
1779786000,72.66610169491703
1779786015,72.90593220339052
1779786030,73.4313559322026
1779786045,74.43830889282314
1779786060,75.4991525423716
1779786075,76.911864406777
1779786090,77.97033898304986
1779786105,79.37288135592776
1779786120,80.37966101695004
1779786135,79.57542372881522
1779786150,79.84491525423837
1779786165,80.00254237288125
1779786180,80.07033898304977
1779786195,80.31016949152325
1779786210,80.25508474576597
1779786225,80.40593220338805
1779786240,80.41271186440639
1779786255,80.29661016949152
1779786270,80.29915254237278
1779786285,79.7516949152573
1779786300,79.75698552217906
1779786315,79.48644067796383
1779786330,78.76694915254336
1779786345,77.7550847457635
1779786360,76.6999999999998
1779786375,75.66610169491408
1779786390,74.3533898305056
1779786405,73.01168143512659
1779786420,72.44830508474448
1779786435,72.9855932203374
1779786450,72.93305084745644
1779786465,72.87457627118752
1779786480,72.76355932203518
1779786495,72.85762711864416
1779786510,73.09830508474803
1779786525,73.22711864406918
1779786540,73.15762711864733
1779786555,73.47288135593062
1779786570,73.39237288135337
1779786585,73.90745022000277
1779786600,74.1028057341768
1779786615,74.26101694915491
1779786630,74.01186440677935
1779786645,74.302542372878
1779786660,74.15084745763293
1779786675,73.82355134611043
1779786690,74.25169491525531
1779786705,74.4644067796629
1779786720,74.4076271186424
1779786735,73.83983050847685
1779786750,73.66694915254148
1779786765,73.97966101694846
1779786780,73.70762711864161
1779786795,73.28625956786138
1779786810,73.01101694915491
1779786825,72.92118644068053
1779786840,72.67645643080031
1779786855,72.73644067796432
1779786870,72.21610169491723
1779786885,71.94576271186371
1779786900,71.88813559322271
1779786915,71.64067796610053
1779786930,71.5686440677974
1779786945,71.2432203389866
1779786960,71.46440677965845
1779786975,71.39745762712032
1779786990,71.47372881356051
1779787005,71.39406779660868
1779787020,71.57711864406662
1779787035,71.44576271186422
1779787050,71.43983050847379
1779787065,71.60508474576044
1779787080,71.99237288135672
1779787095,71.99745762711677
1779787110,72.60169491525275
1779787125,72.46271186440659
1779787140,72.687288135595
1779787155,72.53644067797045
1779787170,72.62796610169325
1779787185,72.22288135593062
1779787200,72.1711864406751
1779787215,72.38559322033848
1779787230,72.42627118644107
1779787245,72.60593220338735
1779787260,72.43983050847773
1779787275,72.64830508474823
1779787290,72.93305084745892
1779787305,73.7042372881349
1779787320,74.57966101694984
1779787335,75.59770578604187
1779787350,76.57372881355991
1779787365,77.91355932203183
1779787380,78.92627118643712
1779787395,79.66355932203874
1779787410,80.76101694915097
1779787425,81.82627118644216
1779787440,83.14830508475019
1779787455,84.56271186440895
1779787470,85.7906779661006
1779787485,86.99067796610585
1779787500,88.03559322033958
1779787515,87.82711864406907
1779787530,88.07550457284859
1779787545,87.72372881356051
1779787560,87.9466101694931
1779787575,87.53728813559341
1779787590,86.99406779661007
1779787605,85.65423728813569
1779787620,84.60847457627405
1779787635,83.38728813559332
1779787650,82.07796610169402
1779787665,80.58050847457676
1779787680,79.51440677966013
1779787695,78.40084745762505
1779787710,77.27627118644442
1779787725,76.09814303825719
1779787740,74.51949152542511
1779787755,73.72983911973557
1779787770,72.60084745762731
1779787785,71.49999999999852
1779787800,70.99661016948986
1779787815,70.82542372881278
1779787830,71.06016949152375
1779787845,71.1322033898318
1779787860,71.27881355931926
1779787875,71.58474576271531
1779787890,72.30084745762909
1779787905,72.64642472152443
1779787920,72.98898305084904
1779787935,73.57372881356041
1779787950,74.04237288135445
1779787965,74.67457627118674
1779787980,75.0457627118651
1779787995,75.44152542373305
1779788010,75.67575354910451
1779788025,75.93898305084885
1779788040,76.34237288135563
1779788055,76.56186440677413
1779788070,77.27796610169038
1779788085,77.55847457627138
1779788100,78.31864406779444
1779788115,78.40338983051124
1779788130,78.99999999999852
1779788145,79.46101694915126
1779788160,79.86440677966299
1779788175,80.20762711864505
1779788190,80.4313559322031
1779788205,80.76355932203222
1779788220,80.91440677965925
1779788235,81.07444796235848
1779788250,81.08474576271334
1779788265,81.31864406779641
1779788280,81.51525423728606
1779788295,81.62372881356208
1779788310,82.0177966101693
1779788325,82.390677966101
1779788340,82.58559322034225
1779788355,82.74491525423848
1779788370,82.95593220338776
1779788385,83.07983308644043
1779788400,83.25254237288175
1779788415,83.29135550530992
1779788430,83.22627118643881
1779788445,83.14322033898523
1779788460,83.08474576271136
1779788475,83.0584745762709
1779788490,82.80508474576074
1779788505,82.8177966101695
1779788520,83.02627118644
1779788535,83.07033898304927
1779788550,83.32966101694737
1779788565,83.13813559322024
1779788580,83.21034023382852
1779788595,83.31949152542235
1779788610,83.17203389830203
1779788625,83.17966101694827
1779788640,82.89661016949094
1779788655,82.76271186440727
1779788670,82.54915254236933
1779788685,82.48474576271245
1779788700,82.25932203389861
1779788715,82.41271186440935
1779788730,82.46525423729031
1779788745,82.3932203389798
1779788760,82.56525423728971
1779788775,82.76440677966555
1779788790,82.76101694915639
1779788805,82.63813559322567
1779788820,82.7627118644048
1779788835,82.92542372881513
1779788850,82.74406779661057
1779788865,82.5228813559313
1779788880,82.51355932203172
1779788895,82.6618644067775
1779788910,82.68220338983001
1779788925,82.84999999999792
1779788940,83.01525423728951
1779788955,83.62711864406681
1779788970,84.40593220338904
1779788985,85.23813559322015
1779789000,86.12457627118802
1779789015,86.7813559322025
1779789030,87.75000000000098
1779789045,88.63474576271305
1779789060,89.41864406779779
1779789075,90.18559322034166
1779789090,91.22542372881287
1779789105,92.1737288135613
1779789120,92.92372881355932
1779789135,93.66016949152316
1779789150,94.59576271186036
1779789165,95.48813559321866
1779789180,96.1983050847494
1779789195,96.98389830508503
1779789210,97.7372881355947
1779789225,98.5406779661016
1779789240,99.27542372881209
1779789255,99.46694915254169
1779789270,99.56525423729268
1779789285,99.61610169491289
1779789300,99.61016949152246
1779789315,99.61186440677828
1779789330,99.5101694915206
1779789345,99.47542372881337
1779789360,99.44152542372665
1779789375,99.43898305084785
1779789390,99.4576271186421
1779789405,99.45762711864457
1779789420,99.45762711864457
1779789435,99.48305084745714
1779789450,99.48220338982676
1779789465,99.40678368282249
1779789480,99.39322033898276
1779789495,99.39152542372693
1779789510,99.46016949152828
1779789525,99.4593220338979
1779789540,99.47033898305084
1779789555,99.42711864406948
1779789570,99.4237288135603
1779789585,99.42457627118574
1779789600,99.43728813559697
1779789615,99.48813559322211
1779789630,99.52372881355971
1779789645,99.54067796610308
1779789660,99.51779661017176
1779789675,99.50593220338845
1779789690,99.44916001138968
1779789705,99.42034291292723
1779789720,99.33220338983259
1779789735,99.22288135593111
1779789750,99.06016949152571
1779789765,99.08983667907661
1779789780,98.96610169491673
1779789795,98.87288135593566
1779789810,98.81779661017097
1779789825,98.57372881356041
1779789840,98.42966101695171
1779789855,98.27711864407135
1779789870,98.08728813559263
1779789885,97.84491525423789
1779789900,97.67033898305164
1779789915,97.55932203390176
1779789930,97.0398305084801
1779789945,96.64067796610297
1779789960,95.90932203390166
1779789975,95.17118644067708
1779789990,94.06864406779493
1779790005,92.9466101694931
1779790020,91.70508474576232
1779790035,90.39159056548976
1779790050,88.83389830508642
1779790065,86.994067796615
1779790080,85.28813559321985
1779790095,83.38559322033997
1779790110,81.49576271186638
1779790125,79.34237288135515
1779790140,76.96016949152829
1779790155,74.67288135593093
1779790170,72.28644067796452
1779790185,69.57288135593151
1779790200,67.12966101695201
1779790215,65.05254237288342
1779790230,62.72203389830222
1779790245,60.963559322033504
1779790260,58.92033898305164
1779790275,57.454237288137364
1779790290,55.878813559321635
1779790305,54.46440677966042
1779790320,53.1996827097116
1779790335,52.28983050847369
1779790350,51.311016949150165
1779790365,50.58983050847635
1779790380,50.03728813559588
1779790395,49.68389830508633
1779790410,49.4588172283566
1779790425,49.21355932203646
1779790440,49.244915254237
1779790455,49.19237288135356
1779790470,49.436440677964136
1779790485,49.71694915253774
1779790500,49.84067796610376
1779790515,49.83050847457628
1779790530,49.857627118644665
1779790545,49.81440677966083
1779790560,49.96830486986392
1779790575,50.094067796611455
1779790590,50.20779590578004
1779790605,50.334745762710384
1779790620,50.37372881356208
1779790635,50.47288135593359
1779790650,50.50593220338994
1779790665,50.5135593220337
1779790680,50.293220338984824
1779790695,50.21101694915422
1779790710,50.23898305084559
1779790725,50.27203389830439
1779790740,50.32881355932244
1779790755,50.107627118645645
1779790770,49.92881355931986
1779790785,49.69067796609973
1779790800,49.381355932201906
1779790815,49.111016949155804
1779790830,49.23644067796778
1779790845,49.228813559324
1779790860,49.033898305085245
1779790875,49.119491525422546
1779790890,48.95169491525463
1779790905,48.537288135594906
1779790920,48.35677966101824
1779790935,48.507627118640315
1779790950,48.41405704445276
1779790965,48.5838983050879
1779790980,48.704237288139836
1779790995,48.55593220338914
1779791010,48.779661016949646
1779791025,48.62203389830183
1779791040,48.725423728810405
1779791055,48.59491525423838
1779791070,48.8059322033926
1779791085,48.66355932203233
1779791100,48.93305084745793
1779791115,49.21949152542196
1779791130,49.122033898303805
1779791145,49.2872881355954
1779791160,49.31864406779345
1779791175,49.36153191662635
1779791190,49.60338983050907
1779791205,49.97966101694994
1779791220,49.94491525423778
1779791235,50.35847457627207
1779791250,50.326271186441176
1779791265,50.07457627118437
1779791280,50.163559322033315
1779791295,50.055084745762215
1779791310,49.99406779660958
1779791325,50.15169491525246
1779791340,50.019491525422154
1779791355,49.96864406779454
1779791370,50.08728813559312
1779791385,50.212711864402635
1779791400,50.17627118644206
1779791415,50.04067796610505
1779791430,50.05762711864348
1779791445,50.320338983050746
1779791460,50.204237288135886
1779791475,49.795762711864114
1779791490,49.53389830508475
1779791505,49.54745762711894
1779791520,49.28761987409844
1779791535,49.283050847455854
1779791550,49.217796610168605
1779791565,49.45932203389791
1779791580,49.4762711864388
1779791595,49.447457627119526
1779791610,49.17711864406602
1779791625,49.17762154319591
1779791640,49.261864406780354
1779791655,49.45593220338874
1779791670,49.12033898305046
1779791685,49.10084745762584
1779791700,49.42966101695073
1779791715,48.919491525426196
1779791730,49.01610169491397
1779791745,49.05000000000069
1779791760,49.1364406779659
1779791775,49.36525423728646
1779791790,49.753389830510656
1779791805,49.429661016948266
1779791820,49.35677966101725
1779791835,49.638135593218756
1779791850,49.93898305084983
1779791865,50.05847457627139
1779791880,49.94830508474448
1779791895,50.11949152542403
1779791910,49.822881355930036
1779791925,49.655084745762124
1779791940,49.64491525423955
1779791955,49.53135593220349
1779791970,49.806779661021984
1779791985,49.55254237288146
1779792000,49.52118644068093
1779792015,49.61101694915284
1779792030,49.56949152542235
1779792045,49.38084116109508
1779792060,49.229157768421416
1779792075,49.0076271186423
1779792090,48.933050847452996
1779792105,48.939830508476255
1779792120,49.129661016945114
1779792135,48.44745762711806
1779792150,48.18050847457371
1779792165,48.06355932203341
1779792180,47.847457627116675
1779792195,47.882203389831304
1779792210,47.99322033898118
1779792225,48.16864406779779
1779792240,48.44237288135801
1779792255,48.20254237287958
1779792270,48.19999999999832
1779792285,48.14576271186648
1779792300,48.17457627118329
1779792315,48.228813559317594
1779792330,47.908474576271786
1779792345,47.865254237287935
1779792360,48.08389830508099
1779792375,48.06440677966132
1779792390,48.07033898305421
1779792405,48.04576271186707
1779792420,47.94322033897901
1779792435,47.87288135593171
1779792450,47.808474576267436
1779792465,47.78813559321491
1779792480,47.85254237287673
1779792495,47.5355932203376
1779792510,47.6627118644054
1779792525,47.744915254236005
1779792540,48.12881355932066
1779792555,48.46694915254021
1779792570,48.54661016949202
1779792585,48.71355932203449
1779792600,48.49237288135277
1779792615,49.02288135593478
1779792630,49.378813559325586
1779792645,49.47457627119039
1779792660,49.50084745762594
1779792675,49.58813559322153
1779792690,49.49322033898217
1779792705,49.67711864407046
1779792720,49.91864406779977
1779792735,49.722033898305185
1779792750,49.72966101694895
1779792765,49.82033898304877
1779792780,49.87881355932262
1779792795,49.97627118643832
1779792810,49.84152542372675
1779792825,49.44067796609875
1779792840,49.26779661016831
1779792855,48.756779661018335
1779792870,48.72542372881286
1779792885,48.58050847457627
1779792900,48.238135593217194
1779792915,47.94830508474646
1779792930,47.750847457626435
1779792945,47.60847457627355
1779792960,47.45254237288156
1779792975,47.347457627117166
1779792990,47.47662727710331
1779793005,47.48474576270999
1779793020,47.4855932203379
1779793035,47.41355932203233
1779793050,47.59152542372773
1779793065,47.54237288135593
1779793080,47.566101694915154
1779793095,47.59745762712062
1779793110,47.58220338983061
1779793125,47.46186440677867
1779793140,47.86355932203459
1779793155,47.911864406778484
1779793170,48.19830508474744
1779793185,48.184745762710776
1779793200,48.316949152543565
1779793215,49.282203389830414
1779793230,50.145762711864506
1779793245,50.65508474576114
1779793260,50.33135593220122
1779793275,50.27372881356267
1779793290,50.25593220339388
1779793305,50.05254237287849
1779793320,49.95677966102109
1779793335,50.14999999999912
1779793350,49.98728813559371
1779793365,50.13305084745823
1779793380,50.105932203389834
1779793395,50.73983050847299
1779793410,50.75169491525384
1779793425,50.84067796610279
1779793440,50.705932203391214
1779793455,50.67627118644157
1779793470,50.64237288135731
1779793485,50.85677966101824
1779793500,50.776271186443445
1779793515,50.10932203389653
1779793530,49.54491525423769
1779793545,49.57457627118733
1779793560,49.75423728813856
1779793575,49.96016949152779
1779793590,50.01271186440629
1779793605,50.45338983051144
1779793620,50.17372881355834
1779793635,50.19491525423383
1779793650,50.59491525423887
1779793665,50.57966101694886
1779793680,49.94322033898443
1779793695,49.91016949152562
1779793710,49.91355932203232
1779793725,49.88389830508514
1779793740,49.840677966103776
1779793755,49.766949152544846
1779793770,49.8508474576288
1779793785,49.91016949152316
1779793800,49.9186440677973
1779793815,49.79915254237328
1779793830,50.09067796610229
1779793845,49.815254237288734
1779793860,49.87033898305094
1779793875,49.812711864407476
1779793890,49.76271186440777
1779793905,49.635593220337505
1779793920,49.69067796609971
1779793935,49.630508474579926
1779793950,49.69745762712052
1779793965,49.53135593220349
1779793980,49.551694915256014
1779793995,49.362711864405206
1779794010,49.319491525426294
1779794025,49.48220338982922
1779794040,49.37457627118358
1779794055,49.51694915254385
1779794070,49.675423728812184
1779794085,49.54576271186313
1779794100,49.28135593220251
1779794115,48.877619509283136
1779794130,49.08898305084992
1779794145,49.24322033897871
1779794160,49.32796610169551
1779794175,49.088983050844995
1779794190,48.927118644069964
1779794205,48.89152542372743
1779794220,48.944915254238765
1779794235,49.15254237287889
1779794250,49.27627118644492
1779794265,49.441525423729104
1779794280,49.618644067796616
1779794295,49.90847457626981
1779794310,49.87966101694808
1779794325,50.09322033898601
1779794340,50.130846570529954
1779794355,50.16101694915205
1779794370,50.325423728815736
1779794385,50.50169491525532
1779794400,50.67711864406701
1779794415,50.82372881355942
1779794430,50.82627118643821
1779794445,50.8279661016965
1779794460,51.11779661016476
1779794475,51.531355932206445
1779794490,51.46525423728636
1779794505,51.52288135593477
1779794520,51.50762711863983
1779794535,51.154237288132734
1779794550,50.767796610166826
1779794565,50.86525423728499
1779794580,51.39661016949242
1779794595,51.87288135593023
1779794610,51.6220338983038
1779794625,51.713559322036474
1779794640,51.568644067799866
1779794655,51.54406779661027
1779794670,51.4406779661017
1779794685,51.49491525423847
1779794700,51.31694915253813
1779794715,51.13898305084519
1779794730,51.00508474576646
1779794745,50.720338983045906
1779794760,50.736440677963834
1779794775,50.31440677966279
1779794790,50.57881355932095
1779794805,50.49491525423699
1779794820,50.846610169493204
1779794835,51.05254237287997
1779794850,51.3033898305064
1779794865,51.14322033898227
1779794880,50.1737288135608
1779794895,49.93813559321946
1779794910,49.84237288135218
1779794925,49.96016949152533
1779794940,50.21016949152878
1779794955,50.298305084744875
1779794970,50.253225489331996
1779794985,50.16694915254247
1779795000,50.451694915255615
1779795015,50.156779661017445
1779795030,50.405932203392986
1779795045,50.72033898305332
1779795060,50.85508474576241
1779795075,50.94406779660889
1779795090,50.959322033896434
1779795105,50.82033898305273
1779795120,50.83983050847487
1779795135,50.79576271186313
1779795150,50.93644067796512
1779795165,51.139830508478035
1779795180,51.174907288762974
1779795195,51.2491525423721
1779795210,51.140677966098536
1779795225,51.0059322033919
1779795240,50.784745762710195
1779795255,50.42372881356179
1779795270,50.56694915254257
1779795285,50.3711864406759
1779795300,51.00084745762692
1779795315,50.99999999999901
1779795330,50.68813559321994
1779795345,50.56016949152424
1779795360,50.3330508474595
1779795375,50.30084745762613
1779795390,50.412711864408855
1779795405,50.28305084745733
1779795420,50.13983050847162
1779795435,50.187288135592524
1779795450,49.76101694915195
1779795465,49.55423728813481
1779795480,49.54322033898186
1779795495,49.5288135593247
1779795510,49.513559322039626
1779795525,49.59745762712111
1779795540,49.755084745761536
1779795555,49.77542372881159
1779795570,49.8500000000009
1779795585,49.72881355932351
1779795600,49.188983050844406
1779795615,49.26186440677789
1779795630,49.27881355932124
1779795645,49.47542372881336
1779795660,49.50762711864674
1779795675,49.59152542373069
1779795690,49.628813559321635
1779795705,49.962711864406586
1779795720,50.28440870785693
1779795735,50.549152542373776
1779795750,51.10254237288214
1779795765,51.05677966101459
1779795780,51.31864406779641
1779795795,51.28135593220053
1779795810,51.71610169491279
1779795825,51.980508474575885
1779795840,51.82966101694886
1779795855,51.81271186440304
1779795870,51.83559322034175
1779795885,52.01694915254386
1779795900,52.220338983049366
1779795915,52.450847457630665
1779795930,52.39067796610101
1779795945,52.4754237288178
1779795960,52.604237288134016
1779795975,52.557627118641
1779795990,52.55338983050887
1779796005,52.514932304630136
1779796020,52.35508474576094
1779796035,52.27627118644196
1779796050,52.16779661016594
1779796065,51.982203389831696
1779796080,51.92372881356031
1779796095,52.159322033899194
1779796110,52.093220338981574
1779796125,52.12881355931918
1779796140,52.21440677965895
1779796155,52.48813559321916
1779796170,52.37033898305094
1779796185,52.42881355931986
1779796200,52.2491525423711
1779796215,52.24322033898068
1779796230,52.37966101694806
1779796245,52.266949152542374
1779796260,52.227966101695614
1779796275,52.597457627118146
1779796290,52.73305084745763
1779796305,52.70000000000128
1779796320,52.657627118645344
1779796335,52.82881355931997
1779796350,53.044067796613724
1779796365,53.38474576271206
1779796380,53.38273479819817
1779796395,53.16101694915156
1779796410,52.92203389830351
1779796425,53.016949152540406
1779796440,53.12966101694856
1779796455,53.38813559322122
1779796470,53.15677966101695
1779796485,52.988135593218665
1779796500,52.99830508474616
1779796515,53.04237288135544
1779796530,52.903709127396546
1779796545,52.90762711864387
1779796560,52.93135593220556
1779796575,52.688135593220444
1779796590,52.25169491525483
1779796605,52.41949152542274
1779796620,52.62033898304948
1779796635,52.47372881355952
1779796650,52.40593220338855
1779796665,52.12881355932164
1779796680,52.412711864409346
1779796695,52.277118644067414
1779796710,52.28305084745782
1779796725,52.15338983051123
1779796740,52.19830508474597
1779796755,52.411864406778975
1779796770,52.56440677966181
1779796785,52.766949152541876
1779796800,53.00762711864575
1779796815,53.62288135593221
1779796830,53.98189140265526
1779796845,54.25508474576202
1779796860,54.44152542372911
1779796875,54.88728813559432
1779796890,54.96440677965994
1779796905,55.293220338982366
1779796920,55.22118644067925
1779796935,55.12796610169324
1779796950,55.2796610169531
1779796965,55.12033898305193
1779796980,54.748305084748125
1779796995,54.922033898304
1779797010,54.911864406778975
1779797025,54.784745762711175
1779797040,54.5406779661006
1779797055,54.6322033898308
1779797070,54.51525423729298
1779797085,54.781815778140775
1779797100,54.708474576270994
1779797115,54.14915254237219
1779797130,53.91271186440787
1779797145,53.67966101695024
1779797160,53.41694915254297
1779797175,53.51440677965865
1779797190,53.37457627118457
1779797205,53.17881355932036
1779797220,53.31949152542481
1779797235,53.283898305079816
1779797250,53.38644067796541
1779797265,53.38728813559332
1779797280,53.74576271186293
1779797295,53.583050847457535
1779797310,53.646610169491424
1779797325,53.71186440677867
1779797340,53.69322033898196
1779797355,53.639830508473096
1779797370,53.76694915254336
1779797385,53.38389830508415
1779797400,53.60254237287968
1779797415,53.631670293758745
1779797430,53.92118644067707
1779797445,54.28983050847172
1779797460,54.256779661015365
1779797475,54.122881355929245
1779797490,54.322033898302614
1779797505,54.294915254239164
1779797520,54.21694915254069
1779797535,54.24915254237407
1779797550,54.43813559322241
1779797565,54.434436843640995
1779797580,54.25254237288076
1779797595,54.30847457626843
1779797610,54.2457627118649
1779797625,54.56440677965737
1779797640,54.49152542372882
1779797655,54.584745762709886
1779797670,54.51271186440678
1779797685,54.372033898304785
1779797700,54.06440677966033
1779797715,53.87288135593319
1779797730,53.77881355932173
1779797745,53.50423728813362
1779797760,53.64322033898473
1779797775,53.7144067796624
1779797790,53.89322033898325
1779797805,53.98813559322014
1779797820,54.027118644069375
1779797835,54.08728813559165
1779797850,54.26271186440825
1779797865,54.477118644066714
1779797880,54.473728813560015
1779797895,54.199999999999804
1779797910,54.1779661016964
1779797925,54.05508474576074
1779797940,54.1152542372904
1779797955,54.27966101694669
1779797970,54.19830508474646
1779797985,54.050000000000686
1779798000,53.99237288135721
1779798015,54.05762711864446
1779798030,54.11016949152297
1779798045,53.93983050847626
1779798060,53.71186440678114
1779798075,53.46440677966141
1779798090,53.54491525423867
1779798105,53.35423728813451
1779798120,53.621186440678855
1779798135,53.55593220338915
1779798150,53.65000000000306
1779798165,53.84237288135564
1779798180,54.05254237287702
1779798195,54.470338983048386
1779798210,54.37627118643693
1779798225,54.28050847457706
1779798240,54.17203389830597
1779798255,54.16186440678095
1779798270,54.30169491525503
1779798285,54.43135593220161
1779798300,54.7161016949123
1779798315,55.03220338983337
1779798330,55.50423728813658
1779798345,55.53474576271413
1779798360,55.65338983051025
1779798375,55.599152542371
1779798390,55.235593220338885
1779798405,55.03050847457756
1779798420,54.64745762711836
1779798435,54.464406779657956
1779798450,54.07765476376072
1779798465,53.70932203389742
1779798480,53.692372881359
1779798495,53.78135593220299
1779798510,53.877118644070265
1779798525,54.03474576270821
1779798540,53.99322033897772
1779798555,53.740677966105345
1779798570,53.809322033896834
1779798585,53.56440677966082
1779798600,53.545447765744804
1779798615,53.38389830508415
1779798630,52.896610169490934
1779798645,53.003389830508674
1779798660,52.813559322039815
1779798675,52.84152542372872
1779798690,52.8220338983041
1779798705,52.97966101694698
1779798720,53.12711864406731
1779798735,53.3889830508516
1779798750,53.52033898305154
1779798765,53.49067796609943
1779798780,53.46864406779355
1779798795,53.273728813557256
1779798810,53.02542372881208
1779798825,53.36016949152986
1779798840,53.463559322033504
1779798855,53.70762711864654
1779798870,53.91949152542126
1779798885,54.21271186440856
1779798900,54.038135593222314
1779798915,53.77627118643802
1779798930,53.619491525423044
1779798945,53.669491525425215
1779798960,53.738983050852
1779798975,54.05932203389534
1779798990,53.888135593218266
1779799005,54.28983050847172
1779799020,54.20000000000227
1779799035,53.98983050847349
1779799050,54.03305084745487
1779799065,53.808474576276325
1779799080,53.749152542372094
1779799095,53.9127118644054
1779799110,53.84576271186234
1779799125,53.92542372881661
1779799140,53.96694915254218
1779799155,53.81949152542186
1779799170,53.551694915256995
1779799185,53.611016949151356
1779799200,54.04661016949153
1779799215,53.90254237288037
1779799230,54.55677966101853
1779799245,54.555932203390626
1779799260,54.39915254237071
1779799275,54.31271186440549
1779799290,54.31271186440549
1779799305,54.42711864406948
1779799320,54.416101694914076
1779799320,54.416101694914076
1779799335,54.529661016950136
1779799350,54.28983050847172
1779799365,54.53983050847518
1779799380,54.592372881356134
1779799395,54.566949152543565
1779799410,54.776271186439494
1779799425,54.555932203390626
1779799440,54.689830508476746
1779799455,54.573728813561885
1779799470,54.46525423729081
1779799485,54.6169491525408
1779799500,54.37542372881149
1779799515,54.08135593220615
1779799530,53.76271186440875
1779799545,53.71779661017156
1779799560,53.58983050847339
1779799575,53.42711864407046
1779799590,53.49745762712023
1779799605,53.27711864406888
1779799620,53.01949152542412
1779799635,53.02881355932125
1779799650,53.23559322034086
1779799665,53.00508474576695
1779799680,52.91864406779927
1779799695,52.87203389830627
1779799710,52.61864406779859
1779799725,52.21864406779848
1779799740,52.1279661016962
1779799755,51.923728813557844
1779799770,51.83305084745802
1779799785,51.772033898302915
1779799800,51.659322033897226
1779799815,51.74661016948787
1779799830,51.94576271186618
1779799845,51.96271186440461
1779799860,51.95932203390038
1779799875,52.04491525423522
1779799890,51.660169491525124
1779799905,51.935593220338696
1779799920,51.9406779661012
1779799935,51.857627118645155
1779799950,51.224576271184965
1779799965,49.73644067796482
1779799980,48.29067796610062
1779799995,46.58135593220123
1779800010,45.15508474576656
1779800025,43.8101694915198
1779800040,42.33474576271335
1779800055,40.8000000000002
1779800070,39.18644067796808
1779800085,37.72457627118841
1779800100,36.06694915254207
1779800115,34.41355932203035
1779800130,32.73559322034135
1779800145,31.20423728813737
1779800160,29.386440677966895
1779800175,27.915254237287645
1779800190,26.740677966099923
1779800205,25.150000000001583
1779800220,23.603389830512523
1779800235,22.00762711864427
1779800250,21.5042372881356
1779800265,21.550847457626134
1779800280,21.639830508472603
1779800295,21.73644067796532
1779800310,21.781355932207436
1779800325,21.89661016948945
1779800340,21.889830508473594
1779800355,21.96440677966043
1779800370,22.00508474576548
1779800385,22.137288135593323
1779800400,22.133898305084156
1779800415,22.982203389830712
1779800430,23.118644067795625
1779800445,22.993220338983644
1779800460,22.912711864403924
1779800475,23.033898305083767
1779800490,22.877118644068783
1779800505,22.936440677965606
1779800520,22.89322033898671
1779800535,23.015254237287053
1779800550,22.993220338983644
1779800565,23.09576271186431
1779800580,23.08135593220714
1779800595,23.114406779656083
1779800610,22.944067796606916
1779800625,22.88559322034046
1779800640,22.995762711862433
1779800655,22.916949152540987
1779800670,22.920338983050158
1779800685,22.976271186442755
1779800700,22.924576271182296
1779800715,22.28050847457903
1779800730,22.35254237287968
1779800745,22.505932203392888
1779800760,22.49915254237209
1779800775,22.627118644070265
1779800790,22.896610169490938
1779800805,22.79322033898483
1779800820,22.862711864401753
1779800835,22.927118644066024
1779800850,22.71864406779799
1779800865,22.739830508473503
1779800880,22.775423728818488
1779800895,22.76779661016979
1779800910,22.667796610167912
1779800925,22.64067796609953
1779800940,22.587288135595585
1779800955,22.606779661015274
1779800970,22.555084745762223
1779800985,22.48983050847744
1779801000,22.455932203393193
1779801015,22.290677966099125
1779801030,22.05169491525355
1779801045,21.815254237291693
1779801060,21.779661016946683
1779801075,21.770338983049562
1779801090,21.63389830507971
1779801105,21.575423728810804
1779801120,21.64237288135633
1779801135,21.652542372881356
1779801150,21.68983050847231
1779801165,21.58305084745704
1779801180,21.675423728815147
1779801195,21.58220338982666
1779801210,21.582203389829125
1779801225,21.638135593219253
1779801240,21.60000000000286
1779801255,21.638983050847173
1779801270,21.595762711865795
1779801285,21.67203389830351
1779801300,21.716101694912794
1779801315,21.679661016949748
1779801330,21.655084745762622
1779801345,21.540677966103573
1779801360,21.41610169491703
1779801375,21.588983050847467
1779801390,21.600847457623374
1779801405,21.63813559322172
1779801420,21.51271186440481
1779801435,21.278813559324206
1779801450,21.5677966101695
1779801465,21.58559322033583
1779801480,21.817796610168017
1779801495,21.794067796603855
1779801510,21.825423728814254
1779801525,21.861016949151857
1779801540,21.910169491526112
1779801555,21.896610169491925
1779801570,21.914406779660723
1779801585,21.965254237288335
1779801600,22.02542372881553
1779801615,22.057627118643975
1779801630,22.188135593220938
1779801645,22.31440677966082
1779801660,22.468644067792077
1779801675,22.360169491525916
1779801690,22.434745762712758
1779801705,22.42203389830647
1779801720,22.394067796607708
1779801735,22.324576271185848
1779801750,22.35847457627257
1779801765,22.158474576271292
1779801780,22.066101694915652
1779801795,22.073728813559423
1779801810,22.040677966103072
1779801825,22.05423728813727
1779801840,22.01949152542264
1779801855,21.908474576272763
1779801870,21.837288135595088
1779801885,21.64830508474429
1779801900,21.555084745760745
1779801915,21.51610169491398
1779801930,21.39999999999911
1779801945,21.325423728812275
1779801960,21.223728813559518
1779801975,21.084745762708412
1779801990,20.939830508471815
1779802005,20.883898305086625
1779802020,20.762711864404316
1779802035,20.769491525422644
1779802050,20.72627118644127
1779802065,20.672881355927466
1779802080,20.711016949156193
1779802095,20.64915254237565
1779802110,20.71101694915126
1779802125,20.800847457628112
1779802140,20.761016949150967
1779802155,20.80932203389978
1779802170,20.90932203389673
1779802185,21.06610169491664
1779802200,21.325423728812275
1779802215,21.356779661017743
1779802230,21.25677966101833
1779802245,21.38644067796739
1779802260,21.409322033898704
1779802275,21.252542372881255
1779802290,21.546610169489067
1779802305,21.629661016952507
1779802320,21.635593220338002
1779802335,21.613559322034593
1779802350,21.586440677963736
1779802365,21.85677966101478
1779802380,21.84661016949222
1779802395,22.072033898306074
1779802410,22.119491525419587
1779802425,22.182203389828047
1779802440,22.31186440677957
1779802455,22.401694915253945
1779802470,22.347457627119628
1779802485,22.084745762714817
1779802500,22.217796610168115
1779802515,22.426271186443536
1779802530,22.594067796608986
1779802545,22.72033898305381
1779802560,22.807627118641992
1779802575,22.85847457626714
1779802590,23.06271186440796
1779802605,23.155932203391504
1779802620,23.130508474576473
1779802635,23.427118644065526
1779802650,23.350847457625346
1779802665,23.34830508474408
1779802680,23.1906779661012
1779802695,23.03898305084874
1779802710,22.85084745762831
1779802725,22.874576271189994
1779802740,22.876271186440878
1779802755,22.883050847456744
1779802770,22.955084745759848
1779802785,23.029661016949156
1779802800,22.910169491527597
1779802815,22.625423728809512
1779802830,22.674576271188705
1779802845,22.42796610169442
1779802860,22.544915254237186
1779802875,22.388135593222213
1779802890,22.32711864406958
1779802905,22.24576271186194
1779802920,22.252542372882743
1779802935,22.30254237288245
1779802950,22.231355932204778
1779802965,22.14491525423956
1779802980,22.09745762712112
1779802995,22.155932203387565
1779803010,22.106779661015764
1779803025,22.057627118636567
1779803040,21.951694915256603
1779803055,21.7779661016958
1779803070,21.63474576271256
1779803085,21.667796610171365
1779803100,21.475423728816324
1779803115,21.494067796613024
1779803130,21.571186440676193
1779803145,21.50677966101685
1779803160,21.39067796610693
1779803175,21.411016949154515
1779803190,21.266949152545834
1779803205,21.212711864406586
1779803220,21.286440677967978
1779803235,21.250847457622978
1779803250,21.26101694915048
1779803265,21.41016949152661
1779803280,21.416101694919497
1779803295,21.39237288135781
1779803310,21.48135593220428
1779803325,21.613559322032128
1779803340,21.767796610170777
1779803355,21.89406779661067
1779803370,21.89661016948946
1779803385,21.98559322034086
1779803400,22.088135593221526
1779803415,22.277966101695313
1779803430,22.31610169491417
1779803445,22.354237288133028
1779803460,22.510169491525033
1779803475,22.472033898306176
1779803490,22.776271186441466
1779803505,22.685593220339186
1779803520,22.82288135593201
1779803535,22.78220338983189
1779803550,22.919491525424718
1779803565,22.93983050846984
1779803580,23.04322033898335
1779803595,23.04322033898335
1779803610,23.13559322033898
1779803625,23.144915254236096
1779803640,23.100000000001387
1779803655,23.1127118644052
1779803670,23.172881355932407
1779803685,23.028813559323712
1779803700,23.09576271186431
1779803715,22.992372881358204
1779803730,22.794067796605333
1779803745,22.851694915253738
1779803760,22.80847457627484
1779803775,22.806779661016563
1779803790,22.71949152542343
1779803805,22.754237288138057
1779803820,22.722881355935066
1779803835,22.786440677964027
1779803850,22.86525423728547
1779803865,22.857627118641698
1779803880,22.639830508476557
1779803895,22.766101694913978
1779803910,22.65762711864535
1779803925,22.599152542373968
1779803940,22.537288135593414
1779803955,22.47033898305282
1779803970,22.33389830508544
1779803985,22.282203389829913
1779804000,22.237288135590262
1779804015,22.04322033898187
1779804030,22.249999999999016
1779804045,22.193220338988382
1779804060,22.252542372882743
1779804075,22.373728813560113
1779804090,22.53135593220299
1779804105,22.44152542373108
1779804120,22.42203389830647
1779804135,22.316101694916647
1779804150,22.216949152542675
1779804165,22.175423728817112
1779804180,22.201694915252656
1779804195,21.94152542372665
1779804210,21.94491525423581
1779804225,22.13050847457252
1779804240,21.97881355932253
1779804255,22.033898305084755
1779804270,22.029661016950143
1779804285,22.07711864406612
1779804300,22.17372881355636
1779804315,22.06186440677611
1779804330,22.061016949155597
1779804345,22.12711864406829
1779804360,22.175423728817112
1779804375,21.87966101694856
1779804390,21.77711864406544
1779804405,21.64576271186549
1779804420,21.704237288134408
1779804435,21.655084745760146
1779804450,21.712711864403623
1779804465,21.61779661017167
1779804480,21.636440677968373
1779804495,21.62288135593171
1779804510,21.630508474577947
1779804525,21.633898305084642
1779804540,21.567796610171964
1779804555,21.649152542372196
1779804570,21.93559322033869
1779804585,21.75338983051114
1779804600,21.77711864406543
1779804615,21.83983050846896
1779804630,21.773728813558733
1779804645,21.704237288134408
1779804660,21.77118644067747
1779804675,21.923728813560306
1779804690,21.899152542375646
1779804705,21.909322033898203
1779804720,21.961016949153734
1779804735,21.98305084745713
1779804750,21.98305084745713
1779804765,22.050000000000203
1779804780,22.082203389828635
1779804795,22.30084745763157
1779804810,22.250847457626932
1779804825,22.288983050848255
1779804840,22.153389830513703
1779804855,22.177966101693436
1779804870,22.00254237288175
1779804885,21.96864406779504
1779804900,21.916101694916534
1779804915,22.030508474575583
1779804930,22.14576271186499
1779804945,22.17118644067757
1779804960,22.112711864406187
1779804975,22.091525423730694
1779804990,22.189830508474284
1779805005,22.191525423727633
1779805020,22.040677966103072
1779805035,21.899152542370715
1779805050,21.651694915250985
1779805065,21.716949152543165
1779805080,21.648305084746756
1779805095,21.6474576271213
1779805110,21.7313559322028
1779805125,21.697457627118546
1779805140,21.793220338983353
1779805155,21.69491525423729
1779805170,21.908474576267835
1779805185,22.014406779660135
1779805200,21.881355932204382
1779805215,21.751694915252862
1779805230,21.56694915254406
1779805245,21.69576271186027
1779805260,21.603389830504625
1779805275,21.506779661019326
1779805290,21.692372881356036
1779805305,21.652542372883822
1779805320,21.63389830508712
1779805335,21.59830508474705
1779805350,21.592372881356624
1779805365,21.619491525425016
1779805380,21.500847457626428
1779805395,21.48474576271098
1779805410,21.444915254236307
1779805425,21.425423728814152
1779805440,21.384745762711567
1779805455,21.233050847454173
1779805470,21.23135593220329
1779805485,21.273728813559224
1779805500,21.249152542369632
1779805515,21.348305084746055
1779805530,21.34406779660899
1779805545,21.298305084743895
1779805560,21.15677966101892
1779805575,21.11355932203509
1779805590,21.06949152542087
1779805605,21.114406779655592
1779805620,21.23898305084706
1779805635,21.299999999997244
1779805650,21.466101694919203
1779805665,21.415254237286664
1779805680,21.52796610169728
1779805695,21.654237288134702
1779805710,21.808474576273362
1779805725,21.858474576273068
1779805740,21.94152542372665
1779805755,21.944067796610366
1779805770,21.82457627118881
1779805785,21.988983050847555
1779805800,21.99237288135425
1779805815,22.045762711865592
1779805830,22.077966101691572
1779805845,22.065254237290212
1779805860,22.24067796610436
1779805875,22.353389830507588
1779805890,22.311864406782036
1779805905,22.238983050846084
1779805920,22.222881355935563
1779805935,22.31440677966082
1779805950,22.304237288133322
1779805965,22.17542372880972
1779805980,21.996610169491326
1779805995,21.93559322033869
1779806010,21.927966101694917
1779806025,21.90677966101695
1779806040,21.883050847455255
1779806055,21.89830508474281
1779806070,21.612711864404222
1779806085,21.66949152542472
1779806100,21.68644067796808
1779806115,21.647457627116374
1779806130,21.605932203388356
1779806145,21.80084745762959
1779806160,21.81440677966131
1779806175,21.71440677966191
1779806190,21.7101694915273
1779806205,21.716101694915256
1779806220,21.655084745765073
1779806235,21.588135593217082
1779806250,21.580508474573314
1779806265,21.57457627118783
1779806280,21.68728813559352
1779806295,21.6677966101689
1779806310,21.594915254240345
1779806325,21.509322033898105
1779806340,21.605084745762916
1779806355,21.58050847457824
1779806370,21.71186440677819
1779806385,21.85847457626813
1779806400,21.968644067797506
1779806415,22.05254237288392
1779806430,21.861864406779763
1779806445,21.701694915253157
1779806460,21.634745762710097
1779806475,21.738983050849047
1779806490,21.802542372880474
1779806505,21.78135593220497
1779806520,21.765254237289522
1779806535,21.87203389830479
1779806550,21.749999999999513
1779806565,21.742372881360673
1779806580,21.4762711864393
1779806595,21.720338983052333
1779806610,21.71101694915274
1779806625,21.662711864403917
1779806640,21.703389830508968
1779806655,21.582203389829125
1779806670,21.533050847457336
1779806685,21.512711864409738
1779806700,21.26440677966457
1779806715,21.527118644064448
1779806730,21.594067796609973
1779806745,21.68983050847477
1779806760,21.439830508476255
1779806775,21.42796610169294
1779806790,21.34322033898355
1779806805,21.39999999999911
1779806820,21.31440677965688
1779806835,21.288983050846767
1779806850,21.37203389830036
1779806865,21.5228813559323
1779806880,21.60423728813501
1779806895,21.44322033898296
1779806910,21.41949152542373
1779806925,21.554237288135305
1779806940,21.44745762711756
1779806955,21.446610169492118
1779806970,21.52796610169482
1779806985,21.588135593219548
1779807000,21.530508474578546
1779807015,21.5042372881356
1779807030,21.480508474573902
1779807045,21.47542372881386
1779807060,21.635593220340464
1779807075,21.789830508474182
1779807090,21.740677966104847
1779807105,21.856779661017246
1779807120,21.91525423728864
1779807135,21.777118644067894
1779807150,21.72796610169363
1779807165,21.659322033899684
1779807180,21.68644067796808
1779807195,21.729661016946988
1779807210,21.778813559323716
1779807225,21.725423728812377
1779807240,21.770338983049562
1779807255,21.75762711864082
1779807270,21.538983050850224
1779807285,21.781355932202505
1779807300,21.612711864411615
1779807315,21.622033898303805
1779807330,21.749999999999513
1779807345,21.838135593218077
1779807360,21.810169491524245
1779807375,21.66949152542472
1779807390,21.64152542373089
1779807405,21.80677966101754
1779807420,21.746610169492808
1779807435,21.79661016949498
1779807450,21.804237288136285
1779807465,21.856779661012315
1779807480,21.871186440676883
1779807495,22.067796610171463
1779807510,21.96864406779503
1779807525,21.88389830508317
1779807540,21.959322033895447
1779807555,21.876271186441866
1779807570,21.938135593219954
1779807585,21.89576271186402
1779807600,21.91016949153105
1779807615,22.552542372880957
1779807630,22.526271186438017
1779807645,22.495762711865396
1779807660,22.5169491525409
1779807675,22.599152542371503
1779807690,22.737288135589772
1779807705,22.734745762715914
1779807720,22.844915254237886
1779807735,22.793220338982366
1779807750,23.010169491524536
1779807765,22.933050847461377
1779807780,22.91186440677602
1779807795,22.86525423728547
1779807810,23.02118644067994
1779807825,22.967796610171078
1779807840,22.924576271184762
1779807855,23.048305084750798
1779807870,22.948305084743993
1779807885,23.07203389830509
1779807900,23.072033898307552
1779807915,22.407627118641905
1779807930,22.58644067796769
1779807945,22.538983050849236
1779807960,22.48050847458032
1779807975,22.479661016949937
1779807990,22.505084745762517
1779808005,22.63474576271157
1779808020,22.654237288133714
1779808035,22.78898305085022
1779808050,22.701694915257097
1779808065,22.705084745763806
1779808080,22.70254237288254
1779808095,22.575423728814748
1779808110,22.593220338986008
1779808125,22.51355932203173
1779808140,22.55169491525305
1779808155,22.607627118645656
1779808170,22.689830508473786
1779808185,22.896610169493403
1779808200,22.946610169488167
1779808215,22.69576271186421
1779808230,22.782203389829426
1779808245,22.943220338986404
1779808260,22.864406779662506
1779808275,22.888983050847166
1779808290,22.79915254237279
1779808305,22.69830508474793
1779808320,22.643220338983248
1779808335,22.616949152542766
1779808350,22.47288135593162
1779808365,22.688983050845877
1779808380,22.5169491525409
1779808395,22.515254237290016
1779808410,22.586440677970153
1779808425,22.440677966100708
1779808440,22.50847457626921
1779808455,22.4745762711825
1779808470,22.277118644067407
1779808485,22.238135593223106
1779808500,22.19491525423434
1779808515,22.16779661016841
1779808530,22.104237288132044
1779808545,22.205084745766758
1779808560,21.985593220338394
1779808575,21.934745762710783
1779808590,21.86016949152394
1779808605,21.820338983051734
1779808620,21.76864406779375
1779808635,21.641525423728424
1779808650,21.654237288134702
1779808665,21.610169491525422
1779808680,21.572881355932005
1779808695,21.488135593222612
1779808710,21.29661016949054
1779808725,21.60084745762584
1779808740,21.43644067796956
1779808755,21.479661016950935
1779808770,21.421186440677076
1779808785,21.472033898307163
1779808800,21.38898305084618
1779808815,21.38644067796739
1779808830,21.380822920832376
1779808845,21.175423728815634
1779808860,21.384745762711567
1779808875,21.327118644068086
1779808890,21.13220338982933
1779808905,21.37457627118654
1779808920,21.372881355933192
1779808935,21.394067796613626
1779808950,21.469491525425898
1779808965,21.605932203393287
1779808980,21.627118644068787
1779808995,21.516949152544353
1779809010,21.574576271185354
1779809025,21.716101694915256
1779809040,21.73898305084657
1779809055,21.757627118643285
1779809070,21.880508474571535
1779809085,21.882203389829826
1779809100,21.955932203388752
1779809115,21.88135593219944
1779809130,21.894067796608198
1779809145,21.816101694914668
1779809160,22.066101694915652
1779809175,22.007627118641803
1779809190,22.138983050844207
1779809205,22.209322033898893
1779809220,22.422881355934376
1779809235,22.40762711864437
1779809250,22.282203389829913
1779809265,22.41440677965776
1779809280,22.21949152542393
1779809295,22.295762711866583
1779809310,22.265254237291487
1779809325,22.166101694915064
1779809340,22.121186440677874
1779809355,22.218644067798486
1779809370,22.083898305086926
1779809385,22.09406779661195
1779809400,22.10254237288116
1779809415,22.102542372883626
1779809430,22.079661016954777
1779809445,21.87457627118605
1779809460,22.074576271189795
1779809475,22.181355932197665
1779809490,22.126271186442846
1779809505,22.0144067796626
1779809520,21.755932203387463
1779809535,21.794915254236702
1779809550,21.777966101693337
1779809565,21.683898305079417
1779809580,21.77711864406543
1779809595,21.794915254234226
1779809610,21.866101694911897
1779809625,21.99152542372882
1779809640,21.99237288135426
1779809655,22.00508474576548
1779809670,22.088135593216585
1779809685,22.10593220339032
1779809700,22.122033898303318
1779809715,22.033050847454373
1779809730,22.063559322034386
1779809745,22.049152542374763
1779809760,22.03898305084726
1779809775,22.205932203389732
1779809790,22.185593220337207
1779809805,22.229661016948953
1779809820,22.360169491528392
1779809835,22.48644067797074
1779809850,22.45338983050946
1779809865,22.383898305085136
1779809880,22.269491525423636
1779809895,22.283898305083273
1779809910,22.158474576271292
1779809925,22.105932203392786
1779809940,22.052542372876527
1779809955,21.94322033898246
1779809970,21.807627118640525
1779809985,21.770338983052028
1779810000,21.902542372879875
1779810015,21.847457627117663
1779810030,21.849152542373474
1779810045,21.73898305084657
1779810060,21.64406779661214
1779810075,21.68644067796808
1779810090,21.56355932203242
1779810105,21.496610169491824
1779810120,21.391525423727444
1779810135,21.243220338986603
1779810150,21.283050847458806
1779810165,21.219491525424917
1779810180,21.18305084745694
1779810195,21.228813559322035
1779810210,21.270338983050063
1779810225,21.213559322036957
1779810240,21.2822033898309
1779810255,21.524576271185648
1779810270,21.474576271185942
1779810285,21.36694915254277
1779810300,21.310169491527198
1779810315,21.28220338983091
1779810330,21.329661016949352
1779810345,21.463559322035476
1779810360,21.537288135594412
1779810375,21.531355932201524
1779810390,21.66440677965974
1779810405,21.54745762711944
1779810420,21.676271186443042
1779810435,21.727118644068188
1779810450,21.776271186442454
1779810465,21.68474576271473
1779810480,21.76355932203371
1779810495,21.99491525423798
1779810510,22.0711864406831
1779810525,22.05677966101607
1779810540,22.07457627118733
1779810555,22.03898305084726
1779810570,22.06186440677611
1779810585,22.183050847460883
1779810600,22.28644067796699
1779810615,22.354237288133028
1779810630,22.4186440677973
1779810645,22.441525423733555
1779810660,22.308474576272864
1779810675,22.472033898301234
1779810690,22.55084745762761
1779810705,22.59406779661145
1779810720,22.686440677964626
1779810735,22.680508474576666
1779810750,22.79830508474241
1779810765,22.826271186438706
1779810780,22.813559322034884
1779810795,22.687288135590066
1779810810,22.823728813562383
1779810825,22.89067796609805
1779810840,22.84067796610081
1779810855,22.803389830509857
1779810870,22.719491525425905
1779810885,22.65169491525493
1779810900,22.641525423729902
1779810915,22.597457627118157
1779810930,22.605084745764394
1779810945,22.56440677966427
1779810960,22.588983050844003
1779810975,22.541525423728025
1779810990,22.58135593220517
1779811005,22.694915254236303
1779811020,22.498305084744185
1779811035,22.57881355932391
1779811050,22.532203389828442
1779811065,22.612711864408162
1779811080,22.52372881355923
1779811095,22.503389830506705
1779811110,22.549999999999702
1779811125,22.615254237289417
1779811140,22.688983050845877
1779811155,22.631355932202403
1779811170,22.68135593220457
1779811185,22.71016949152631
1779811200,22.56101694915018
1779811215,22.657627118647817
1779811230,22.69322033898542
1779811245,22.735593220336426
1779811260,22.741525423729314
1779811275,22.717796610170083
1779811290,22.65762711864535
1779811305,22.617796610170682
1779811320,22.53135593220299
1779811335,22.527966101696293
1779811350,22.558474576266452
1779811365,22.479661016949937
1779811380,22.38813559322468
1779811395,22.356779661016756
1779811410,22.27118644067698
1779811425,22.23220338983515
1779811440,22.101694915253244
1779811455,22.011016949150964
1779811470,22.052542372881454
1779811485,22.012711864404324
1779811500,21.78559322033957
1779811515,21.83644067796472
1779811530,21.75084745762248
1779811545,21.855932203391802
1779811560,21.928813559322823
1779811575,21.888135593222714
1779811590,21.947457627119537
1779811605,21.990677966105842
1779811620,22.061016949153135
1779811635,22.188135593220927
1779811650,22.08050847457529
1779811665,22.21355932203104
1779811680,22.016949152541386
1779811695,22.105084745762415
1779811710,22.022881355931812
1779811725,22.081355932203195
1779811740,22.084745762712355
1779811755,21.97627118644374
1779811770,22.195762711864695
1779811785,22.210169491524347
1779811800,22.33220338982962
1779811815,22.544067796606814
1779811830,22.63305084746069
1779811845,22.644915254236597
1779811860,22.61610169491486
1779811875,22.573728813558922
1779811890,22.734745762710983
1779811905,22.701694915254635
1779811920,22.63728813559529
1779811935,22.598305084743597
1779811950,22.688135593222903
1779811965,22.80677966101903
1779811980,22.850000000000392
1779811995,22.97372881356149
1779812010,23.04322033898335
1779812025,22.997457627118255
1779812040,23.015254237287053
1779812055,23.07711864406513
1779812070,23.114406779661024
1779812085,23.322881355931514
1779812100,23.404237288136677
1779812115,23.20593220339121
1779812130,22.968644067796518
1779812145,23.01610169491496
1779812160,22.964406779661907
1779812175,22.834745762710384
1779812190,22.883050847456744
1779812205,22.884745762712555
1779812220,22.968644067796518
1779812235,22.983050847456155
1779812250,22.90762711864387
1779812265,22.888983050847166
1779812280,22.973728813559024
1779812295,23.217796610169593
1779812310,23.41949152542422
1779812325,23.431355932205065
1779812340,23.386440677965414
1779812355,23.34745762711865
1779812370,23.37372881355666
1779812385,23.266949152541393
1779812400,23.402542372883328
1779812415,23.376271186442853
1779812430,23.38220338982587
1779812445,23.421186440677566
1779812460,23.516101694916934
1779812475,23.43898305084884
1779812490,23.511864406782323
1779812505,23.465254237284395
1779812520,23.470338983051843
1779812535,23.500000000001485
1779812550,23.48559322033692
1779812565,23.41949152542422
1779812580,23.311016949153142
1779812595,23.120338983053912
1779812610,23.131355932201913
1779812625,23.131355932206844
1779812640,23.157627118644864
1779812655,23.19237288135455
1779812670,23.20169491525168
1779812685,23.150000000001093
1779812700,23.228813559325
1779812715,23.284745762712657
1779812730,23.351694915258182
1779812745,23.41610169491506
1779812760,23.42711864406799
1779812775,23.365254237284983
1779812790,23.455084745761823
1779812805,23.454237288138845
1779812820,23.63728813559678
1779812835,23.604237288133035
1779812850,23.581355932206648
1779812865,23.534745762711175
1779812880,23.655932203391018
1779812895,23.759322033897124
1779812910,23.887288135592822
1779812925,23.95932203389841
1779812940,23.85423728813648
1779812955,23.980508474578844
1779812970,24.213559322033994
1779812985,23.916101694917035
1779813000,23.75084745762298
1779813015,23.717796610169106
1779813030,23.59745762711717
1779813045,23.46525423728686
1779813060,23.51101694914949
1779813075,23.470338983049377
1779813090,23.377966101696202
1779813105,23.4203389830546
1779813120,23.216949152541687
1779813135,23.226271186438808
1779813150,23.17966101694826
1779813165,23.453389830508474
1779813180,23.178813559320353
1779813195,23.04237288135791
1779813210,22.831355932201227
1779813225,22.914406779659735
1779813240,22.91355932203183
1779813255,22.79576271186362
1779813270,22.81525423728823
1779813285,22.939830508474767
1779813300,22.9144067796622
1779813315,23.100000000003853
1779813330,22.987288135595698
1779813345,22.978813559324006
1779813360,22.90677966101843
1779813375,23.04661016949251
1779813390,23.23389830508504
1779813405,23.145762711864016
1779813420,23.13135593220438
1779813435,23.111016949149388
1779813450,23.167796610169887
1779813465,23.08135593220715
1779813480,23.252542372881745
1779813495,23.18050847457618
1779813510,23.222881355932113
1779813525,23.13220338982982
1779813540,23.06440677966132
1779813555,23.066949152545035
1779813570,23.099152542373467
1779813585,23.060169491526704
1779813600,22.885593220337995
1779813615,22.667796610167912
1779813630,22.76271186440727
1779813645,22.656779661017445
1779813660,22.622881355925795
1779813675,22.55423728813678
1779813690,22.449152542372385
1779813705,22.42288135593684
1779813720,22.38305084745723
1779813735,22.283898305083273
1779813750,22.28983050847616
1779813765,22.215254237286853
1779813780,22.15254237288333
1779813795,22.15508474576212
1779813810,22.08050847457529
1779813825,22.040677966103072
1779813840,22.026271186438507
1779813855,22.069491525424812
1779813870,21.961864406779164
1779813885,22.046610169493498
1779813900,21.9822033898317
1779813915,22.07118644067817
1779813930,22.14915254237416
1779813945,22.071186440678158
1779813960,22.090677966105243
1779813975,22.072033898306074
1779813990,22.088135593221526
1779814005,22.066949152541092
1779814020,22.19661016949508
1779814035,22.50423728813461
1779814050,22.363559322035087
1779814065,22.431355932201125
1779814080,22.438983050844897
1779814095,22.497457627118745
1779814110,22.529661016947177
1779814125,22.44915254237485
1779814140,22.545762711865102
1779814155,22.44576271186569
1779814170,22.743544024030136
1779814185,22.756779661019323
1779814200,22.85847457626714
1779814215,22.955932203390226
1779814230,23.120338983051436
1779814245,23.181355932204085
1779814260,23.352542372881157
1779814275,23.383898305081697
1779814290,23.380508474577454
1779814305,23.366101694915354
1779814320,23.329661016947377
1779814335,23.291525423728523
1779814350,23.041525423729993
1779814365,22.97033898305233
1779814380,22.85423728813747
1779814395,22.88305084745921
1779814410,22.977966101691173
1779814425,23.024576271186636
1779814440,23.04322033898335
1779814455,23.061016949152148
1779814470,23.052542372878005
1779814485,22.997457627118244
1779814500,22.99661016949035
1779814515,22.89576271186302
1779814530,22.667796610167912
1779814545,22.678813559320854
1779814560,22.533050847458814
1779814575,22.621186440679843
1779814590,22.62627118644236
1779814605,22.590677966104757
1779814620,22.519491525422154
1779814635,22.6169491525403
1779814650,22.652542372875438
1779814665,22.707627118645057
1779814680,22.77033898304859
1779814695,22.70254237288254
1779814710,22.569491525424322
1779814725,22.38305084745724
1779814740,22.538983050846774
1779814755,22.43050847457322
1779814770,22.505932203390422
1779814785,22.408474576274738
1779814800,22.599152542373968
1779814815,23.40677966101794
1779814830,24.568644067794445
1779814845,24.522033898303906
1779814860,24.367796610172654
1779814875,24.516101694913484
1779814890,24.631355932202894
1779814905,24.665254237289613
1779814920,24.783050847455357
1779814935,24.84915254237051
1779814950,24.818644067795436
1779814965,24.716949152540202
1779814980,24.665254237287147
1779814995,24.526271186443438
1779815010,24.722033898305185
1779815025,24.708474576270987
1779815040,24.613559322034096
1779815055,24.55762711864644
1779815070,24.49067796610338
1779815085,24.52033898305055
1779815100,24.395762711866475
1779815115,22.90677966101843
1779815130,22.227118644070167
1779815145,22.39406779661264
1779815160,22.258474576268227
1779815175,22.27033898305154
1779815190,22.293220338982856
1779815205,22.379661016950536
1779815220,22.366949152539316
1779815235,22.464406779662404
1779815250,22.484745762712453
1779815265,22.550847457625146
1779815280,22.598305084748528
1779815295,22.644067796606226
1779815310,22.627966101695705
1779815325,22.61525423728695
1779815340,22.618644067796122
1779815355,22.81101694915363
1779815370,22.83050847457825
1779815385,22.872881355931717
1779815400,22.92542372881514
1779815415,22.961864406778187
1779815430,23.001694915250393
1779815445,22.98389830508406
1779815460,22.847457627119137
1779815475,22.852542372884123
1779815490,22.681355932199644
1779815505,22.582203389830614
1779815520,22.528813559319282
1779815535,22.616101694917322
1779815550,22.67542372881415
1779815565,22.68644067796709
1779815580,22.652542372882834
1779815595,22.68813559321797
1779815610,22.46949152542492
1779815625,22.46610169491081
1779815640,22.407627118641905
1779815655,22.483898305084548
1779815670,22.38220338982686
1779815685,22.322881355934964
1779815700,22.39491525423808
1779815715,22.28474576271118
1779815730,22.168644067793853
1779815745,22.27966101694866
1779815760,22.32881355932046
1779815775,22.4084745762698
1779815790,22.406779661013985
1779815805,22.321186440676687
1779815820,22.438135593219457
1779815835,22.31186440677957
1779815850,22.24661016949232
1779815865,22.22796610169314
1779815880,22.49915254237209
1779815895,22.631355932199938
1779815910,22.73813559322262
1779815925,22.610169491524434
1779815940,22.61355932203607
1779815955,22.552542372880957
1779815970,22.495762711865396
1779815985,22.47118644067827
1779816000,22.47542372881287
1779816015,22.460169491525317
1779816030,22.452542372881556
1779816045,22.44152542373108
1779816060,22.37118644067393
1779816075,22.33813559321758
1779816090,22.27457627118614
1779816105,22.15762711864584
1779816120,22.011016949150964
1779816135,22.115254237284976
1779816150,22.119491525424518
1779816165,22.172033898303013
1779816180,21.883898305085637
1779816195,21.672881355931416
1779816210,22.04576271186066
1779816225,21.98983050847547
1779816240,22.044067796607315
1779816255,22.29661016948956
1779816270,22.20508474575936
1779816285,22.149999999999604
1779816300,22.259322033893667
1779816315,22.178813559323807
1779816330,22.340677966101307
1779816345,22.555932203392594
1779816360,22.655932203387074
1779816375,22.922033898305973
1779816390,22.90338983050927
1779816405,23.029661016949156
1779816420,23.145762711864016
1779816435,23.05847457627336
1779816450,23.102542372880176
1779816465,23.211016949151265
1779816480,23.438983050846375
1779816495,23.59745762711717
1779816510,23.57796610169749
1779816525,23.695762711865687
1779816540,23.794067796609287
1779816555,23.94999999999635
1779816570,24.07457627118783
1779816585,24.043220338982362
1779816600,24.02542372881109
1779816615,24.179661016947286
1779816630,24.28220338983288
1779816645,24.173728813559325
1779816660,24.252542372883234
1779816675,24.147457627121316
1779816690,24.061016949153636
1779816705,24.10084745762584
1779816720,24.233898305084058
1779816735,24.394067796608198
1779816750,24.39067796609904
1779816765,24.396610169486987
1779816780,24.256779661015372
1779816795,24.16694915254346
1779816810,24.26186440678282
1779816825,24.135593220338002
1779816840,24.054237288135294
1779816855,23.988983050848045
1779816870,24.111016949153342
1779816885,24.06101694915117
1779816900,24.161016949153037
1779816915,24.104237288130072
1779816930,24.185593220337708
1779816945,24.11271186440175
1779816960,24.22288135593359
1779816975,24.295762711867074
1779816990,24.49661016949133
1779817005,24.62542372881248
1779817020,24.54152542373098
1779817035,24.562711864406484
1779817050,25.198305084745478
1779817065,26.05677966101705
1779817080,26.41440677965875
1779817095,26.505084745763497
1779817110,26.67542372881021
1779817125,26.679661016952217
1779817140,26.70762711864111
1779817155,26.65932203389969
1779817170,26.81440677966378
1779817185,26.75000000000197
1779817200,26.722881355931115
1779817215,27.033050847456842
1779817230,27.1245762711821
1779817245,27.162711864410827
1779817260,27.034745762710187
1779817275,27.20677966101517
1779817290,27.09322033898157
1779817305,27.193220338983448
1779817320,27.20423728813639
1779817335,27.307627118644962
1779817350,26.507627118644763
1779817365,25.57118644067964
1779817380,25.53728813559786
1779817395,25.561016949154624
1779817410,25.48389830508406
1779817425,25.515254237287056
1779817440,25.50508474576203
1779817455,25.632203389832288
1779817470,25.372033898306267
1779817485,25.516949152542868
1779817500,25.294067796610275
1779817515,25.199152542370907
1779817530,25.075423728812275
1779817545,25.005932203390422
1779817560,24.941525423728617
1779817575,24.855084745760937
1779817590,24.81186440677956
1779817605,24.76355932203568
1779817620,24.673728813556362
1779817635,24.834745762710874
1779817650,24.912711864404415
1779817665,25.14237288135781
1779817680,25.05169491525305
1779817695,25.172033898302516
1779817710,25.20508474576133
1779817725,25.220338983048872
1779817740,25.129661016949058
1779817755,25.298305084744875
1779817770,25.254237288135595
1779817785,25.282203389829426
1779817800,25.272881355929844
1779817815,25.43644067796561
1779817830,25.444915254237287
1779817845,25.526271186439985
1779817860,25.648305084742805
1779817875,25.64237288135731
1779817890,25.670338983053608
1779817905,25.50677966101538
1779817920,25.491525423730298
1779817935,25.463559322036467
1779817950,25.326271186441176
1779817965,25.266949152539418
1779817980,24.894915254238082
1779817995,24.964406779662397
1779818010,24.972033898303703
1779818025,24.988135593221617
1779818040,24.97288135593161
1779818055,24.970338983047892
1779818070,24.958474576269516
1779818085,25.18389830508829
1779818100,25.218644067795527
1779818115,25.167796610172843
1779818130,24.96864406779701
1779818145,24.84322033898256
1779818160,24.982203389833668
1779818175,24.93305084745694
1779818190,25.211016949151755
1779818205,25.238983050850518
1779818220,25.134745762711574
1779818235,25.2127118644051
1779818250,25.45593220339023
1779818265,25.4279661016964
1779818280,25.62457627118605
1779818295,25.777118644068885
1779818310,25.959322033896438
1779818325,26.11440677965806
1779818340,26.384745762709105
1779818355,26.494915254236005
1779818370,26.783898305083763
1779818385,27.035593220338093
1779818400,27.163559322033805
1779818415,27.66864406779582
1779818430,27.927118644068493
1779818445,28.571186440674225
1779818460,29.07118644067619
1779818475,29.57372881355942
1779818490,29.718644067796017
1779818505,30.42542372881021
1779818520,30.8525423728787
1779818535,31.806779661017547
1779818550,32.28898305084578
1779818565,32.76610169491397
1779818580,33.46525423729179
1779818595,33.7101694915278
1779818610,34.210169491527296
1779818625,34.912049953050484
1779818640,35.37457627118506
1779818655,36.29830508474636
1779818670,36.794067796608786
1779818685,37.29491525423374
1779818700,37.94745762712102
1779818715,38.28135593220596
1779818730,38.91632796265736
1779818745,39.57118644067816
1779818760,40.0669491525406
1779818775,40.62711864406731
1779818790,41.28050847457509
1779818805,41.73813559322112
1779818820,42.10847457627158
1779818835,42.682203389827556
1779818850,43.08983050847635
1779818865,43.58135593220172
1779818880,44.11016949152295
1779818895,44.43644067796413
1779818910,45.07288135593348
1779818925,45.26271186440728
1779818940,45.36864406779464
1779818955,45.48728813559322
1779818970,46.10847457627256
1779818985,46.41355932203331
1779819000,46.79830508474833
1779819015,47.274576271186156
1779819030,47.23644067796482
1779819045,47.269491525421174
1779819060,46.89322033898768
1779819075,46.81779661017048
1779819090,47.18813559321846
1779819105,47.32118644067669
1779819120,47.223728813561
1779819135,47.23644067796482
1779819150,47.232203389827745
1779819165,47.13559322033998
1779819180,47.30508474576123
1779819195,46.995762711865886
1779819210,47.12711864406336
1779819225,47.3228813559325
1779819240,47.16016949152711
1779819255,47.37711864406682
1779819270,47.137288135588385
1779819285,46.91101694915649
1779819300,46.642372881353864
1779819315,46.12372881355764
1779819330,46.60084745762584
1779819345,47.100847457627815
1779819360,47.27203389830489
1779819375,47.18474576271423
1779819390,46.65423728813224
1779819405,46.759322033899096
1779819420,46.648305084741814
1779819435,46.61779661016673
1779819450,46.421186440682014
1779819465,46.256779661018335
1779819480,46.15000000000059
1779819495,46.16525423729308
1779819510,46.03050847457904
1779819525,45.949152542368935
1779819540,46.09915254237051
1779819555,45.91016949152464
1779819570,45.52203389830538
1779819585,45.4881355932236
1779819600,45.38050847457302
1779819615,44.94322033897951
1779819630,44.71694915254021
1779819645,44.002542372882246
1779819660,44.16694915253853
1779819675,44.36355932203311
1779819690,44.57966101694737
1779819705,44.38474576271108
1779819720,44.16355932202936
1779819735,43.985593220338885
1779819750,44.279661016949156
1779819765,44.373728813563076
1779819780,44.43559322033622
1779819795,44.85461115517605
1779819810,44.944915254237785
1779819825,45.054237288136775
1779819840,45.0457627118651
1779819855,45.13474576271403
1779819870,45.47372881355902
1779819885,45.87796610169374
1779819900,46.266949152543354
1779819915,46.57457627118535
1779819930,46.83474576271137
1779819945,47.300000000001184
1779819960,47.75847457627267
1779819975,48.010169491524536
1779819990,48.01864406779621
1779820005,48.6466101694939
1779820020,48.827118644070566
1779820035,48.81864406779395
1779820050,48.881355932204876
1779820065,48.79915254237179
1779820080,48.8771186440678
1779820095,48.669491525425215
1779820110,48.438983050846375
1779820125,48.090677966101794
1779820140,48.18050847457618
1779820155,48.29745762711648
1779820170,47.99406779660662
1779820185,47.6737288135608
1779820200,47.82372881355992
1779820215,47.53813559321639
1779820230,47.35508474576587
1779820245,47.176271186437624
1779820260,46.72033898305232
1779820275,46.642372881353864
1779820290,46.42796610169294
1779820305,46.38559322033948
1779820320,46.05338983051035
1779820335,46.16271186440688
1779820350,45.881355932202894
1779820365,45.95338983050601
1779820380,45.98898305084854
1779820395,45.92881355931888
1779820410,46.268644067796714
1779820425,46.56016949152079
1779820440,46.52881355932272
1779820455,46.083050847459994
1779820470,46.100847457623864
1779820485,45.99237288135525
1779820500,46.02627118644196
1779820515,45.906779661017936
1779820530,46.17288135593437
1779820545,45.90932203389673
1779820560,45.85762711864368
1779820575,46.07881355932293
1779820590,45.84661016948828
1779820605,46.2991525423718
1779820620,46.428813559320844
1779820635,46.605932203388356
1779820650,46.59830508474458
1779820665,46.435593220341644
1779820680,46.64322033898177
1779820695,46.365254237286955
1779820710,46.0728813559325
1779820725,46.11779661016969
1779820740,45.81271186440895
1779820755,46.13644067796393
1779820770,46.3313559322027
1779820785,46.07966101694836
1779820800,46.11779661017216
1779820815,46.27118644067551
1779820830,46.600847457628305
1779820845,46.92765836279551
1779820860,46.6347457627101
1779820875,46.433898305088306
1779820890,46.30932203389929
1779820905,46.490677966098936
1779820920,46.254237288134604
1779820920,46.254237288134604
1779820935,46.23559322033544
1779820950,45.96101694915471
1779820965,45.97372881355607
1779820980,45.461016949157674
1779820995,45.35677966101872
1779821010,45.45932203389692
1779821025,45.650847457629
1779821040,45.63644067796443
1779821055,45.4983050847437
1779821070,45.32881355931997
1779821085,45.24237288135722
1779821100,45.22711864406968
1779821115,44.93050847457568
1779821130,44.283050847455854
1779821145,44.19999999999734
1779821160,44.250000000001975
1779821175,44.05338983050986
1779821190,44.20169491525069
1779821205,44.00423728813559
1779821220,44.12542372881544
1779821235,44.10847457627207
1779821250,44.22542372881484
1779821265,44.33135593220467
1779821280,44.92796610169443
1779821295,44.89661016948649
1779821310,45.12372881355864
1779821325,44.75762711865019
1779821340,44.67457627118427
1779821355,44.180508474575184
1779821370,44.18474576271226
1779821385,44.239550106271686
1779821400,44.02457627118566
1779821415,44.22457627118693
1779821430,44.228813559321544
1779821445,44.26779661016831
1779821460,44.366101694916836
1779821475,44.353389830508085
1779821490,44.154237288137175
1779821505,44.2737288135612
1779821520,44.31186440677759
1779821535,44.297457627120416
1779821550,44.319491525426294
1779821565,44.40508474575867
1779821580,44.58305084745654
1779821595,44.344067796608485
1779821610,44.49661016949133
1779821625,44.533898305084755
1779821640,44.8296610169459
1779821655,44.8728813559322
1779821670,44.89406779661017
1779821685,45.089830508476844
1779821700,44.94830508474694
1779821715,45.308474576272374
1779821730,45.44830508474645
1779821745,45.48559322033741
1779821760,45.46610169491772
1779821775,45.712343812498254
1779821790,45.70593220338874
1779821805,45.66271186440984
1779821820,45.423728813559315
1779821835,45.48935261455767
1779821850,45.45338983051144
1779821865,45.44237288135603
1779821880,45.50084745762495
1779821895,45.64745762711983
1779821910,45.45254237288353
1779821925,45.69237288135702
1779821940,45.720338983050844
1779821955,46.00847457627316
1779821970,46.009322033898606
1779821985,46.51525423729099
1779822000,46.88559322033652
1779822015,47.18135593220507
1779822030,47.1177966101687
1779822045,47.219491525423926
1779822060,47.338135593220045
1779822075,47.27118644068191
1779822090,47.26355932203321
1779822105,47.33813559322251
1779822120,47.167796610170875
1779822135,47.4177966101694
1779822150,47.63644067796492
1779822165,47.22372881355854
1779822180,47.079661016947384
1779822195,47.1703389830472
1779822210,46.752542372883234
1779822225,46.71949152542442
1779822240,46.80762711864792
1779822255,47.13644067796541
1779822270,47.166949152545435
1779822285,46.9720338983042
1779822300,46.85847457627305
1779822315,46.07288135593497
1779822330,46.173728813562285
1779822345,45.9881355932231
1779822360,45.999152542373565
1779822375,46.11355932203015
1779822390,46.138983050847656
1779822405,46.416101694914566
1779822420,46.42203389830746
1779822435,46.50254237287979
1779822450,46.659322033899684
1779822465,46.660169491522666
1779822480,46.92203389830203
1779822495,47.0542372881348
1779822510,47.19915254237387
1779822525,47.30254237287998
1779822540,47.135593220337505
1779822555,46.93135593220408
1779822570,47.05254237288392
1779822585,47.18559322033721
1779822600,47.21101694915472
1779822615,47.263559322035675
1779822630,47.26016949152652
1779822645,47.424576271187725
1779822660,47.376271186441365
1779822675,47.04322033898434
1779822690,46.8661016949193
1779822705,46.74237288135574
1779822720,46.73728813559076
1779822735,46.546610169489064
1779822750,46.50338983050769
1779822765,46.75847457627118
1779822780,46.59576271186332
1779822795,46.57033898304829
1779822810,46.90254237287987
1779822825,46.83813559322054
1779822840,46.89745762711737
1779822855,46.68728813559352
1779822870,46.36949152542156
1779822885,46.438135593220444
1779822900,46.30084745762515
1779822915,46.5228813559323
1779822930,46.77542372881208
1779822945,46.481355932201815
1779822960,46.737288135593225
1779822975,47.00423728813756
1779822990,46.87627118644186
1779823005,46.74152542372536
1779823020,46.88559322033898
1779823035,46.75084745762741
1779823050,46.43983050847379
1779823065,46.50980684615117
1779823080,46.48813559321767
1779823095,46.45254237288008
1779823110,46.517796610169796
1779823125,46.640677966102984
1779823140,46.849999999998914
1779823155,46.77457627118664
1779823170,47.10084745762535
1779823185,47.290677966101605
1779823200,47.31610169491417
1779823215,47.51864406779917
1779823230,47.925423728812675
1779823245,48.0703389830468
1779823260,48.030156136657496
1779823275,47.79915254237033
1779823290,48.12203389830479
1779823305,48.349152542371996
1779823320,48.29491525424016
1779823335,48.26355932203469
1779823350,48.62831438430907
1779823365,48.8559322033849
1779823380,48.43559322033721
1779823395,48.127118644069775
1779823410,48.279661016950136
1779823425,47.95338983050896
1779823440,47.8516949152562
1779823455,48.05084745762959
1779823470,47.83220338983406
1779823485,47.98898305084657
1779823500,47.797457627119435
1779823515,47.85254237288166
1779823530,48.58898305084796
1779823545,48.92627118643959
1779823560,49.120338983052925
1779823575,49.25084745762495
1779823590,49.52457627119009
1779823605,49.551360494640015
1779823620,50.16440677965874
1779823635,50.164406779663686
1779823650,50.04406779660928
1779823665,49.96610169491574
1779823680,50.37457627118507
1779823695,50.71101694915126
1779823710,50.91779661016841
1779823725,50.93305084745842
1779823740,51.19576271186569
1779823755,51.15508474576311
1779823770,51.11864406779514
1779823785,51.2855932203376
1779823800,51.74830508474616
1779823815,51.6932203389864
1779823830,50.84406779660948
1779823845,50.91525423728716
1779823860,50.747457627116766
1779823875,50.347457627116675
1779823890,49.96271186441151
1779823905,49.7305084745744
1779823920,49.111864406781244
1779823935,48.96016949152631
1779823950,48.68474576271276
1779823965,48.278813559319765
1779823980,47.954237288134415
1779823995,47.49067796609795
1779824010,47.26694915254237
1779824025,47.13474576271206
1779824040,46.80338983050838
1779824055,47.011864406776404
1779824070,46.67457627118723
1779824085,46.41525423729158
1779824100,46.01355932203322
1779824115,45.22033898305134
1779824130,45.17372881356081
1779824145,45.40847457627425
1779824160,45.61355932203311
1779824175,45.73220338982923
1779824190,45.691525423726645
1779824205,46.12627118643644
1779824220,46.38728813559283
1779824235,46.823728813560905
1779824250,47.11748694081166
1779824265,47.40338983050976
1779824280,47.545762711862636
1779824295,47.48305084745418
1779824310,47.48898305084707
1779824325,47.82033898304828
1779824340,47.93644067796561
1779824355,47.744067796610565
1779824370,47.46525423728538
1779824385,47.3084745762704
1779824400,47.033898305084755
1779824415,47.07033898305026
1779824430,47.15338983050877
1779824445,46.83474576271137
1779824460,46.738135593223596
1779824475,46.49067796610387
1779824490,46.44915254237338
1779824505,46.22711864406621
1779824520,45.80338983050689
1779824535,45.377118644066314
1779824550,45.193220338982954
1779824565,45.06779661016604
1779824580,45.07918590382627
1779824595,44.98305084745664
1779824610,44.763086351957924
1779824625,44.72203389830518
1779824640,44.49067796610338
1779824655,44.738983050848546
1779824670,44.8050847457637
1779824685,44.9288135593248
1779824700,45.17288135593043
1779824715,44.84661016949172
1779824730,44.716101694917235
1779824745,44.83644067796176
1779824760,44.81271186440501
1779824775,44.9966101694933
1779824790,44.323728813555974
1779824805,44.58813559322152
1779824820,44.74491525423897
1779824835,44.959695188508775
1779824850,44.92033898304819
1779824865,44.7415254237298
1779824880,44.84067796610377
1779824895,44.85338983050758
1779824910,45.13389830508366
1779824925,45.07033898305224
1779824940,45.00762711864377
1779824955,45.08474576271433
1779824970,45.08644067796275
1779824985,44.98644067796581
1779825000,44.45847457627248
1779825015,44.438135593219954
1779825030,44.24915254237407
1779825045,43.777118644068395
1779825060,43.760169491525026
1779825075,44.14661016949093
1779825090,44.06779661016702
1779825105,44.00762711864476
1779825120,44.16610169491555
1779825135,44.13050847457301
1779825150,44.33220338983258
1779825165,44.388983050848154
1779825180,44.449152542372886
1779825195,44.44237288135455
1779825210,44.27796610169333
1779825225,44.305084745761725
1779825240,44.26779661016831
1779825255,43.95593220338924
1779825270,44.37495339014612
1779825285,44.62203389830578
1779825300,44.5008474576284
1779825315,44.133898305082184
1779825330,44.02966101694816
1779825345,44.25762711864327
1779825360,43.883898305086134
1779825375,43.769491525422154
1779825390,43.455084745764296
1779825405,43.68389830508731
1779825420,43.66949152542521
1779825435,43.66271186440195
1779825450,43.683050847459405
1779825465,43.83728813559312
1779825480,44.05762711864447
1779825495,44.40847457627277
1779825510,45.03644067797045
1779825525,45.39491525423265
1779825540,45.95508474575936
1779825555,46.76779661016831
1779825570,46.9728813559321
1779825585,47.923728813561794
1779825600,49.121186440678365
1779825615,50.43220338983101
1779825630,51.58050847457578
1779825645,52.79745762711696
1779825660,53.768644067796714
1779825675,54.91186440677651
1779825690,55.97966101694895
1779825705,57.16271186440836
1779825720,58.25593220339091
1779825735,59.216101694917725
1779825750,59.951694915253654
1779825765,61.100847457623864
1779825780,62.00593220339093
1779825795,62.833898305084944
1779825810,63.538983050848245
1779825825,64.44576271186618
1779825840,64.88898305084766
1779825855,65.70254237288451
1779825870,66.37118644067738
1779825885,66.69915254237436
1779825900,67.1313559322029
1779825915,67.55593220339013
1779825930,67.78135593220398
1779825945,67.99999999999704
1779825960,68.14830508474773
1779825975,68.50847457626577
1779825990,68.92881355932332
1779826005,68.73050847457537
1779826020,69.06525423728577
1779826035,69.28559322033958
1779826050,69.32118644067964
1779826065,69.20338983050897
1779826080,69.05932203390275
1779826095,69.3347457627163
1779826110,69.2745762711891
1779826125,68.77033898305253
1779826140,69.25847457627366
1779826155,69.43305084745496
1779826170,69.3983050847502
1779826185,69.11186440678124
1779826200,69.14830508474675
1779826215,69.30254237287801
1779826230,69.04237288135445
1779826245,69.22288135593358
1779826260,69.28050847457706
1779826275,69.26864406779374
1779826290,69.05847457627236
1779826305,68.87711864406533
1779826320,68.69745762711658
1779826335,69.11610169491338
1779826350,69.0652542372907
1779826365,68.99237288135721
1779826380,68.99915254237308
1779826395,68.89406779660622
1779826410,68.89745762712032
1779826425,68.81271186440598
1779826440,68.31271186440402
1779826455,68.50137459025066
1779826470,68.380508474575
1779826485,68.35084745762533
1779826500,68.2610169491485
1779826515,68.03559322033958
1779826530,68.21271186440707
1779826545,68.06016949152918
1779826560,67.86779661017412
1779826575,67.7790320065609
1779826590,68.22203389830419
1779826605,68.29322033898187
1779826620,68.22542372881337
1779826635,67.75084745762396
1779826650,67.70593220338678
1779826665,67.86547209849405
1779826680,67.60508474576193
1779826695,67.54406779660928
1779826710,67.47711864407115
1779826725,67.73220338982972
1779826740,68.25000000000297
1779826755,68.4466101694926
1779826770,68.75762711864624
1779826785,69.05338983050986
1779826800,69.4542372881354
1779826815,69.62966101694707
1779826830,69.39237288135978
1779826845,69.24067796609992
1779826860,69.10593220338835
1779826875,69.06016949152571
1779826890,68.89406779661115
1779826905,69.0330508474598
1779826920,68.9872881355947
1779826935,69.04745762711697
1779826950,68.96186440677965
1779826965,68.8313559322027
1779826980,68.84067796610229
1779826995,68.93898305084835
1779827010,68.79067796610012
1779827025,68.80847457626892
1779827040,67.84830508474458
1779827055,67.72796610169512
1779827070,67.19661016949014
1779827085,67.16271186440837
1779827100,66.55932203390029
1779827115,66.49406779660809
1779827130,66.81355932203094
1779827145,67.0169491525414
1779827160,67.14915254237171
1779827175,67.09152542372823
1779827190,66.8305084745743
1779827205,67.2847457627161
1779827220,67.27881355932321
1779827235,67.38898305085013
1779827250,67.71694915253971
1779827265,67.79322033897989
1779827280,68.29406779660978
1779827295,68.47457627118398
1779827310,68.58135593220172
1779827325,68.83559322033977
1779827340,68.94661016949212
1779827355,68.86779661017069
1779827370,68.9033898305132
1779827385,68.76949152542215
1779827400,69.02627118644146
1779827415,69.41440677966318
1779827430,69.1288135593246
1779827445,69.26101694915492
1779827460,69.27881355932371
1779827475,69.37711864406977
1779827490,69.64661016948797
1779827505,69.3415254237297
1779827520,69.52372881355478
1779827535,69.63813559322122
1779827550,69.72203389830764
1779827565,69.49745762711676
1779827580,69.3898305084736
1779827595,69.28983050847418
1779827610,69.13135593220339
1779827625,68.86694915254277
1779827640,68.79999999999724
1779827655,69.15169491525344
1779827670,69.07457627118536
1779827685,69.13220338983376
1779827700,69.06355932203489
1779827715,68.96440677966092
1779827730,68.91101694915452
1779827745,68.65677966101153
1779827760,68.69491525423533
1779827775,68.61694915254178
1779827790,68.51271186440283
1779827805,68.31864406779444
1779827820,67.93898305084687
1779827835,67.58220338983307
1779827850,67.54384775489915
1779827865,67.63389830508366
1779827880,67.76016949152601
1779827895,67.69661016949212
1779827910,67.97288135593605
1779827925,67.92425007712022
1779827940,67.91271186440639
1779827955,67.90593220339052
1779827970,67.69999999999882
1779827985,67.94745762711608
1779828000,68.0237288135612
1779828015,67.87457627118752
1779828030,68.04406779661372
1779828045,67.77542372881355
1779828060,67.81864406779493
1779828075,67.41355932203233
1779828090,67.38220338983425
1779828105,67.71864406779554
1779828120,68.03728813559293
1779828135,67.97542372881485
1779828150,68.02457627118663
1779828165,67.73050847457637
1779828180,67.57118644067768
1779828195,67.37796610169718
1779828210,67.2584745762707
1779828225,67.53728813559589
1779828240,66.93559322033622
1779828255,67.07542372881277
1779828270,67.17881355932134
1779828285,66.93983050847822
1779828300,66.95254237287958
1779828315,67.29491525423622
1779828330,67.32033898305124
1779828345,67.32033898304877
1779828360,67.36186440677928
1779828375,67.74576271186392
1779828390,67.47203389830369
1779828405,67.31525423728873
1779828420,67.25508474576152
1779828435,67.58898305084648
1779828450,67.79723930331316
1779828465,67.70338983050553
1779828480,68.68538091783594
1779828495,68.87606017667838
1779828510,68.74830508474419
1779828525,68.55000000000118
1779828540,68.7203389830479
1779828555,68.58389830508791
1779828570,68.51355932203074
1779828585,68.56186440678202
1779828600,68.19322033898493
1779828615,67.8406779661008
1779828630,67.7949152542357
1779828645,67.75677966101439
1779828660,68.05847457627088
1779828675,68.27796610169432
1779828690,68.531355932202
1779828705,68.68135593220606
1779828720,68.71440677965747
1779828735,68.80847457627385
1779828750,68.77711864407085
1779828765,68.7881355932164
1779828780,68.3457627118653
1779828795,68.31525423729268
1779828810,68.69067796610318
1779828825,68.84152542372526
1779828840,68.83983050847684
1779828855,69.19661016949557
1779828870,69.20762711864357
1779828885,69.1347457627101
1779828900,69.31525423728675
1779828915,69.59406779660702
1779828930,69.68813559322093
1779828945,69.35593220338933
1779828960,68.98983050847842
1779828975,69.02033898305105
1779828990,68.4601694915268
1779829005,68.48644067796482
1779829020,68.08474576271138
1779829035,67.68389830508583
1779829050,67.73898305084558
1779829065,67.41779661017186
1779829080,67.14745762712082
1779829095,67.10847457627158
1779829110,66.67711864406603
1779829125,66.68898305084934
1779829140,66.15508474576556
1779829155,66.12118644067885
1779829170,66.29491525423718
1779829185,65.98389830508356
1779829200,66.0593220338983
1779829215,66.58135593220122
1779829230,66.86378397434515
1779829245,66.89067796610149
1779829260,66.84661016949221
1779829275,66.99288467340257
1779829290,66.92542372881613
1779829305,66.8983050847428
1779829320,67.33983050847338
1779829335,67.13559322033751
1779829350,67.01525423728803
1779829365,67.89067796610051
1779829380,68.42627118644256
1779829395,68.4499999999993
1779829410,68.51101694915195
1779829425,68.5381355932228
1779829440,68.43919702238952
1779829455,68.2720338983039
1779829470,68.43389830508633
1779829485,68.31842927748693
1779829500,67.8533898305071
1779829515,66.86610169491438
1779829530,66.9677966101696
1779829545,67.3084745762704
1779829560,67.02288135593429
1779829575,67.17796610169344
1779829590,66.96610169491377
1779829605,66.82457627118634
1779829620,66.9406779661012
1779829635,67.00762711864179
1779829650,66.78050847457459
1779829665,65.97203389830518
1779829680,65.58728813559509
1779829695,65.93898305084637
1779829710,65.6957627118662
1779829725,66.15955146066995
1779829740,66.30423728813432
1779829755,66.41355932203578
1779829770,66.515254237291
1779829785,66.90423728813569
1779829800,67.08135593220565
1779829815,67.38898305084766
1779829830,67.13559322033751
1779829845,66.94864120025572
1779829860,66.92881355932036
1779829875,66.82627118643968
1779829890,66.89745762711736
1779829905,67.11016949152493
1779829920,66.66220343521812
1779829935,66.71779661017354
1779829950,66.92118644067658
1779829965,66.8830508474602
1779829980,66.96525423729081
1779829995,66.82067639989944
1779830010,66.51887105849991
1779830025,66.5864406779662
1779830040,66.72627118644276
1779830055,66.6008474576283
1779830070,66.114406779663
1779830085,66.01016949152158
1779830100,66.32095810819274
1779830115,65.99830508474567
1779830130,66.12457627118556
1779830145,66.25677966101587
1779830160,66.370338983047
1779830175,66.40593220338953
1779830190,66.11864406779759
1779830205,66.2101694915278
1779830220,66.3983050847507
1779830235,66.27711864406592
1779830250,66.00084745762692
1779830265,66.14915254237515
1779830280,65.98220338983515
1779830295,66.01016949152651
1779830310,65.89152542372793
1779830325,65.66271186440737
1779830340,65.5271186440679
1779830355,65.64152542373188
1779830370,65.77288135593182
1779830385,65.40508474576015
1779830400,65.57118644068211
1779830415,65.56271186440796
1779830430,65.38898305084963
1779830445,65.60254237288264
1779830460,65.29830508474488
1779830475,65.37796610169423
1779830490,65.62627118644187
1779830505,65.73474576271047
1779830520,66.1500000000006
1779830535,66.07457627118585
1779830550,65.96101694915718
1779830565,65.96525423728686
1779830580,65.87457627118704
1779830595,66.71186440678312
1779830610,66.82774120502324
1779830625,66.99830508474469
1779830640,66.86440677966101
1779830655,66.96779661016711
1779830670,66.88983050847605
1779830685,67.09745762711864
1779830700,67.18559322033968
1779830715,66.90677966101694
1779830730,66.8703389830539
1779830745,66.73242893268787
1779830760,66.72457627118693
1779830775,66.85508474576389
1779830790,66.6677966101689
1779830805,66.5652542372833
1779830820,66.14152542372398
1779830835,66.21864406779947
1779830850,66.47288135593014
1779830865,66.52966101694817
1779830880,66.0449152542362
1779830895,65.96779661017058
1779830910,65.51271186440826
1779830925,65.64576271186402
1779830940,65.82542372881524
1779830955,65.66694915254199
1779830970,65.49067796610238
1779830985,65.37033898304799
1779831000,65.15084745762702
1779831015,65.5771186440676
1779831030,65.66186440678193
1779831045,65.82118644068062
1779831060,65.85508474576488
1779831075,65.95677966101518
1779831090,66.16779661017186
1779831105,66.0406779661016
1779831120,65.90169491525295
1779831135,65.71610169491623
1779831150,65.61016949152642
1779831165,65.53813559322083
1779831180,65.24152542372931
1779831195,65.17711864407244
1779831210,65.18813559322044
1779831225,65.02966101694965
1779831240,64.91949152542274
1779831255,65.1423728813578
1779831270,64.86186440677926
1779831285,64.8817130673277
1779831300,64.86440677966299
1779831315,64.801694915257
1779831330,64.50847457627218
1779831345,64.46525423728832
1779831360,64.27372881356119
1779831375,64.16610169491308
1779831390,63.93559322033918
1779831405,63.869491525424024
1779831420,63.82627118644265
1779831435,63.78728813559589
1779831450,63.69406779660988
1779831465,63.68389830508485
1779831480,64.02033898304857
1779831495,64.3033898305059
1779831510,64.29830508474339
1779831525,64.48728813559421
1779831540,64.30762711864053
1779831555,64.37966101695103
1779831570,64.32796610169305
1779831585,64.31016949152423
1779831600,64.31016949152178
1779831615,64.18111309229185
1779831630,64.16186440678095
1779831645,64.18026562892089
1779831660,63.77602560017337
1779831675,64.14322033898424
1779831690,64.23474576271197
1779831705,64.21779661017108
1779831720,64.44491525424074
1779831735,64.64237288135584
1779831750,64.94745762711658
1779831765,64.97288135593409
1779831780,64.82457627118585
1779831795,64.76525423728657
1779831810,64.6279661016962
1779831825,64.42796610169492
1779831840,64.33898305084844
1779831855,63.993464451085615
1779831870,64.04322033898237
1779831885,64.0364406779665
1779831900,64.14745762711884
1779831915,64.3652542372914
1779831930,64.49152542372882
1779831945,64.7915254237295
1779831960,64.81525423728627
1779831975,64.53898305084974
1779831990,64.67711864407046
1779832005,64.47966101695044
1779832020,64.5042372881351
1779832035,64.12203389830626
1779832050,64.02118644067649
1779832065,64.05084745762612
1779832080,63.95169491525217
1779832095,63.98644067796433
1779832110,63.949999999998816
1779832125,64.21525423728983
1779832140,64.39237288135485
1779832155,64.24830508474616
1779832170,64.02457627118565
1779832185,64.26949152542166
1779832200,64.12966101694757
1779832215,63.92118644067955
1779832230,63.830508474577265
1779832245,63.77796610169383
1779832260,63.796610169488076
1779832275,63.86610169491485
1779832290,63.95762711864506
1779832305,63.85932203389899
1779832320,63.65593220339101
1779832335,63.88305084745822
1779832350,63.81271186440599
1779832365,63.667796610166924
1779832380,63.587288135589674
1779832395,63.61440677966053
1779832410,63.78644067796551
1779832425,63.733898305087024
1779832440,63.629661016950536
1779832455,63.72627118643831
1779832470,63.592372881357115
1779832485,63.888135593218266
1779832500,63.55677966101951
1779832515,63.62881355932263
1779832530,63.7677966101688
1779832545,63.802542372880964
1779832560,64.06271186440698
1779832575,63.84152542373266
1779832590,63.58389830508544
1779832605,63.66355932203231
1779832620,63.58559322033879
1779832635,63.78474576270723
1779832650,63.96694915254217
1779832665,64.18728813559105
1779832680,64.28099268806035
1779832695,64.33305084745801
1779832710,64.18983050847477
1779832725,64.34576271186184
1779832740,64.60084745762781
1779832755,64.72372881355606
1779832770,64.56549447122353
1779832785,64.47288135592963
1779832800,64.73135593220476
1779832815,65.1279661016957
1779832830,65.16355932203824
1779832845,65.08305084745851
1779832860,65.34576271186332
1779832875,65.49067796610238
1779832890,65.61440677966101
1779832905,66.06610169491417
1779832920,66.2635593220342
1779832935,66.48474576271343
1779832950,66.86406980409971
1779832965,66.97372881356249
1779832980,67.02203389830636
1779832995,67.38559322033849
1779833010,67.1889830508513
1779833025,67.08474576271236
1779833040,66.88983050847605
1779833055,66.96355932203252
1779833070,67.1042372881345
1779833085,66.90508474575867
1779833100,66.5118644067769
1779833115,65.9169491525405
1779833130,65.64745762711736
1779833145,65.5440677966088
1779833160,65.26101694915393
1779833175,65.35254237288413
1779833190,64.97033898304542
1779833205,64.69152542372763
1779833220,64.40000000000109
1779833235,63.79915254237426
1779833250,63.61465345997359
1779833265,63.13983050847606
1779833280,63.138983050848154
1779833295,62.91610169491555
1779833310,62.71949152542343
1779833325,62.939830508474785
1779833340,62.9093220338997
1779833355,63.28474576271266
1779833370,63.28728813559391
1779833385,63.51016949152898
1779833400,63.618644067797604
1779833415,64.02711864406938
1779833430,64.12966101695251
1779833445,64.04152542373147
1779833460,64.33813559322054
1779833475,64.66694915254297
1779833490,64.57796610169403
1779833505,64.72203389830766
1779833520,64.6779661016959
1779833535,64.98305084745664
1779833550,64.8805084745809
1779833565,64.64322033898374
1779833580,64.812711864405
1779833595,64.83728813559708
1779833610,64.82881355932292
1779833625,64.86440677966053
1779833640,64.62796610169373
1779833655,64.61694915254326
1779833670,64.57033898305026
1779833685,64.16949152542472
1779833700,64.17288135593142
1779833715,64.07288135593201
1779833730,64.20847457626901
1779833745,64.27118644067747
1779833760,63.97711864406721
1779833775,64.0285696852189
1779833790,64.10254237287918
1779833805,63.85423728813648
1779833820,64.10593220338835
1779833835,64.0500000000007
1779833850,64.27203389830538
1779833865,64.53220338982646
1779833880,64.1686440677968
1779833895,64.72457627118891
1779833910,64.88813559321727
1779833925,64.98922041206461
1779833940,65.23112021098784
1779833955,64.94915254237486
1779833970,65.11694915254277
1779833985,65.19576271186668
1779834000,65.08728813559559
1779834015,65.36949152542255
1779834030,65.38813559322172
1779834045,65.28389830508524
1779834060,65.38813559321679
1779834075,65.44745762711854
1779834090,65.44406779661185
1779834105,65.57033898304927
1779834120,65.52966101694915
1779834135,65.56779661017048
1779834150,65.61390901109401
1779834165,65.26127561484063
1779834180,65.18813559322044
1779834195,65.11355932203854
1779834210,65.3432203389796
1779834225,65.31610169491861
1779834240,65.23389830508553
1779834255,65.24661016949429
1779834270,65.36694915254128
1779834285,65.3762711864384
1779834300,65.75932203389515
1779834315,65.26355932203025
1779834330,65.4135593220343
1779834345,65.60169491525227
1779834360,65.51186440677789
1779834375,65.53644067796256
1779834390,65.79491525423768
1779834405,65.82203389830607
1779834420,65.62203389830725
1779834435,65.39745762711884
1779834450,65.48898305084657
1779834465,65.60084745762683
1779834480,65.37711864406386
1779834495,64.9296610169453
1779834510,64.73389830508603
1779834525,64.54661016949103
1779834540,64.67966101695171
1779834555,64.95338983050947
1779834570,65.35932203389999
1779834585,65.67033898304622
1779834600,65.60762711864268
1779834615,65.60847457627305
1779834630,65.5915254237297
1779834645,65.54576271186214
1779834660,65.31610169491614
1779834675,65.11186440678026
1779834690,64.96271186440413
1779834705,65.27372881355775
1779834720,65.37118644068083
1779834735,65.20508474576133
1779834750,65.25000000000098
1779834765,65.1754237288117
1779834780,65.58898305084846
1779834795,65.7228813559321
1779834810,65.86525423728497
1779834825,66.11864406779266
1779834840,65.89237288135583
1779834855,65.59237288135515
1779834870,65.09491525423444
1779834885,64.66610169491753
1779834900,64.73220338983022
1779834915,64.98135593220329
1779834930,64.71864406779355
1779834945,64.7025423728781
1779834960,64.59152542373069
1779834975,64.72203389830766
1779834990,64.81694915254208
1779835005,64.56355932203192
1779835020,64.9635593220345
1779835035,64.80677966101705
1779835050,64.88898305085013
1779835065,64.71440677966388
1779835080,64.73474576270654
1779835095,64.55423728813727
1779835110,64.59830508474901
1779835125,64.2466101694928
1779835140,64.30932203390127
1779835155,64.32542372881178
1779835170,64.62118644067787
1779835185,64.8872881355943
1779835200,64.8872881355943
1779835215,64.98220338982874
1779835230,64.90593220338855
1779835245,65.00084745763037
1779835260,65.01694915254089
1779835275,64.90169491525147
1779835290,64.97711864406621
1779835305,64.68220338982805
1779835320,64.5898305084724
1779835335,64.86186440678173
1779835350,64.86440677966053
1779835365,65.02118644067797
1779835380,64.71949152542393
1779835395,64.94406779660987
1779835410,65.04237288135346
1779835425,65.03050847457509
1779835440,64.95084745762574
1779835455,64.86610169491634
1779835470,64.74237288135525
1779835485,64.68983050847675
1779835500,64.48898305084757
1779835515,64.54491525424015
1779835530,64.73728813559273
1779835545,64.68159537901606
1779835560,64.97542372881533
1779835575,64.8830508474597
1779835590,64.59745762711864
1779835605,64.69830508474597
1779835620,64.93559322033819
1779835635,65.1318487984597
1779835650,65.1627118644054
1779835665,65.37118644067344
1779835680,65.35508474576291
1779835695,65.28305084745487
1779835710,65.47711864406573
1779835725,65.28983050847319
1779835740,65.15677966101498
1779835755,65.30508474576321
1779835770,65.14406779660868
1779835785,65.04915254237427
1779835800,65.10677966101774
1779835815,65.22033898304888
1779835830,64.89043993519024
1779835845,64.66101694915254
1779835860,64.84322033898255
1779835875,64.94406779661234
1779835890,65.077966101696
1779835905,65.26271186440728
1779835920,64.950356437051
1779835935,64.81525423728873
1779835950,64.47118644067629
1779835965,64.34152542373216
1779835980,64.36101694915433
1779835995,64.26864406779376
1779836010,64.19322033898148
1779836025,64.37203389830479
1779836040,64.42457627118328
1779836055,64.24830508474369
1779836070,64.65169491525542
1779836085,64.50338983050966
1779836100,64.52118644067846
1779836115,64.19721489636962
1779836130,64.30338983051085
1779836145,64.49152542372883
1779836160,64.23898305084657
1779836175,64.17966101694974
1779836190,64.0788135593249
1779836205,63.68050847457815
1779836220,63.383050847456246
1779836235,63.6016949152567
1779836250,63.47542372881188
1779836265,63.68644067796857
1779836280,63.60593220338884
1779836295,63.771186440677965
1779836310,63.6228813559322
1779836325,63.53898305084825
1779836340,63.60762711864466
1779836355,63.60169491525177
1779836370,63.483050847458124
1779836385,63.167198866450434
1779836400,63.274576271185154
1779836415,64.16355932203429
1779836430,64.35932203389851
1779836445,64.4309942134987
1779836460,64.45338983050995
1779836475,64.09152542373118
1779836490,64.20593220339515
1779836505,64.48220338982922
1779836520,64.35677966101724
1779836535,64.54322033898187
1779836550,64.44237288135702
1779836565,64.37033898304898
1779836580,64.4228813559324
1779836595,64.35762711864761
1779836610,64.25338983050621
1779836625,64.53474576271019
1779836640,64.84322033898009
1779836655,64.9635593220345
1779836670,65.3762711864384
1779836685,65.74237288135424
1779836700,66.26016949152503
1779836715,65.57118644067225
1779836730,65.69406779661037
1779836745,65.50169491525286
1779836760,65.33474576271286
1779836775,65.54491525423668
1779836790,65.14745762712032
1779836805,65.45423728813195
1779836820,65.46610169491773
1779836835,65.21694915254464
1779836850,65.17881355932084
1779836865,65.20254237288007
1779836880,64.96864406779947
1779836895,65.11186440678271
1779836910,65.08983050847438
1779836925,64.9364406779661
1779836940,64.79588204785469
1779836955,64.44576271186372
1779836970,64.24745762712318
1779836985,64.03220338983189
1779837000,63.59237288135958
1779837015,63.041525423732466
1779837030,62.7203389830538
1779837045,63.08898305084598
1779837060,62.884745762712555
1779837075,62.900847457628004
1779837090,62.856779661013796
1779837105,62.93305084745644
1779837120,62.88728813559381
1779837135,62.669491525421265
1779837150,62.95847457626655
1779837165,63.288135593216886
1779837180,63.38644067796788
1779837195,63.267796610166826
1779837210,62.95932203389939
1779837225,62.75084745762642
1779837240,62.8466101694863
1779837255,62.83220338982913
1779837270,62.565254237289714
1779837285,62.66864406779828
1779837300,62.64999999999912
1779837315,62.64322033898324
1779837330,62.603389830511034
1779837345,62.70932203389841
1779837360,62.47288135593407
1779837375,62.266949152542374
1779837390,62.25737123641881
1779837405,62.03898305084973
1779837420,62.1635593220338
1779837435,62.152542372883325
1779837450,62.41694915254396
1779837465,62.174576271181806
1779837480,61.79399741022247
1779837495,62.27372881355577
1779837510,62.29237288135248
1779837525,62.41949152542274
1779837540,62.27542372881159
1779837555,62.415254237290604
1779837570,62.691525423727136
1779837585,62.748305084750115
1779837600,62.92542372881513
1779837615,63.03050847457953
1779837630,63.04067796610209
1779837645,63.07033898305174
1779837660,63.428813559323814
1779837675,63.538135593220346
1779837690,63.627966101694724
1779837705,63.7183980908349
1779837720,63.58644067796669
1779837735,63.5474576271224
1779837750,63.448305084743495
1779837765,63.25423728814003
1779837780,63.48050847457933
1779837795,63.08474576271384
1779837810,63.1550847457636
1779837825,63.10254237288264
1779837840,63.03728813559539
1779837855,63.03135593220004
1779837870,62.74999999999853
1779837885,62.9669491525407
1779837900,62.78898305085022
1779837915,62.98644067796532
1779837930,63.067796610170475
1779837945,63.06271186441044
1779837960,62.87457627118507
1779837975,63.114406779665956
1779837990,63.188983050850325
1779838005,63.4059322033925
1779838020,63.752542372883724
1779838035,63.7466101694933
1779838050,63.538983050848245
1779838065,63.64576271186105
1779838080,63.900847457627016
1779838095,64.18983050847724
1779838110,64.24491525423946
1779838125,64.14406779660968
1779838140,64.08135593220122
1779838155,64.29152542373247
1779838170,64.43305084745742
1779838185,64.08305084745703
1779838200,63.86525423728941
1779838215,63.8203389830473
1779838230,63.65508474576558
1779838245,63.89915254236874
1779838260,63.62203389830184
1779838275,63.67360567324006
1779838290,63.49830508474567
1779838305,63.316101694913186
1779838320,63.27881355932223
1779838335,63.50338983050818
1779838350,63.72881355932203
1779838365,63.94661016948966
1779838380,63.77881355931927
1779838395,63.62033898305095
1779838410,63.713559322034484
1779838425,63.56271186440501
1779838440,63.63135593220635
1779838455,63.25677966101636
1779838470,63.38728813559085
1779838485,63.24406779661007
1779838500,62.98305084745368
1779838515,63.133050847457724
1779838530,63.123728813558145
1779838545,62.860169491527884
1779838560,62.63135593220487
1779838575,62.53389830508178
1779838590,62.240677966101885
1779838605,62.0796610169523
1779838620,61.95932203389545
1779838635,61.67627118644058
1779838650,61.56101694915363
1779838665,61.39915254237367
1779838680,61.6491525423722
1779838695,61.79322033898088
1779838710,61.764406779664085
1779838725,61.608474576269614
1779838740,61.600000000002865
1779838755,61.81016949152425
1779838770,61.73983050847448
1779838785,61.64067796610298
1779838800,61.641525423728424
1779838815,61.56316843900207
1779838830,61.57033898305322
1779838845,61.90508474576606
1779838860,62.220338983054305
1779838875,62.58813559322349
1779838890,63.077118644067596
1779838905,63.11525423728646
1779838920,63.16949152542324
1779838935,63.13245333930118
1779838950,62.644067796608695
1779838965,62.71949152542343
1779838980,62.570338983049766
1779838995,62.570338983049766
1779839010,62.594067796611455
1779839025,62.65508474576163
1779839040,62.49322033898167
1779839055,62.423728813557354
1779839070,62.47372881356199
1779839085,62.538135593223785
1779839100,62.470338983050354
1779839115,62.605084745759456
1779839130,62.720338983051334
1779839145,62.42627118643861
1779839160,62.234745762711476
1779839175,61.93813559321748
1779839190,61.80169491525503
1779839205,61.8161016949122
1779839220,61.78050847457459
1779839235,61.94067796609873
1779839250,61.97118644068122
1779839265,61.87033898305144
1779839280,61.80762711864298
1779839295,61.70423728813687
1779839310,61.71271186440856
1779839325,61.54576271186362
1779839340,61.54406779660534
1779839355,61.355670207936086
1779839370,61.603389830509556
1779839385,61.6779661016964
1779839400,61.96016949152582
1779839415,61.580508474578245
1779839430,61.51525423728853
1779839445,61.470338983048876
1779839460,61.80593220338717
1779839475,61.840936671615886
1779839490,61.39432952997028
1779839505,61.604237288134996
1779839520,61.39745762711786
1779839535,61.50169491525187
1779839550,61.5186440677977
1779839565,61.4584745762705
1779839580,61.60677966101626
1779839595,61.814406779658846
1779839610,61.82457627118387
1779839625,61.82118644067718
1779839640,61.78983050847665
1779839655,61.94322033898493
1779839670,61.61101694915333
1779839685,61.57627118643872
1779839700,61.3737288135611
1779839715,61.349999999999405
1779839730,61.09406779661046
1779839745,60.98559322033938
1779839760,60.78644067796354
1779839775,60.56610169491713
1779839790,60.58389830508346
1779839805,60.507627118643285
1779839820,60.38813559322171
1779839835,60.44661016949311
1779839850,60.39491525423759
1779839865,60.10281286228992
1779839880,59.84549047789849
1779839895,59.9584745762695
1779839910,59.93644067796857
1779839925,59.93728813559402
1779839940,59.77542372881406
1779839955,59.835593220336314
1779839970,59.87457627118555
1779839985,60.575423728811785
1779840000,60.88728813559578
1779840015,61.38559322034194
1779840030,61.65045746228017
1779840045,61.77288135593082
1779840060,61.72627118643782
1779840075,62.09406779660949
1779840090,62.117796610168696
1779840105,62.15169491525295
1779840120,62.23559322033938
1779840135,62.06271186440402
1779840150,62.15000000000208
1779840165,62.308474576272864
1779840180,61.9550847457633
1779840195,62.088983050849436
1779840210,62.15169491525296
1779840225,62.212711864408064
1779840240,62.1728813559334
1779840255,62.36694915253932
1779840270,62.63898305084864
1779840285,61.87118644067935
1779840300,61.93813559321995
1779840315,61.715254237292285
1779840330,61.64322033898178
1779840345,61.601694915258676
1779840360,61.555932203391116
1779840375,61.540677966098634
1779840390,61.73363887212726
1779840405,61.67288135593388
1779840420,61.774576271189105
1779840435,61.95932203389791
1779840450,62.21186440677522
1779840465,62.249152542371114
1779840480,62.69576271186668
1779840495,62.75423728813806
1779840510,62.85593220339082
1779840525,62.950847457625244
1779840540,63.89406779660869
1779840555,63.89237288135781
1779840570,64.05762711864693
1779840585,63.95762711864259
1779840600,64.06949152542532
1779840615,64.21779661016613
1779840630,64.15847457627177
1779840645,64.22033898305233
1779840660,64.1186440677971
1779840675,64.2279661016961
1779840690,64.33389830508594
1779840705,64.1576271186414
1779840720,64.27966101694422
1779840735,64.34576271186678
1779840750,63.871186440679836
1779840765,63.85508474576439
1779840780,63.466101694914755
1779840795,63.35508474576488
1779840810,63.1940677966079
1779840825,62.55508474576469
1779840840,62.148767614584735
1779840855,61.98474576271049
1779840870,61.64915254236972
1779840885,61.632203389833776
1779840900,61.56694915254158
1779840915,61.46186440677967
1779840930,61.63389830508464
1779840945,61.665254237287634
1779840960,61.877966101692735
1779840975,61.826012379748896
1779840990,61.61271186440421
1779841005,61.56355932203736
1779841020,61.49999999999852
1779841035,61.467796610172556
1779841050,61.62314153802298
1779841065,61.74745762712072
1779841080,61.737288135593225
1779841095,62.193220338983444
1779841110,62.05338983050937
1779841125,61.83389830508593
1779841140,61.47542372880892
1779841155,61.617796610169194
1779841170,61.86610169491931
1779841185,61.755084745764485
1779841200,61.922881355932404
1779841215,62.138135593223694
1779841230,61.91271186440736
1779841245,62.27881355931828
1779841260,61.861864406779766
1779841275,62.33813559321758
1779841290,62.569491525424326
1779841305,62.74152542372931
1779841320,62.805084745768134
1779841335,62.96101694915275
1779841350,62.79152542373148
1779841365,63.07711864407006
1779841380,63.35677966101824
1779841395,63.170338983046214
1779841410,63.52833699996311
1779841425,63.741525423728326
1779841440,63.843220338983556
1779841455,64.06949152542532
1779841470,64.07033898305075
1779841485,64.04237288135445
1779841500,63.88220338983278
1779841515,63.708474576269516
1779841530,63.534745762711175
1779841545,63.48728813559272
1779841560,63.402542372880866
1779841575,63.109322033896035
1779841590,62.96101694915027
1779841605,62.77118644067896
1779841620,62.538135593218854
1779841635,62.60677966101774
1779841650,62.531355932203006
1779841665,62.4183892772112
1779841680,62.06355932203193
1779841695,61.919491525425705
1779841710,61.51245093187615
1779841725,61.76864406779622
1779841740,61.88813559322024
1779841755,61.74322033898364
1779841770,61.90482647340071
1779841785,61.69745762712101
1779841800,61.66610169491309
1779841815,61.86186440678223
1779841830,62.3084745762704
1779841845,62.45593220339072
1779841860,62.44915254236992
1779841875,62.37372881356011
1779841890,62.67627118644206
1779841905,62.54406779660928
1779841920,62.75338983050523
1779841935,62.53728813559095
1779841950,62.48559322034036
1779841965,62.402287473133434
1779841980,62.997457627118244
1779841995,62.948305084743986
1779842010,63.049152542373776
1779842025,63.18728813558957
1779842040,62.92881355932184
1779842055,62.79999999999822
1779842070,62.681355932199644
1779842085,62.903389830506796
1779842100,62.980508474577356
1779842115,62.69661016949212
1779842130,62.67627118643959
1779842145,63.08983050847389
1779842160,63.327118644066125
1779842175,63.5686440677979
1779842190,63.25847457627217
1779842205,63.54830508474784
1779842220,63.71610169491575
1779842235,64.15169491525592
1779842250,64.37203389830479
1779842265,64.41101694914909
1779842280,64.33135593219974
1779842295,64.29830508474586
1779842310,64.2957627118646
1779842325,64.5042372881351
1779842340,64.42348761686618
1779842355,64.58704804778377
1779842370,64.53026800181381
1779842385,64.26610169491742
1779842400,64.0652542372907
1779842415,64.06355932203489
1779842430,63.93898305084835
1779842445,63.80593220339013
1779842460,63.44745762711559
1779842475,63.28050847457558
1779842490,63.077966101695516
1779842505,62.62966101695152
1779842520,62.36864406779513
1779842520,62.36864406779513
1779842535,62.11101694915284
1779842550,61.78135593220251
1779842565,61.69602239984893
1779842580,61.39661016949242
1779842595,61.62496652576276
1779842610,61.20299528470127
1779842625,60.958474576270994
1779842640,61.08813559322004
1779842655,60.90084745762751
1779842670,60.67966101694579
1779842685,60.713559322032516
1779842700,60.84152542372576
1779842715,60.81355932203439
1779842730,60.64915254237071
1779842745,60.345762711868254
1779842760,60.157627118642885
1779842775,60.37033898305292
1779842790,60.651961681615916
1779842805,60.91610169491752
1779842820,61.01949152542363
1779842835,60.74576271186343
1779842850,60.576271186442156
1779842865,60.58559322033681
1779842880,60.727118644071645
1779842895,60.80084745762318
1779842910,60.997457627117754
1779842925,61.2533898305067
1779842940,61.40254237288036
1779842955,61.73389830508652
1779842970,62.04661016949103
1779842985,62.09152542372822
1779843000,62.14491525423709
1779843015,62.11949152542452
1779843030,62.335593220343725
1779843045,62.690083457063
1779843060,62.56355932203637
1779843075,62.54491525423966
1779843090,62.299152542375744
1779843105,62.1347457627096
1779843120,62.1288135593241
1779843135,62.35593220338884
1779843150,62.307627118642486
1779843165,62.28474576271117
1779843180,62.13559322033997
1779843195,61.9624539827367
1779843210,61.79830508474586
1779843225,61.584745762712856
1779843240,61.614797137655245
1779843255,61.552542372881945
1779843270,61.42542372881168
1779843285,61.124576271185546
1779843300,61.28305084745882
1779843315,61.37203389830282
1779843330,61.15932203389771
1779843345,61.2533898305067
1779843360,61.257627118643775
1779843375,61.58050847457578
1779843390,61.89915254237071
1779843405,61.84322033898305
1779843420,61.73050847457488
1779843435,61.62372881355962
1779843450,61.651694915255916
1779843465,61.766360906025
1779843480,61.71864406779898
1779843495,61.714406779661914
1779843510,61.45508474576133
1779843525,61.63813559321925
1779843540,61.58050847457578
1779843555,61.295762711862636
1779843570,61.391525423729895
1779843585,61.5322033898319
1779843600,61.409322033898704
1779843615,61.631355932200925
1779843630,61.70873417807366
1779843645,61.869491525426
1779843660,61.5618644067766
1779843675,61.39406779661116
1779843690,61.104237288133035
1779843705,61.21355932203449
1779843720,61.45762711864259
1779843735,61.7533898305062
1779843750,61.714406779661914
1779843765,61.8728813559327
1779843780,61.67288135593141
1779843795,61.80593220338717
1779843810,61.956779661021585
1779843825,62.132203389830806
1779843840,62.157627118643376
1779843855,62.06864406779691
1779843870,61.816949152540104
1779843885,61.72796610169857
1779843900,61.90847457626782
1779843915,61.450847457624256
1779843930,61.50084745762889
1779843945,61.5644067796628
1779843960,61.63220338982883
1779843975,61.618644067794634
1779843990,61.40169491525247
1779844005,61.49661016948935
1779844020,61.2677966101688
1779844035,61.057627118642486
1779844050,61.066101694914174
1779844065,60.97372881355854
1779844080,60.95593220338973
1779844095,61.1127118644047
1779844110,60.970338983049366
1779844125,60.961864406777686
1779844140,60.969491525423926
1779844155,61.03220338983238
1779844170,61.24406779661204
1779844185,61.16949152542275
1779844200,61.17261811944705
1779844215,60.88644067796542
1779844230,60.77118644067846
1779844245,60.87033898304996
1779844260,61.06355932203045
1779844275,60.79152542372852
1779844290,61.17033898305312
1779844305,61.42457627118625
1779844320,61.36525423728696
1779844335,61.62457627118999
1779844350,61.349999999999405
1779844365,61.580508474578245
1779844380,61.45423728813589
1779844395,61.49745762711727
1779844410,61.78728813559293
1779844425,61.87881355932312
1779844440,61.872881355935164
1779844455,62.126271186440384
1779844470,62.15762711864584
1779844485,62.318644067797905
1779844500,62.27457627118862
1779844515,62.681355932204575
1779844530,62.85254237288165
1779844545,62.93559322034017
1779844560,62.861864406776306
1779844575,63.0635593220334
1779844590,63.07118644067964
1779844605,62.88050847457548
1779844620,62.83135593220368
1779844635,62.58050847457726
1779844650,62.74406779660563
1779844665,62.42796610169442
1779844680,62.20762711864308
1779844695,62.401694915256414
1779844710,62.356779661019225
1779844725,61.91779661016742
1779844740,61.77966101695163
1779844755,61.684745762712254
1779844770,61.48559322033642
1779844785,61.49237288135721
1779844800,61.47118644067678
1779844815,61.35762711864072
1779844830,61.246610169490836
1779844845,61.04067796610653
1779844860,60.9161016949126
1779844875,60.890677966100014
1779844890,60.7900963383305
1779844905,60.90762711864337
1779844920,60.659588748553226
1779844935,60.77033898305055
1779844950,61.01525423728902
1779844965,60.911864406780445
1779844980,60.8881355932237
1779844995,60.76271186440432
1779845010,61.053389830510355
1779845025,61.422881355930436
1779845040,61.24406779661451
1779845055,61.62372881355962
1779845070,61.80762711864298
1779845085,62.403389830507294
1779845100,62.174576271184264
1779845115,62.08813559322153
1779845130,62.33474576271334
1779845145,62.211864406782624
1779845160,61.708474576271485
1779845175,61.83813559321807
1779845190,61.830508474579226
1779845205,61.753389830508674
1779845220,62.22033898304937
1779845235,61.95423728813787
1779845250,61.904237288133224
1779845265,61.775423728812086
1779845280,61.77372881355873
1779845295,61.76890326166748
1779845310,61.42881355932085
1779845325,61.42372881355587
1779845340,61.37288135593073
1779845355,61.29745762712091
1779845370,60.935593220339676
1779845385,60.78559322034056
1779845400,60.941525423730106
1779845415,61.076271186441666
1779845430,61.10000000000089
1779845445,61.40677966101744
1779845460,61.55084745762613
1779845475,61.29745762712091
1779845490,61.496610169486885
1779845505,61.42033898304917
1779845520,61.389830508474084
1779845535,61.50593220338647
1779845550,61.59661016949123
1779845565,61.47542372881385
1779845580,61.47581550017671
1779845595,61.48559322033642
1779845610,61.555932203391116
1779845625,61.4661016949118
1779845640,61.394915254236594
1779845655,61.533050847457325
1779845670,61.36864406779365
1779845685,61.3101694915272
1779845700,61.3491525423715
1779845715,61.17372881356229
1779845730,61.101694915254235
1779845745,61.19745762711657
1779845760,61.241525423725854
1779845775,61.20677966101863
1779845790,61.233898305084544
1779845805,61.09152542372674
1779845820,61.17457627118525
1779845835,61.22711864406869
1779845850,61.10000000000089
1779845865,61.03983050847121
1779845880,61.083898305082975
1779845895,61.282203389830904
1779845910,61.29745762712091
1779845925,61.138135593219744
1779845940,60.83220338983357
1779845955,60.83983050847734
1779845970,60.91779661017087
1779845985,60.77627118644098
1779846000,60.90423728813668
1779846015,60.78644067796848
1779846030,60.796610169493505
1779846045,60.77711864406642
1779846060,60.85762711864614
1779846075,60.87627118644286
1779846090,60.908474576273754
1779846105,60.89915254237417
1779846120,60.98559322033692
1779846135,61.22457627118742
1779846150,61.19491525423532
1779846165,61.427118644067505
1779846180,61.54576271186609
1779846195,61.78135593220251
1779846210,62.11864406779415
1779846225,62.067796610169005
1779846240,62.36186440677927
1779846255,62.73220338983465
1779846270,62.43813559321944
1779846285,62.701694915254635
1779846300,62.67881355932332
1779846315,62.49322033898167
1779846330,62.65169491525493
1779846345,62.645762711864506
1779846360,62.98220338983318
1779846375,63.055335218070276
1779846390,62.88983050847507
1779846405,62.902542372881356
1779846420,63.11016949152395
1779846435,63.172033898306964
1779846450,63.29745762711647
1779846465,63.11779661017019
1779846480,62.97711864407065
1779846495,63.666101694916044
1779846510,63.647457627119344
1779846525,63.807627118648405
1779846540,63.927118644067505
1779846555,63.625423728815925
1779846570,63.279661016950136
1779846585,63.17542372881613
1779846600,63.14491525423611
1779846615,63.37711864407076
1779846630,63.1372881355948
1779846645,62.78898305084775
1779846660,62.81101694915117
1779846675,62.749152542373075
1779846690,62.867796610169194
1779846705,62.699152542375835
1779846720,62.68135593220211
1779846735,62.549152542374266
1779846750,62.62288135593073
1779846765,62.267796610167814
1779846780,61.978813559320066
1779846795,61.505084745763504
1779846810,61.4593220338984
1779846825,61.26016949152749
1779846840,61.23813559322162
1779846855,61.22822896116127
1779846870,61.273728813559224
1779846885,61.04661016949202
1779846900,60.86864406779908
1779846915,60.64152542372694
1779846930,60.81610169491072
1779846945,60.840677966102774
1779846960,60.427118644068486
1779846975,60.53702058996981
1779846990,60.481355932205275
1779847005,60.279661016950634
1779847020,60.21779661017008
1779847035,60.24745762711973
1779847050,60.11610169491486
1779847065,60.16016949151921
1779847080,60.05677966101557
1779847095,60.08644067796769
1779847110,59.81610169491417
1779847125,59.83728813559214
1779847140,59.90847457627474
1779847155,59.99406779661205
1779847170,60.42966101694975
1779847185,60.75423728813757
1779847200,60.72542372881089
1779847215,60.6898305084733
1779847230,60.49067796610239
1779847245,60.72203389830666
1779847260,60.71864406779503
1779847275,60.58305084745555
1779847290,60.679661016950725
1779847305,60.85847457626912
1779847320,60.74745762711677
1779847335,60.764406779655204
1779847350,60.930508474574694
1779847365,60.825423728812765
1779847380,60.604237288135984
1779847395,60.269491525423135
1779847410,60.164406779658755
1779847425,59.855084745760934
1779847440,59.566101694913186
1779847455,58.94237288135751
1779847470,58.6076271186422
1779847485,58.1584745762703
1779847500,57.80932203390028
1779847515,57.379661016950536
1779847530,56.912711864404905
1779847545,56.21779661016664
1779847560,55.51949152542659
1779847575,54.91864406779977
1779847590,54.116101694915855
1779847605,53.016101694912486
1779847620,52.139830508474574
1779847635,50.970338983049366
1779847650,49.829661016948364
1779847665,48.86525423728696
1779847680,48.00338983051113
1779847695,46.934745762715714
1779847710,45.94406779661382
1779847725,45.07203389830805
1779847740,44.10084745762583
1779847755,43.355932203390324
1779847770,42.725423728816324
1779847785,42.29661016949202
1779847800,41.82118644067718
1779847815,41.452542372880075
1779847830,40.77332727679549
1779847845,40.182203389827556
1779847860,39.88644067796393
1779847875,39.589830508474876
1779847890,39.612711864406194
1779847905,39.567796610169005
1779847920,39.63983050847705
1779847935,39.52118644067599
1779847950,39.64661016949045
1779847965,39.675423728812184
1779847980,39.61694915254079
1779847995,39.71016949152434
1779848010,39.769491525426105
1779848025,39.8076271186425
1779848040,40.09322033898355
1779848055,40.10169491525522
1779848070,40.22288135593507
1779848085,40.152542372880376
1779848100,39.95847457626951
1779848115,39.92186308242482
1779848130,40.09915254237397
1779848145,40.41355932203182
1779848160,40.54661016949005
1779848175,40.43728813559105
1779848190,40.391525423728424
1779848205,40.20254237288255
1779848220,40.144067796613626
1779848235,40.14406779661116
1779848250,40.22203389830222
1779848265,40.374576271185056
1779848280,40.33389830508741
1779848295,40.39576271186549
1779848310,40.51355932202877
1779848325,40.77372881355479
1779848340,40.80508474576025
1779848355,40.689830508475765
1779848370,40.61440677966102
1779848385,40.5135593220337
1779848400,40.40932203389722
1779848415,40.44067796610269
1779848430,40.39830508474675
1779848445,40.41525423729257
1779848460,40.54999999999922
1779848475,40.47372881355656
1779848490,40.42457627118723
1779848505,40.4347457627098
1779848520,40.505932203392405
1779848535,40.479661016951916
1779848550,40.34067796610081
1779848565,40.435593220340174
1779848580,40.50677966101537
1779848595,40.46610169491278
1779848610,40.299152542375246
1779848625,40.26271186440974
1779848640,40.36355932203213
1779848655,40.54067796610209
1779848670,40.380508474575485
1779848685,40.68050847457617
1779848700,40.79322033898434
1779848715,40.63644067796442
1779848730,40.55508474575926
1779848745,40.53474576271414
1779848760,40.654237288133224
1779848775,40.72542372881583
1779848790,40.59745762711766
1779848805,40.770338983048084
1779848820,40.7533898305072
1779848835,40.804237288137266
1779848850,40.621186440674414
1779848865,40.78305084745437
1779848880,40.50084745762742
1779848895,40.42288135592895
1779848910,40.627966101695215
1779848925,40.45338983050404
1779848940,40.461864406780656
1779848955,40.417796610171365
1779848970,40.333050847457045
1779848985,40.31949152542038
1779849000,40.33728813559658
1779849015,40.640677966099034
1779849030,40.686440677966594
1779849045,40.62372881356061
1779849060,40.48220338983071
1779849075,40.58220338983012
1779849090,40.46864406779651
1779849105,40.46864406779898
1779849120,40.554237288136285
1779849135,40.40762711864387
1779849150,40.40932203389722
1779849165,40.53728813559292
1779849180,40.52288135593576
1779849195,40.5762711864397
1779849210,40.42542372881267
1779849225,40.350000000002865
1779849240,40.30508474576321
1779849255,40.227966101692644
1779849270,40.09237288135563
1779849285,39.74576271186441
1779849300,39.73813559321571
1779849315,39.29406779661125
1779849330,38.95254237288255
1779849345,39.038135593222314
1779849360,39.04406779661027
1779849375,39.00570502672686
1779849390,38.907627118642885
1779849405,38.82203389830311
1779849420,38.71186440678114
1779849435,38.66186440677897
1779849450,38.576271186441666
1779849465,38.399999999999615
1779849480,38.32881355932194
1779849495,38.33644067796571
1779849510,38.574576271185855
1779849525,38.48813559322064
1779849540,38.5584745762704
1779849555,38.5194915254261
1779849570,38.53220338983239
1779849585,38.69067796610071
1779849600,38.8093220338993
1779849615,39.07966101694787
1779849630,38.93898305084589
1779849645,38.925423728811694
1779849660,39.082616389044986
1779849675,39.21101694915274
1779849690,39.39152542373188
1779849705,39.19915254236943
1779849720,39.38983050847359
1779849735,39.57796610169403
1779849750,39.844067796607995
1779849765,39.92881355932233
1779849780,39.969491525424914
1779849795,39.78389830508326
1779849810,39.755084745763995
1779849825,39.6813559322026
1779849840,39.71864406779848
1779849855,39.816101694919105
1779849870,39.67033898304967
1779849885,39.531355932203496
1779849900,39.2593220338991
1779849915,39.32033898305174
1779849930,39.49152542372635
1779849945,39.43728813559451
1779849960,39.518644067797204
1779849975,39.38898305085061
1779849990,39.66016949152711
1779850005,39.408474576267835
1779850020,39.316101694914664
1779850035,39.37881355931572
1779850050,39.278813559318785
1779850065,39.17372881355439
1779850080,39.39322033898276
1779850095,39.423728813557844
1779850110,39.45423728813786
1779850125,39.46101694915372
1779850140,39.63389830508169
1779850155,39.374576271186044
1779850170,39.50508474576547
1779850185,39.76525423728656
1779850200,39.778813559323225
1779850215,39.75593220338944
1779850230,39.86271186440964
1779850245,39.69406779661136
1779850260,39.54576271186312
1779850275,39.684745762709305
1779850290,39.57627118644068
1779850305,39.73813559321571
1779850320,39.68389830508385
1779850335,39.623728813559126
1779850350,39.60932203389456
1779850365,39.838135593220045
1779850380,39.73220338983268
1779850395,39.751255923690934
1779850410,39.71016949151941
1779850425,39.796610169489554
1779850440,39.74152542372733
1779850455,39.8741364465309
1779850470,39.71610169491723
1779850485,39.75677966101981
1779850500,39.92711864406652
1779850515,39.88728813559184
1779850530,39.979661016947475
1779850545,40.16271186440786
1779850560,40.15084745762949
1779850575,39.82881355932293
1779850590,39.79237288135495
1779850605,39.84576271186382
1779850620,40.03813559322133
1779850635,40.264406779660625
1779850650,40.58305084745556
1779850665,41.213559322032026
1779850680,41.23728813559124
1779850695,41.443220338982954
1779850710,41.4135593220333
1779850725,41.432203389830015
1779850740,41.30468681143552
1779850755,41.37203389830528
1779850770,41.32881355932144
1779850785,41.26186440677838
1779850800,40.969491525423926
1779850815,41.61186440677878
1779850830,41.70847457626902
1779850845,41.68389830508189
1779850860,41.86101694915185
1779850875,41.83813559321807
1779850890,41.8093220338988
1779850905,41.887288135592335
1779850920,41.915254237288636
1779850935,41.78220338982794
1779850950,40.87881355932165
1779850965,40.75847457627218
1779850980,40.415254237290114
1779850995,40.409322033899684
1779851010,40.26186440677937
1779851025,40.18644067796955
1779851040,40.322033898306564
1779851055,40.61186440678469
1779851070,40.53389830508376
1779851085,40.6059322033918
1779851100,40.66440677965826
1779851115,39.9234923034678
1779851130,39.83305084745506
1779851145,39.8288135593254
1779851160,39.76694915254484
1779851175,39.839830508475856
1779851190,39.71355932203598
1779851205,39.73559322034185
1779851220,39.50254237287929
1779851235,39.6533898305063
1779851250,39.59152542372576
1779851265,39.71949152542393
1779851280,39.683898305083865
1779851295,39.693220338978506
1779851310,39.699152542371394
1779851325,39.75762711864525
1779851340,39.62033898305243
1779851355,39.40254237287741
1779851370,39.471186440676284
1779851385,39.76440677966112
1779851400,40.00762711864624
1779851415,40.26101694915146
1779851430,40.030508474575086
1779851445,39.944067796612345
1779851460,39.99152542373079
1779851475,40.26186440678183
1779851490,40.18305084745792
1779851505,40.1313559322024
1779851520,40.22542372881139
1779851535,39.9957627118654
1779851550,39.85593220338638
1779851565,39.85932203390048
1779851580,40.0881355932235
1779851595,40.18898305084835
1779851610,40.115254237286955
1779851625,40.056779661015575
1779851640,39.73559322033938
1779851655,39.82457627118832
1779851670,39.5228813559318
1779851685,39.282203389830414
1779851700,39.26779661017078
1779851715,39.38474576271107
1779851730,39.57881355932194
1779851745,39.99661016949083
1779851760,40.3084745762699
1779851775,40.73728813559667
1779851790,41.223728813559525
1779851805,41.87796610169521
1779851820,42.62881355932361
1779851835,43.65084745762604
1779851850,44.65423728813914
1779851865,45.49830508474862
1779851880,46.28898305084923
1779851895,47.795762711863624
1779851910,49.244915254237
1779851925,50.782203389831395
1779851940,52.554237288136775
1779851955,54.02834605097748
1779851970,55.73843567161941
1779851985,58.10593220338687
1779852000,60.67881355932529
1779852015,63.2686440677972
1779852030,65.79406779661224
1779852045,68.12796610169273
1779852060,70.36610169491091
1779852075,72.65169491525492
1779852090,74.11779661017167
1779852105,75.53305084745831
1779852120,76.60677966101379
1779852135,77.87711864406633
1779852150,78.6576271186493
1779852165,79.83983050847338
1779852180,80.5483050847434
1779852195,80.70338983051242
1779852210,81.45169491525218
1779852225,81.76186440678035
1779852240,82.14745762712082
1779852255,82.42711864406651
1779852270,82.84661016948877
1779852285,81.89067796610149
1779852300,81.08220338983209
1779852315,80.09915254236904
1779852330,79.49661016949132
1779852345,78.76949152542215
1779852360,77.82711864406416
1779852375,76.96202059646757
1779852390,77.09645489121881
1779852405,77.10084745762535
1779852420,76.96355932203498
1779852435,76.59576271186579
1779852450,76.54661016949153
1779852465,76.2533898305067
1779852480,76.00084745762692
1779852495,75.75338983050719
1779852510,76.0449152542362
1779852525,75.82772028190028
1779852540,75.77542372881308
1779852555,75.84237288135614
1779852570,75.93296926430338
1779852585,76.11016949152345
1779852600,76.15508474576063
1779852615,75.73813559321718
1779852630,75.62796610169521
1779852645,75.1915254237296
1779852660,75.28389830508524
1779852675,75.08135593220024
1779852690,75.28983050847566
1779852705,75.22542372881385
1779852720,74.84661016949173
1779852735,74.94067796610071
1779852750,74.56694915254356
1779852765,74.73728813559273
1779852780,74.56271186440895
1779852795,74.53898305084972
1779852810,74.56779661017147
1779852825,74.69661016949014
1779852840,74.85762711864713
1779852855,75.89322033898621
1779852870,75.55677966101754
1779852885,75.64661016948946
1779852900,75.93026369759781
1779852915,76.08220338982962
1779852930,75.97627118643979
1779852945,76.25169491525334
1779852960,76.5661016949112
1779852975,76.65932203389723
1779852990,76.55169491525405
1779853005,76.51694915253941
1779853020,76.98220338983415
1779853035,77.00762711864427
1779853050,77.33813559322004
1779853065,77.48305084745664
1779853080,77.66440677965875
1779853095,77.85508474576784
1779853110,77.80508474576321
1779853125,78.05677966101507
1779853140,77.41101694915353
1779853155,76.98728813559174
1779853170,77.26525423728657
1779853185,77.0186440677972
1779853200,77.5771186440681
1779853215,77.52457627118467
1779853230,77.6278144258613
1779853245,77.85847457626961
1779853260,77.96031891309153
1779853275,77.87118644067836
1779853290,78.052542372878
1779853305,77.98898305084904
1779853320,78.0559322033921
1779853335,78.16949152542077
1779853350,77.58644067796521
1779853365,77.98728813559075
1779853380,78.52711864406494
1779853395,78.51355932203568
1779853410,79.40423728813569
1779853425,79.34745762711766
1779853440,79.24067796610485
1779853455,79.22711864406573
1779853470,79.01779661016732
1779853485,78.91949152542372
1779853500,78.74152542372832
1779853515,79.01694915254188
1779853530,78.4557861409229
1779853545,78.41864406779632
1779853560,78.5805084745738
1779853575,78.32881355931947
1779853590,78.24491525423798
1779853605,78.22966101694797
1779853620,78.07033898304681
1779853635,77.89406779661215
1779853650,78.47627118644226
1779853665,77.80084745762613
1779853680,77.55254237288096
1779853695,77.05338983050936
1779853710,76.24322033898414
1779853725,76.32288135593595
1779853740,76.59915254237002
1779853755,76.78389830508377
1779853770,76.9728813559321
1779853785,77.1127118644062
1779853800,76.64745762711884
1779853815,76.8271186440676
1779853830,76.46694915254464
1779853845,76.88474576271108
1779853860,76.38559322034195
1779853875,76.65847457626931
1779853890,76.34322033898108
1779853905,76.76949152541918
1779853920,76.90423728813569
1779853935,76.84576271186431
1779853950,76.84745762711765
1779853965,76.65000000000009
1779853980,76.74406779660909
1779853995,76.92118644067905
1779854010,77.15338983050384
1779854025,77.03389830508475
1779854040,76.96864406779996
1779854055,76.5838983050874
1779854070,76.52163595993083
1779854085,76.48813559322014
1779854100,76.70508474576232
1779854115,76.89960846794122
1779854130,77.40254237288184
1779854145,77.37203389830675
1779854160,77.63220338983031
1779854175,78.09704288043451
1779854190,78.36186440677828
1779854205,78.09384502215603
1779854220,77.82457627118782
1779854235,77.61463442744699
1779854250,77.5635593220339
1779854265,77.87966101695004
1779854280,77.89661016949093
1779854295,77.48474576271246
1779854310,77.68305084745792
1779854325,77.45084745762574
1779854340,77.71186440677967
1779854355,77.77796610169729
1779854370,77.98474576271444
1779854385,77.73728813559224
1779854400,77.47881355931958
1779854415,77.26355932203568
1779854430,77.12288135593121
1779854445,77.34915254237298
1779854460,76.89406779661067
1779854475,76.86186440677976
1779854490,76.89406779661067
1779854505,76.7745762711891
1779854520,77.29915254237574
1779854535,77.39152542372645
1779854550,77.57372881355893
1779854565,76.96610169491625
1779854580,77.2966101694871
1779854595,77.0093220338976
1779854610,76.90593220338657
1779854625,76.81355932203587
1779854640,76.76880156744662
1779854655,76.21355932203696
1779854670,76.0610169491566
1779854685,75.91355932203379
1779854700,75.96779661017058
1779854715,75.90254237288086
1779854730,75.85169491525818
1779854745,76.19152542372862
1779854760,75.93898305084637
1779854775,75.9008474576275
1779854790,75.29406779661028
1779854805,75.64067796610396
1779854820,75.13220338983031
1779854835,75.2415254237293
1779854850,75.0991525423715
1779854865,75.43534341026823
1779854880,75.44322033898148
1779854895,75.77711864407135
1779854910,75.96610169491476
1779854925,75.83898305084696
1779854940,76.32542372881228
1779854955,76.14915254237269
1779854970,76.34576271186233
1779854985,76.2491525423721
1779855000,76.86525423728646
1779855015,76.46949152542591
1779855030,76.69406779660692
1779855045,76.2406779661004
1779855060,76.19830508474695
1779855075,76.5440677966078
1779855090,77.13983050847457
1779855105,77.04999999999526
1779855120,76.76610169491742
1779855135,77.07118644068063
1779855150,76.62372881356208
1779855165,76.43728813559007
1779855180,76.10762711864466
1779855195,76.40508474576163
1779855210,76.00169491525236
1779855225,76.31271186440846
1779855240,75.9457627118647
1779855255,76.20847457626951
1779855270,76.39745762711784
1779855285,76.46864406780047
1779855300,76.51271186440727
1779855315,76.40932203389623
1779855330,76.54406779661028
1779855345,76.36864406779858
1779855360,76.41101694914958
1779855375,76.13728813559678
1779855390,76.20254237288155
1779855405,76.42118644067462
1779855420,76.28474576271216
1779855435,76.23728813559619
1779855450,76.93728813558958
1779855465,76.93305084745742
1779855480,77.1805084745747
1779855495,77.3830508474597
1779855510,77.40338983051222
1779855525,77.55254237288096
1779855540,77.807627118642
1779855555,77.9101694915276
1779855570,77.60169491525522
1779855585,77.58728813559065
1779855600,77.75000000000345
1779855615,77.92542372881267
1779855630,77.93050847457272
1779855645,78.08220338983259
1779855660,77.91694915254345
1779855675,77.76864406779276
1779855690,77.49999999999754
1779855705,77.74152542372931
1779855720,77.5677966101685
1779855735,77.44830508474695
1779855750,77.10847457627158
1779855765,77.18389830508386
1779855780,77.61525423728695
1779855795,77.30677966101457
1779855810,77.36016949152592
1779855825,77.33305084745753
1779855840,77.1169491525408
1779855855,77.34067796610377
1779855870,76.97711864406918
1779855885,77.13644067796788
1779855900,77.27118644067698
1779855915,77.29406779661076
1779855930,77.07457627118485
1779855945,77.02711864406642
1779855960,77.04745762711894
1779855975,77.20593220338974
1779855990,77.36271186440963
1779856005,77.27203389830736
1779856020,77.71440677965845
1779856035,77.77711864406938
1779856050,77.61440677965905
1779856065,77.7652542372836
1779856080,77.52966101694719
1779856095,77.60084745762732
1779856110,77.44930542843976
1779856125,77.30677966101457
1779856140,77.60593220338737
1779856155,77.23050847457932
1779856170,77.53644067796552
1779856185,77.17627118643762
1779856200,76.97118644067875
1779856215,77.17627118643762
1779856230,77.26694915253991
1779856245,77.46694915254119
1779856260,77.73474576271344
1779856275,77.62881355932608
1779856290,77.83220338983159
1779856305,77.71694915254217
1779856320,77.60593220338737
1779856335,77.91610169491555
1779856350,77.75932203390305
1779856365,77.63644067796491
1779856380,77.08389830508692
1779856395,77.19899795930918
1779856410,77.1906779661022
1779856425,77.10847457626912
1779856440,76.81355932203341
1779856455,77.1872881355955
1779856470,77.22118644067729
1779856485,77.22966101694648
1779856500,76.98050847457341
1779856515,77.09406779661441
1779856530,77.04237288135643
1779856545,76.9822033898317
1779856560,77.41271186440687
1779856575,77.51525423728755
1779856590,77.61440677966152
1779856605,77.77696797944057
1779856620,78.05508474576173
1779856635,77.95847457627148
1779856650,78.02118644068241
1779856665,78.08050847457923
1779856680,78.05677966101754
1779856695,78.38050847457252
1779856710,78.46525423728932
1779856725,78.47542372881189
1779856740,77.95508474576478
1779856755,77.66440677966122
1779856770,76.95338983050995
1779856785,77.15847457627129
1779856800,77.0228813559318
1779856815,77.30593220339162
1779856830,76.67542372881513
1779856845,76.59406779660998
1779856860,76.03220338982992
1779856875,75.67118644067905
1779856890,75.61525423728892
1779856905,74.91186440677897
1779856920,75.07627118644018
1779856935,74.53135593220101
1779856950,74.87372881356012
1779856965,74.84322033898256
1779856980,74.62881355932164
1779856995,74.50677966101635
1779857010,74.57711864406859
1779857025,74.75762711864279
1779857040,75.11355932203361
1779857055,75.24237288135721
1779857070,75.41033620111021
1779857085,75.61508891586031
1779857100,75.1694915254262
1779857115,75.21779661017256
1779857130,75.49067796609992
1779857145,75.70677966101911
1779857160,75.31864406779987
1779857175,75.74491525423551
1779857190,76.77372881355873
1779857205,77.78389830508277
1779857220,78.43220338983298
1779857235,79.57033898305026
1779857250,80.43559322034017
1779857265,81.51610169491643
1779857280,82.58135593220517
1779857295,83.44491525423679
1779857310,84.4194915254257
1779857325,85.06949152542433
1779857340,85.73050847457834
1779857355,86.29830508474389
1779857370,86.18813559321946
1779857385,86.38050847457203
1779857400,86.70169491525563
1779857415,86.79915254237378
1779857430,86.8906779661015
1779857445,87.25093389197589
1779857460,87.30593220338913
1779857475,86.71610169491527
1779857490,86.32457627118684
1779857505,85.18983050847379
1779857520,84.67542372881465
1779857535,83.80762711864594
1779857550,83.0805084745743
1779857565,82.37881355932262
1779857580,81.67372881355686
1779857595,80.54915254237623
1779857610,79.80338983050788
1779857625,79.12881355931967
1779857640,78.45338983050847
1779857655,78.61949152542304
1779857670,78.61101694915136
1779857685,78.79745762711599
1779857700,78.65593220338855
1779857715,78.50677966101487
1779857730,77.85254237287918
1779857745,77.73644067796187
1779857760,77.3737288135601
1779857775,77.26271186440776
1779857790,77.07711864406366
1779857805,76.89745762711736
1779857820,76.65508474576261
1779857835,76.73305084746109
1779857850,76.62881355932214
1779857865,76.43644067796708
1779857880,76.15084745762604
1779857895,75.99915254237357
1779857910,75.8713500247455
1779857925,75.8135593220344
1779857940,76.01779661016535
1779857955,75.87711864406582
1779857970,75.87796610169373
1779857985,75.57372881355843
1779858000,75.66779661017236
1779858015,76.00000000000148
1779858030,76.30932203390176
1779858045,76.43535357986711
1779858060,76.75423728813658
1779858075,76.8771186440673
1779858090,76.67288135593142
1779858105,77.02118644067353
1779858120,76.4677966101701
1779858135,76.97796610169462
1779858150,76.4271186440675
1779858165,76.95932203389543
1779858180,76.7279661016961
1779858195,76.97542372881583
1779858210,76.88220338982981
1779858225,77.04576271186806
1779858240,76.7117065200452
1779858255,76.86271186440767
1779858270,76.80169491525503
1779858285,76.6118644067763
1779858300,76.86525423728892
1779858315,76.03389830508081
1779858330,76.2322033898312
1779858345,76.15762711864437
1779858360,76.00593220338698
1779858375,76.14576271186351
1779858390,76.06101694914919
1779858405,75.94322033898344
1779858420,75.99152542372734
1779858435,76.2220338983037
1779858450,76.31525423728725
1779858465,76.37711864407026
1779858480,76.31864406779395
1779858495,76.47711864406968
1779858510,76.47457627118595
1779858525,76.47033898305381
1779858540,76.83405536233772
1779858555,76.90338983051025
1779858570,76.70015796503056
1779858585,76.74237288135821
1779858600,76.61271186440668
1779858615,76.62966101695004
1779858630,76.99661016949133
1779858645,77.01779661016684
1779858660,77.03050847457558
1779858675,76.9796610169455
1779858690,77.14406779661165
1779858705,77.53135593220053
1779858720,77.3516949152567
1779858735,77.37711864406435
1779858750,77.31355932203292
1779858765,77.24661016949231
1779858780,76.95084745762624
1779858795,77.3449152542359
1779858810,76.93813559321995
1779858825,77.2406779661019
1779858840,76.7881355932233
1779858855,77.22588693111405
1779858870,77.53050847457756
1779858885,77.59745762711815
1779858900,77.47033898305529
1779858915,77.48220338983367
1779858930,77.66016949152414
1779858945,77.24152542372732
1779858960,76.99745762711923
1779858975,76.89661016949192
1779858990,76.77881355932371
1779859005,76.38135593220487
1779859020,76.20169491525611
1779859035,75.89067796610001
1779859050,76.26440677966211
1779859065,76.13898305084766
1779859080,76.42288135593043
1779859095,76.08305084745506
1779859110,76.23644067796828
1779859125,76.50508474575857
1779859140,76.40847457627574
1779859155,76.2949152542372
1779859170,76.01271186440283
1779859185,76.0449152542362
1779859200,76.10153289175088
1779859215,76.08474576271334
1779859230,75.70932203390038
1779859245,76.42627118643959
1779859260,77.28328186493039
1779859275,77.47118644067827
1779859290,77.47966101694747
1779859305,77.5033898305141
1779859320,77.73644067796432
1779859335,77.69237288135504
1779859350,77.39815185187598
1779859365,77.33305084745753
1779859380,77.4118644067765
1779859395,77.48544057925955
1779859410,77.18543854535169
1779859425,77.3288135593254
1779859440,77.21032399780232
1779859455,77.0110169491485
1779859470,77.23135593220724
1779859485,77.20000000000178
1779859500,77.07966101694984
1779859515,76.86101694915432
1779859530,77.09237288135367
1779859545,76.87203389830233
1779859560,76.16101694915601
1779859575,76.13135593220389
1779859590,76.23813559322163
1779859605,76.16864406779483
1779859620,76.09915254237545
1779859635,76.15169491525394
1779859650,76.74745762711825
1779859665,76.47457627118595
1779859680,76.71949152542196
1779859695,76.63813559321679
1779859710,76.55084745762612
1779859725,76.43728813559252
1779859740,76.80338983051085
1779859755,76.61271186440668
1779859770,76.85932203389851
1779859785,76.760169491527
1779859800,77.03220338983633
1779859815,77.03220338983387
1779859830,77.08728813559361
1779859845,77.17966101694678
1779859860,77.43898305084736
1779859875,77.72457627118841
1779859890,78.20593220338874
1779859905,78.27457627118515
1779859920,78.15084745762653
1779859935,78.13135593220437
1779859950,77.92288135592895
1779859965,78.12203389830232
1779859980,78.14237288135732
1779859995,78.1315041931929
1779860010,77.90408748533552
1779860025,78.22796610169462
1779860040,78.2542372881351
1779860055,78.0213354485752
1779860070,78.34322033898404
1779860085,78.25762711864179
1779860100,78.3042372881348
1779860115,77.98644067796286
1779860130,77.64576271186698
1779860145,77.48389830508455
1779860160,77.45084745762574
1779860175,76.68389830508929
1779860190,76.73389830508405
1779860205,76.8728813559327
1779860220,77.16694915253804
1779860235,77.16694915254297
1779860250,77.40439047870822
1779860265,77.32288135593251
1779860280,76.88559322033652
1779860295,77.00338983050966
1779860310,77.21355932203844
1779860325,77.40932203389525
1779860340,77.80677966101902
1779860355,77.62288135593072
1779860370,77.62372881355617
1779860385,77.55593220339011
1779860400,77.56186440677561
1779860415,77.38389830508268
1779860430,77.97542372881485
1779860445,78.09152542372478
1779860460,78.32457627118487
1779860475,78.24067796610336
1779860490,78.18474576271079
1779860505,78.31355932203685
1779860520,78.64648655977922
1779860535,78.71779661016663
1779860550,78.92966101695123
1779860565,78.70254237288155
1779860580,78.96200703724044
1779860595,79.16101694915302
1779860610,78.91186440678243
1779860625,79.08898305084992
1779860640,78.59745762711962
1779860655,79.14237288135632
1779860670,78.77966101694965
1779860685,78.90847457627079
1779860700,78.65593220338855
1779860715,78.81440677966427
1779860730,78.52203389830981
1779860745,78.54661016949203
1779860760,78.21355932203745
1779860775,78.39237288135337
1779860790,78.25593220339091
1779860805,78.17203389830449
1779860820,77.92118644067313
1779860835,77.49067796609795
1779860850,77.37881355932262
1779860865,77.35169491525424
1779860880,77.52203389830588
1779860895,76.6855932203377
1779860910,76.75084745762248
1779860925,76.2220338983037
1779860940,76.73050847457736
1779860955,76.23305084745664
1779860970,76.90423728813569
1779860985,77.05338983050443
1779861000,77.18474576270931
1779861015,76.79067796609962
1779861030,76.70000000000228
1779861045,76.80169491525503
1779861060,77.23220338983022
1779861075,77.36949152542304
1779861090,77.20254237288303
1779861105,77.92288135593142
1779861120,78.4635593220335
1779861135,79.65847457626882
1779861150,80.50847457626625
1779861165,81.57288135593201
1779861180,82.48813559322163
1779861195,83.62288135593221
1779861210,83.8957627118645
1779861225,84.82033898304877
1779861240,84.7992555982626
1779861255,85.15000000000158
1779861270,84.69406779661135
1779861285,84.58728813559362
1779861300,84.98559322033789
1779861315,85.16016949152414
1779861330,85.09576271186233
1779861345,85.2432203389802
1779861360,85.1940677966084
1779861375,85.53484383156704
1779861390,85.40847457626931
1779861405,84.4084745762703
1779861420,83.47203389830518
1779861435,83.03389830508623
1779861450,82.45677966101368
1779861465,81.42033898305164
1779861480,80.5847457627089
1779861495,79.81525423728873
1779861510,78.88474576271157
1779861525,78.26186440678133
1779861540,78.08559322033682
1779861555,78.28813559322182
1779861570,78.16610169491408
1779861585,77.94322033898146
1779861600,77.95254237288106
1779861615,77.87796610169175
1779861630,77.83898305084746
1779861645,77.40932203389771
1779861660,77.12711864406829
1779861675,76.80254237288047
1779861690,77.21271186440559
1779861705,77.4466101694936
1779861720,77.80847457627237
1779861735,76.9483050847499
1779861750,77.13644067796541
1779861765,76.97881355932252
1779861780,77.33305084745507
1779861795,77.01610169491842
1779861810,77.58220338982814
1779861825,77.48559322034036
1779861840,77.52796610169138
1779861855,77.3295073186929
1779861870,77.58389830508396
1779861885,77.30254237288244
1779861900,77.12457627118457
1779861915,76.80338983050838
1779861930,77.3076271186425
1779861945,77.55832242930727
1779861960,77.9991525423716
1779861975,77.86525423728547
1779861990,77.8601694915279
1779862005,77.44768697267524
1779862020,77.78050847457854
1779862035,77.89406779660722
1779862050,78.0313559322025
1779862065,78.10762711864268
1779862080,78.23728813559174
1779862095,78.34491525423739
1779862110,78.38644067796787
1779862125,78.48389830508356
1779862140,79.07966101694541
1779862155,79.1576271186488
1779862170,79.22033898304738
1779862185,79.83376158482253
1779862200,79.76271186440776
1779862215,79.66101694914761
1779862230,79.41694915254199
1779862245,79.55169491525601
1779862260,79.31779661017048
1779862275,79.51694915254386
1779862290,79.56271186440895
1779862305,79.84406779661046
1779862320,79.22966101694945
1779862335,79.6686440677988
1779862350,79.3711864406769
1779862365,79.57542372881277
1779862380,79.2923728813579
1779862395,79.14830508474675
1779862410,79.34237288135515
1779862425,79.43135593220161
1779862440,79.30367045870554
1779862455,79.11949152542255
1779862470,79.11355932203459
1779862485,78.92627118643959
1779862500,79.3194915254263
1779862515,79.37627118644185
1779862530,79.10338983050956
1779862545,78.88919773697089
1779862560,79.11949152542255
1779862575,78.91016949152414
1779862590,78.84300518310158
1779862605,79.13983050847754
1779862620,78.95338983050799
1779862635,78.85169491525522
1779862650,78.76864406779917
1779862665,78.66949152542522
1779862680,78.60847457626762
1779862695,78.36864406779661
1779862710,78.07457627118634
1779862725,78.06864406779839
1779862740,78.10000000000386
1779862755,78.14745762711983
1779862770,77.92542372881513
1779862785,77.77966101695063
1779862800,77.78728813559194
1779862815,77.46779661017403
1779862830,77.46779661016663
1779862845,77.41694915254396
1779862860,77.49152542372832
1779862875,77.0813559322032
1779862890,77.26525423728657
1779862905,77.20323527617137
1779862920,77.66610169491703
1779862935,77.20762711864309
1779862950,77.12711864406829
1779862965,76.9228813559324
1779862980,77.36271186440717
1779862995,77.59830508474606
1779863010,77.43983050847527
1779863025,77.46101694915323
1779863040,77.29661016948955
1779863055,77.5288135593242
1779863070,77.80254237288196
1779863085,78.25338983051213
1779863100,77.79406779661026
1779863115,78.50762711864525
1779863130,78.45254237288057
1779863145,78.72372881355705
1779863160,78.56949152542086
1779863175,79.00677966101685
1779863190,78.76355932203666
1779863205,78.42394823103938
1779863220,77.96186440678065
1779863235,78.79661016949301
1779863250,78.62372881355765
1779863265,78.92118644067955
1779863280,78.91271186440787
1779863295,79.00254237288225
1779863310,78.94152542372962
1779863325,78.78644067796799
1779863340,78.96440677966092
1779863355,78.84661016949023
1779863370,78.5983050847426
1779863385,78.38983050847705
1779863400,78.32627118644068
1779863415,78.06016949152423
1779863430,78.20169491525414
1779863445,77.6779661016954
1779863460,77.8516949152562
1779863475,77.48728813559372
1779863490,77.81610169491367
1779863505,77.69661016949212
1779863520,77.98050847457243
1779863535,77.38813559321976
1779863550,77.76101694915145
1779863565,77.32542372881376
1779863580,77.5404495638923
1779863595,77.91864406779435
1779863610,78.07203389830508
1779863625,78.49406779661106
1779863640,78.40508474576212
1779863655,77.9813559322028
1779863670,78.09561420755385
1779863685,78.1847457627157
1779863700,77.9525423728786
1779863715,78.00084745763235
1779863730,77.76271186440728
1779863745,78.00169491525286
1779863760,77.8983050847443
1779863775,77.79661016949153
1779863790,77.6845944718288
1779863805,77.87033898305044
1779863820,77.9593220338994
1779863835,78.21016949152582
1779863850,78.36610169492029
1779863865,78.43404451495155
1779863880,78.29745762711894
1779863895,77.4500000000003
1779863910,77.1778113749909
1779863925,76.56694915254405
1779863940,76.62033898305044
1779863955,76.8415254237297
1779863970,76.9847457627154
1779863985,77.24661016948986
1779864000,77.4889830508446
1779864015,77.63898305084618
1779864030,77.83728813559165
1779864045,77.40146509964478
1779864060,77.34322033898502
1779864075,76.8449152542364
1779864090,76.666949152541
1779864105,76.68813559322143
1779864120,75.94237288135554
1779864120,75.94237288135554
1779864135,75.45762711864357
1779864150,75.1101694915269
1779864165,74.49830508474467
1779864180,74.06271186440698
1779864195,74.15999430504584
1779864210,73.77372881355923
1779864225,73.56694915254207
1779864240,73.1372881355948
1779864255,72.63389830508366
1779864270,72.23559322033938
1779864285,71.44915254237091
1779864300,70.74322033898217
1779864315,70.19576271186175
1779864330,69.58644067796817
1779864345,68.99714234381906
1779864360,68.7957627118651
1779864375,68.52627118644443
1779864390,67.98559322033988
1779864405,67.56694915254306
1779864420,67.31694915253715
1779864435,66.95932203390038
1779864450,66.55508474576321
1779864465,66.50084745762396
1779864480,66.10508474576339
1779864495,65.67542372881611
1779864510,65.09830508474359
1779864525,64.51864406779474
1779864540,64.31101694914967
1779864555,63.523728813558236
1779864570,62.979661016951916
1779864585,62.38389830508514
1779864600,61.80593220338964
1779864615,61.167796610169404
1779864630,60.596610169492216
1779864645,60.27796610169482
1779864660,59.64576271186747
1779864675,59.120338983050445
1779864690,58.571186440679156
1779864705,57.79830508474241
1779864720,57.20423728813392
1779864735,56.44999999999635
1779864750,56.15084745762851
1779864765,55.394915254240054
1779864780,54.69067796609972
1779864795,54.06355932202995
1779864810,53.57372881355794
1779864825,53.036440677965025
1779864840,52.522881355933784
1779864855,51.97118644068123
1779864870,51.361864406780256
1779864885,51.2389830508446
1779864900,50.61694915253734
1779864915,50.22203389830222
1779864930,49.98305084745911
1779864945,49.44949525765681
1779864960,49.20254237288106
1779864975,48.89610917892093
1779864990,48.398305084746255
1779865005,48.46186440678015
1779865020,48.144915254236096
1779865035,47.598305084748525
1779865050,47.14745762711835
1779865065,46.96610169491624
1779865080,46.897457627119834
1779865095,46.73305084745368
1779865110,46.170338983050655
1779865125,46.066949152539614
1779865140,45.91949152542423
1779865155,45.57203389830755
1779865170,45.51694915253793
1779865185,45.45169491525562
1779865200,45.20762711864506
1779865215,45.836440677965705
1779865230,45.69661016948916
1779865245,45.77627118644097
1779865260,46.06016949152375
1779865275,46.26186440677837
1779865290,46.429661016948764
1779865305,45.843220338981574
1779865320,46.022033898302425
1779865335,45.71779661016959
1779865350,45.92118644067757
1779865365,46.04322033898532
1779865380,45.95677966101517
1779865395,45.93813559322093
1779865410,46.02233243049989
1779865425,46.01864406780065
1779865440,46.280508474575086
1779865455,46.530508474576074
1779865470,46.67288135593388
1779865485,46.93050847457617
1779865500,46.96271186440708
1779865515,46.353389830508576
1779865530,46.371731812893756
1779865545,46.11488891450388
1779865560,46.0237288135607
1779865575,45.84830508474902
1779865590,45.75508474576301
1779865605,45.64237288135238
1779865620,45.65169491525197
1779865635,45.73474576271048
1779865650,45.48474576271444
1779865665,45.360169491525426
1779865680,45.2254237288114
1779865695,45.32457627118536
1779865710,45.3398305084729
1779865725,45.466949152543165
1779865740,45.45084745762771
1779865755,46.076271186441666
1779865770,46.62711864406879
1779865785,47.577966101696
1779865800,48.38728813559332
1779865815,49.96440677966486
1779865830,51.48135593220675
1779865845,52.92457627118476
1779865860,54.54067796610308
1779865875,56.82627118643969
1779865890,59.24322033898364
1779865905,61.60677966101626
1779865920,63.79576271186262
1779865935,66.0762711864392
1779865950,68.16547006461269
1779865965,71.07881355932045
1779865980,73.39406779660919
1779865995,75.76016949152799
1779866010,77.7686440677977
1779866025,79.78474576271364
1779866040,81.71864406779652
1779866055,83.04322033898582
1779866070,84.13389830508959
1779866085,85.32881355932243
1779866100,86.3084745762714
1779866115,87.32457627118585
1779866130,87.87203389830134
1779866145,88.47033898304937
1779866160,88.77711864406838
1779866175,88.97542372881139
1779866190,89.0271186440669
1779866205,89.39152542372693
1779866220,89.33898305084844
1779866235,89.11016949152543
1779866250,89.29661016949004
1779866265,88.95254237288007
1779866280,88.87457627118407
1779866295,88.88050847457696
1779866310,88.81779661016851
1779866325,88.92033898305164
1779866340,88.91610169491703
1779866355,88.76016949152503
1779866370,89.27881355932125
1779866385,89.1864406779656
1779866400,89.36525423728892
1779866415,89.68474576271423
1779866430,89.42966101694827
1779866445,89.92789781625835
1779866460,90.03474576271216
1779866475,89.71525423729179
1779866490,89.73389830508356
1779866505,89.92457627118526
1779866520,89.76949152542609
1779866535,89.5500000000002
1779866550,89.35338983050808
1779866565,89.36094481995926
1779866580,89.40423728813323
1779866595,89.4059322033915
1779866610,89.31186440677759
1779866625,89.67627118644008
1779866640,89.83983050847586
1779866655,89.6737288135613
1779866670,89.53050847457806
1779866685,89.33474576271138
1779866700,89.29830508474586
1779866715,88.92881355932086
1779866730,88.73813559322163
1779866745,88.44237288135554
1779866760,88.33890399256894
1779866775,88.37542372881
1779866790,88.36101694915284
1779866805,88.10762711864515
1779866820,88.18983050847329
1779866835,88.13644067796443
1779866850,87.9822033898307
1779866865,87.99067796610484
1779866880,87.92966101694728
1779866895,88.14164601715973
1779866910,87.72627118644176
1779866925,87.3728813559322
1779866940,87.35338983051005
1779866955,86.97033898305084
1779866970,86.99576271186342
1779866985,86.64067796610297
1779867000,86.3516949152577
1779867015,86.2974576271209
1779867030,86.09830508474508
1779867045,85.8211864406757
1779867060,85.5983050847431
1779867075,85.38305084745429
1779867090,84.94661016949114
1779867105,84.64152542372545
1779867120,84.47033898304839
1779867135,84.09661016948876
1779867150,83.88220338983278
1779867165,83.62118644067885
1779867180,83.05423728813382
1779867195,82.61101694915234
1779867210,82.01016949152552
1779867225,81.52881355932026
1779867240,80.95847457627592
1779867255,80.99745762711777
1779867270,80.43305084745892
1779867285,80.00762711864378
1779867300,79.22457627118693
1779867315,78.68389830508731
1779867330,77.83135593220616
1779867345,77.44391487399885
1779867360,76.72457627118693
1779867375,76.00016271076029
1779867390,75.2813559322015
1779867405,74.62542372881494
1779867420,73.53898305084824
1779867435,73.05847457626842
1779867450,72.40423728813519
1779867465,71.52881355932026
1779867480,70.68050847457617
1779867495,70.05932203389929
1779867510,69.55932203389979
1779867525,68.92711864406998
1779867540,68.13813559322024
1779867555,67.31186440677956
1779867570,66.69322033898148
1779867585,66.14576271186598
1779867600,65.52796610169334
1779867615,65.0398305084722
1779867630,64.44576271186372
1779867645,63.61186440677926
1779867660,62.94915254237683
1779867675,62.68559322034165
1779867690,62.07542372881524
1779867705,61.577118644069074
1779867720,60.92372881355883
1779867735,60.233050847457626
1779867750,59.64067796610249
1779867765,59.267796610165846
1779867780,58.72429643590903
1779867795,58.0949152542364
1779867810,58.13559322033899
1779867825,58.24406779661007
1779867840,57.62288135593072
1779867855,57.03050847457558
1779867870,56.62033898304799
1779867885,56.21440677965993
1779867900,55.926271186437624
1779867915,55.52826760496629
1779867930,55.32033898305322
1779867945,55.41271186440392
1779867960,55.33050847457578
1779867975,54.88389830508515
1779867990,54.72881355932104
1779868005,54.71271186440559
1779868020,54.97457627118496
1779868035,54.829661016948364
1779868050,54.79322033898533
1779868065,54.69322033898345
1779868080,54.806779661017046
1779868095,54.904626148740896
1779868110,54.27627118644245
1779868125,54.071186440676186
1779868140,54.34576271186431
1779868155,54.70169491525265
1779868170,55.119491525424024
1779868185,55.335593220338296
1779868200,55.86779661017117
1779868215,55.80254237288392
1779868230,55.42118644067806
1779868245,55.052542372880964
1779868260,54.969491525422455
1779868275,55.0694915254268
1779868290,55.24152542372931
1779868305,55.314406779657865
1779868320,55.07033898304976
1779868335,55.132203389830316
1779868350,55.40932203389969
1779868365,55.48813559322112
1779868380,55.657627118649785
1779868395,55.71864406779503
1779868410,55.34067796610327
1779868425,55.53474576271413
1779868440,55.23220338982973
1779868455,55.02881355932174
1779868470,54.78474576270871
1779868485,54.849999999998424
1779868500,54.53898305084726
1779868515,54.99745762711874
1779868530,55.14661016949242
1779868545,55.32118644067866
1779868560,55.260169491526014
1779868575,55.45338983050403
1779868590,55.334745762712856
1779868605,54.952847777303404
1779868620,55.18135593220704
1779868635,54.86610169491388
1779868650,55.02203389830588
1779868665,54.82457627118584
1779868680,54.68389830508386
1779868695,54.59152542372823
1779868710,54.597457627121116
1779868725,54.797457627119925
1779868740,54.95338983050946
1779868755,54.88389830508267
1779868770,54.622881355933686
1779868785,54.38813559322024
1779868800,54.62542372881494
1779868815,54.32966101694885
1779868830,54.40000000000109
1779868845,54.25932203389663
1779868860,54.18644067796807
1779868875,54.03389830508771
1779868890,54.19152542372812
1779868905,54.42627118644157
1779868920,54.50847457627217
1779868935,54.36525423728893
1779868950,54.105084745765375
1779868965,54.45338983050749
1779868980,54.60254237288362
1779868995,54.356470213357674
1779869010,54.154237288137175
1779869025,54.255394878678096
1779869040,54.35847457627306
1779869055,54.56016949152522
1779869070,54.702542372878106
1779869085,54.55169491525355
1779869100,54.5432203389794
1779869115,54.62203389830578
1779869130,54.61864406779415
1779869145,54.83983050847586
1779869160,54.73305084745812
1779869175,55.08305084746099
1779869190,55.18474576271127
1779869205,55.22372881355804
1779869220,55.321186440681124
1779869235,55.247457627119736
1779869250,55.4355932203377
1779869265,55.40593220339052
1779869280,55.29830508474487
1779869295,55.82457627118733
1779869310,55.97288135593309
1779869325,55.39999999999763
1779869340,55.578813559323414
1779869355,55.59661016948976
1779869370,55.35847457627207
1779869385,55.396610169490934
1779869400,55.61101694915431
1779869415,55.62118644067442
1779869430,55.913559322036264
1779869445,55.85847457626911
1779869460,55.64406779661066
1779869475,55.38220338982883
1779869490,55.371186440678365
1779869505,55.355084745762916
1779869520,54.96186440677867
1779869535,54.89491525423807
1779869550,54.913559322034786
1779869565,55.07627118644018
1779869580,54.690677966102186
1779869595,55.11525423728942
1779869610,54.87372881356012
1779869625,55.10169491525523
1779869640,54.996610169490836
1779869655,54.777966101695306
1779869670,54.65169491525296
1779869685,54.71271186440807
1779869700,54.17457627118476
1779869715,53.818644067798886
1779869730,53.85677966101774
1779869745,54.11101694915333
1779869760,54.3440677966085
1779869775,54.159858710903755
1779869790,54.366949152542276
1779869805,54.27542372881455
1779869820,54.62881355932164
1779869835,54.90169491525394
1779869850,54.585593220340265
1779869865,54.41355932203529
1779869880,54.404237288130766
1779869895,54.506779661013894
1779869910,54.62118644068033
1779869925,54.34322033898058
1779869940,54.251694915252855
1779869955,54.25338983050621
1779869970,54.589290920061075
1779869985,54.798305084745365
1779870000,55.054237288136775
1779870015,55.08728813559559
1779870030,54.87881355932262
1779870045,54.85762711864219
1779870060,55.094067796606524
1779870075,55.0144067796621
1779870090,54.88898305085013
1779870105,55.02418619471656
1779870120,55.03644067796798
1779870135,55.13305084746069
1779870150,55.5011491447494
1779870165,56.005084745764
1779870180,56.280508474575086
1779870195,56.30508474575975
1779870210,55.86186440678075
1779870225,56.37148222724102
1779870240,56.8135593220334
1779870255,57.011016949150964
1779870270,56.91779661016989
1779870285,57.0500000000002
1779870300,57.20338983050848
1779870315,57.24661016949232
1779870330,57.58898305084894
1779870345,57.994067796611546
1779870360,57.861016949150866
1779870375,57.82372881355992
1779870390,58.043220338983346
1779870405,58.38474576271453
1779870420,59.01016949152849
1779870435,58.43559322033721
1779870450,58.35000000000237
1779870465,58.364406779662005
1779870480,58.36949152542452
1779870495,58.58050847457628
1779870510,59.03050847457854
1779870525,59.18644067796808
1779870540,59.099152542370014
1779870555,58.89915254237368
1779870570,58.914406779663686
1779870585,58.82372881355893
1779870600,58.82203389830312
1779870615,59.15169491525345
1779870630,58.544915254238674
1779870645,58.23644067796383
1779870660,58.22796610169709
1779870675,57.84576271186579
1779870690,57.66779661016792
1779870705,57.30000000000365
1779870720,56.71440677966191
1779870735,56.66271186440639
1779870750,56.200847457625734
1779870765,56.087288135589674
1779870780,55.67203389830203
1779870795,55.285593220336125
1779870810,55.18559322033425
1779870825,54.79322033898038
1779870840,54.82796610169749
1779870855,54.700847457622295
1779870870,54.46016949152829
1779870885,54.43559322033869
1779870900,54.163559322034295
1779870915,53.73082216391665
1779870930,53.6711864406761
1779870945,53.73644067796335
1779870960,53.473728813561
1779870975,53.50508474576152
1779870990,53.45169491525266
1779871005,53.40762711864584
1779871020,53.215254237288335
1779871035,53.36271186440372
1779871050,53.43389830508386
1779871065,53.31016949153016
1779871080,53.55847457626793
1779871095,53.827966101693534
1779871110,53.76101694915294
1779871125,53.733050847459104
1779871140,53.68559322033819
1779871155,53.883050847458215
1779871170,53.94322033898049
1779871185,53.972881355930134
1779871200,54.13050847457548
1779871215,54.18474576271226
1779871230,55.00762711864624
1779871245,55.40169491525345
1779871260,55.49745762711825
1779871275,55.53220338983288
1779871290,55.54661016949252
1779871305,55.75677966101635
1779871320,55.7677966101693
1779871335,55.832203389828635
1779871350,55.62457627118851
1779871365,55.67033898305114
1779871380,55.41186440678094
1779871395,55.13644067796739
1779871410,55.05932203389929
1779871425,54.792372881359874
1779871440,54.69152542372764
1779871455,54.395224439160096
1779871470,54.506779661018825
1779871485,54.599152542371996
1779871500,54.753083071749344
1779871515,54.79491525423621
1779871530,53.89067796610198
1779871545,53.936440677964626
1779871560,53.94491525423631
1779871575,53.96525423728883
1779871590,53.799999999999706
1779871605,54.05762711864446
1779871620,54.14576271186796
1779871635,54.03474576271314
1779871650,54.29237288135545
1779871665,54.43813559321995
1779871680,54.34322033898058
1779871695,54.555932203388146
1779871710,54.489830508473005
1779871725,54.77118644067698
1779871740,54.693220338980986
1779871755,54.76864406779819
1779871770,54.74830508474567
1779871785,54.70084745762722
1779871800,54.53898305084726
1779871815,54.503389830507196
1779871830,54.68983050847922
1779871845,54.53898305084726
1779871860,54.95423728813738
1779871875,54.85508474576587
1779871890,54.760169491524046
1779871905,54.702542372878106
1779871920,54.636440677967876
1779871935,54.805932203391606
1779871950,54.713559322033504
1779871965,54.545762711863134
1779871980,54.701694915255125
1779871995,54.519491525422644
1779872010,54.614406779662005
1779872025,54.47288135593704
1779872040,54.458474576272465
1779872055,54.292372881357906
1779872070,54.38220338982735
1779872085,54.29152542373
1779872100,54.11949152542501
1779872115,54.14491525423759
1779872130,54.16186440678095
1779872145,54.585593220340265
1779872160,54.096610169491235
1779872175,53.991525423729314
1779872190,54.08644067796373
1779872205,53.98559322033889
1779872220,54.118644067797106
1779872235,53.93135593220704
1779872250,53.82542372881227
1779872265,53.83813559322104
1779872280,53.790677966102585
1779872295,53.94067796610169
1779872310,53.84237288135564
1779872325,53.78050847457509
1779872340,53.95000000000129
1779872355,53.95508474576134
1779872370,53.99915254237308
1779872385,53.94067796609923
1779872400,53.855084745764394
1779872415,54.69491525423433
1779872430,54.79237288135741
1779872445,54.94661016949114
1779872460,54.58050847457775
1779872475,54.94830508474449
1779872490,55.05932203389929
1779872505,55.310169491523254
1779872520,55.57288135593299
1779872535,55.666101694919
1779872550,55.94830508474596
1779872565,55.875423728814944
1779872580,55.92372881355636
1779872595,55.84745762712111
1779872610,56.089830508475856
1779872625,56.40169491525493
1779872640,56.34322033898355
1779872655,56.72542372881484
1779872670,56.898305084745274
1779872685,57.105084745759946
1779872700,57.05932203389732
1779872715,56.712711864406096
1779872730,56.44491525423631
1779872745,57.411016949148596
1779872760,57.63644067796492
1779872775,57.295762711861656
1779872790,57.2762711864395
1779872805,57.07711864407106
1779872820,57.38728813559184
1779872835,57.29661016949203
1779872850,57.037288135591446
1779872865,57.1135593220341
1779872880,57.42711864406651
1779872895,57.36949152542551
1779872910,57.097457627118644
1779872925,57.22796610169807
1779872940,56.998305084747145
1779872955,57.20338983050848
1779872970,57.236440677967295
1779872985,56.756779661012914
1779873000,56.70508474576232
1779873015,56.49745762711973
1779873030,56.18559322034067
1779873045,55.80508474576271
1779873060,55.79661016949103
1779873075,55.94661016949014
1779873090,56.113559322032614
1779873105,55.88983050846965
1779873120,55.650000000001086
1779873135,55.84322033898157
1779873150,56.27457627118713
1779873165,56.172033898303994
1779873180,56.28983050847467
1779873195,56.34885660241626
1779873210,56.51779661016979
1779873225,56.45847457627049
1779873240,56.3322033898306
1779873255,56.32796610169354
1779873270,56.180508474575674
1779873285,56.586440677968675
1779873300,56.75254237288077
1779873315,56.667796610171365
1779873330,56.429661016948764
1779873345,56.46101694915422
1779873360,56.3429243588097
1779873375,55.98135593220477
1779873390,55.84067796610278
1779873405,55.834197734252356
1779873420,55.87681950386154
1779873435,55.40169491525345
1779873450,55.32542372881326
1779873465,55.47627118644275
1779873480,55.305084745765676
1779873495,55.4525423728786
1779873510,55.22118644067678
1779873525,55.149152542371205
1779873540,55.24067796609893
1779873555,54.77881355932321
1779873570,54.81694915254207
1779873585,54.57542372881523
1779873600,54.55508474576518
1779873615,54.66610169491013
1779873630,54.67457627118674
1779873645,54.59322033898404
1779873660,54.278813559323716
1779873675,54.22288135593358
1779873690,54.28050847457953
1779873705,54.22372881355903
1779873720,54.292372881357906
1779873735,54.45593220338875
1779873750,54.16309318400134
1779873765,54.02372881356021
1779873780,53.310169491527695
1779873795,51.755084745762026
1779873810,50.31186440677907
1779873825,48.83728813559313
1779873840,47.29745762711747
1779873855,45.954237288138856
1779873870,44.341525423727234
1779873885,42.65423728813865
1779873900,40.91694915254297
1779873915,39.29406779661372
1779873930,37.58389830508396
1779873945,36.15677966101399
1779873960,34.564406779662306
1779873975,32.97711864407066
1779873990,31.249152542372094
1779874005,29.907627118641898
1779874020,28.146610169491925
1779874035,26.47711864406721
1779874050,24.832203389832085
1779874065,23.27796610169679
1779874080,22.694915254236303
1779874095,22.4635593220345
1779874110,22.422881355931914
1779874125,22.32796610169502
1779874140,22.340677966103772
1779874155,22.12796610169373
1779874170,22.044067796612243
1779874185,22.126271186440384
1779874200,22.15677966101547
1779874215,22.120338983049958
1779874230,22.1559322033851
1779874245,22.16016949152464
1779874260,22.198305084748426
1779874275,22.2949152542362
1779874290,22.172881355928453
1779874305,22.09322033898651
1779874320,22.27457627118614
1779874335,22.214406779663875
1779874350,22.226271186442258
1779874365,22.264406779661115
1779874380,22.41525423728814
1779874395,22.42203389830646
1779874410,22.556779661015568
1779874425,22.550000000002168
1779874440,22.50000000000494
1779874455,22.719491525425894
1779874470,22.766101694913978
1779874485,22.907627118641404
1779874500,23.01610169491496
1779874515,23.101694915252267
1779874530,23.130508474576473
1779874545,23.21610169491377
1779874560,23.25932203389762
1779874575,23.26864406779967
1779874590,23.380508474577454
1779874605,23.361864406778277
1779874620,23.479661016946494
1779874635,23.575423728816226
1779874650,23.796610169493015
1779874665,23.765254237287547
1779874680,23.953389830507987
1779874695,23.963559322033014
1779874710,23.949999999998816
1779874725,24.0042372881356
1779874740,24.148305084746745
1779874755,24.088135593222017
1779874770,24.110169491525426
1779874785,23.955932203386777
1779874800,23.932203389830022
1779874815,24.01525423728853
1779874830,24.103389830507094
1779874845,24.065254237288237
1779874860,23.979661016948462
1779874875,23.958474576270493
1779874890,23.83220338983061
1779874905,24.065254237293164
1779874920,23.82966101694688
1779874935,23.838983050848938
1779874950,23.55423728813333
1779874965,23.336440677965708
1779874980,23.307954630199113
1779874995,23.141525423724474
1779875010,23.168644067797793
1779875025,23.112711864407665
1779875040,23.032203389830407
1779875055,23.0449152542367
1779875070,22.954237288134415
1779875085,22.877966101694224
1779875100,22.76440677966063
1779875115,22.84661016948877
1779875130,22.746610169489358
1779875145,22.606779661015274
1779875160,22.540677966102585
1779875175,22.385593220338485
1779875190,22.476271186440776
1779875205,22.35593220338885
1779875220,22.336440677966696
1779875235,22.23559322033938
1779875250,22.220338983051835
1779875265,22.224576271186436
1779875280,22.326271186439193
1779875295,22.362711864404705
1779875310,22.394067796610173
1779875325,22.165254237289624
1779875340,22.186440677965113
1779875355,22.231355932202312
1779875370,22.15508474576212
1779875385,22.065254237287746
1779875400,22.14322033898375
1779875415,22.26016949152404
1779875430,22.277966101695313
1779875445,22.28135593220695
1779875460,22.471186440675794
1779875475,22.318644067795425
1779875490,22.196610169492615
1779875505,22.361016949151356
1779875520,22.272881355932796
1779875535,22.544915254239662
1779875550,22.55423728813678
1779875565,22.40084745762603
1779875580,22.416101694916048
1779875595,22.450000000002767
1779875610,22.437288135591547
1779875625,22.50254237288125
1779875640,22.558474576273845
1779875655,22.36186440678174
1779875670,22.28644067796699
1779875685,22.276271186441964
1779875700,22.277118644067407
1779875715,22.467796610171565
1779875730,22.302542372879973
1779875745,22.44406779660988
1779875760,22.21355932203104
1779875775,22.330508474573808
1779875790,22.564406779661805
1779875805,22.72118644067679
1779875820,22.737288135594703
1779875835,22.75254237287978
1779875850,22.870338983055383
1779875865,22.955932203387764
1779875880,22.962711864408558
1779875895,23.047457627120426
1779875910,23.2576271186418
1779875925,23.2957627118656
1779875940,23.513559322033206
1779875955,23.46016949152927
1779875970,23.461016949152246
1779875985,23.39661016949044
1779876000,23.471186440677272
1779876015,23.442372881360473
1779876030,23.503389830510645
1779876045,23.554237288138257
1779876060,23.54915254237575
1779876075,23.461016949152246
1779876090,23.073728813558436
1779876105,23.130508474574007
1779876120,23.014406779659147
1779876135,22.96016949152484
1779876150,22.79915254237279
1779876165,22.739830508473492
1779876180,22.7694915254256
1779876195,22.67203389830499
1779876210,22.861016949153335
1779876225,22.92711864406356
1779876240,22.909322033902146
1779876255,22.93050847457272
1779876270,22.883898305082184
1779876285,22.876271186440878
1779876300,22.920338983047696
1779876315,22.94661016948818
1779876330,22.977966101693635
1779876345,23.03305084746079
1779876360,22.99999999999951
1779876375,22.9889830508441
1779876390,23.127118644064836
1779876405,23.032203389830407
1779876420,23.19237288135455
1779876435,23.066101694914664
1779876450,23.111864406774828
1779876465,23.105084745763893
1779876480,23.149999999998627
1779876495,22.941525423728127
1779876510,22.762711864404817
1779876525,22.79406779660781
1779876540,22.810169491523258
1779876555,22.90932203389969
1779876570,23.057627118645453
1779876585,22.918644067799278
1779876600,22.71016949152631
1779876615,22.82881355931996
1779876630,22.71525423728883
1779876645,22.70423728813342
1779876660,22.559322033896834
1779876675,22.52796610169383
1779876690,22.55084745762761
1779876705,22.606779661015274
1779876720,22.53474576271216
1779876735,22.566101694917627
1779876750,22.570338983049766
1779876765,22.582203389833076
1779876780,22.39152542372398
1779876795,22.446610169493596
1779876810,22.250000000001478
1779876825,22.234745762711473
1779876840,22.167796610170875
1779876855,22.096610169493204
1779876870,22.31355932203044
1779876885,22.193220338983444
1779876900,22.183050847458418
1779876915,22.28559322034155
1779876930,22.36101694915382
1779876945,22.339830508475856
1779876960,22.298305084747838
1779876975,22.341525423726736
1779876990,22.332203389832085
1779877005,22.35254237287968
1779877020,22.324576271183382
1779877035,22.176271186442552
1779877050,22.328813559317993
1779877065,22.406779661018916
1779877080,22.47627118643831
1779877095,22.459322033897422
1779877110,22.560169491527205
1779877125,22.664406779661217
1779877140,22.776271186439
1779877155,22.727966101697582
1779877170,22.63220338983278
1779877185,22.74915254237062
1779877200,22.990677966099927
1779877215,22.916949152543463
1779877230,22.92372881356426
1779877245,22.8822033898313
1779877260,22.970338983049864
1779877275,23.001694915252855
1779877290,23.1372881355948
1779877305,23.104237288135987
1779877320,23.197457627117068
1779877335,23.260169491525527
1779877350,23.330508474580224
1779877365,23.47966101694896
1779877380,23.521186440676978
1779877395,23.45593220338973
1779877410,23.466101694914766
1779877425,23.423728813556366
1779877440,23.3067796610136
1779877455,23.205932203388745
1779877470,23.205932203388745
1779877485,23.112711864407665
1779877500,23.047457627120416
1779877515,23.04915254237131
1779877530,23.02372881355873
1779877545,23.0516949152501
1779877560,22.95169491525808
1779877575,23.009322033901558
1779877590,23.01016949152701
1779877605,23.166949152539516
1779877620,22.9491525423719
1779877635,22.850847457630774
1779877650,22.747457627117264
1779877665,22.761864406779363
1779877680,22.57711864407056
1779877695,22.641525423729902
1779877710,22.615254237289417
1779877725,22.60169491525029
1779877740,22.51271186440629
1779877755,22.650847457624558
1779877770,22.65762711864535
1779877785,22.65000000000158
1779877800,22.619491525426493
1779877815,22.577118644068094
1779877830,22.58389830508396
1779877845,22.740677966098932
1779877860,22.776271186441466
1779877875,22.64915254237121
1779877890,22.790677966101104
1779877905,22.90932203389969
1779877920,22.762711864404807
1779877935,23.04237288136037
1779877950,23.066101694919595
1779877965,23.322881355931514
1779877980,23.443220338980986
1779877995,23.651694915256407
1779878010,23.898305084745765
1779878025,24.059322033902752
1779878040,24.27881355932371
1779878055,24.58983050847734
1779878070,24.669491525424224
1779878085,24.76271186440777
1779878100,24.95254237288156
1779878115,25.059322033896827
1779878130,25.191525423729612
1779878145,25.155932203392005
1779878160,25.16525423729159
1779878175,25.240677966101398
1779878190,25.199152542370907
1779878205,25.1169491525403
1779878220,25.077966101693537
1779878235,25.070338983049766
1779878250,24.93474576271275
1779878265,24.800000000001187
1779878280,24.666949152545435
1779878295,24.522033898303906
1779878310,24.568644067796907
1779878325,24.484745762710492
1779878340,24.373728813558138
1779878355,24.414406779660723
1779878370,24.192372881353563
1779878385,24.155084745760146
1779878400,24.12203389830381
1779878415,24.163559322036754
1779878430,23.961016949154224
1779878445,24.048305084744868
1779878460,23.920338983051636
1779878475,23.91694915254494
1779878490,24.039830508475667
1779878505,24.29830508474833
1779878520,24.377966101695215
1779878535,24.5254237288106
1779878550,24.57033898305272
1779878565,24.71864406779849
1779878580,24.72457627118645
1779878595,24.826271186439197
1779878610,24.761016949151948
1779878625,24.753389830508176
1779878640,24.822881355934967
1779878655,24.826271186439197
1779878670,24.8186440677979
1779878685,24.60338983050907
1779878700,24.57372881356189
1779878715,24.420338983048683
1779878730,24.425423728813666
1779878745,24.52457627118516
1779878760,24.38135593220191
1779878775,24.29915254237377
1779878790,24.227966101696108
1779878805,24.018644067797702
1779878820,23.896610169487474
1779878835,23.80762711864348
1779878850,23.710169491525324
1779878865,23.564406779663294
1779878880,23.644915254233144
1779878895,23.492372881357714
1779878910,23.435593220337214
1779878925,23.129661016948567
1779878940,22.977966101698566
1779878955,22.894915254237592
1779878970,22.72033898305135
1779878985,22.860169491522964
1779879000,22.982203389833167
1779879015,23.20762711864457
1779879030,22.981355932202806
1779879045,22.966949152540693
1779879060,22.949999999999804
1779879075,22.90169491525098
1779879090,22.864406779662495
1779879105,22.872033898306277
1779879120,22.79915254237278
1779879135,22.777118644066906
1779879150,22.690677966101703
1779879165,22.608474576271085
1779879180,22.536440677963043
1779879195,22.394067796607708
1779879210,22.541525423728025
1779879225,22.439830508475268
1779879240,22.58983050847192
1779879255,22.52203389830587
1779879270,22.537288135593414
1779879285,22.272881355932796
1779879300,22.10084745762535
1779879315,22.32542372881623
1779879330,22.13474576271206
1779879345,22.267796610170286
1779879360,22.30932203389584
1779879375,22.25169491525236
1779879390,22.3084745762704
1779879405,22.28728813559243
1779879420,22.30084745762416
1779879435,22.33559322033879
1779879450,22.719491525425905
1779879465,22.838135593219555
1779879480,22.873728813554695
1779879495,22.911016949150564
1779879510,22.885593220342926
1779879525,23.00084745762495
1779879540,22.99067796610732
1779879555,23.309322033897317
1779879570,23.29661016949104
1779879585,23.368644067796616
1779879600,23.344067796611945
1779879615,24.277118644065432
1779879630,25.233050847460092
1779879645,25.61779661016772
1779879660,25.552542372882936
1779879675,25.602542372882642
1779879690,25.734745762715416
1779879705,25.847457627118644
1779879720,26.024576271188614
1779879735,25.954237288136383
1779879750,25.871186440682802
1779879765,25.97881355932352
1779879780,25.974576271186443
1779879795,26.058474576270395
1779879810,26.01186440677492
1779879825,26.050847457624158
1779879840,26.072033898304593
1779879855,26.17033898304819
1779879870,26.17033898304819
1779879885,26.26864406779671
1779879900,26.281355932205464
1779879915,24.822033898304596
1779879930,24.438983050847863
1779879945,24.406779661019417
1779879960,24.28559322033711
1779879975,24.266101694914965
1779879990,24.266949152545337
1779880005,24.007627118647225
1779880020,23.92118644067708
1779880035,24.072033898304102
1779880050,24.01186440677937
1779880065,23.970338983053807
1779880080,24.007627118647225
1779880095,24.04830508474981
1779880110,24.03559322033859
1779880125,23.968644067793065
1779880140,24.050000000000693
1779880155,23.992372881357216
1779880170,23.785593220342538
1779880185,23.736440677968275
1779880200,23.77966101694965
1779880215,23.66355932203479
1779880230,23.858474576271092
1779880245,23.694067796609875
1779880260,23.81949152542433
1779880275,23.822881355931024
1779880290,23.85000000000188
1779880305,23.872033898307755
1779880320,23.68898305084737
1779880335,23.650847457626035
1779880350,23.59152542372428
1779880365,23.43050847457716
1779880380,23.390677966100014
1779880395,23.41525423728469
1779880410,23.371186440675405
1779880425,23.294915254235214
1779880440,23.14152542372694
1779880455,23.185593220338696
1779880470,23.0915254237297
1779880485,23.0940677966085
1779880500,23.04745762711795
1779880515,23.03305084745585
1779880530,22.994915254239466
1779880545,22.761016949153923
1779880560,22.700000000001285
1779880575,22.73559322033889
1779880590,22.647457627117863
1779880605,22.627118644065327
1779880620,22.3652542372909
1779880635,22.58898305084648
1779880650,22.76779661016979
1779880665,23.055932203392103
1779880680,23.07288135593053
1779880695,22.88135593220586
1779880710,23.16864406779533
1779880725,23.121186440679352
1779880740,23.222881355934575
1779880755,23.227118644066714
1779880770,23.38220338983328
1779880785,23.32203389830361
1779880800,23.372881355933693
1779880815,23.424576271186737
1779880830,23.681355932203584
1779880845,23.513559322035672
1779880860,23.610169491523457
1779880875,23.5059322033919
1779880890,23.50084745762939
1779880905,23.519491525421167
1779880920,23.544067796608292
1779880935,23.474576271186443
1779880950,23.344915254237385
1779880965,23.267796610171764
1779880980,23.25593220338599
1779880995,23.244915254237974
1779881010,23.089830508473884
1779881025,23.093220338983055
1779881040,22.943220338983938
1779881055,23.18983050847576
1779881070,23.11101694915432
1779881085,23.162711864409836
1779881100,23.11949152542354
1779881115,23.140677966101507
1779881130,23.27118644067847
1779881145,23.058474576270893
1779881160,23.032203389830407
1779881175,22.923728813556853
1779881190,23.101694915252267
1779881205,23.296610169488574
1779881220,23.30593220338568
1779881235,23.397457627113415
1779881250,23.289830508475173
1779881265,23.187288135594507
1779881280,23.411016949150078
1779881295,23.32711864406859
1779881310,23.292372881356428
1779881325,23.375423728814937
1779881340,23.38050847457499
1779881355,23.377966101693737
1779881370,23.30338983050443
1779881385,23.242372881356733
1779881400,23.242372881354257
1779881415,23.39661016949044
1779881430,23.290677966100603
1779881445,23.3144067796623
1779881460,23.320338983055187
1779881475,23.37288135593122
1779881490,23.505932203389435
1779881505,23.475423728811883
1779881520,23.328813559321937
1779881535,23.29406779661224
1779881550,23.313559322031928
1779881565,23.181355932204085
1779881580,23.359322033897023
1779881595,23.36016949152493
1779881610,23.43559322033968
1779881625,23.4593220338989
1779881640,23.480508474571927
1779881655,23.438983050846375
1779881670,23.602542372884617
1779881685,23.521186440676978
1779881700,23.39661016949044
1779881715,23.414406779659245
1779881730,23.557627118647428
1779881745,23.846610169490244
1779881760,23.846610169487782
1779881775,23.77457627118713
1779881790,23.833898305083956
1779881805,23.878813559323618
1779881820,23.97966101695339
1779881835,24.055932203391116
1779881850,24.203389830506506
1779881865,24.017796610172248
1779881880,23.93983050847379
1779881895,23.84576271186727
1779881910,23.798305084746364
1779881925,23.80169491525306
1779881940,23.779661016947184
1779881955,23.666949152546422
1779881970,23.677966101694427
1779881985,23.698305084749414
1779882000,23.572033898302124
1779882015,23.488135593218175
1779882030,23.40932203390167
1779882045,23.324576271187336
1779882060,23.216101694916247
1779882075,23.141525423731867
1779882090,23.045762711864604
1779882105,23.108474576273064
1779882120,22.956779661013204
1779882135,22.77542372881356
1779882150,22.894067796604745
1779882165,22.92711864406849
1779882180,22.859322033897513
1779882195,22.761016949153934
1779882210,22.938983050849338
1779882225,23.00762711864328
1779882240,23.03559322033464
1779882255,23.16101694915156
1779882270,23.14576271186648
1779882285,23.3101694915277
1779882300,23.61779661017216
1779882315,23.458474576270994
1779882330,23.463559322031035
1779882345,23.488135593220637
1779882360,23.57203389830459
1779882375,23.64576271186599
1779882390,23.471186440679737
1779882405,23.64152542373138
1779882420,23.70169491525118
1779882435,23.81525423728479
1779882450,23.899152542371205
1779882465,23.978813559320557
1779882480,24.135593220338002
1779882495,24.092372881356617
1779882510,23.838135593221033
1779882525,23.951694915257104
1779882540,23.91016949153154
1779882555,23.82914460436547
1779882570,23.770338983050053
1779882585,23.637288135594314
1779882600,23.670338983050655
1779882615,23.66610169491604
1779882630,23.700847457623276
1779882645,23.616101694913883
1779882660,23.723728813561994
1779882675,23.669491525420284
1779882690,23.76610169491299
1779882705,23.59915254237298
1779882720,23.611016949151352
1779882735,23.561016949154123
1779882750,23.668644067797306
1779882765,23.658474576272283
1779882780,23.699152542372392
1779882795,23.788135593221327
1779882810,23.834745762711872
1779882825,23.933050847457928
1779882840,23.92118644067709
1779882855,23.93559322033425
1779882870,23.978813559320557
1779882885,24.18898305084687
1779882900,23.989830508471034
1779882915,24.00593220339141
1779882930,23.963559322033014
1779882945,23.70762711864407
1779882960,23.751694915253353
1779882975,23.82711864406809
1779882990,23.838983050848938
1779883005,23.966101694914265
1779883020,23.87542372881445
1779883035,23.854237288134016
1779883050,23.818644067796413
1779883065,23.864406779659042
1779883080,24.133898305084656
1779883095,24.033050847457325
1779883110,24.107627118646636
1779883125,24.211016949150277
1779883140,24.28813559322083
1779883155,24.370338983051443
1779883170,24.194915254237294
1779883185,24.307627118642984
1779883200,24.368644067795632
1779883215,24.34152542373217
1779883230,24.23559322033987
1779883245,24.383050847460197
1779883260,24.3661016949119
1779883275,24.130508474575485
1779883290,24.17966101694975
1779883305,24.31186440678006
1779883320,24.183050847458908
1779883335,24.07796610169699
1779883350,23.85762711864072
1779883365,23.760169491522564
1779883380,23.656779661016458
1779883395,23.725423728812878
1779883410,23.411016949155016
1779883425,23.187288135592034
1779883440,23.202542372879577
1779883455,23.42033898304967
1779883470,23.573728813562877
1779883485,23.604237288133035
1779883500,23.629661016950543
1779883515,23.604237288133035
1779883530,23.4661016949123
1779883545,23.495762711866874
1779883560,23.591525423726743
1779883575,23.8313559322027
1779883590,23.66864406779483
1779883605,23.694067796609875
1779883620,23.526271186439494
1779883635,23.56440677966083
1779883650,23.600000000000886
1779883665,23.703389830509458
1779883680,23.608474576272577
1779883695,23.6432203389798
1779883710,23.677966101694427
1779883725,23.720338983052823
1779883740,23.522033898304894
1779883755,23.195762711866188
1779883770,23.06525423728676
1779883785,23.012711864408264
1779883800,22.895762711863032
1779883815,22.968644067798984
1779883830,23.12881355932559
1779883845,22.97288135593112
1779883860,22.87288135592924
1779883875,22.816101694916146
1779883890,22.84237288135662
1779883905,22.790677966098638
1779883920,22.62372881355863
1779883935,22.737288135594703
1779883950,22.744915254238474
1779883965,22.803389830509857
1779883980,22.756779661019323
1779883995,22.76271186440728
1779884010,22.70762711864013
1779884025,22.72118644067679
1779884040,22.688135593222913
1779884055,22.88559322034046
1779884070,22.820338983048284
1779884085,22.878813559322133
1779884100,22.801694915254046
1779884115,22.942372881356032
1779884130,22.986440677965312
1779884145,22.982203389828236
1779884160,23.004237288139052
1779884175,23.034745762714138
1779884190,22.967796610166136
1779884205,23.212711864409542
1779884220,23.142372881354856
1779884235,23.20847457627
1779884250,23.141525423729405
1779884265,23.187288135594507
1779884280,23.13898305084815
1779884295,23.27796610169679
1779884310,23.3000000000002
1779884325,23.3559322033854
1779884340,23.482013315435278
1779884355,23.563559322035378
1779884370,23.66694915253902
1779884385,23.918644067795825
1779884400,24.127118644071256
1779884415,24.286440677962553
1779884430,24.35593220339427
1779884445,24.288135593223302
1779884460,24.56101694915067
1779884475,24.754237288136082
1779884490,24.919491525425208
1779884505,24.914406779662702
1779884520,24.932203389831496
1779884535,24.958474576271982
1779884550,25.07881355931898
1779884565,25.09915254237397
1779884580,24.9957627118654
1779884595,24.89830508474231
1779884610,24.97966101694994
1779884625,24.816101694914174
1779884640,24.91779661016693
1779884655,24.69237288135554
1779884670,24.558474576274346
1779884685,24.367796610167712
1779884700,24.29067796610209
1779884715,24.169491525424714
1779884730,24.30254237288294
1779884745,24.431355932201615
1779884760,24.299152542371306
1779884775,24.18813559322143
1779884790,23.968644067797996
1779884805,23.876271186442356
1779884820,23.91186440677996
1779884835,23.972881355935073
1779884850,23.823728813561395
1779884865,23.946610169489645
1779884880,23.75508474576251
1779884895,23.812711864408463
1779884910,23.866101694914864
1779884925,24.05762711864693
1779884940,23.82966101694688
1779884955,23.905084745764093
1779884970,23.836440677967687
1779884985,23.800847457627604
1779885000,23.912711864405402
1779885015,23.80338983050887
1779885030,23.766101694915452
1779885045,23.817796610173446
1779885060,23.89915254237367
1779885075,23.86949152542156
1779885090,23.880508474576967
1779885105,23.899152542371205
1779885120,24.023728813560208
1779885135,24.027118644066913
1779885150,24.06271186440452
1779885165,24.207627118643572
1779885180,24.336440677967186
1779885195,24.411864406779472
1779885210,24.418644067795327
1779885225,24.611864406778285
1779885240,24.637288135593316
1779885255,24.727966101695607
1779885270,24.76271186440777
1779885285,24.850847457626337
1779885300,24.734745762711473
1779885315,24.619491525422056
1779885330,24.550000000000203
1779885345,24.4652542372908
1779885360,24.556779661018524
1779885375,24.54491525423522
1779885390,24.386440677964426
1779885405,24.5720338983036
1779885420,24.43559322033868
1779885435,24.270338983052042
1779885450,24.24661016949281
1779885465,24.150847457625545
1779885480,24.06949152542037
1779885495,24.172033898305976
1779885510,24.029661016948168
1779885525,24.052542372877017
1779885540,24.044067796607806
1779885555,23.876271186442356
1779885570,23.822881355935955
1779885585,23.538983050848252
1779885600,23.633050847459703
1779885615,23.662711864406884
1779885630,23.57881355932786
1779885645,23.650847457626035
1779885660,23.568644067797894
1779885675,23.586440677966692
1779885690,23.61610169491881
1779885705,23.532203389827455
1779885720,23.409322033894263
1779885720,23.409322033894263
1779885735,23.196610169491628
1779885750,23.302542372883927
1779885765,23.1127118644052
1779885780,23.237288135594213
1779885795,22.936440677965606
1779885810,23.03728813559046
1779885825,22.896610169490938
1779885840,22.789830508473198
1779885855,22.725423728813855
1779885870,22.647457627117863
1779885885,22.76525423728607
1779885900,22.69237288135505
1779885915,22.822881355929535
1779885930,22.93474576271226
1779885945,22.673728813555872
1779885960,22.494915254235014
1779885975,22.37796610169719
1779885990,22.432203389826565
1779886005,22.616949152542777
1779886020,22.694915254236303
1779886035,22.654237288133714
1779886050,22.742372881354754
1779886065,22.802542372881952
1779886080,22.73644067796926
1779886095,23.011864406780358
1779886110,23.057627118642987
1779886125,23.093220338987987
1779886140,23.030508474574596
1779886155,23.105932203389344
1779886170,23.1025423728777
1779886185,22.926271186440584
1779886200,23.077966101700444
1779886215,23.055932203389638
1779886230,23.14576271186648
1779886245,23.108474576273064
1779886260,23.201694915254144
1779886275,23.227966101689688
1779886290,23.229661016947965
1779886305,23.20169491525661
1779886320,23.11186440677976
1779886335,23.04491525423916
1779886350,23.049152542373776
1779886365,22.97966101694945
1779886380,22.691525423724677
1779886395,22.647457627117863
1779886410,22.77033898304858
1779886425,22.79152542372902
1779886440,22.917796610168907
1779886455,22.831355932201227
1779886470,22.950847457630186
1779886485,22.956779661020597
1779886500,22.936440677968072
1779886515,22.919491525424718
1779886530,23.112711864402733
1779886545,23.043220338980884
1779886560,22.920338983052623
1779886575,22.92542372881514
1779886590,22.838983050849926
1779886605,22.700000000001285
1779886620,22.82796610169453
1779886635,22.688983050845877
1779886650,22.725423728816317
1779886665,22.71525423728883
1779886680,22.772881355932306
1779886695,22.768644067797695
1779886710,22.80169491525158
1779886725,22.741525423729314
1779886740,22.666949152542472
1779886755,22.866949152543757
1779886770,22.68813559321797
1779886785,22.640677966101997
1779886800,22.668644067793352
1779886815,23.249152542370123
1779886830,23.404237288131746
1779886845,23.631355932201426
1779886860,23.693220338984432
1779886875,23.94491525423631
1779886890,24.016949152544353
1779886905,24.104237288135
1779886920,24.294915254236706
1779886935,24.280508474577054
1779886950,24.349999999996452
1779886965,24.353389830513017
1779886980,24.225423728814842
1779886995,24.329661016953796
1779887010,24.430508474576172
1779887025,24.527118644068892
1779887040,24.621186440677867
1779887055,24.6635593220338
1779887070,24.71440677966634
1779887085,24.611864406778285
1779887100,24.657627118643376
1779887115,23.989830508478427
1779887130,23.90254237288284
1779887145,23.772881355928853
1779887160,23.798305084743898
1779887175,23.61101694915383
1779887190,23.594067796607998
1779887205,23.50084745762693
1779887220,23.42914189248504
1779887235,23.545762711864114
1779887250,23.633898305085143
1779887265,23.923728813560796
1779887280,23.885593220339473
1779887295,24.058474576267443
1779887310,24.03135593220399
1779887325,24.006779661016854
1779887340,24.13050847457795
1779887355,23.969491525423436
1779887370,24.11694915254623
1779887385,24.005932203388948
1779887400,24.113559322034593
1779887415,24.256779661017834
1779887430,24.16016949152513
1779887445,24.12542372881543
1779887460,24.094915254240345
1779887475,24.297457627117957
1779887490,24.227966101696108
1779887505,24.135593220338002
1779887520,24.172033898303514
1779887535,24.204237288136877
1779887550,24.0508474576286
1779887565,24.052542372881945
1779887580,23.951694915252176
1779887595,24.018644067797702
1779887610,23.937288135592528
1779887625,24.005084745763504
1779887640,23.983898305080608
1779887655,23.98559322034135
1779887670,23.927118644065036
1779887685,23.986440677964328
1779887700,24.17796610169146
1779887715,24.23813559321867
1779887730,24.269491525426588
1779887745,24.38305084745773
1779887760,24.319491525426294
1779887775,24.159322033897222
1779887790,24.10508474576044
1779887805,24.004237288138064
1779887820,23.97203389830469
1779887835,23.888135593218273
1779887850,23.832203389828145
1779887865,23.9449152542363
1779887880,23.870338983047002
1779887895,23.81101694915264
1779887910,23.774576271184667
1779887925,23.662711864406873
1779887940,23.85508474576192
1779887955,23.808474576271387
1779887970,23.847457627120615
1779887985,23.905932203389536
1779888000,23.544067796605827
1779888015,23.457627118643074
1779888030,23.455084745761834
1779888045,23.580508474573804
1779888060,23.570338983051244
1779888075,23.527118644069866
1779888090,23.61525423728843
1779888105,23.662711864406884
1779888120,23.66694915253902
1779888135,23.42372881355883
1779888150,23.43983050847428
1779888165,23.572033898307055
1779888180,23.605932203391312
1779888195,23.627966101697183
1779888210,23.62203389830676
1779888225,23.643220338982264
1779888240,23.554237288135795
1779888255,23.479661016946494
1779888270,23.474576271186443
1779888285,23.583898305085437
1779888300,23.611864406781734
1779888315,23.695762711865697
1779888330,23.755932203392895
1779888345,23.52203389830736
1779888360,23.368644067794143
1779888375,23.625423728811
1779888390,23.676271186443543
1779888405,23.714406779659935
1779888420,23.69745762712151
1779888435,23.765254237287547
1779888450,23.809322033899292
1779888465,23.771186440680438
1779888480,23.668644067797295
1779888495,23.691525423731086
1779888510,23.82033898304976
1779888525,23.73389830508208
1779888540,23.822033898305573
1779888555,23.771186440677972
1779888570,23.700847457628203
1779888585,23.625423728813466
1779888600,23.695245391490527
1779888615,23.751694915253353
1779888630,23.86271186440816
1779888645,23.936440677967084
1779888660,23.876271186437425
1779888675,23.788983050846767
1779888690,23.794915254234727
1779888705,23.655084745763112
1779888720,23.69576271186322
1779888735,23.69406779660741
1779888750,23.580508474578743
1779888765,23.44067796609972
1779888780,23.272033898303903
1779888795,23.42711864406799
1779888810,23.303389830506905
1779888825,23.303389830509367
1779888840,23.281355932205962
1779888855,23.388135593218763
1779888870,23.471186440677272
1779888885,23.464406779663882
1779888900,23.363559322031634
1779888915,23.370338983049965
1779888930,23.27288135593181
1779888945,23.348305084746556
1779888960,23.340677966102785
1779888975,23.60084745762633
1779888990,23.66016949152563
1779889005,23.82966101694688
1779889020,23.777966101693828
1779889035,24.02033898304612
1779889050,24.04237288135199
1779889065,24.170338983050154
1779889080,24.232203389828243
1779889095,24.10084745762584
1779889110,24.6635593220338
1779889125,24.48898305084756
1779889140,24.524576271187627
1779889155,24.62033898304996
1779889170,24.60169491525326
1779889185,24.64745762712328
1779889200,24.707627118645547
1779889215,24.69067796610466
1779889230,24.81779661016752
1779889245,24.845762711863816
1779889260,24.906779661016454
1779889275,24.86016949152592
1779889290,24.81949152542333
1779889305,24.896610169493893
1779889320,24.958474576271982
1779889335,25.08983050847685
1779889350,25.106779661015278
1779889365,25.141525423729906
1779889380,25.133050847458215
1779889395,24.981355932205762
1779889410,24.852542372879682
1779889425,24.81525423728873
1779889440,24.733898305083567
1779889455,24.690677966102193
1779889470,24.609322033899495
1779889485,24.628813559324104
1779889500,24.451694915256606
1779889515,24.522881355934278
1779889530,24.534745762710187
1779889545,24.483050847457143
1779889560,24.31949152542383
1779889575,24.400000000001086
1779889590,24.313559322033406
1779889605,24.277118644067897
1779889620,23.96101694915176
1779889635,24.043220338982362
1779889650,23.983898305088005
1779889665,24.07627118644364
1779889680,24.0406779661011
1779889695,24.268644067798682
1779889710,24.42457627118575
1779889725,24.277118644067897
1779889740,24.19406779661185
1779889755,24.244915254239462
1779889770,24.275423728817014
1779889785,24.17372881356179
1779889800,24.193220338983945
1779889815,24.06016949152572
1779889830,24.072881355932008
1779889845,24.09915254237496
1779889860,24.19237288135603
1779889875,24.140677966102974
1779889890,24.083898305087416
1779889905,24.05932203389781
1779889920,24.145762711865505
1779889935,24.195762711862734
1779889950,23.92627118644206
1779889965,23.91186440677996
1779889980,23.873728813558625
1779889995,23.847457627115688
1779890010,23.99237288135475
1779890025,23.941525423729605
1779890040,24.0042372881356
1779890055,24.095762711863323
1779890070,24.20338983050897
1779890085,24.20516140841904
1779890100,24.17457627118723
1779890115,24.213559322033994
1779890130,24.277118644067897
1779890145,24.28644067796748
1779890160,24.33305084746049
1779890175,24.427118644067015
1779890190,24.348305084743103
1779890205,24.35000000000138
1779890220,24.048305084747344
1779890235,24.155084745765087
1779890250,24.129661016950045
1779890265,24.1000000000004
1779890280,24.017796610169782
1779890295,23.842372881360575
1779890310,23.845762711864804
1779890325,23.79661016949054
1779890340,23.79152542372802
1779890355,23.686440677961173
1779890370,23.699152542369927
1779890385,23.66101694915106
1779890400,23.6186440677976
1779890415,23.59999999999596
1779890430,23.48644067796729
1779890445,23.638983050845187
1779890460,23.571186440676684
1779890475,23.59491525423838
1779890490,23.633050847454772
1779890505,23.80423728813925
1779890520,23.782203389833366
1779890535,23.981355932199342
1779890550,24.057627118642
1779890565,24.152542372881356
1779890580,24.338983050845975
1779890595,24.466101694916244
1779890610,24.51355932203222
1779890625,24.67966101694925
1779890640,24.603389830506607
1779890655,24.70254237288303
1779890670,24.53644067796601
1779890685,24.645762711862538
1779890700,24.682203389830516
1779890715,24.67627118644009
1779890730,24.655084745757193
1779890745,24.562711864408946
1779890760,24.604237288134513
1779890775,24.77457627118862
1779890790,24.455932203388752
1779890805,24.580508474577755
1779890820,24.354237288138457
1779890835,24.392372881354852
1779890850,24.47372881355755
1779890865,24.31016949152425
1779890880,24.175423728815137
1779890895,24.097457627119145
1779890910,24.060169491528182
1779890925,24.047457627121904
1779890940,24.069491525422848
1779890955,24.112711864406688
1779890970,24.266101694914965
1779890985,24.14830508474428
1779891000,24.095762711863323
1779891015,24.26186440677789
1779891030,24.255084745759557
1779891045,24.285593220339585
1779891060,24.23135593220527
1779891075,24.150000000000095
1779891090,24.13135593220339
1779891105,24.30254237288294
1779891120,24.28220338982795
1779891135,24.31440677966131
1779891150,24.136440677965908
1779891165,24.382203389829815
1779891180,24.411016949154018
1779891195,24.43389830508288
1779891210,24.44406779661037
1779891225,24.51694915254139
1779891240,24.638135593221232
1779891255,24.5533898305069
1779891270,24.566101694915655
1779891285,24.638983050849138
1779891300,24.692372881358004
1779891315,24.722881355930625
1779891330,24.8576271186422
1779891345,24.690677966099717
1779891360,24.85423728813796
1779891375,24.888135593217275
1779891390,25.009322033894655
1779891405,24.899152542372683
1779891420,24.835593220336328
1779891435,24.96355932203449
1779891450,25.07288135593102
1779891465,25.04322033898384
1779891480,24.905084745763105
1779891495,25.041525423725552
1779891510,25.013559322034197
1779891525,24.867796610172157
1779891540,24.791525423727045
1779891555,24.855084745765875
1779891570,24.778813559323222
1779891585,24.835593220341256
1779891600,24.93135593220359
1779891615,24.97966101694994
1779891630,25.02288135593378
1779891645,25.32711864406908
1779891660,25.175423728811687
1779891675,25.194067796610863
1779891690,25.083898305081487
1779891705,24.93220338982657
1779891720,25.13474576270911
1779891735,24.988135593224094
1779891750,24.71186440678016
1779891765,24.728813559323516
1779891780,25.040677966097658
1779891795,25.11271186441063
1779891810,25.04830508474636
1779891825,25.174576271186243
1779891840,25.060169491524743
1779891855,25.22881355932055
1779891870,25.279661016950627
1779891885,25.26949152542314
1779891900,25.100000000001877
1779891915,24.95084745762575
1779891930,24.866101694916342
1779891945,24.822033898304596
1779891960,24.857627118644654
1779891975,24.766949152537443
1779891990,24.765254237289025
1779892005,24.757627118645253
1779892020,24.708474576270987
1779892035,24.70762711864308
1779892050,24.743220338985616
1779892065,24.638983050849138
1779892080,24.57372881356189
1779892095,24.35084745762929
1779892110,24.37966101694856
1779892125,24.316101694917137
1779892140,24.009322033898105
1779892155,23.8915254237299
1779892170,23.91694915254494
1779892185,24.03220338982942
1779892200,23.96271186440757
1779892215,24.068644067799873
1779892230,23.877966101690774
1779892245,24.081355932203685
1779892260,24.215254237287354
1779892275,24.250000000001982
1779892290,24.251694915252852
1779892305,24.311864406777595
1779892320,24.39661016949193
1779892335,24.49576271186096
1779892350,24.297457627117957
1779892365,24.477966101697092
1779892380,24.62457627118704
1779892395,24.70084745762968
1779892410,24.817796610169985
1779892425,24.792372881357416
1779892440,24.76271186440777
1779892455,24.671186440677573
1779892470,24.774576271186145
1779892485,24.79745762711746
1779892500,24.77288135593033
1779892515,24.936440677966097
1779892530,24.955084745765276
1779892545,24.824576271188327
1779892560,24.70423728813145
1779892575,24.8508474576288
1779892590,24.715254237286853
1779892605,24.610169491524925
1779892620,24.594915254239858
1779892635,24.559322033897324
1779892650,24.558474576269408
1779892665,24.439830508473293
1779892680,24.35084745762929
1779892695,24.281355932204974
1779892710,24.231355932202803
1779892725,24.239830508469552
1779892740,24.139830508475068
1779892755,24.250847457624946
1779892770,24.116949152541288
1779892785,24.12372881355962
1779892800,23.85762711864072
1779892815,23.785593220340072
1779892830,23.89915254237367
1779892845,23.967796610167614
1779892860,23.84237288135811
1779892875,23.954237288133417
1779892890,23.983050847455157
1779892905,24.105084745762916
1779892920,24.034745762715616
1779892935,24.065254237288237
1779892950,24.29406779660632
1779892965,24.446610169491635
1779892980,24.593220338984032
1779892995,24.736440677964822
1779893010,24.738135593220633
1779893025,24.953389830507
1779893040,24.84830508474507
1779893055,25.082203389828138
1779893070,25.29915254237278
1779893085,25.558474576270896
1779893100,25.72881355932253
1779893115,25.96779661017058
1779893130,26.218644067797005
1779893145,26.30932203389683
1779893160,26.494067796610565
1779893175,26.70932203389693
1779893190,26.88947871539924
1779893205,27.157627118645845
1779893220,27.390677966101006
1779893235,27.46016949152532
1779893250,27.554237288139237
1779893265,27.722033898304687
1779893280,27.62288135593073
1779893295,27.676271186439592
1779893310,27.83559322034076
1779893325,27.936440677965614
1779893340,28.175423728813655
1779893355,28.29830508474932
1779893370,28.1728813559324
1779893385,28.183898305085343
1779893400,28.387288135593323
1779893415,28.316101694913186
1779893430,28.341525423728232
1779893445,28.321186440675696
1779893460,28.35508474576489
1779893475,28.143220338980292
1779893490,28.116949152544745
1779893505,27.840319726644257
1779893520,27.86779661017167
1779893535,28.228813559324994
1779893550,28.105084745763897
1779893565,28.07203389831002
1779893580,27.833898305084947
1779893595,27.793220338982362
1779893610,27.671186440679552
1779893625,27.57118644068014
1779893640,27.46101694915324
1779893655,27.455084745762814
1779893670,27.4389830508449
1779893685,27.466101694915746
1779893700,27.404237288135203
1779893715,27.34237288135465
1779893730,27.23728813559273
1779893745,27.09406779660948
1779893760,27.26779661017028
1779893775,27.411016949155997
1779893790,27.538135593221323
1779893805,27.62118644067738
1779893820,27.63983050847655
1779893835,27.301694915257002
1779893850,27.493220338981672
1779893865,27.666101694919497
1779893880,27.95762711864358
1779893895,27.78050847457607
1779893910,27.75762711864722
1779893925,27.89406779660968
1779893940,27.84152542372872
1779893955,27.957627118641113
1779893970,27.685593220336713
1779893985,27.620338983049464
1779894000,27.738135593220147
1779894015,28.750847457627906
1779894030,28.88559322033948
1779894045,29.07372881355499
1779894060,28.68050847457568
1779894075,28.681355932201125
1779894090,28.75847457626921
1779894105,28.736440677965813
1779894120,28.62966101694807
1779894135,28.5584745762704
1779894150,28.672881355934376
1779894165,28.672881355929448
1779894180,28.741525423725854
1779894195,28.711016949150768
1779894210,28.72711864406622
1779894225,28.751694915253356
1779894240,28.729661016949937
1779894255,28.647457627121796
1779894270,28.806779661015568
1779894285,28.72881355932204
1779894300,28.7220338983037
1779894315,28.087288135592626
1779894330,27.87457627118752
1779894345,27.986440677967785
1779894360,27.925423728815147
1779894375,28.015254237289522
1779894390,28.03474576271414
1779894405,27.863559322034593
1779894420,27.900847457625545
1779894435,28.094915254236398
1779894450,27.598305084746055
1779894465,27.598305084746055
1779894480,27.52457627118714
1779894495,27.73135593220182
1779894510,27.580508474579723
1779894525,27.537288135593418
1779894540,27.500000000002466
1779894555,27.46864406779701
1779894570,27.43474576271029
1779894585,27.36694915253932
1779894600,27.23728813559273
1779894615,27.107627118643673
1779894630,27.042372881356425
1779894645,26.93050847457864
1779894660,26.76355932203863
1779894675,26.944067796610373
1779894690,26.87711864406731
1779894705,26.95084745762624
1779894720,26.846610169487285
1779894735,26.719491525426886
1779894750,26.773728813563658
1779894765,26.67881355932431
1779894780,26.627966101694224
1779894795,26.732203389830712
1779894810,26.48983050847349
1779894825,26.535593220336118
1779894840,26.646610169490938
1779894855,26.641525423728417
1779894870,26.653389830506804
1779894885,26.70254237287859
1779894900,26.786440677967484
1779894915,26.780508474574592
1779894930,26.764406779664075
1779894945,27.02711864406888
1779894960,27.05593220339062
1779894975,27.067796610173932
1779894990,27.26779661017028
1779895005,27.377966101694717
1779895020,27.19491525423926
1779895035,27.273728813560705
1779895050,27.422033898306463
1779895065,27.562711864405987
1779895080,27.62372881355617
1779895095,27.465254237290317
1779895110,27.483898305087017
1779895125,27.61186440677532
1779895140,27.42457627118773
1779895155,27.380508474575983
1779895170,27.421186440678557
1779895185,27.349152542375442
1779895200,27.211016949152246
1779895215,27.255084745766467
1779895230,27.200847457624754
1779895245,27.267796610172756
1779895260,27.225423728811883
1779895275,27.29576271186658
1779895290,27.18559322034214
1779895305,27.243220338983154
1779895320,27.585593220339778
1779895335,27.786440677966496
1779895350,27.860169491525422
1779895365,28.044067796613724
1779895380,28.216101694918706
1779895395,28.599999999998428
1779895410,28.78813559322133
1779895425,29.08135593220369
1779895440,29.560169491522757
1779895455,29.805932203391606
1779895470,30.077118644065624
1779895485,30.647457627117358
1779895500,31.120338983050956
1779895515,31.680508474577664
1779895530,32.12881355932411
1779895545,32.5669491525406
1779895560,33.14152542373188
1779895575,33.6677966101694
1779895590,34.2635593220337
1779895605,34.888135593222216
1779895620,35.56016949152671
1779895635,36.25847457627168
1779895650,36.85762711864269
1779895665,37.47881355931957
1779895680,38.0559322033921
1779895695,38.40169491525296
1779895710,39.332203389832586
1779895725,40.30254237288196
1779895740,41.227118644068696
1779895755,41.61101694915333
1779895770,42.198305084745954
1779895785,42.748305084745176
1779895800,43.1830508474599
1779895815,43.973728813560506
1779895830,44.583050847454075
1779895845,45.12881355932361
1779895860,45.714406779660436
1779895875,46.53135593220399
1779895890,46.9483050847425
1779895905,46.97288135593457
1779895920,47.44152542373109
1779895935,47.997457627120724
1779895950,48.31779661017147
1779895965,48.391525423725454
1779895980,48.858474576271085
1779895995,49.18050847457519
1779896010,49.4864406779663
1779896025,49.49915254237506
1779896040,49.55593220339062
1779896055,50.37711864406632
1779896070,50.57627118643969
1779896085,50.81186440678105
1779896100,51.16610169491358
1779896115,51.61186440678124
1779896130,51.90762711864239
1779896145,51.82457627118635
1779896160,52.05508474576518
1779896175,52.325423728811295
1779896190,52.356779661014286
1779896205,53.34406779661195
1779896220,53.50423728813362
1779896235,53.79099124751539
1779896250,54.11271186440915
1779896265,54.491525423723886
1779896280,54.701694915255125
1779896295,54.530508474575576
1779896310,54.439830508475765
1779896325,54.22372881355903
1779896340,54.30677966101754
1779896355,53.82573677466712
1779896370,53.827966101691075
1779896385,53.50677966101981
1779896400,53.28305084745437
1779896415,52.7262711864393
1779896430,52.38644067796887
1779896445,52.09322033898404
1779896460,51.677966101693926
1779896475,51.24067796610288
1779896490,50.84406779660948
1779896505,50.21949152542097
1779896520,49.85084745762634
1779896535,49.36745333866492
1779896550,49.07796610169453
1779896565,48.5720338983046
1779896580,48.40338983050877
1779896595,48.39745762712082
1779896610,48.2720338983039
1779896625,48.19999999999832
1779896640,48.04237288135297
1779896655,48.154237288138155
1779896670,47.9957627118649
1779896685,47.761016949148996
1779896700,47.794067796610264
1779896715,47.68898305084588
1779896730,47.705084745763806
1779896745,47.82372881355745
1779896760,47.751694915256806
1779896775,47.78305084745733
1779896790,47.78813559321985
1779896805,47.91016949152266
1779896820,48.39915254237417
1779896835,48.600847457628795
1779896850,48.46525423728932
1779896865,48.692372881356526
1779896880,48.21610169491625
1779896895,48.1161016949119
1779896910,48.075423728816716
1779896925,48.23474576271048
1779896940,48.45423728813638
1779896955,48.5881355932225
1779896970,48.90084745762703
1779896985,49.026271186439004
1779897000,49.11525423728794
1779897015,49.6715220832783
1779897030,49.72118644068221
1779897045,49.753389830508176
1779897060,49.975423728815336
1779897075,50.05084745762761
1779897090,50.10508474576192
1779897105,49.96016949152286
1779897120,49.5466101694935
1779897135,49.337288135590164
1779897150,49.33559322033928
1779897165,49.56355932203193
1779897180,49.65762711864584
1779897195,49.1999999999998
1779897210,49.53389830508475
1779897225,49.40593220338905
1779897240,49.42966101695073
1779897255,49.43389830508781
1779897270,49.2245762711894
1779897285,49.28644067796748
1779897300,48.881355932204876
1779897315,48.861016949152344
1779897330,48.795762711862636
1779897345,49.09237288135909
1779897360,48.928813559318385
1779897375,49.058474576272374
1779897390,48.84745762711815
1779897405,48.810690060775876
1779897420,48.683050847459405
1779897435,48.65932203389525
1779897450,48.39152542372792
1779897465,48.233898305082576
1779897480,48.56101694915412
1779897495,48.546610169494485
1779897510,48.9550847457638
1779897525,49.293220338988284
1779897540,49.17338422633374
1779897555,49.43474576270831
1779897570,49.589830508474876
1779897585,49.41525423728863
1779897600,49.64152542372793
1779897615,49.5500000000002
1779897630,49.44745762711954
1779897645,49.55338983050937
1779897660,49.72542372881189
1779897675,50.00593220339042
1779897690,50.246610169491824
1779897705,50.359322033899986
1779897720,50.10508474576192
1779897735,50.144067796608695
1779897750,50.439487056065715
1779897765,50.47321713073517
1779897780,50.38813559321926
1779897795,50.30508474575828
1779897810,49.60593220338786
1779897825,49.66864406779632
1779897840,49.45762711864457
1779897855,49.35423728813599
1779897870,49.313559322033406
1779897885,49.2203389830474
1779897900,49.483050847459594
1779897915,49.62966101694954
1779897930,49.57288135593399
1779897945,49.73728813559273
1779897960,49.349152542373474
1779897975,49.00677966101439
1779897990,48.59576271186381
1779898005,49.04830508474487
1779898020,49.13728813559135
1779898035,49.33440226713353
1779898050,48.916101694917025
1779898065,49.12846866758429
1779898080,48.96694915254217
1779898095,49.21186440678065
1779898110,49.49322033898217
1779898125,49.320338983051734
1779898140,49.471186440678764
1779898155,49.308474576270896
1779898170,49.45593220339121
1779898185,49.03474576271315
1779898200,48.803389830506404
1779898215,48.982203389829714
1779898230,48.85762711864812
1779898245,48.538135593217866
1779898260,48.669491525425215
1779898275,48.870338983049464
1779898290,48.94067796610416
1779898305,48.80117424922601
1779898320,48.963559322037945
1779898335,48.827966101693534
1779898350,48.90084745762455
1779898365,48.94576271186668
1779898380,48.869491525424024
1779898395,48.8067796610131
1779898410,48.62627118644137
1779898425,49.00593220339141
1779898440,48.66779661017186
1779898455,48.58898305085042
1779898470,48.814406779659336
1779898485,48.908474576273264
1779898500,48.89745762711293
1779898515,48.987288135587306
1779898530,49.20881892326431
1779898545,50.30677966101409
1779898560,50.99152542372734
1779898575,51.076271186441666
1779898590,51.6644067796622
1779898605,51.79830508474833
1779898620,51.4161016949121
1779898635,51.5850739994993
1779898650,51.74491525423945
1779898665,51.772881355933286
1779898680,52.357627118644665
1779898695,53.18559322033869
1779898710,53.23813559322459
1779898725,53.75084745763037
1779898740,53.65169491525394
1779898755,53.55423728813826
1779898770,53.56610169491663
1779898785,53.381039871458725
1779898800,53.36610169491782
1779898815,53.2991525423723
1779898830,52.85169491525621
1779898845,51.13474576271059
1779898860,51.33728813559066
1779898875,51.19745762712151
1779898890,50.84745762712111
1779898905,50.86864406779414
1779898920,51.01525423728902
1779898935,51.35508474576685
1779898950,51.71610169491772
1779898965,51.49999999999852
1779898980,50.63728813559234
1779898995,50.23813559321768
1779899010,49.88898305085012
1779899025,49.73728813559026
1779899040,49.84661016948926
1779899055,50.09745762712061
1779899070,50.33050847457579
1779899085,50.44576271186521
1779899100,50.365254237287935
1779899115,50.29915254237278
1779899130,50.1771186440675
1779899145,50.34661016949122
1779899160,49.99745762711875
1779899175,49.961864406781146
1779899190,49.72033898305184
1779899205,49.80677966101459
1779899220,49.6169491525408
1779899235,48.945762711864205
1779899250,48.90593220338953
1779899265,48.68898305084982
1779899280,48.51525423728903
1779899295,48.63220338982933
1779899310,48.89237288135534
1779899325,48.94830508474547
1779899340,48.633050847462165
1779899355,48.24322033898463
1779899370,48.16355932203281
1779899385,48.63135593220389
1779899400,48.59406779661046
1779899415,48.46525423728685
1779899430,48.218644067799964
1779899445,48.55000000000365
1779899460,48.966101694914265
1779899475,49.21101694915028
1779899490,49.127118644066314
1779899505,48.95084745762672
1779899520,49.19322033898395
1779899535,49.29491525423916
1779899550,49.3618644067773
1779899565,49.503389830507196
1779899580,49.34576271186678
1779899595,49.279661016951614
1779899610,49.17796610169146
1779899625,49.2033898305065
1779899640,49.31186440678006
1779899655,49.32118644067718
1779899670,49.03813559321984
1779899685,49.205932203390226
1779899700,48.83050847457726
1779899715,49.15677966101597
1779899730,49.46949152542294
1779899745,49.30254237288294
1779899760,49.06355932203489
1779899775,48.59152542372921
1779899790,48.555932203391606
1779899805,48.32372881355942
1779899820,48.345762711862825
1779899835,48.33474576271236
1779899850,48.19576271186372
1779899865,48.07966101694886
1779899880,48.189830508478224
1779899895,48.19406779661284
1779899910,48.427118644068
1779899925,48.383050847456246
1779899940,48.415778822589715
1779899955,48.43983050847428
1779899970,48.26864406779967
1779899985,48.10338983050808
1779900000,48.46694915254513
1779900015,48.19661016948916
1779900030,47.88728813559382
1779900045,47.586440677965214
1779900060,47.843220338982064
1779900075,48.23389830508751
1779900090,49.13728813559135
1779900105,49.41440677966072
1779900120,49.51525423728804
1779900135,50.132203389832775
1779900150,50.28644067796403
1779900165,50.25847457627267
1779900180,50.402542372881356
1779900195,50.6593220338982
1779900210,50.259322033898115
1779900225,50.74661016949133
1779900240,50.929661016954185
1779900255,51.12881355932263
1779900270,51.72457627118694
1779900285,51.81525423728676
1779900300,51.71694915253823
1779900315,52.57203389830805
1779900330,52.76694915253941
1779900345,52.74322033898265
1779900360,52.83350007630384
1779900375,52.81694915254405
1779900390,51.76271186440826
1779900405,51.419491525426196
1779900420,51.204237288137364
1779900435,50.76694915254385
1779900450,50.25169491525434
1779900465,50.18728813559253
1779900480,49.928813559324794
1779900495,50.02627118644295
1779900510,49.96864406779701
1779900525,49.503389830507196
1779900540,49.24745762711825
1779900555,49.04152542372901
1779900570,48.72542372881534
1779900585,48.510169491524046
1779900600,48.052542372878
1779900615,47.89915254237466
1779900630,47.66101694915699
1779900645,48.117796610167716
1779900660,49.45423728813293
1779900675,49.54322033898433
1779900690,49.77118644067451
1779900705,49.91610169491605
1779900720,49.68305084745842
1779900735,49.90169491525395
1779900750,50.34830508474211
1779900765,50.210169491526315
1779900780,50.4957627118649
1779900795,50.666949152541974
1779900810,51.19237288135652
1779900825,51.08474576271335
1779900840,51.062711864409934
1779900855,51.19016142263265
1779900870,51.648305084746745
1779900885,52.076271186438206
1779900900,52.22711864407017
1779900915,52.117796610171176
1779900930,52.490677966102886
1779900945,52.166101694915056
1779900960,51.74067796609992
1779900975,52.322033898307055
1779900990,52.4830508474591
1779901005,52.98644067796532
1779901020,53.21101694915373
1779901035,53.25762711864179
1779901050,53.223728813560015
1779901065,53.180508474573706
1779901080,52.87966101694758
1779901095,52.534745762712156
1779901110,52.56864406779642
1779901125,52.615254237286955
1779901140,52.6805084745742
1779901155,52.46101694915324
1779901170,52.21610169491723
1779901185,52.07966101694985
1779901200,52.106779661015764
1779901215,52.94260205810837
1779901230,52.77966101695064
1779901245,52.76355932203518
1779901260,52.33305084745753
1779901275,51.75593220338993
1779901290,51.69745762712101
1779901305,51.67118644067807
1779901320,51.68135593220556
1779901335,51.83305084745802
1779901350,52.133898305084145
1779901365,51.885593220336524
1779901380,52.14999999999714
1779901395,52.30593220339161
1779901410,52.0228813559318
1779901425,52.37627118644137
1779901440,52.296610169489554
1779901455,52.1135593220341
1779901470,52.74661016948936
1779901485,52.69322033898296
1779901500,52.659322033898704
1779901515,51.749152542371604
1779901530,51.48050847457883
1779901545,51.4805084745739
1779901560,51.310169491527205
1779901575,51.577118644071554
1779901590,51.535593220341056
1779901605,51.02118644067944
1779901620,50.44745762711855
1779901635,50.23474576271345
1779901650,50.10847457627109
1779901665,50.05169491525552
1779901680,49.69237288136047
1779901695,49.752376238971785
1779901710,50.56864406779592
1779901725,51.138135593217285
1779901740,52.021186440678456
1779901755,52.358797567470575
1779901770,52.978813559321544
1779901785,53.465254237289315
1779901800,53.85084745762978
1779901815,54.353389830510544
1779901830,54.93135593220606
1779901845,55.538135593223295
1779901860,56.524576271188124
1779901875,57.51440677966211
1779901890,58.61779661016969
1779901905,60.4355932203377
1779901920,61.78305084745832
1779901935,63.0669491525401
1779901950,64.24067796609498
1779901965,65.78305084745683
1779901980,66.85869926305278
1779901995,67.55084745762761
1779902010,68.27542372881553
1779902025,69.20847457626655
1779902040,70.05254237288096
1779902055,71.09830508474508
1779902070,71.79830508474832
1779902085,73.02372881355873
1779902100,74.52881355931976
1779902115,75.66694915254443
1779902130,76.70508474576478
1779902145,77.68374700845538
1779902160,78.14745762711983
1779902175,78.55593220338915
1779902190,78.85847457626862
1779902205,78.83305084745604
1779902220,78.89661016948747
1779902235,79.9016949152564
1779902250,80.40169491525097
1779902265,80.24067796610139
1779902280,80.82881355932193
1779902295,81.01779661017274
1779902310,81.32288135593349
1779902325,81.74406779661155
1779902340,81.67542372881513
1779902355,81.41779661017038
1779902370,81.13728813559185
1779902385,80.73220338982922
1779902400,79.78135593220448
1779902415,79.67118644068005
1779902430,79.41610169491653
1779902445,79.1423728813588
1779902460,79.39067796610149
1779902475,79.70833700567441
1779902490,79.44745762711953
1779902505,79.45437658049757
1779902520,80.06864406779395
1779902535,79.48375921192716
1779902550,79.62966101694708
1779902565,79.9033898305073
1779902580,80.1076271186432
1779902595,79.96610169491575
1779902610,79.95593220339072
1779902625,79.5135593220347
1779902640,79.28389830508623
1779902655,79.91610169491358
1779902670,80.55762711864051
1779902685,81.01864406779819
1779902700,80.71016949152828
1779902715,80.70084745762375
1779902730,80.79152542372852
1779902745,80.21016949152384
1779902760,79.68898305084883
1779902775,79.98389830508455
1779902790,79.58898305084696
1779902805,79.50254237288175
1779902820,79.23474576271197
1779902835,78.95084745762672
1779902850,78.36186440678321
1779902865,78.57457627118585
1779902880,77.92966101694728
1779902895,77.84322033898454
1779902910,77.51864406779671
1779902925,77.11779661016871
1779902940,77.24915254237357
1779902955,76.682203389831
1779902970,75.96271186440559
1779902985,76.17372881355982
1779903000,76.34406779661145
1779903015,76.43474576271375
1779903030,76.41016949152167
1779903045,76.73797788459662
1779903060,76.47796610169512
1779903075,76.25677966101834
1779903090,76.7271186440682
1779903105,76.29745762711845
1779903120,76.14067796610347
1779903135,76.7169491525407
1779903150,76.67711864406603
1779903165,76.50084745762643
1779903180,76.45593220339171
1779903195,76.17796610169196
1779903210,76.10677966101922
1779903225,76.5694915254253
1779903240,76.14322033898719
1779903255,76.16271186440935
1779903270,75.84830508474163
1779903285,75.55000000000167
1779903300,75.51694915254286
1779903315,75.16440677966368
1779903330,75.17033898304916
1779903345,75.19999999999882
1779903360,74.95355963688233
1779903375,74.9586443481747
1779903390,75.14322033898326
1779903405,74.92457627118773
1779903420,75.09152542372772
1779903435,74.79915254237575
1779903450,74.89042261446411
1779903465,74.48305084745715
1779903480,74.85423728813304
1779903495,74.83050847457874
1779903510,74.79152542372951
1779903525,74.62288135593123
1779903540,74.66525423728714
1779903555,74.56694915254356
1779903570,74.69576271186223
1779903585,74.72355744784632
1779903600,74.37372881356308
1779903615,74.46694915254169
1779903630,74.30508474576172
1779903645,74.21610169491527
1779903660,73.99152542372931
1779903675,74.14067796610297
1779903690,74.13305084745427
1779903705,73.98965416714827
1779903720,73.93728813559007
1779903735,73.968644067798
1779903750,73.71101694915323
1779903765,73.66610169491358
1779903780,73.64067796610347
1779903795,73.04576271186214
1779903810,73.0694915254263
1779903825,73.29001159314481
1779903840,72.88644067796591
1779903855,73.06779661016802
1779903870,73.56101694915412
1779903885,73.38474576270958
1779903900,74.44322033898246
1779903915,75.4703389830474
1779903930,75.3711864406759
1779903945,75.3872881355938
1779903960,75.74915254237258
1779903975,75.55338983050838
1779903990,75.86186440677828
1779904005,76.22711864406375
1779904020,76.3983050847433
1779904035,76.70593220338776
1779904050,77.60084745762732
1779904065,77.77118644067649
1779904080,78.25762711864427
1779904095,78.58559322034372
1779904110,78.5720338983046
1779904125,78.71610169491574
1779904140,78.73813559321916
1779904155,78.82288135593349
1779904170,79.14745762711884
1779904185,78.94915254237338
1779904200,78.19576271186618
1779904215,78.11425840175188
1779904230,78.08898305085091
1779904245,78.31271186440648
1779904260,78.82711864407057
1779904275,78.78898305084677
1779904290,79.15169491525099
1779904305,79.56694915254356
1779904320,79.6042372881345
1779904335,79.38559322033898
1779904350,79.65593220339248
1779904365,80.07627118644265
1779904380,80.155932203392
1779904395,80.4610169491478
1779904410,80.79661016949103
1779904425,81.33559322033483
1779904440,81.51883201187893
1779904455,81.57627118644363
1779904470,81.5042372881356
1779904485,81.24067796610042
1779904500,80.95254237288057
1779904515,81.06016949152375
1779904530,80.64745762711982
1779904545,80.05084745762761
1779904560,80.2110169491493
1779904575,80.20169491525463
1779904590,79.87118644068131
1779904605,80.31440677966033
1779904620,79.8144067796633
1779904635,79.73813559322063
1779904650,79.19237288135356
1779904665,78.61864406779266
1779904680,78.09561420755632
1779904695,77.98559322033987
1779904710,77.42796610169688
1779904725,77.16779661017088
1779904740,76.655932203393
1779904755,76.6033898305071
1779904770,76.67457627118478
1779904785,77.35000000000089
1779904800,77.19830508474597
1779904815,77.3805084745809
1779904830,77.916799435927
1779904845,77.93050847457519
1779904860,77.5177966101688
1779904875,77.46016949152286
1779904890,76.69830508474399
1779904905,76.43135593220458
1779904920,77.03559322034056
1779904935,76.25338983050916
1779904950,76.26101694915047
1779904965,76.4915254237293
1779904980,76.33644067796767
1779904995,75.95762711864555
1779905010,76.42881355932086
1779905025,76.01525423728903
1779905040,76.08389830508298
1779905055,76.19237288135652
1779905070,75.95338983051094
1779905085,75.9837354829537
1779905100,76.2322033898312
1779905115,75.39322033898424
1779905130,75.56678350361717
1779905145,75.50423728813658
1779905160,75.25593220339141
1779905175,75.28559322034351
1779905190,75.75338983050719
1779905205,75.37203389830134
1779905220,75.48389830508407
1779905235,75.8042372881348
1779905250,75.65423728813569
1779905265,76.06271186440748
1779905280,76.05423728813332
1779905295,75.8110169491556
1779905310,75.95338983050601
1779905325,76.25254237288372
1779905340,75.9008474576275
1779905355,75.88474576271207
1779905370,75.85338983050906
1779905385,75.24593053606368
1779905400,75.3720338983038
1779905415,75.71779661016713
1779905430,75.38135593220339
1779905445,75.58135593220221
1779905460,75.7220338983042
1779905475,75.66525423729355
1779905490,75.58813559322053
1779905505,75.28135593220645
1779905520,75.31949152542285
1779905535,75.43983050847478
1779905550,75.07881355932145
1779905565,74.80186575006054
1779905580,74.9728813559316
1779905595,74.87033898305341
1779905610,74.94491525423778
1779905625,75.213559322033
1779905640,74.9228813559319
1779905655,75.2440677966081
1779905670,75.85423728813944
1779905685,75.4855932203374
1779905700,75.58898305084844
1779905715,75.7093220338979
1779905730,75.34237288135662
1779905745,75.23728813559222
1779905760,75.11186440677778
1779905775,75.0815248710196
1779905790,75.02372881356169
1779905805,75.31610169491121
1779905820,75.32966101694787
1779905835,75.23474576271097
1779905850,75.41186440678095
1779905865,75.35677966101872
1779905880,75.44322033898393
1779905895,75.86355932203162
1779905910,75.48983050847201
1779905925,75.28406587073542
1779905940,75.62288135593023
1779905955,75.08644067796769
1779905970,75.15762711864535
1779905985,75.5381355932233
1779906000,75.4101694915276
1779906015,75.71101694915373
1779906030,75.33813559321707
1779906045,75.62796610169275
1779906060,75.61186440678223
1779906075,76.03898305084577
1779906090,76.51355932203272
1779906105,76.63898305084963
1779906120,76.38220338983031
1779906135,76.57457627118535
1779906150,76.53305084745733
1779906165,76.89576271186401
1779906180,76.66949152542472
1779906195,76.54830508474734
1779906210,76.68728813559105
1779906225,76.90508474576608
1779906240,76.78983050847418
1779906255,76.73305084745861
1779906270,76.64067796610051
1779906285,76.56694915254405
1779906300,76.5066203838669
1779906315,76.82372881355843
1779906330,76.82033898304927
1779906345,76.86949152542353
1779906360,77.18474576271423
1779906375,76.33135593220024
1779906390,75.97796610169314
1779906405,76.27711864406592
1779906420,76.01949152542363
1779906435,76.1822033898315
1779906450,76.10762711864466
1779906465,75.76694915254384
1779906480,75.72796610169462
1779906495,75.71440677966042
1779906510,75.70169491525414
1779906525,75.67288135592993
1779906540,75.85508474576241
1779906555,76.08305084746
1779906570,76.39067796609953
1779906585,76.23151707445794
1779906600,76.26440677965964
1779906615,76.14152542372645
1779906630,76.18728813559154
1779906645,76.10169491525177
1779906660,76.23898305084707
1779906675,76.06779661016998
1779906690,76.28050847457756
1779906705,77.19406779660642
1779906720,77.71016949152877
1779906735,77.65254237288038
1779906750,77.86016949152543
1779906765,78.31101694915067
1779906780,78.31694915254356
1779906795,78.71355932203448
1779906810,78.41864406779384
1779906825,79.28220338982794
1779906840,79.60169491525325
1779906855,79.35084745762681
1779906870,79.04661016949153
1779906885,79.2949152542367
1779906900,79.20084745762772
1779906915,79.27796610170074
1779906930,79.0974576271216
1779906945,78.92542372881661
1779906960,78.64745762711686
1779906975,78.47457627118644
1779906990,78.40423728813668
1779907005,77.96186440677818
1779907020,76.93389830508534
1779907035,76.92118644067658
1779907050,76.7567796610203
1779907065,76.24491525423748
1779907080,76.06610169491417
1779907095,76.19491525423778
1779907110,75.67203389830449
1779907125,74.99576271186292
1779907140,74.66779661017087
1779907155,74.40084745762653
1779907170,74.46779661016959
1779907185,74.26440677966161
1779907200,73.90762711864288
1779907215,74.02796610169729
1779907230,74.11101694915581
1779907245,73.84576271186481
1779907260,73.94745762712003
1779907275,73.98728813559224
1779907290,73.69491525423531
1779907305,73.72796610169658
1779907320,73.8805084745745
1779907320,73.8805084745745
1779907335,73.2644067796626
1779907350,73.53710872616006
1779907365,73.64915254236774
1779907380,73.47542372881189
1779907395,73.97966101695093
1779907410,74.1415254237309
1779907425,74.02288135592984
1779907440,74.29661016949005
1779907455,74.39745762711982
1779907470,74.33135593220221
1779907485,74.84237288135711
1779907500,74.97288135593408
1779907515,74.92711864406651
1779907530,75.18983050847132
1779907545,75.43644067796315
1779907560,75.29152542372901
1779907575,75.30677966101655
1779907590,75.57627118644216
1779907605,75.26440677966062
1779907620,75.30677966102148
1779907635,75.53898305084381
1779907650,75.45762711864357
1779907665,75.82288135593151
1779907680,76.19152542372862
1779907695,75.89745762712082
1779907710,75.98474576271147
1779907725,76.06101694915166
1779907740,76.4186440677983
1779907755,76.23050847457785
1779907770,76.9008474576216
1779907785,77.13659568409636
1779907800,77.06610169491566
1779907815,77.23305084745566
1779907830,77.10847457626912
1779907845,77.15169491525296
1779907860,77.27457627118861
1779907875,77.16949152542176
1779907890,76.76186440678035
1779907905,76.57118644067866
1779907920,76.59322033898206
1779907935,76.48813559322261
1779907950,76.31610169491516
1779907965,76.10169491525424
1779907980,75.9313559322026
1779907995,76.09322033898256
1779908010,76.4593220338984
1779908025,77.437288135594
1779908040,77.05593220339308
1779908055,77.26440677966112
1779908070,77.00508474576301
1779908085,76.91016949152365
1779908100,76.61016949152543
1779908115,76.80508474576173
1779908130,77.18389830508139
1779908145,76.77796610169334
1779908160,76.60593220339081
1779908175,76.99745762711923
1779908190,77.286440677967
1779908205,77.4211864406761
1779908220,77.60254237288314
1779908235,77.4754237288178
1779908250,76.95084745762624
1779908265,77.21101694915224
1779908280,76.90932203389575
1779908295,76.83474576271384
1779908310,76.22155026882258
1779908325,75.60084745762683
1779908340,75.64491525423858
1779908355,75.59745762711519
1779908370,75.0398305084722
1779908385,75.19999999999882
1779908400,75.47033898304987
1779908415,75.75932203389762
1779908430,76.01186440677986
1779908445,76.45762711864259
1779908460,76.27033898305254
1779908475,76.156779661014
1779908490,76.09152542372428
1779908505,76.3559322033923
1779908520,75.92372881355884
1779908535,76.50762711864476
1779908550,76.65068915721798
1779908565,76.33898305084648
1779908580,76.4728813559326
1779908595,76.01525423728903
1779908610,75.8338983050869
1779908625,75.5433861465349
1779908640,75.05703331830632
1779908655,75.03983050847467
1779908670,75.0805084745748
1779908685,75.13135593219994
1779908700,74.864406779663
1779908715,74.35593220338934
1779908730,73.90000000000158
1779908745,73.71610169491575
1779908760,73.72288135593162
1779908775,73.89067796610199
1779908790,73.82288135593103
1779908805,74.21525423728734
1779908820,74.17033898305016
1779908835,73.56355932203292
1779908850,73.97542372881385
1779908865,74.2760967871011
1779908880,73.93644067796215
1779908895,74.10593220339081
1779908910,74.26186440678282
1779908925,74.57796610169649
1779908940,74.58728813559361
1779908955,74.80508474575876
1779908970,74.76610169491693
1779908985,75.23813559322261
1779909000,75.32372881355991
1779909015,75.13983050847408
1779909030,74.97288135593408
1779909045,75.11610169491486
1779909060,74.98898305084707
1779909075,74.7059322033922
1779909090,74.9450851180675
1779909105,74.59237288135367
1779909120,74.6644067796617
1779909135,74.96779661017156
1779909150,74.35423728813599
1779909165,74.19830508474399
1779909180,74.44830508474745
1779909195,74.08220338983406
1779909210,74.15677966101597
1779909225,74.33898305084597
1779909240,73.95423728813341
1779909255,73.51949152542609
1779909270,73.6194915254255
1779909285,73.05677966102002
1779909300,73.10000000000139
1779909315,73.76525423728755
1779909330,73.78389830508918
1779909345,74.05677966101409
1779909360,74.34576271186431
1779909375,74.28389830508623
1779909390,74.33983050847388
1779909405,74.67288135592845
1779909420,74.31355932203094
1779909435,74.68983050847675
1779909450,75.004915287566
1779909465,75.00677966101833
1779909480,75.25254237288472
1779909495,75.85000000000237
1779909510,75.31525423728824
1779909525,75.26271186440727
1779909540,76.10254237287968
1779909555,75.95084745762722
1779909570,75.94152542372763
1779909585,76.29237288135346
1779909600,75.91109860644293
1779909615,75.86864406779661
1779909630,75.94067796609973
1779909645,75.42288135593141
1779909660,75.56864406779592
1779909675,75.94491525423433
1779909690,75.66525423728616
1779909705,75.75508474576054
1779909720,75.98389830508849
1779909735,75.66694915254445
1779909750,75.75677966101883
1779909765,75.93220338982805
1779909780,75.46610169491032
1779909795,75.41779661016889
1779909810,75.67457627118822
1779909825,75.5093220338991
1779909840,75.32796610169453
1779909855,75.61779661017019
1779909870,75.16254347486964
1779909885,75.05169491525798
1779909900,75.2940677966078
1779909915,75.18389830508336
1779909930,75.06610169491762
1779909945,75.54999999999427
1779909960,75.1830508474604
1779909975,75.13983050847408
1779909990,75.09491525423935
1779910005,75.01949152542215
1779910020,75.29644268774703
1779910035,75.57966101694886
1779910050,75.46610169491525
1779910065,75.32033898305322
1779910080,75.71864406779503
1779910095,75.89491525423462
1779910110,75.77966101694767
1779910125,75.69830508474745
1779910140,75.62966101695103
1779910155,75.62966101695103
1779910170,76.09152542372428
1779910185,76.09152542372428
1779910200,75.85932203389703
1779910215,76.22881355932451
1779910230,75.81949152542482
1779910245,75.44745762711855
1779910260,75.64576271186401
1779910275,75.60508474576389
1779910290,75.650847457629
1779910305,75.72372881356002
1779910320,74.91779661017186
1779910335,75.1203389830544
1779910350,75.59322033898306
1779910365,75.12203389830282
1779910380,74.755084745764
1779910395,75.26864406780017
1779910410,74.9322033898315
1779910425,74.97033898305035
1779910440,75.48813559321866
1779910455,75.12457627118654
1779910470,74.86779661017215
1779910485,74.95338983050699
1779910500,74.92559372479037
1779910515,74.90677966101646
1779910530,75.08389830508395
1779910545,75.18576145246739
1779910560,75.17881355932086
1779910575,75.3491525423725
1779910590,75.08728813559806
1779910605,75.2364406779668
1779910620,75.31355932203489
1779910635,75.10932203389653
1779910650,75.21525423728883
1779910665,75.36186440677878
1779910680,75.16525423728666
1779910695,75.27711864406938
1779910710,75.18321909681998
1779910725,74.82966101694836
1779910740,75.12711864406533
1779910755,75.32457627118536
1779910770,74.82033898305372
1779910785,74.70423728813391
1779910800,74.71610169491476
1779910815,74.2779661016958
1779910830,74.38389830508564
1779910845,74.33220338982764
1779910860,74.10423728813993
1779910875,73.79915254237426
1779910890,74.19322033898395
1779910905,73.8881355932232
1779910920,73.77711864406592
1779910935,73.91101694915206
1779910950,73.65914345181696
1779910965,73.37033898305243
1779910980,73.39830508474626
1779910995,73.18220338982952
1779911010,72.57627118644265
1779911025,72.71355932203053
1779911040,72.52542372881257
1779911055,72.57203389830804
1779911070,73.03220338983287
1779911085,73.11864406779809
1779911100,73.08813559322054
1779911115,73.46271186440559
1779911130,73.57033898305619
1779911145,73.46525423728684
1779911160,73.8728813559332
1779911175,73.85187219070292
1779911190,73.58050847457626
1779911205,73.95695622402334
1779911220,74.2455881056801
1779911235,74.00762711864722
1779911250,74.36542803099474
1779911265,74.40677966101448
1779911280,74.34152542372723
1779911295,75.00508474576499
1779911310,75.25423728813806
1779911325,75.18474576271375
1779911340,75.0847457627094
1779911355,75.07542372880981
1779911370,74.85677966101676
1779911385,74.58728813559115
1779911400,74.82796610169748
1779911415,74.51440677966012
1779911430,74.400847457629
1779911445,74.71949152542638
1779911460,74.57542372881278
1779911475,74.6203389830475
1779911490,74.8779661016972
1779911505,74.9457627118657
1779911520,75.0635593220339
1779911535,75.2788135593252
1779911550,75.28050847457854
1779911565,75.06525423728725
1779911580,75.10762711864318
1779911595,74.91694915254395
1779911610,74.96271186440659
1779911625,75.26101694915393
1779911640,75.58474576271384
1779911655,75.43474576270732
1779911670,75.84237288135614
1779911685,76.24390673835018
1779911700,76.09999999999843
1779911715,76.33474576271433
1779911730,76.39999999999911
1779911745,76.22711864406868
1779911760,76.34406779660898
1779911775,76.09406779661293
1779911790,75.85153119682315
1779911805,76.03067097849967
1779911820,75.57118644067717
1779911835,75.4000000000001
1779911850,75.67033898304868
1779911865,75.3169491525416
1779911880,75.29322033898728
1779911895,75.5025423728783
1779911910,75.27542372881356
1779911925,74.9601694915278
1779911940,74.92542372881317
1779911955,74.79745762711745
1779911970,74.56949152542481
1779911985,74.79491525423374
1779912000,74.23474576271197
1779912015,74.26525423728951
1779912030,74.49322033898463
1779912045,74.36525423728892
1779912060,74.25084745762743
1779912075,74.24491525423946
1779912090,74.35254237288017
1779912105,74.11186440677878
1779912120,74.15677966101597
1779912135,74.16186440678341
1779912150,73.53135593220448
1779912165,73.7923728813584
1779912180,73.57051816597647
1779912195,73.21525423728586
1779912210,73.75423728813708
1779912225,73.79322033898383
1779912240,73.61186440678173
1779912255,73.69576271186816
1779912270,73.79999999999971
1779912285,73.51864406779572
1779912300,73.90169491525494
1779912315,73.64237288135436
1779912330,73.8144067796618
1779912345,74.01016949152601
1779912360,73.82372881355893
1779912375,73.91355932203331
1779912390,73.69304198672425
1779912405,73.7542372881346
1779912420,74.04152542372655
1779912435,74.22203389830568
1779912450,74.37457627118359
1779912465,74.47203389830419
1779912480,74.2906779661021
1779912495,74.51186440677887
1779912510,74.5008474576284
1779912525,74.30254237288294
1779912540,74.44067796609873
1779912555,74.47118644067876
1779912570,74.2355932203374
1779912585,74.3237288135609
1779912600,73.88135593220241
1779912615,73.60338983051253
1779912630,73.64745762711686
1779912645,73.52627118644196
1779912660,73.26016949152799
1779912675,73.39661016949044
1779912690,73.34067796610032
1779912705,73.2474576271217
1779912720,73.12288135593516
1779912735,73.3669491525408
1779912750,73.30677966101607
1779912765,73.32627118644068
1779912780,73.84491525423937
1779912795,73.75677966101833
1779912810,73.70338983050699
1779912825,73.8915254237299
1779912840,73.96101694915176
1779912855,73.90593220338954
1779912870,74.38898305084568
1779912885,74.25932203389662
1779912900,74.43559322034116
1779912915,74.79576271186411
1779912930,74.8805084745735
1779912945,74.93559322034066
1779912960,75.80423728813481
1779912975,75.650847457629
1779912990,75.80084745762564
1779913005,76.07796610169501
1779913020,76.1796610169527
1779913035,75.94915254237387
1779913050,76.09237288135465
1779913065,75.90847457626882
1779913080,75.94661016949262
1779913095,76.03220338982746
1779913110,75.93813559322093
1779913125,76.16355932203726
1779913140,76.42796610169295
1779913155,76.05847457627533
1779913170,75.92457627118674
1779913185,76.3135593220339
1779913200,76.33220338983307
1779913215,76.28220338983091
1779913230,76.21779661017156
1779913245,75.73474576271542
1779913260,75.40084745763048
1779913275,75.43474576271227
1779913290,74.74237288135771
1779913305,74.87627118643644
1779913320,75.2737288135602
1779913335,75.13644067796739
1779913350,74.81440677966083
1779913365,74.77542372881405
1779913380,74.28983050847665
1779913395,74.3415254237297
1779913410,74.21101694915028
1779913425,73.80677966101557
1779913440,73.40762711864338
1779913455,73.21440677966042
1779913470,72.71610169491427
1779913485,72.38559322034097
1779913500,72.3627118644047
1779913515,72.26355932203568
1779913530,72.31949152542335
1779913545,72.36440677966051
1779913560,72.4822033898312
1779913575,72.52372881355676
1779913590,72.96864406779898
1779913605,72.98728813559569
1779913620,72.66186440678243
1779913635,72.74406779660809
1779913650,72.94303690194599
1779913665,73.28728813559391
1779913680,73.41186440678291
1779913695,73.73559322034036
1779913710,73.59576271186627
1779913725,73.82457627118437
1779913740,74.03983050847567
1779913755,74.14237288135878
1779913770,74.28728813559293
1779913785,74.74152542372734
1779913800,74.59322033898157
1779913815,74.7659306164755
1779913830,75.1025423728782
1779913845,75.0050847457625
1779913860,74.7016949152502
1779913875,74.92457627118524
1779913890,74.41253839009384
1779913905,74.20847457627148
1779913920,74.23474576271197
1779913935,74.01610169491397
1779913950,73.91779661016791
1779913965,74.27457627118909
1779913980,74.15762711864386
1779913995,73.8627118644057
1779914010,73.92711864406996
1779914025,73.72542372881287
1779914040,73.92203389830499
1779914055,73.75169491525335
1779914070,73.34661016948827
1779914085,72.916949152541
1779914100,72.92457627118722
1779914115,72.84999999999546
1779914130,72.25847457627069
1779914145,72.40169491525148
1779914160,72.099152542372
1779914175,71.69491525423729
1779914190,72.03286123973889
1779914205,71.99067796610585
1779914220,71.92476661175357
1779914235,71.86355932203806
1779914250,71.76101694914998
1779914265,71.33220338983307
1779914280,71.55423728813777
1779914295,71.69322033898146
1779914310,71.80677966101754
1779914325,71.77966101694668
1779914340,71.9906779661009
1779914355,72.114406779662
1779914370,72.66271186440787
1779914385,72.97796610169857
1779914400,72.78389830508523
1779914415,73.26016949152306
1779914430,73.49745762711775
1779914445,73.39915254237171
1779914460,73.3220338983036
1779914475,73.7720338983034
1779914490,73.8313559322027
1779914505,73.74745762711628
1779914520,74.06355932203242
1779914535,74.17288135593141
1779914550,73.82118644068014
1779914565,73.84152542372773
1779914580,74.00847457627266
1779914595,73.75593220339043
1779914610,74.12033898305293
1779914625,73.96694915254218
1779914640,74.18813559321895
1779914655,74.44745762711953
1779914670,74.30762711864298
1779914685,74.19491525423976
1779914700,74.7449152542365
1779914715,74.48728813559174
1779914730,74.85423728813304
1779914745,75.1728813559329
1779914760,75.08474576271186
1779914775,75.01779661017127
1779914790,75.60593220338687
1779914805,76.2576271186413
1779914820,76.45407765476406
1779914835,76.66186440677848
1779914850,76.88983050847852
1779914865,76.82288135593299
1779914880,76.73813559322113
1779914895,76.49322033898513
1779914910,76.45762711864259
1779914925,76.33135593220271
1779914940,76.18474576271275
1779914955,76.00677966101242
1779914970,75.72796610169462
1779914985,75.22118644067679
1779915000,74.58050847457775
1779915015,74.31864406779592
1779915030,73.89491525423907
1779915045,73.49661016948738
1779915060,73.45084745762476
1779915075,73.54237288135741
1779915090,72.92242241393842
1779915105,72.07203389830362
1779915120,71.5042372881356
1779915135,71.6200503733957
1779915150,71.82542372881672
1779915165,71.713559322034
1779915180,71.74915254236913
1779915195,71.53983050847566
1779915210,71.28474576271216
1779915225,71.3652542372919
1779915240,71.25762711864131
1779915255,71.32118644068014
1779915270,71.19745762711904
1779915285,71.49237288135721
1779915300,71.69661016949064
1779915315,71.53220338983188
1779915330,71.86355932203557
1779915345,71.96355932203498
1779915360,71.89322033898029
1779915375,72.2169491525402
1779915390,71.99152542372882
1779915405,72.02457627118763
1779915420,72.13013338757011
1779915435,72.04322033898187
1779915450,71.88898305085061
1779915465,72.62203389830282
1779915480,72.78983050847073
1779915495,72.49237288135376
1779915510,72.79491525423818
1779915525,72.83286666350222
1779915540,72.8788135593246
1779915555,73.36186440677828
1779915570,73.80423728813432
1779915585,74.15254237288383
1779915600,74.7449152542365
1779915615,75.33813559322202
1779915630,75.66864406779533
1779915645,76.18728813559402
1779915660,76.21186440677867
1779915675,76.61271186440915
1779915690,76.87264616250384
1779915705,77.08728813559361
1779915720,77.19676476769757
1779915735,77.17796610169343
1779915750,76.93050847457617
1779915765,76.72966101694698
1779915780,77.01694915253891
1779915795,76.94576271186865
1779915810,77.0093220338976
1779915825,77.15762711864092
1779915840,77.34237288135465
1779915855,76.90423728813323
1779915870,76.57966101694787
1779915885,75.7644067796626
1779915900,75.59999999999891
1779915915,74.82711864406957
1779915930,74.07542372881326
1779915945,73.86949152542402
1779915960,73.76355932203913
1779915975,73.16610169491653
1779915990,73.26440677966013
1779916005,73.2991525423723
1779916020,73.01186440678036
1779916035,73.10666151426352
1779916050,73.0779661016955
1779916065,72.84049383385562
1779916080,73.0042372881341
1779916095,72.9177966101689
1779916110,72.05169491525355
1779916125,71.9728813559321
1779916140,71.83983050847635
1779916155,71.89661016949438
1779916170,71.97881355932006
1779916185,72.20847457626853
1779916200,72.0491525423723
1779916215,72.00338983051213
1779916230,72.55932203389929
1779916245,72.36271186440963
1779916260,72.30254237288244
1779916275,72.34915254236805
1779916290,71.68728813559598
1779916305,71.72476796767282
1779916320,71.67033898305262
1779916335,71.35762711864318
1779916350,71.33305084745605
1779916365,71.66949152542719
1779916380,71.47796610169512
1779916395,71.71101694915274
1779916410,72.1889830508513
1779916425,71.79491525423668
1779916440,71.63305084745922
1779916455,71.71694915254317
1779916470,71.531355932204
1779916485,71.54915254237032
1779916500,71.73135593220033
1779916515,71.41186440677996
1779916530,71.21864406779454
1779916545,71.2169491525412
1779916560,70.95169491525513
1779916575,71.38728813559037
1779916590,71.53050847457854
1779916605,71.21883919431095
1779916620,71.0813559322017
1779916635,71.50254237287979
1779916650,71.07118644067916
1779916665,70.93898305084639
1779916680,71.03220338982992
1779916695,70.74915254237506
1779916710,70.57711864407007
1779916725,70.64745762711736
1779916740,70.69661016949162
1779916755,70.60593220338933
1779916770,70.4067796610135
1779916785,70.4186440677968
1779916800,70.18135593220211
1779916815,70.30847457627483
1779916830,70.59745762711766
1779916845,70.50847457626872
1779916860,70.59576271186184
1779916875,70.57203389830508
1779916890,70.13728813559035
1779916905,70.49576271186491
1779916920,70.36186440678124
1779916935,69.79915254237082
1779916950,69.90762711864437
1779916965,69.86440677966299
1779916980,69.36525423728892
1779916995,69.82796610169748
1779917010,69.82881355932292
1779917025,69.879661016953
1779917040,69.90254237287938
1779917055,70.2406779661014
1779917070,70.1440677966087
1779917085,70.0703389830547
1779917100,70.05593220339013
1779917115,69.77691374178522
1779917130,69.8847457627106
1779917145,69.63050847457745
1779917160,69.38813559322024
1779917175,69.70932203390137
1779917190,69.7949152542362
1779917205,69.48559322033593
1779917220,69.56101694915313
1779917235,70.17118644067708
1779917250,70.12372881355617
1779917265,70.34322033898206
1779917280,70.61779661016772
1779917295,70.43474576271225
1779917310,70.29491525423818
1779917325,70.45593220339269
1779917340,70.40084745762553
1779917355,69.91949152542274
1779917370,70.09152542373019
1779917385,70.22033898305135
1779917400,69.7542372881361
1779917415,69.98474576270752
1779917430,69.99745762712368
1779917445,69.91525423728814
1779917460,70.47288135593112
1779917475,70.35169491525374
1779917490,70.19745762712002
1779917505,70.59237288135513
1779917520,70.41440677965973
1779917535,69.75593220338698
1779917550,69.90508474576312
1779917565,70.12627118643988
1779917580,69.76525423728656
1779917595,69.84999999999843
1779917610,70.18135593220458
1779917625,69.99745762711628
1779917640,70.30847457627483
1779917655,70.17881355932086
1779917670,70.47796610169117
1779917685,70.90847457626882
1779917700,70.95084745762722
1779917715,71.01440677966112
1779917730,71.32542372881228
1779917745,71.21525423728784
1779917760,71.16779661017186
1779917775,71.26186440678084
1779917790,71.42288135593043
1779917805,71.07796610169501
1779917820,71.58728813559658
1779917835,71.99745762711925
1779917850,71.86610169491436
1779917865,71.4932203389802
1779917880,71.7855932203371
1779917895,71.9186440677978
1779917910,71.63474576270762
1779917925,71.97457627118791
1779917940,71.84322033898304
1779917955,71.66016949152512
1779917970,71.69152542372812
1779917985,71.48983050847349
1779918000,71.17796610169442
1779918015,71.16271186440935
1779918030,70.85508474575994
1779918045,70.63813559322517
1779918060,70.91016949152464
1779918075,70.92033898304967
1779918090,70.25403562058048
1779918105,70.50762711863835
1779918120,70.39152542373088
1779918135,70.0457627118651
1779918150,70.16186440677996
1779918165,70.03559322033513
1779918180,69.83135593220172
1779918195,69.9906779661004
1779918210,69.55847457627188
1779918225,69.51610169491347
1779918240,69.39491525423611
1779918255,69.14661016949093
1779918270,68.89830508474577
1779918285,69.07457627118536
1779918300,69.3762711864394
1779918315,69.0542372881353
1779918330,68.95593220338924
1779918345,69.05932203389534
1779918360,68.85084745762485
1779918375,68.59915254237052
1779918390,68.76949152542463
1779918405,68.44152542373256
1779918420,68.14936847886052
1779918435,68.51016949152897
1779918450,68.45847457627099
1779918465,68.48644067796975
1779918480,68.94830508474794
1779918495,68.99237288135474
1779918510,68.86016949152443
1779918525,69.14999999999763
1779918540,69.09830508474458
1779918555,69.41016949152858
1779918570,69.46810710399811
1779918585,68.95423728813589
1779918600,68.75508474576006
1779918615,69.06271186440698
1779918630,69.56101694915313
1779918645,69.22542372881483
1779918660,69.23644067796532
1779918675,69.18050847457519
1779918690,69.26694915254286
1779918705,69.35338983050808
1779918720,69.24406779661155
1779918735,69.12796610169423
1779918750,69.25338983050867
1779918765,68.99152542373177
1779918780,68.57944799625928
1779918795,68.88474576271403
1779918810,68.59322033898256
1779918825,68.39406779661165
1779918840,68.26271186440431
1779918855,68.2271186440667
1779918870,68.2008474576287
1779918885,68.52648456620514
1779918900,68.54152542372705
1779918915,68.35254237288115
1779918930,68.25508474576054
1779918945,68.22966101695044
1779918960,68.26271186440924
1779918975,68.38442424838486
1779918990,68.45508474576182
1779919005,68.36525423728744
1779919020,68.52372881355824
1779919035,68.3211864406757
1779919050,68.15593220338904
1779919065,68.39999999999961
1779919080,68.53559322033662
1779919095,68.8627118644057
1779919110,69.18644067796315
1779919125,69.05254237287701
1779919140,68.91779661017286
1779919155,69.00254237287977
1779919170,68.90677966101991
1779919185,68.66101694915353
1779919200,68.86610169491486
1779919215,69.17966101694975
1779919230,69.57796610169402
1779919245,69.92457627118526
1779919260,70.0355932203376
1779919275,69.95593220338579
1779919290,70.33135593220122
1779919305,70.43644067796562
1779919320,70.39237288135632
1779919335,70.61440677966102
1779919350,70.6228813559327
1779919365,70.57881355932095
1779919380,70.31440677966032
1779919395,69.79237288135741
1779919410,69.786440677967
1779919425,69.97033898305037
1779919440,69.98983050847744
1779919455,69.81525423728873
1779919470,70.12627118644482
1779919485,70.11610169491733
1779919500,69.79576271186411
1779919515,69.7601694915265
1779919530,69.07087190717509
1779919545,68.69745762711904
1779919560,68.64237288135682
1779919575,68.46694915254514
1779919590,68.32457627118733
1779919605,68.33728813559608
1779919620,68.08559322033682
1779919635,68.00423728813412
1779919650,68.06779661016802
1779919665,68.23559322033591
1779919680,67.84322033898206
1779919695,68.06440677966131
1779919710,68.07627118643722
1779919725,67.75762711864476
1779919740,67.87203389830381
1779919755,68.10169491525227
1779919770,67.95338983050897
1779919785,68.27033898304808
1779919800,68.14830508474773
1779919815,68.2406779661009
1779919830,68.39322033898374
1779919845,68.26016949152553
1779919860,68.20847457626999
1779919875,67.92966101694482
1779919890,67.82372881355991
1779919905,67.58050847457726
1779919920,67.22881355932351
1779919935,66.95254237288205
1779919950,66.44745762712003
1779919965,65.94915254237141
1779919980,65.67542372881118
1779919995,65.31016949152573
1779920010,64.75254237287781
1779920025,64.35593220338687
1779920040,63.56440677966082
1779920055,62.497457627121214
1779920070,61.77288135593082
1779920085,60.5661016949122
1779920100,59.4237288135603
1779920115,58.37711864406829
1779920130,57.097457627118644
1779920145,55.89322033898374
1779920160,54.567796610169
1779920175,53.585278544261115
1779920190,52.34830508474755
1779920205,51.24119485555785
1779920220,50.39050317961839
1779920235,49.69576271186471
1779920250,48.82966101694935
1779920265,47.99067796609992
1779920280,47.34237288135712
1779920295,46.55254237288196
1779920310,46.00084745762445
1779920325,45.587288135595095
1779920340,45.1169491525403
1779920355,44.93559322034313
1779920370,44.639830508474574
1779920385,44.56949152542236
1779920400,44.64067796610496
1779920415,44.61101694915284
1779920430,44.4228813559324
1779920445,44.46742011810506
1779920460,44.477118644066714
1779920475,44.77796610169285
1779920490,44.928813559322336
1779920505,44.94745762711905
1779920520,44.85338983050758
1779920535,44.83220338982963
1779920550,45.004237288132146
1779920565,45.0101694915275
1779920580,44.67203389830794
1779920595,44.69999999999931
1779920610,44.437288135594514
1779920625,44.44406779661036
1779920640,44.260169491524536
1779920655,44.396610169489456
1779920670,44.3669491525398
1779920685,44.305932203387165
1779920700,44.31525423728922
1779920715,44.31016949152424
1779920730,44.49661016949133
1779920745,44.74661016949232
1779920760,44.76440677965865
1779920775,44.64491525423463
1779920790,44.65932203390166
1779920805,44.74830508474567
1779920820,44.677966101693436
1779920835,44.69067796609972
1779920850,44.58050847457529
1779920865,44.95677966101863
1779920880,45.265254237290996
1779920895,45.36525423729041
1779920910,45.45677966101813
1779920925,45.56864406779593
1779920940,45.623728813560604
1779920955,45.76355932203469
1779920970,45.83474576270989
1779920985,45.674576271183284
1779921000,45.51016949152701
1779921015,45.522881355933286
1779921030,45.7228813559321
1779921045,45.55593220339457
1779921060,45.770338983048084
1779921075,45.95084745762722
1779921090,45.87288135593121
1779921105,45.8991525423717
1779921120,45.933898305081385
1779921135,45.860169491524935
1779921150,45.90084745762505
1779921165,45.94152542373009
1779921180,45.60423728813845
1779921195,45.48135593220526
1779921210,45.46016949152484
1779921225,45.25084745762397
1779921240,45.149152542371205
1779921255,44.877966101694724
1779921270,44.95000000000277
1779921285,45.031355932205464
1779921300,45.00640682309849
1779921315,44.84152542372675
1779921330,44.871186440678855
1779921345,44.84322033898256
1779921360,44.667796610170875
1779921375,44.84199892880748
1779921390,44.91271186440442
1779921405,44.8728813559322
1779921420,44.784745762713655
1779921435,44.853763703296046
1779921450,44.54576271186313
1779921465,44.84406779661047
1779921480,44.93305084745447
1779921495,44.949152542372396
1779921510,44.8864406779664
1779921525,45.06271186440599
1779921540,45.21440677966092
1779921555,45.272033898306866
1779921570,45.41949152542718
1779921585,45.35762711864171
1779921600,45.30932203390028
1779921615,45.036999623732044
1779921630,45.470338983049864
1779921645,46.2118644067762
1779921660,45.92457627118427
1779921675,45.56779661016801
1779921690,45.41016949152513
1779921705,45.54576271186461
1779921720,45.52457627118418
1779921735,45.186440677967084
1779921750,45.07966101694936
1779921765,44.83474576271088
1779921780,44.87796610169718
1779921795,44.44745762711953
1779921810,44.42627118643664
1779921825,44.35084745762683
1779921840,44.234745762709494
1779921855,44.15169491524852
1779921870,44.02796610169235
1779921885,44.12372881356209
1779921900,44.22966101694945
1779921915,44.104237288139934
1779921930,43.27203389830636
1779921945,43.01016949152454
1779921960,43.13559322033898
1779921975,43.198305084747446
1779921990,43.23135593220625
1779922005,43.319491525424816
1779922020,43.44830508474596
1779922035,43.61610169491388
1779922050,43.66186440678143
1779922065,43.700847457625734
1779922080,43.94661016948965
1779922095,43.846610169487775
1779922110,43.62711864406681
1779922125,43.47834929932502
1779922140,43.51694915254484
1779922155,43.39322033898374
1779922170,43.35631622836259
1779922185,43.18728813559451
1779922200,43.066949152540104
1779922215,43.172033898306964
1779922230,42.98644067796531
1779922245,42.968644067794045
1779922260,42.70932203389841
1779922275,42.696610169492125
1779922290,42.69830508474547
1779922305,42.63305084745822
1779922320,42.355932203388846
1779922335,42.39152542372644
1779922350,42.222881355928166
1779922365,42.250847457626925
1779922380,42.33050847457627
1779922395,42.46694915254612
1779922410,42.68305084745793
1779922425,42.82711864406908
1779922440,42.85169491525128
1779922455,42.76101694915639
1779922470,42.50593220339043
1779922485,42.544067796614215
1779922500,42.67881355932085
1779922515,42.718644067797996
1779922530,42.96101694915028
1779922545,42.98050847457736
1779922560,42.8500000000004
1779922575,42.87372881356208
1779922590,42.89745762711884
1779922605,42.72881355932056
1779922620,42.80000000000069
1779922635,42.894648528997514
1779922650,43.03983050847665
1779922665,43.490677966099426
1779922680,43.863559322036075
1779922695,44.37504661048589
1779922710,44.62711864406583
1779922725,45.48728813559075
1779922740,46.22627118644078
1779922755,47.31271186440994
1779922770,48.362711864411125
1779922785,49.63305084745625
1779922800,50.747457627116766
1779922815,52.796882785831414
1779922830,54.6499999999996
1779922845,56.344067796606524
1779922860,57.69406779661086
1779922875,59.58983050847241
1779922890,61.00677966101982
1779922905,62.777966101694815
1779922920,64.39152542372693
1779922935,66.04830508474538
1779922950,67.87627118644335
1779922965,69.09237288135415
1779922980,70.74745762711923
1779922995,72.27796610169531
1779923010,73.79152542372802
1779923025,74.89067796610101
1779923040,75.78135593220102
1779923055,76.7491525423716
1779923070,77.32188014833703
1779923085,78.01271186440826
1779923100,78.74830508474419
1779923115,78.35523148995324
1779923130,78.49661016948738
1779923145,79.35932203390097
1779923160,79.40338983050779
1779923175,79.67288135593338
1779923190,79.83559322033878
1779923205,80.01779661017126
1779923220,79.8940677966077
1779923235,80.28728813559441
1779923250,80.17542372881415
1779923265,80.73898305084755
1779923280,80.31864406779493
1779923295,80.70169491525661
1779923310,80.3000000000007
1779923325,80.98813559321817
1779923340,80.8008474576281
1779923355,80.91610169491258
1779923370,80.86525423728497
1779923385,80.98644067796728
1779923400,80.80932203389979
1779923415,80.67203389830449
1779923430,80.6542372881357
1779923445,80.4593220338994
1779923460,80.5372881355954
1779923475,80.49661016949034
1779923490,80.99576271186687
1779923505,80.8627118644062
1779923520,81.00932203390107
1779923535,80.28220338983189
1779923550,80.58983050847388
1779923565,80.31101694915364
1779923580,80.49237288135573
1779923595,79.88728813559185
1779923610,79.91101694915106
1779923625,79.56271186440648
1779923640,79.81271186440748
1779923655,79.62288135593369
1779923670,79.71694915254267
1779923685,79.31525423728922
1779923700,79.78220338982744
1779923715,79.79406779660829
1779923730,79.64647217947132
1779923745,79.44237288135949
1779923760,79.40423728813569
1779923775,79.50084745762594
1779923790,79.3915254237294
1779923805,79.07118644067866
1779923820,79.07966101695034
1779923835,79.2186440677965
1779923850,79.15508474575768
1779923865,79.77711864407233
1779923880,80.58983050847142
1779923895,81.4330508474604
1779923910,82.2093220338989
1779923925,82.9855932203374
1779923940,83.7610169491554
1779923955,84.3940677966156
1779923970,84.97457627118743
1779923985,85.6398305084736
1779924000,86.17796610169442
1779924015,86.4127118644054
1779924030,86.42627118644207
1779924045,86.71694915254317
1779924060,86.22372881355706
1779924075,86.56431569027518
1779924090,86.05169491525453
1779924105,86.43898305084834
1779924120,86.21779661016909
1779924135,86.35593220338983
1779924150,85.6364406779669
1779924165,84.9644067796624
1779924180,84.29491525423668
1779924195,83.56101694915412
1779924210,83.25847457627218
1779924225,83.21186440678163
1779924240,82.42203389830647
1779924255,81.79152542373
1779924270,80.6593220338982
1779924285,80.20423728813341
1779924300,79.81355932203292
1779924315,80.20169491525711
1779924330,80.06186440677808
1779924345,80.41694915254347
1779924360,80.2906779661011
1779924375,80.62542372881643
1779924390,80.81779661017147
1779924405,80.65084745762407
1779924420,80.41355932203429
1779924435,80.64576271186648
1779924450,81.11271186440965
1779924465,81.1644067796627
1779924480,81.44999999999882
1779924495,81.17796610169442
1779924510,80.5847457627089
1779924525,80.4288135593243
1779924540,80.38474576271256
1779924555,80.3008474576286
1779924570,80.79067796609814
1779924585,80.39576271186303
1779924600,80.45423728813688
1779924615,79.85338983050758
1779924630,79.90084745762603
1779924645,79.70084745762969
1779924660,80.06016949152227
1779924675,79.50169491525631
1779924690,79.8059322033916
1779924705,79.76355932203074
1779924720,79.86186440678173
1779924735,79.33983050847388
1779924750,79.3915254237294
1779924765,79.04322033898484
1779924780,79.03750131354221
1779924795,78.95677966101469
1779924810,78.93305084745792
1779924825,79.31355932203094
1779924840,79.16949152542472
1779924855,79.04406779661274
1779924870,79.17203389830351
1779924885,79.37881355932065
1779924900,79.4822033898317
1779924915,79.99491525423502
1779924930,79.60847457626912
1779924945,79.54830508474437
1779924960,79.23135593220528
1779924975,79.58474576271236
1779924990,79.68644067796511
1779925005,79.78969348944896
1779925020,79.6779661016959
1779925035,79.51271186440924
1779925050,79.73474576271393
1779925065,79.84322033898256
1779925080,79.85000000000089
1779925095,79.66935369053398
1779925110,79.55423728813233
1779925125,79.5966101694932
1779925140,79.61610169492029
1779925155,79.50423728813263
1779925170,79.38898305084568
1779925185,78.84406779661393
1779925200,79.35084745762681
1779925215,79.15677966101596
1779925230,79.32372881355843
1779925245,79.57118644067569
1779925260,80.05677966101803
1779925275,79.93474576271275
1779925290,80.0067796610208
1779925305,79.90254237287938
1779925320,80.24067796610139
1779925335,80.20423728813341
1779925350,80.1593220338987
1779925365,80.14576271186698
1779925380,80.43220338982854
1779925395,81.02457627118615
1779925410,80.74237288135673
1779925425,80.8923728813583
1779925440,80.58305084745557
1779925455,81.16694915254642
1779925470,81.25932203389958
1779925485,81.62033898305046
1779925500,81.0956345466743
1779925515,81.29067796610259
1779925530,81.30775384573852
1779925545,81.38474576271403
1779925560,81.58813559321956
1779925575,81.31186440678056
1779925590,81.42372881355587
1779925605,81.5720338983041
1779925620,81.39406779661115
1779925635,81.65847457627177
1779925650,81.91864406779533
1779925665,81.60932203389751
1779925680,81.5042372881356
1779925695,81.26355932203666
1779925710,81.35508474575946
1779925725,81.13389830508514
1779925740,81.41779661016791
1779925755,81.13813559322222
1779925770,81.03559322033908
1779925785,80.9627118644056
1779925800,80.98656958257781
1779925815,80.77288135593182
1779925830,80.77457627118763
1779925845,81.13813559321727
1779925860,81.35508474576439
1779925875,81.3559322033923
1779925890,81.3423728813581
1779925905,81.32118644067768
1779925920,81.38474576271157
1779925935,81.61610169491338
1779925950,81.11101694915382
1779925965,81.31440677966427
1779925980,80.97796610169561
1779925995,81.2855932203376
1779926010,81.31016949152226
1779926025,81.62711864406631
1779926040,81.6881355932239
1779926055,82.02978284892589
1779926070,81.6999999999998
1779926085,82.13529078774134
1779926100,81.9542372881354
1779926115,82.18983050847675
1779926130,82.13728813559332
1779926145,81.83813559322054
1779926160,81.98474576271295
1779926175,81.94745762711953
1779926190,81.89902982393131
1779926205,81.70423728813441
1779926220,81.71949152542442
1779926235,81.47711864406475
1779926250,81.93135593220408
1779926265,81.87033898305144
1779926280,82.47627118644077
1779926295,81.98898305084757
1779926310,81.99576271186095
1779926325,81.69322033898393
1779926340,81.87711864406731
1779926355,81.70593220339269
1779926370,81.74830508474369
1779926385,81.40084745762455
1779926400,81.76101694915245
1779926415,81.70677966101567
1779926430,81.96864406779503
1779926445,81.97881355932253
1779926460,81.74491525423453
1779926475,81.55072237777784
1779926490,81.73474576271444
1779926505,82.02627118644097
1779926520,81.66016949152512
1779926535,82.02966101694767
1779926550,81.7050847457648
1779926565,81.68135593220309
1779926580,81.35169491525522
1779926595,81.67033898305263
1779926610,81.37372881355863
1779926625,81.29830508474636
1779926640,81.46016949152632
1779926655,81.65338983050927
1779926670,81.80508474576419
1779926685,82.12203389830577
1779926700,81.93898305084538
1779926715,81.25
1779926730,80.9983050847432
1779926745,80.80762711864398
1779926760,81.28135593220547
1779926775,80.65508474576113
1779926790,80.78474576271513
1779926805,80.18898305084834
1779926820,80.39067796610544
1779926835,80.43240238235161
1779926850,80.6584745762703
1779926865,80.38148893905804
1779926880,80.84406779660948
1779926895,80.44576271186273
1779926910,80.69830508474499
1779926925,80.86623141537788
1779926940,80.64576271186155
1779926955,80.60677966101971
1779926970,80.3686440677971
1779926985,80.41440677965974
1779927000,80.58644067796472
1779927015,81.02033898305648
1779927030,80.86271186440372
1779927045,80.90971650174917
1779927060,80.39223994738987
1779927075,80.42711864407094
1779927090,80.14830508474576
1779927105,80.89067796610495
1779927120,80.43389830508188
1779927135,80.69302399685608
1779927150,80.7711864406834
1779927165,81.18983050847527
1779927180,80.8076271186415
1779927195,81.42288135593043
1779927210,82.07966101694738
1779927225,82.81949152542283
1779927240,83.41101694915254
1779927255,83.9279661016954
1779927270,84.77203389830736
1779927285,85.45847457626901
1779927300,84.92457627118772
1779927315,85.07203389830312
1779927330,85.01610169491298
1779927345,85.04576271186264
1779927360,85.66525423728616
1779927375,85.62033898304897
1779927390,85.59491525424133
1779927405,85.08898305084894
1779927420,85.34237288135908
1779927435,84.44406779661037
1779927450,84.46355932203498
1779927465,84.47711864407165
1779927480,84.48389830508751
1779927495,83.85423728813154
1779927510,83.22542372881337
1779927525,82.41779661017186
1779927540,81.55084745763106
1779927555,80.87288135593369
1779927570,79.94745762711904
1779927585,79.29745762712042
1779927600,79.47372881356249
1779927615,79.17033898305016
1779927630,79.05423728813284
1779927645,78.9135593220333
1779927660,78.82966101694689
1779927675,78.77372881355676
1779927690,78.5796610169459
1779927705,78.68305084745694
1779927720,78.91355932203331
1779927735,78.99830508474024
1779927750,78.82457627118437
1779927765,78.89745762712033
1779927780,79.05677966101655
1779927795,79.0864406779662
1779927810,79.16186440677848
1779927825,79.13220338983376
1779927840,79.70677966101518
1779927855,79.57627118644068
1779927870,79.91949152542274
1779927885,79.67288135593093
1779927900,80.21271186440757
1779927915,79.74915254237604
1779927930,80.17627118644207
1779927945,80.23220338983465
1779927960,80.4313559322031
1779927975,80.63135593220437
1779927990,81.45338983050551
1779928005,81.20254237288155
1779928020,81.66864406779682
1779928035,81.51949152542561
1779928050,81.55677966101655
1779928065,81.48813559322261
1779928080,80.81271186440895
1779928095,81.0449152542362
1779928110,80.849152542372
1779928125,80.98559322033691
1779928140,80.71864406779503
1779928155,81.3872881355953
1779928170,81.29830508474636
1779928185,81.37542372881444
1779928200,81.37542372881444
1779928215,81.79999999999674
1779928230,81.95847457627
1779928245,81.98305084745468
1779928260,81.69661016949557
1779928275,81.1440677966077
1779928290,80.8684495096585
1779928305,81.05254237288244
1779928320,80.48898305084904
1779928335,80.72118644067629
1779928350,80.68559322033867
1779928365,80.81779661017147
1779928380,80.95169491525266
1779928395,80.94491525423926
1779928410,80.7432203389797
1779928425,80.87711864406829
1779928440,80.64661016948945
1779928455,80.5338983050887
1779928470,80.2050847457638
1779928485,80.07796610169106
1779928500,80.40000000000009
1779928515,80.09745762711815
1779928530,79.6983050847435
1779928545,79.57542372881522
1779928560,79.49406779661007
1779928575,79.79406779661076
1779928590,79.77881355932075
1779928605,80.0177966101688
1779928620,79.91779661017186
1779928635,79.71016949152434
1779928650,80.04830508474883
1779928665,80.11610169491486
1779928680,80.42457627118723
1779928695,80.58559322034175
1779928710,80.16610169491702
1779928725,79.96610169491328
1779928740,79.93474576271275
1779928755,79.58813559322152
1779928770,79.50084745762594
1779928785,79.42033898305114
1779928800,79.43728813559203
1779928815,79.4050847457636
1779928830,79.67542372881218
1779928845,79.80098440010526
1779928860,80.07881355932145
1779928875,79.87457627118555
1779928890,79.98305084745664
1779928905,79.68983050847427
1779928920,79.65000000000208
1779928920,79.65000000000208
1779928935,79.49237288135672
1779928950,79.02711864406938
1779928965,78.81864406779641
1779928980,78.38644067796541
1779928995,78.53305084745537
1779929010,78.33474576271236
1779929025,78.63050847457598
1779929040,78.27372881355971
1779929055,78.672033898304
1779929070,79.05762711864446
1779929085,78.98898305084559
1779929100,78.99491525423355
1779929115,79.44830508474745
1779929130,79.645762711865
1779929145,79.5610169491556
1779929160,79.64406779661165
1779929175,79.47033898304838
1779929190,79.77033898304907
1779929205,79.92457627118526
1779929220,80.33389830508247
1779929235,80.24237288135721
1779929250,80.52457627118663
1779929265,80.75508474576054
1779929280,81.19152542372862
1779929295,81.07288135593497
1779929310,81.50743905870299
1779929325,81.43135593220211
1779929340,81.74830508474369
1779929355,81.47966101694846
1779929370,81.46864406779306
1779929385,80.94830508474597
1779929400,80.77900902702704
1779929415,80.56271186440796
1779929430,79.85762711863973
1779929445,79.88545685055936
1779929460,79.11016949152543
1779929475,79.3949152542361
1779929490,78.81610169491269
1779929505,78.67288135592945
1779929520,78.562711864405
1779929535,78.27711864406395
1779929550,78.06949152542629
1779929565,77.64830508474576
1779929580,77.58983050847438
1779929595,77.2364406779673
1779929610,77.37711864406435
1779929625,77.13050847457745
1779929640,77.13135593220044
1779929655,77.06271186440895
1779929670,77.24322033898315
1779929685,77.21101694915224
1779929700,76.88220338982735
1779929715,77.03474576271265
1779929730,77.33474576271088
1779929745,77.69576271186668
1779929760,77.75169491525433
1779929775,77.69915254237091
1779929790,77.8371378788993
1779929805,78.12966101695102
1779929820,78.12542372881643
1779929835,78.81016949152719
1779929850,79.45677966101665
1779929865,80.22627118644176
1779929880,81.28898305084677
1779929895,81.94745762711953
1779929910,82.57893166825929
1779929925,83.14491525423611
1779929940,82.96101694915521
1779929955,83.46101694915224
1779929970,83.26949152542511
1779929985,83.72881355931958
1779930000,83.7627118644063
1779930015,84.03728813559688
1779930030,83.75254237287879
1779930045,83.67711864406651
1779930060,83.78644067796552
1779930075,83.5415254237295
1779930090,83.85423728813647
1779930105,83.45084745762722
1779930120,83.8635593220336
1779930135,83.48220338983268
1779930150,82.91016949152265
1779930165,82.22372881356101
1779930180,81.40084745762948
1779930195,81.10423728813797
1779930210,80.16864406779582
1779930225,80.21440677966338
1779930240,80.23644067796432
1779930255,80.37881355931967
1779930270,80.2771186440669
1779930285,80.37118644067836
1779930300,80.46101694915028
1779930315,80.34237288135415
1779930330,80.08559322033977
1779930345,80.52881355932125
1779930360,80.67288135593734
1779930375,81.16949152542028
1779930390,81.46186440677965
1779930405,81.35254237288066
1779930420,81.79067796610455
1779930435,81.65508474576015
1779930450,81.00521352397739
1779930465,81.06525423728873
1779930480,80.88983050847705
1779930495,80.92966101694678
1779930510,80.57796610169305
1779930525,80.9754237288168
1779930540,80.83135593220318
1779930555,80.7822033898314
1779930570,80.35508474576291
1779930585,80.68220338983198
1779930600,80.87033898304996
1779930615,80.94406779660889
1779930630,80.55423728813875
1779930645,80.54152542372753
1779930660,80.45932203389692
1779930675,80.17118644067462
1779930690,79.97288135593162
1779930705,79.67457627118428
1779930720,79.39237288135485
1779930735,79.41949152542324
1779930750,79.71101694915225
1779930765,79.65932203390166
1779930780,80.00508474576252
1779930795,80.49237288135573
1779930810,80.71694915254415
1779930825,80.7296610169455
1779930840,80.7447847104055
1779930855,80.80593220338815
1779930870,81.03559322033662
1779930885,80.70013084656887
1779930900,80.84745762711619
1779930915,80.52881355932371
1779930930,80.99758645704009
1779930945,80.5906779661018
1779930960,80.3754237288105
1779930975,80.56949152542137
1779930990,80.72966101694796
1779931005,80.67118644067659
1779931020,80.78813559321935
1779931035,80.42457627118476
1779931050,80.3830508474592
1779931065,80.22288135593013
1779931080,79.74237288135524
1779931095,79.56779661016652
1779931110,79.11101694915334
1779931125,79.06525423729069
1779931140,78.86949152542155
1779931155,78.75423728813708
1779931170,78.83135593220516
1779931185,78.5338983050808
1779931200,78.45254237288304
1779931215,78.62966101694808
1779931230,78.71002515271527
1779931245,78.84745762711569
1779931260,79.13135593220339
1779931275,79.2542372881341
1779931290,79.46101694915126
1779931305,79.77881355932075
1779931320,79.8542372881355
1779931335,79.78220338983239
1779931350,79.7161016949123
1779931365,79.74576271186442
1779931380,79.7516949152573
1779931395,79.96101694915569
1779931410,80.07542372881474
1779931425,80.38389830508464
1779931440,80.42783340904154
1779931455,80.50873886455777
1779931470,80.89322033898374
1779931485,81.22457627118496
1779931500,81.16271186440687
1779931515,80.95084745762722
1779931530,80.77372881355971
1779931545,81.03983050847863
1779931560,80.48898305084657
1779931575,80.49661016949527
1779931590,79.96186440677869
1779931605,80.46949152542196
1779931620,80.16186440677996
1779931635,80.44152542372812
1779931650,80.864406779662
1779931665,80.99661016949231
1779931680,80.91779661017087
1779931695,80.9915254237298
1779931710,81.03474576271117
1779931725,80.7271186440667
1779931740,81.07881355931798
1779931755,81.42457627118871
1779931770,81.32457627118437
1779931785,81.016101694912
1779931800,80.95254237288303
1779931815,80.88220338983328
1779931830,81.30254237288096
1779931845,81.39576271186203
1779931860,81.48474576270851
1779931875,81.22542372881287
1779931890,81.4016949152574
1779931905,81.46271186440511
1779931920,81.77711864406542
1779931935,81.20169491525859
1779931950,80.8296610169523
1779931965,81.06271186440253
1779931980,81.21114433122062
1779931995,81.13474576271058
1779932010,81.3313559322027
1779932025,81.39830508474823
1779932040,81.22288135593408
1779932055,81.02966101694867
1779932070,80.95593220338726
1779932085,81.02372881356071
1779932100,80.99237288135276
1779932115,80.99576271186687
1779932130,80.76949152542264
1779932145,80.71694915254169
1779932160,80.59732608356322
1779932175,80.81779661017393
1779932190,80.47979335733346
1779932205,80.24237288135721
1779932220,80.43644067796808
1779932235,80.38559322034047
1779932250,80.65677966101448
1779932265,81.1550847457631
1779932280,81.98813559322211
1779932295,82.22627118643979
1779932310,82.78728813559687
1779932325,83.44745762712051
1779932340,83.84915254237151
1779932355,84.23389830508651
1779932370,84.85338983051005
1779932385,84.6813559322026
1779932400,84.75847457627316
1779932415,84.94237288135653
1779932430,85.11525423728942
1779932445,85.12457627118654
1779932460,85.41101694915302
1779932475,85.53305084745585
1779932490,85.79491525424015
1779932505,85.89406779661165
1779932520,85.66016949152612
1779932535,85.47382729608583
1779932550,85.3355932203383
1779932565,84.24661016949034
1779932580,83.84830508474606
1779932595,82.93305084745644
1779932610,82.45593220338824
1779932625,81.82372881355843
1779932640,81.09152542372921
1779932655,80.47555609792605
1779932670,80.76610169491842
1779932685,80.76610169491347
1779932700,80.93305084746089
1779932715,80.7686440677972
1779932730,80.36630135964778
1779932745,80.33898305084746
1779932760,80.13898305084616
1779932775,80.28624019905327
1779932790,79.98559322034036
1779932805,80.22118644068172
1779932820,79.8152542372838
1779932835,80.64999999999615
1779932850,80.32118644068113
1779932865,80.40169491525346
1779932880,80.21271186440511
1779932895,80.37203389830627
1779932910,79.9933559772487
1779932925,79.90423728813273
1779932940,79.87542372881347
1779932955,79.82118644067914
1779932970,79.41440677966072
1779932985,79.13135593220093
1779933000,78.93220338983001
1779933015,79.41016949152858
1779933030,79.76525423728408
1779933045,79.73220338982775
1779933060,79.91610169491358
1779933075,79.92457627118772
1779933090,79.83389830508544
1779933105,79.86525423728597
1779933120,80.59745762712012
1779933135,81.28559322034008
1779933150,82.6101694915269
1779933165,83.23559322033839
1779933180,83.69576271186075
1779933195,84.73389830508357
1779933210,85.77128290655706
1779933225,86.51186440677935
1779933240,86.72966101694698
1779933255,88.0906779661018
1779933270,88.4279661016959
1779933285,88.59576271186135
1779933300,88.76440677965716
1779933315,88.7991525423718
1779933330,88.82966101694934
1779933345,88.72022427346177
1779933360,88.62966101694806
1779933375,88.47542372881189
1779933390,88.49499325428224
1779933405,87.94152542372812
1779933420,87.16101694915501
1779933435,86.36101694915234
1779933450,85.30677966101902
1779933465,84.9050847457631
1779933480,84.35338983051055
1779933495,83.61260076339046
1779933510,82.77881355932273
1779933525,81.94576271186371
1779933540,81.75084745762742
1779933555,80.87118644067786
1779933570,80.52457627118663
1779933585,80.11694915254277
1779933600,79.4822033898317
1779933615,79.46949152542294
1779933630,79.02881355932271
1779933645,79.10607385712984
1779933660,78.96610169491427
1779933675,79.20932203389938
1779933690,78.87796610169325
1779933705,79.04237288136186
1779933720,79.20847457626901
1779933735,79.44915254237534
1779933750,79.44322033898246
1779933765,79.32372881355843
1779933780,79.46949152542048
1779933795,79.62033898305489
1779933810,79.755084745764
1779933825,79.6932203389785
1779933840,79.80508474576123
1779933855,79.8474576271221
1779933870,79.73474576271393
1779933885,79.89661016949144
1779933900,80.42627118644057
1779933915,80.17796610169295
1779933930,80.11694915254277
1779933945,80.59745762712012
1779933960,80.1906779661017
1779933975,79.9228813559319
1779933990,80.16779661017037
1779934005,79.5144067796626
1779934020,79.60593220338785
1779934035,79.32711864407007
1779934050,79.42203389830695
1779934065,79.46779661017206
1779934080,79.23389830508405
1779934095,78.76101694915047
1779934110,78.68898305084736
1779934125,78.22881355932253
1779934140,77.96186440678312
1779934155,77.91271186440638
1779934170,77.44661016949112
1779934185,77.15762711864338
1779934200,76.43151571854115
1779934215,76.2838983050892
1779934230,75.91864406779385
1779934245,75.56694915254258
1779934260,75.13474576271157
1779934275,75.01101694915295
1779934290,74.91186440677897
1779934305,74.28728813559292
1779934320,73.8220338983031
1779934335,73.78644067796797
1779934350,73.27881355932223
1779934365,72.58983050847685
1779934380,72.45423728813736
1779934395,72.01694915254386
1779934410,71.98474576270802
1779934425,71.66186440677848
1779934440,71.26694915254829
1779934455,70.99661016948986
1779934470,70.8601694915274
1779934485,70.62627118643692
1779934500,70.47288135593605
1779934515,70.27118644067896
1779934530,69.90423728813273
1779934545,69.78728813559243
1779934560,69.40423728813569
1779934575,69.19915254237436
1779934590,69.38305084745527
1779934605,68.8805084745745
1779934620,68.66949152542767
1779934635,68.7288135593245
1779934650,68.66101694915353
1779934665,68.28728813559144
1779934680,68.11694915254473
1779934695,68.05254237288048
1779934710,67.70084745762672
1779934725,67.49491525423748
1779934740,67.4771186440687
1779934755,67.33305084746
1779934770,67.2635593220332
1779934785,67.01949152542264
1779934800,66.85000000000385
1779934815,66.27627118644048
1779934830,65.99830508474567
1779934845,65.81972325611214
1779934860,65.3364406779662
1779934875,64.73135593220476
1779934890,64.19406779661185
1779934905,63.96779661017009
1779934920,63.356779661015764
1779934935,62.55677966101557
1779934950,61.83728813559263
1779934965,61.38050847457697
1779934980,60.81864406779691
1779934995,60.2093220338984
1779935010,59.49548810500311
1779935025,59.14067796610052
1779935040,58.579380199187
1779935055,58.01779661016584
1779935070,57.18983050847921
1779935085,56.906779661019414
1779935100,56.58983050847537
1779935115,56.178813559324794
1779935130,55.849999999997436
1779935145,55.723728813560015
1779935160,55.62203389830233
1779935175,55.52966101694915
1779935190,55.44999999999733
1779935205,55.422033898305976
1779935220,55.35677966101626
1779935235,55.43589534986075
1779935250,55.36670689210806
1779935265,55.38050847457795
1779935280,55.35677966101626
1779935295,55.45338983050897
1779935310,55.3889830508447
1779935325,55.56779661017295
1779935340,55.855084745764884
1779935355,56.17203389830401
1779935370,56.32627118644265
1779935385,56.75338983050621
1779935400,57.01186440677888
1779935415,57.63728813559283
1779935430,57.79067796610604
1779935445,57.87966101695251
1779935460,58.235310069900656
1779935475,58.16864406779533
1779935490,58.0019796475967
1779935505,58.02711864407036
1779935520,58.04406779661125
1779935535,58.08644067796719
1779935550,58.15677966101449
1779935565,58.08813559321807
1779935580,58.35169491525325
1779935595,58.19576271186372
1779935610,58.10169491525473
1779935625,58.16271186440984
1779935640,57.79067796610357
1779935655,57.599152542373965
1779935670,57.24830508474567
1779935685,56.833050847460484
1779935700,56.81271186440549
1779935715,56.32033898305223
1779935730,55.97796610169561
1779935745,56.12881355931769
1779935760,55.9847457627164
1779935775,55.84152542372822
1779935790,56.23135593220576
1779935805,55.80593220338815
1779935820,55.68898305084785
1779935835,55.67796610169492
1779935850,55.772881355931816
1779935865,55.937836866691214
1779935880,55.93050847457717
1779935895,56.19915254237733
1779935910,56.53220338983189
1779935925,56.60508474576291
1779935940,56.62966101694757
1779935955,56.6830508474589
1779935970,56.74661016949034
1779935985,56.94605460302142
1779936000,56.82627118643969
1779936015,57.023728813559714
1779936030,56.892372881359776
1779936045,56.694067796606916
1779936060,56.71694915254316
1779936075,56.73983050847201
1779936090,56.453389830510446
1779936105,56.737288135593225
1779936120,56.876271186439396
1779936135,56.94661016949163
1779936150,56.83813559322054
1779936165,56.91779661016989
1779936180,57.06186440677858
1779936195,57.097457627118644
1779936210,57.0822033898311
1779936225,56.816949152545035
1779936240,56.816101694914664
1779936255,56.34661016949518
1779936270,56.29800880005779
1779936285,56.39745762711539
1779936300,56.228813559326966
1779936315,56.60000000000039
1779936330,56.238983050849534
1779936345,56.29237288135347
1779936360,56.247457627121214
1779936375,55.93728813559549
1779936390,56.392372881352884
1779936405,56.091525423729216
1779936420,55.89999999999961
1779936435,56.454237288135886
1779936450,56.29067796609766
1779936465,55.619491525423534
1779936480,55.35847457627207
1779936495,55.15000000000158
1779936510,54.96779661017157
1779936525,54.949152542372396
1779936540,54.910169491523156
1779936555,55.15677966101744
1779936570,55.13728813559035
1779936585,55.07966101694935
1779936600,55.08644067797015
1779936615,54.68050847457716
1779936630,54.86949152542551
1779936645,54.58135593220072
1779936660,54.665254237289616
1779936675,54.82881355932292
1779936690,54.58050847457528
1779936705,54.506779661018825
1779936720,54.54406779660731
1779936735,53.93813559322044
1779936750,54.04491525423818
1779936765,54.03782398524933
1779936780,53.78389830508672
1779936795,53.90847457627326
1779936810,54.03305084745733
1779936825,54.183898305084355
1779936840,54.30338983050837
1779936855,54.241525423730295
1779936870,54.14237288135632
1779936885,54.156779661018426
1779936900,53.905084745761634
1779936915,54.1364406779659
1779936930,54.154237288132244
1779936945,54.29830508474587
1779936960,54.1500000000001
1779936975,54.85962807032034
1779936990,55.01610169491051
1779937005,55.035593220337596
1779937020,54.923728813559826
1779937035,54.96440677965994
1779937050,55.408474576271786
1779937065,55.31525423728824
1779937080,55.29491525423571
1779937095,55.41949152542471
1779937110,55.04067796610011
1779937125,55.022033898303405
1779937140,55.00084745762543
1779937155,54.94067796610318
1779937170,55.13898305084618
1779937185,55.18559322033671
1779937200,55.08898305084647
1779937215,56.0203389830466
1779937230,56.07881355932045
1779937245,56.16016949152809
1779937260,56.21949152541998
1779937275,55.50932203389909
1779937290,55.5559322033921
1779937305,55.836440677965705
1779937320,55.81101694915067
1779937335,55.56949152542383
1779937350,55.42627118644552
1779937365,55.69661016949162
1779937380,55.542372881357906
1779937395,55.416949152540994
1779937410,55.62033898304898
1779937425,55.47881355931907
1779937440,55.360169491525426
1779937455,55.31271186440452
1779937470,55.31610169491861
1779937485,55.350000000000385
1779937500,55.4076271186414
1779937515,54.462711864407076
1779937530,54.325423728811785
1779937545,54.82881355932045
1779937560,55.14661016948994
1779937575,55.02118644067797
1779937590,55.00084745762791
1779937605,54.747457627117754
1779937620,54.741525423724866
1779937635,54.83050847457627
1779937650,54.8161016949117
1779937665,55.061864406778085
1779937680,55.01779661017127
1779937695,55.21101694915422
1779937710,55.22457627118842
1779937725,55.42288135593141
1779937740,55.43813559321896
1779937755,55.478813559324
1779937770,55.766101694915946
1779937785,55.71186440677916
1779937800,55.88983050847458
1779937815,55.882203389830806
1779937830,55.79970033695163
1779937845,55.01610169491792
1779937860,55.10593220338983
1779937875,55.09606714530542
1779937890,55.28389830508771
1779937905,55.34067796609834
1779937920,55.23135593220181
1779937935,55.139830508474084
1779937950,54.89915254237269
1779937965,55.14915254237367
1779937980,55.08050847457726
1779937995,54.92542372881317
1779938010,54.88389830508515
1779938025,54.92711864406405
1779938040,54.968644067797
1779938055,54.90762711864436
1779938070,54.76271186441024
1779938085,54.893220338984726
1779938100,54.458474576272465
1779938115,54.42203389830696
1779938130,54.40932203390068
1779938145,54.46918284191678
1779938160,54.32288135592807
1779938175,54.04152542372655
1779938190,54.015254237290996
1779938205,54.14576271186549
1779938220,54.49152542372882
1779938235,54.810169491521286
1779938250,54.76440677965865
1779938265,54.74915254236864
1779938280,54.76440677966112
1779938295,54.9039315520804
1779938310,54.72881355932104
1779938325,54.729661016951425
1779938340,54.60762711864614
1779938355,54.383050847457724
1779938370,54.08813559321955
1779938385,54.05593220339111
1779938400,54.14067796610051
1779938415,54.240677966104855
1779938430,54.42257235642048
1779938445,54.305084745761725
1779938460,54.356241652596005
1779938475,54.614406779662005
1779938490,54.480508474575885
1779938505,54.24491525423453
1779938520,54.12966101694757
1779938535,53.76186440677591
1779938550,53.77711864406839
1779938565,53.9271186440675
1779938580,54.10593220338835
1779938595,53.95338983050798
1779938610,54.12796610169669
1779938625,53.96779661016762
1779938640,54.103389830504625
1779938655,54.36694915253981
1779938670,54.445762711861256
1779938685,54.50000000000049
1779938700,54.32881355932342
1779938715,54.44830508474497
1779938730,54.42372881355784
1779938745,54.61610169491535
1779938760,54.72881355932104
1779938775,54.58050847457775
1779938790,54.49067796610091
1779938805,54.545762711868065
1779938820,54.66101694915502
1779938835,54.672033898305486
1779938850,54.99237288135623
1779938865,54.84915254236805
1779938880,54.95508474576034
1779938895,55.286440677966496
1779938910,55.549152542376234
1779938925,55.631355932204386
1779938940,56.146610169488966
1779938955,55.93813559322094
1779938970,56.08135593220665
1779938985,56.2389830508446
1779939000,56.05508474576617
1779939015,56.077118644067106
1779939030,55.84491525423492
1779939045,55.568644067795915
1779939060,55.85338983051153
1779939075,55.74491525423798
1779939090,55.77372881355972
1779939105,55.91949152542423
1779939120,55.970338983054305
1779939135,55.86016949152493
1779939150,55.62203389829985
1779939165,55.187288135592524
1779939180,55.054542003106256
1779939195,54.83983050847833
1779939210,54.51440677966013
1779939225,54.019491525423135
1779939240,53.99491525424094
1779939255,53.86271186440324
1779939270,53.69915254237239
1779939285,53.528813559325684
1779939300,53.55762711864249
1779939315,53.357627118646136
1779939330,53.52627118644197
1779939345,53.32457627118733
1779939360,53.36186440677828
1779939375,53.61779661016969
1779939390,53.58474576271088
1779939405,53.56779661016999
1779939420,53.488983050848546
1779939435,53.600847457628795
1779939450,53.68983050847773
1779939465,54.06016949152572
1779939480,54.221496803411306
1779939495,54.19915254236696
1779939510,54.150000000002564
1779939525,54.269491525426595
1779939540,54.06779661017196
1779939555,54.076271186443634
1779939570,54.43813559322241
1779939585,54.52457627118022
1779939600,54.55932203389733
1779939615,54.357627118645155
1779939630,54.56101694915561
1779939645,54.60847457626912
1779939660,55.0033898305067
1779939675,54.91016949153056
1779939690,54.71610169491476
1779939705,54.66694915254296
1779939720,55.00415247199022
1779939735,54.77796610169284
1779939750,54.62711864406582
1779939765,54.33559322033681
1779939780,54.14661016949094
1779939795,54.393220338980285
1779939810,54.271186440677475
1779939825,54.49830508474468
1779939840,54.42257235642295
1779939855,54.641525423727934
1779939870,54.842372881357115
1779939885,55.25338983050522
1779939900,55.65338983050532
1779939915,55.44322033898395
1779939930,55.45338983050897
1779939945,55.46864406779898
1779939960,55.426271186438115
1779939975,55.419491525422245
1779939990,55.36271186440669
1779940005,55.226271186439305
1779940020,55.09830508474359
1779940035,55.0067796610134
1779940050,55.33728813559411
1779940065,55.358474576269614
1779940080,55.025423728817515
1779940095,55.279661016950634
1779940110,55.311864406779065
1779940125,55.34376504247467
1779940140,55.31016949152572
1779940155,55.05847457627139
1779940170,55.30677966101902
1779940185,55.073728813561395
1779940200,54.947457627114105
1779940215,55.045762711862636
1779940230,54.69522240526887
1779940245,54.6177966101687
1779940260,54.68728813559056
1779940275,54.737288135592735
1779940290,54.6601694915271
1779940305,54.51440677966259
1779940320,54.47288135592964
1779940335,54.45508474576084
1779940350,54.36101694914939
1779940365,54.444067796610376
1779940380,54.561864406781034
1779940395,54.30593220338964
1779940410,54.03305084745733
1779940425,53.844915254236895
1779940440,53.859322033899005
1779940455,53.8067796610131
1779940470,53.745762711865396
1779940485,53.32627118643821
1779940500,53.206779661016654
1779940515,53.422881355933384
1779940530,53.52288135593526
1779940545,53.84322033898354
1779940560,53.827966101698465
1779940575,54.01864406779523
1779940590,54.25677966101537
1779940605,54.520878107648684
1779940620,54.64969254028556
1779940635,54.77542372881652
1779940650,54.7449152542365
1779940665,55.04491525423719
1779940680,54.76186440677739
1779940695,54.89576271186846
1779940710,55.27457627118566
1779940725,55.324576271190296
1779940740,54.93135593220112
1779940755,54.82033898305371
1779940770,54.871186440678855
1779940785,54.824576271183375
1779940800,54.900000000000595
1779940815,55.03728813559342
1779940830,54.83050847457627
1779940845,54.93983050847526
1779940860,55.02033898305252
1779940875,54.899152542370224
1779940890,54.64406779661165
1779940905,54.357627118645155
1779940920,54.46186440677917
1779940935,54.357627118645155
1779940950,54.35169491525473
1779940965,54.044067796610264
1779940980,53.94629794100112
1779940995,53.84237288135564
1779941010,53.34576271186283
1779941025,53.30000000000019
1779941040,53.550000000001184
1779941055,53.82966101695181
1779941070,53.744067796614516
1779941085,53.51355932203321
1779941100,53.195762711863715
1779941115,52.88305084745427
1779941130,52.90725857025084
1779941145,52.81186440677907
1779941160,52.85677966101626
1779941175,52.365254237290905
1779941190,52.31016949152622
1779941205,52.188983050846375
1779941220,51.94999999999832
1779941235,51.96355932203005
1779941250,51.93898305084785
1779941265,51.772033898307846
1779941280,51.85084745762683
1779941295,52.23305084745812
1779941310,52.60169491525522
1779941325,52.68389830508583
1779941340,52.53983050847221
1779941355,52.364406779662986
1779941370,52.481355932203286
1779941385,52.4923728813587
1779941400,52.32033898304878
1779941415,52.45508474576035
1779941430,52.305084745761235
1779941445,52.04830508474685
1779941460,52.21694915254267
1779941475,52.179661016949254
1779941490,52.43644067796858
1779941505,52.29661016949202
1779941520,52.63337197713973
1779941535,52.660169491524144
1779941550,53.015254237289525
1779941565,53.17711864406947
1779941580,53.08728813559509
1779941595,52.95508474576231
1779941610,53.03728813559538
1779941625,53.3779661016962
1779941640,53.496610169489855
1779941655,53.69322033898196
1779941670,54.07966101695034
1779941685,54.11949152542501
1779941700,54.382203389832284
1779941715,54.60847457626912
1779941730,54.73728813559027
1779941745,54.87796610169718
1779941760,54.89322033898226
1779941775,54.90423728813521
1779941790,54.99152542372832
1779941805,55.22372881355804
1779941820,55.33389830508495
1779941835,55.914705663010686
1779941850,56.12203389830677
1779941865,56.301694915250586
1779941880,56.57288135593201
1779941895,56.85423728813599
1779941910,57.09067796610032
1779941925,57.14617436787385
1779941940,57.41355932203231
1779941955,57.53813559322133
1779941970,57.90932203389969
1779941985,58.31779661016654
1779942000,58.40000000000454
1779942015,58.51101694915442
1779942030,59.01610169491397
1779942045,59.054237288135305
1779942060,59.349999999998914
1779942075,60.08305084745851
1779942090,60.38898305084223
1779942105,60.223728813560506
1779942120,60.19830508474546
1779942135,60.33813559321955
1779942150,60.22457627118841
1779942165,60.319491525425306
1779942180,60.29067796609864
1779942195,60.33898305084746
1779942210,60.38305084745428
1779942225,60.40847457627425
1779942240,60.33983050847783
1779942255,60.232203389832186
1779942270,60.31806564023048
1779942285,60.300847457628606
1779942300,59.95847457627197
1779942315,60.09322033898601
1779942330,59.864406779658054
1779942345,60.078813559323905
1779942360,59.97118644067827
1779942375,59.79915254237328
1779942390,59.95508474576281
1779942405,60.08813559322104
1779942420,59.8576271186422
1779942435,59.283050847455854
1779942450,59.3127118644055
1779942465,59.66779661016841
1779942480,59.56525423728281
1779942495,59.330508474576774
1779942510,59.45169491525414
1779942525,59.52118644067599
1779942540,59.53756245720191
1779942555,59.35508474576143
1779942570,59.42203389830203
1779942585,59.388135593222714
1779942600,59.722033898305185
1779942615,59.60762711864861
1779942630,59.33728813559262
1779942645,59.444067796607904
1779942660,59.46271186440708
1779942675,59.36610169491683
1779942690,59.277118644070356
1779942705,59.47118644068122
1779942720,59.69406779661135
1779942735,59.83474576271088
1779942750,60.07203389830558
1779942765,59.95254237287908
1779942780,59.857627118644665
1779942795,59.635593220337505
1779942810,59.33644067796718
1779942825,59.22203389830321
1779942840,59.253389830508674
1779942855,60.19915254237338
1779942870,60.614406779658545
1779942885,60.26779661016979
1779942900,60.23135593219935
1779942915,60.47569169022464
1779942930,61.058474576270406
1779942945,60.722881355934575
1779942960,60.986440677964815
1779942975,60.96779661017058
1779942990,61.449999999998816
1779943005,61.572881355932005
1779943020,61.65254237287889
1779943035,61.906779661016955
1779943050,61.792372881357906
1779943065,61.5372881355944
1779943080,61.73220338983071
1779943095,61.8271186440676
1779943110,61.809322033898795
1779943125,61.88924142887237
1779943140,61.388983050848644
1779943155,60.4302402050148
1779943170,60.616949152542276
1779943185,60.47372881355656
1779943200,59.955084745760345
1779943215,59.435593220341154
1779943230,59.25677966101783
1779943245,59.67881355932381
1779943260,59.31553006420158
1779943275,59.04152542372655
1779943290,58.586440677964234
1779943305,58.369491525422056
1779943320,58.38050847457252
1779943335,58.016949152540406
1779943350,57.589830508474385
1779943365,57.70169491525217
1779943380,57.627118644070265
1779943395,57.683898305085826
1779943410,57.572033898305584
1779943425,57.934745762714726
1779943440,58.1338983050881
1779943455,58.353389830504135
1779943470,58.29999999999773
1779943485,58.43785381595373
1779943500,58.75423728813214
1779943515,59.01582383609746
1779943530,58.82288135593349
1779943545,58.73813559321669
1779943560,58.47457627118644
1779943575,58.3889830508442
1779943590,58.44067796610219
1779943605,58.177118644069466
1779943620,58.12118644067687
1779943635,58.22966101695044
1779943650,58.355084745764884
1779943665,58.55084745762662
1779943680,58.489830508476444
1779943695,58.34830508474409
1779943710,58.07033898305421
1779943725,57.658474576268326
1779943740,57.411016949153534
1779943755,57.240677966099426
1779943770,57.390677966101
1779943785,57.26440677965865
1779943800,57.699152542373376
1779943815,57.681786286920286
1779943830,57.84322033898454
1779943845,57.75932203389811
1779943860,57.589830508474385
1779943875,57.56271186440599
1779943890,57.6415254237299
1779943905,57.725423728813865
1779943920,58.22627118644127
1779943935,58.01073227615339
1779943950,57.66016949152662
1779943965,57.78954433589243
1779943980,57.560169491527205
1779943995,57.61271186440816
1779944010,57.36779661016722
1779944025,57.54406779661174
1779944040,57.60847457627109
1779944055,57.64322033898325
1779944070,57.5237288135543
1779944085,57.39406779661264
1779944100,57.16694915254297
1779944115,56.92796610169738
1779944130,56.82711864406513
1779944145,56.75084745762496
1779944160,57.007335642953706
1779944175,56.81610169491713
1779944190,57.062711864408946
1779944205,56.833050847458026
1779944220,56.50084745762642
1779944235,56.66525423728764
1779944250,56.80084745762712
1779944265,57.10254237288116
1779944280,57.29830508474537
1779944295,57.207627118640616
1779944310,57.397457627119344
1779944325,57.56949152542185
1779944340,57.50084745762791
1779944355,57.50677966101587
1779944370,57.65254237288284
1779944385,57.358040929228714
1779944400,57.38474576271058
1779944415,58.21765732784121
1779944430,59.273728813558726
1779944445,59.373728813560604
1779944460,59.72542372881682
1779944475,59.88389830508514
1779944490,59.95508474576528
1779944505,59.72966101695143
1779944520,59.86864406779513
1779944535,59.98050847457539
1779944550,59.975423728815336
1779944565,59.76271186440777
1779944580,60.244915254236005
1779944595,60.34322033898454
1779944610,60.74322033898216
1779944625,60.76297787811609
1779944640,61.04830508474783
1779944655,61.19491525423285
1779944670,61.30847457627385
1779944685,61.26101694915047
1779944700,61.455932203391704
1779944715,60.04661016949301
1779944730,59.56610169491565
1779944745,59.60508474576242
1779944760,59.534745762712646
1779944775,59.63474576271206
1779944790,59.91271186440687
1779944805,60.11271186440816
1779944820,60.13220338983278
1779944835,60.17372881355587
1779944850,60.30847457627484
1779944865,60.13728813559529
1779944880,60.183050847455455
1779944895,59.80593220338668
1779944910,59.856779661011814
1779944925,59.58898305084696
1779944940,59.67118644067511
1779944955,59.400847457626526
1779944970,59.70254237288057
1779944985,59.676271186437624
1779945000,59.73389830508603
1779945015,59.905084745763105
1779945030,59.5576271186415
1779945045,59.54152542372605
1779945060,59.50932203389762
1779945075,59.46864406779504
1779945090,59.42203389830203
1779945105,59.38474576271108
1779945120,59.881355932201416
1779945135,60.72542372881337
1779945150,60.905932203392496
1779945165,61.11610169491387
1779945180,61.283898305086716
1779945195,61.45423728813836
1779945210,61.381355932204876
1779945225,61.60338983050957
1779945240,61.83389830508593
1779945255,61.92542372881367
1779945270,62.11864406779415
1779945285,62.31186440677956
1779945300,62.37203389830184
1779945315,62.91949152542718
1779945330,62.90762711864634
1779945345,63.04152542373001
1779945360,63.27966101694521
1779945375,63.152542372879886
1779945390,63.35338983051153
1779945405,63.438135593220935
1779945420,62.977118644068184
1779945435,62.42033898305065
1779945450,62.46864406779701
1779945465,62.16101694915748
1779945480,61.951105416236054
1779945495,61.927118644067015
1779945510,62.06610169491318
1779945525,61.86271186440767
1779945540,61.800847457624656
1779945555,61.73644067796778
1779945570,61.80847457627336
1779945585,61.684745762712254
1779945600,61.6813559322031
1779945615,61.728813559324
1779945630,61.72288135593358
1779945645,61.46694915254465
1779945660,61.46466803615128
1779945675,61.29915254237179
1779945690,60.79152542373099
1779945705,60.480508474577356
1779945720,60.37372881356209
1779945735,60.41779661016891
1779945750,60.32457627118782
1779945765,60.4101694915276
1779945780,60.37118644067589
1779945795,60.33264745065392
1779945810,60.08220338983061
1779945825,59.27457627118664
1779945840,57.50932203389959
1779945855,55.61610169491683
1779945870,53.69830508474448
1779945885,51.834745762713844
1779945900,49.85254237288215
1779945915,48.05169491525749
1779945930,45.98898305084855
1779945945,43.94322033898048
1779945960,42.19491525423926
1779945975,40.29576271186609
1779945990,38.59237288135958
1779946005,36.87627118644187
1779946020,35.07118644068014
1779946035,33.15762711864486
1779946050,31.438983050850812
1779946065,29.464406779662887
1779946080,27.3364406779667
1779946095,25.804237288137276
1779946110,24.074576271185354
1779946125,23.24661016948639
1779946140,23.220338983050848
1779946155,23.311864406776106
1779946170,23.064406779658842
1779946185,22.85508474576291
1779946200,22.92796610169887
1779946215,22.86610169491585
1779946230,22.90593220339052
1779946245,22.853389830507098
1779946260,22.95762711864111
1779946275,23.083050847455556
1779946290,22.994915254239455
1779946305,22.95423728813688
1779946320,22.893220338981767
1779946335,22.845762711863326
1779946350,22.850000000000392
1779946365,22.770338983051055
1779946380,22.60847457627356
1779946395,22.444915254237785
1779946410,22.385593220338485
1779946425,22.4144067796627
1779946440,22.267796610170286
1779946455,22.266101694914465
1779946470,22.297457627117467
1779946485,22.439830508475268
1779946500,22.338135593220045
1779946515,22.24915254237111
1779946530,22.327118644067113
1779946545,22.142372881353367
1779946560,22.011016949150974
1779946575,22.033050847456835
1779946590,21.995762711865897
1779946605,22.02711864406148
1779946620,22.012711864406786
1779946635,22.052542372881454
1779946650,22.11271186440372
1779946665,22.162711864405892
1779946680,22.201694915252656
1779946695,22.20593220338727
1779946710,22.131355932200435
1779946725,22.200847457622285
1779946740,22.14661016949291
1779946755,22.051694915251087
1779946770,21.899152542375646
1779946785,21.816101694914668
1779946800,21.87203389830479
1779946815,21.877118644067306
1779946830,21.972881355932106
1779946845,21.93813559321749
1779946860,21.887288135592332
1779946875,21.877966101697677
1779946890,21.92288135593241
1779946905,21.94491525423581
1779946920,21.991525423731282
1779946935,22.028813559322234
1779946950,21.967796610167124
1779946965,21.9864406779663
1779946980,21.912711864407374
1779946995,21.815254237289228
1779947010,21.665254237285183
1779947025,21.6898305084797
1779947040,21.866101694914363
1779947055,21.963559322032523
1779947070,22.092372881358603
1779947085,22.031355932201024
1779947100,21.975423728810895
1779947115,22.072881355933983
1779947130,22.10254237288116
1779947145,22.163559322033798
1779947160,22.13474576271206
1779947175,22.299152542370816
1779947190,22.229661016948967
1779947205,22.11779661017117
1779947220,22.104237288136975
1779947235,21.936440677966594
1779947250,22.00338983050967
1779947265,22.021186440678463
1779947280,21.911016949149086
1779947295,22.086440677968177
1779947310,22.187288135595495
1779947325,22.165254237292086
1779947340,22.169491525426686
1779947355,22.1822033898305
1779947370,22.144067796611655
1779947385,22.10338983050907
1779947400,22.153389830511237
1779947415,22.126271186440384
1779947430,22.086440677968177
1779947445,22.318644067795425
1779947460,22.299152542373278
1779947475,22.30254237288244
1779947490,22.370338983050942
1779947505,22.344915254238373
1779947520,22.574576271186842
1779947535,22.416949152541488
1779947550,22.661864406782428
1779947565,22.67966101694876
1779947580,22.54067796610012
1779947595,22.803389830509857
1779947610,22.717796610170083
1779947625,22.674576271186254
1779947640,22.593220338986008
1779947655,22.583050847456054
1779947670,22.716101694914272
1779947685,22.59491525423689
1779947700,22.7271186440672
1779947715,22.60677966101774
1779947730,22.68220338982755
1779947745,22.43135593220359
1779947760,22.268644067793254
1779947775,22.38220338983179
1779947790,22.40254237288185
1779947805,22.47711864406622
1779947820,22.260169491521587
1779947835,22.162711864400965
1779947850,22.20169491525512
1779947865,22.24745762711776
1779947880,22.226271186442258
1779947895,22.14406779660918
1779947910,22.298305084750304
1779947925,22.19322033898592
1779947940,22.304237288133322
1779947955,22.30593220339161
1779947970,22.316949152542076
1779947985,22.206779661017638
1779948000,22.255932203386976
1779948015,22.31355932203538
1779948030,22.22033898305431
1779948045,22.218644067796024
1779948060,22.177966101693436
1779948075,22.272881355932796
1779948090,22.177118644067995
1779948105,22.14067796610002
1779948120,21.99237288135919
1779948135,22.123728813561595
1779948150,22.15084745762258
1779948165,22.08050847457529
1779948180,22.072033898306074
1779948195,21.988983050847555
1779948210,21.955084745765774
1779948225,21.981355932201318
1779948240,22.000847457625937
1779948255,21.84830508474557
1779948270,21.815254237286762
1779948285,21.931355932199146
1779948300,22.03644067796847
1779948315,21.808474576270896
1779948330,21.762711864405794
1779948345,21.794067796608786
1779948360,21.895762711861543
1779948375,21.945762711863726
1779948390,21.995762711865897
1779948405,21.949152542372886
1779948420,22.20932203389396
1779948435,22.01271186440925
1779948450,21.99915254237259
1779948465,22.00762711864427
1779948480,21.987288135594206
1779948495,22.082203389833566
1779948510,22.10762711864367
1779948525,22.20762711864801
1779948540,22.21779661017058
1779948555,22.14830508474872
1779948570,22.237288135592735
1779948585,22.175423728814646
1779948600,22.200847457627226
1779948615,22.22288135593309
1779948630,22.289830508478627
1779948645,22.291525423729507
1779948660,22.3084745762704
1779948675,22.282203389829913
1779948690,22.12711864406829
1779948705,22.099999999997433
1779948720,22.061016949155597
1779948735,22.158474576271292
1779948750,22.10508474575995
1779948765,22.225423728816818
1779948780,22.070338983050263
1779948795,21.977118644066707
1779948810,21.92711864406701
1779948825,21.89661016949439
1779948840,21.98389830508505
1779948855,21.91186440677947
1779948870,22.02118644068093
1779948885,22.031355932205955
1779948900,21.919491525425705
1779948915,22.05847457627188
1779948930,22.000000000000497
1779948945,22.126271186440384
1779948960,21.999999999998032
1779948975,22.03220338982893
1779948990,22.099152542374455
1779949005,21.92881355932036
1779949020,21.87796610169521
1779949035,21.89999999999862
1779949050,21.941525423731576
1779949065,22.007627118646734
1779949080,21.872881355927763
1779949095,22.0576271186415
1779949110,22.118644067796613
1779949125,22.416949152541488
1779949140,22.4677966101691
1779949155,22.272033898307352
1779949170,22.421186440678564
1779949185,22.49152542372832
1779949200,22.565254237287256
1779949215,22.64745762712279
1779949230,22.731355932201815
1779949245,22.800000000000686
1779949260,22.661016949154522
1779949275,22.894067796609676
1779949290,22.884745762712555
1779949305,22.925423728812678
1779949320,22.917796610168907
1779949335,22.683898305085837
1779949350,22.904237288137175
1779949365,22.71864406779799
1779949380,22.73220338982972
1779949395,22.74237288135722
1779949410,22.744915254240937
1779949425,22.47033898304789
1779949440,22.446610169488668
1779949455,22.3618644067768
1779949470,22.196610169492615
1779949485,22.283898305083273
1779949500,22.026271186440983
1779949515,21.884745762711077
1779949530,21.95932203389791
1779949545,22.096610169490738
1779949560,22.12966101694709
1779949575,22.141525423727927
1779949590,22.172881355928453
1779949605,22.12542372881248
1779949620,22.323728813560418
1779949635,22.211016949154715
1779949650,22.28728813559243
1779949665,22.416101694913582
1779949680,22.37542372881347
1779949695,22.338135593220045
1779949710,22.35429512842574
1779949725,22.483050847456642
1779949740,22.44406779660988
1779949755,22.50847457626921
1779949770,22.522881355931325
1779949785,22.51525423728755
1779949800,22.50084745762544
1779949815,22.532728591673433
1779949830,22.658474576273257
1779949845,22.51779661017127
1779949860,22.510169491525033
1779949875,22.620338983051937
1779949890,22.63474576271157
1779949905,22.63813559321828
1779949920,22.6271186440678
1779949935,22.53050847457756
1779949950,22.53220338983337
1779949965,22.503389830509168
1779949980,22.405084745763105
1779949995,22.417796610169393
1779950010,22.347457627114697
1779950025,22.406779661018927
1779950040,22.381355932203885
1779950055,22.433898305087308
1779950070,22.372881355929742
1779950085,22.279661016951124
1779950100,22.302542372879973
1779950115,22.049152542372298
1779950130,22.084745762712355
1779950145,22.049152542372298
1779950160,21.88305084745773
1779950175,21.932203389831994
1779950190,21.788135593220836
1779950205,21.786440677965025
1779950220,21.84830508474557
1779950235,21.90762711864239
1779950250,21.877966101697677
1779950265,21.862711864407668
1779950280,21.87542372881396
1779950295,21.838135593223008
1779950310,21.87288135593517
1779950325,21.93813559322242
1779950340,21.91610169491407
1779950355,21.946610169489155
1779950370,21.816101694914668
1779950385,22.07372881356189
1779950400,22.055084745765186
1779950415,22.073728813559423
1779950430,22.08389830508445
1779950445,22.06440677965984
1779950460,22.009322033895153
1779950475,21.914406779660723
1779950490,22.00932203390008
1779950505,21.95932203389791
1779950520,22.012711864406786
1779950520,22.012711864406786
1779950535,22.151694915250488
1779950550,22.425423728818107
1779950565,22.3864406779664
1779950580,22.33389830508544
1779950595,22.368644067797593
1779950610,22.60084745762978
1779950625,22.670338983051643
1779950640,22.599999999999408
1779950655,22.64576271186698
1779950670,22.70254237288254
1779950685,22.80084745762614
1779950700,22.922881355928947
1779950715,22.90084745763048
1779950730,22.88983050847507
1779950745,22.82033898305321
1779950760,23.09067796609934
1779950775,23.14491525423611
1779950790,23.214406779660422
1779950805,23.16271186440737
1779950820,23.043220338980884
1779950835,22.9211864406756
1779950850,22.888983050847166
1779950865,22.85508474576291
1779950880,22.801694915254046
1779950895,22.58813559321856
1779950910,22.64491525423413
1779950925,22.566949152540605
1779950940,22.678813559320854
1779950955,22.566101694917627
1779950970,22.492372881353763
1779950985,22.33644067796423
1779951000,22.18474576271423
1779951015,22.27881355932322
1779951030,22.391525423726442
1779951045,22.527118644068388
1779951060,22.321186440676687
1779951075,22.333050847457535
1779951090,22.290677966104067
1779951105,22.292372881359878
1779951120,22.175423728814646
1779951135,22.171186440675108
1779951150,22.10169491525572
1779951165,22.19576271186471
1779951180,22.15677966101547
1779951195,22.20338983050848
1779951210,22.174576271184264
1779951225,22.21271186441053
1779951240,22.083898305081984
1779951255,22.075423728815235
1779951270,22.130508474574984
1779951285,22.067796610168998
1779951300,22.133898305084156
1779951315,22.065254237282804
1779951330,22.000847457625937
1779951345,21.859322033898508
1779951360,21.92881355932036
1779951375,22.096610169493204
1779951390,21.738983050851513
1779951405,21.80762711864299
1779951420,21.866101694914363
1779951435,21.786440677965025
1779951450,21.911016949149086
1779951465,21.820338983051734
1779951480,21.67711864407096
1779951495,21.76694915254287
1779951510,21.698305084746462
1779951525,21.696610169490636
1779951540,21.73728813559075
1779951555,21.793220338983353
1779951570,21.74406779660909
1779951585,21.5966101694937
1779951600,21.591525423726253
1779951615,22.26355932203321
1779951630,22.33389830508544
1779951645,22.303389830505417
1779951660,22.186440677965113
1779951675,22.2457627118644
1779951690,22.31694915254454
1779951705,22.380508474575976
1779951720,22.511864406778383
1779951735,22.655932203387074
1779951750,22.633050847458215
1779951765,22.742372881354743
1779951780,22.74322033898266
1779951795,22.81186440677907
1779951810,22.80169491525651
1779951825,22.775423728811095
1779951840,22.759322033898112
1779951855,22.766101694913978
1779951870,22.929661016949744
1779951885,22.967796610168612
1779951900,22.89745762711638
1779951915,22.344915254235907
1779951930,22.1491525423717
1779951945,22.212711864408064
1779951960,22.11949152542698
1779951975,22.213559322033504
1779951990,22.281355932204484
1779952005,22.260169491524053
1779952020,22.107627118646146
1779952035,22.150847457629986
1779952050,22.13728813559085
1779952065,22.182203389830512
1779952080,22.11779661017117
1779952095,22.211864406777693
1779952110,22.055932203388153
1779952125,22.08813559321906
1779952140,22.188983050848844
1779952155,22.230508474576858
1779952170,22.136440677962945
1779952185,22.123728813564057
1779952200,22.094067796609483
1779952215,22.32881355932539
1779952230,22.24406779660859
1779952245,22.267796610172752
1779952260,22.358474576275032
1779952275,22.397457627119334
1779952290,22.38305084745723
1779952305,22.299999999996256
1779952320,22.349999999998428
1779952335,22.378813559320164
1779952350,22.647457627120325
1779952365,22.66186440677749
1779952380,22.766949152541883
1779952395,22.675423728811683
1779952410,22.699152542375845
1779952425,22.59745762712062
1779952440,22.698305084742998
1779952455,22.76440677966063
1779952470,22.806779661016552
1779952485,22.85084745762831
1779952500,22.7516949152494
1779952515,22.787288135591943
1779952530,22.753389830510162
1779952545,22.762711864409745
1779952560,22.72033898305381
1779952575,22.701694915254635
1779952590,22.743220338985125
1779952605,22.64915254237121
1779952620,22.65762711864535
1779952635,22.581355932202698
1779952650,22.427118644071452
1779952665,22.244915254238972
1779952680,22.202542372880572
1779952695,22.20762711864308
1779952710,22.193220338983444
1779952725,22.25593220338944
1779952740,22.0822033898311
1779952755,22.095762711865298
1779952770,22.11525423728744
1779952785,22.04237288135642
1779952800,22.094067796607007
1779952815,22.069491525424812
1779952830,22.14830508474379
1779952845,22.165254237287147
1779952860,22.138983050849138
1779952875,22.090677966102778
1779952890,22.02457627118517
1779952905,22.130508474574995
1779952920,22.09999999999991
1779952935,22.033050847456835
1779952950,22.087288135593617
1779952965,22.06864406779444
1779952980,22.039830508475177
1779952995,22.14491525423956
1779953010,22.1288135593241
1779953025,22.07627118644069
1779953040,22.030508474575583
1779953055,22.161864406780452
1779953070,22.08474576271483
1779953085,22.15169491525295
1779953100,22.051694915251087
1779953115,21.965254237288335
1779953130,22.005084745763014
1779953145,21.930508474576182
1779953160,21.913559322030352
1779953175,21.904237288135697
1779953190,21.83305084745556
1779953205,21.849999999998914
1779953220,21.954237288135392
1779953235,22.122033898308246
1779953250,21.93050847458111
1779953265,22.067796610166535
1779953280,22.172881355933384
1779953295,22.09830508474655
1779953310,22.149152542369233
1779953325,22.16186440677552
1779953340,22.18050847457469
1779953355,22.113559322031627
1779953370,22.14745762711835
1779953385,22.19491525424173
1779953400,22.16101694915501
1779953415,22.181355932202607
1779953430,22.15762711864584
1779953445,22.229661016948953
1779953460,22.262711864405293
1779953475,22.227118644065236
1779953490,22.43050847457322
1779953505,22.399999999998133
1779953520,22.2762711864395
1779953535,22.340677966101307
1779953550,22.3652542372909
1779953565,22.334745762710885
1779953580,22.31440677966082
1779953595,22.36949152542551
1779953610,22.297457627117456
1779953625,22.27457627118614
1779953640,22.321186440679153
1779953655,22.455084745760345
1779953670,22.407627118646833
1779953685,22.29322033898532
1779953700,22.459322033894956
1779953715,22.52966101695212
1779953730,22.54745762711845
1779953745,22.49237288135624
1779953760,22.427966101691954
1779953775,22.581355932202698
1779953790,22.673728813563276
1779953805,22.695762711866685
1779953820,22.93050847457766
1779953835,22.6737288135608
1779953850,22.8152542372833
1779953865,22.671186440677083
1779953880,22.600847457627317
1779953895,22.509322033897128
1779953910,22.780508474576077
1779953925,22.772033898306866
1779953940,22.990677966099927
1779953955,22.984745762711967
1779953970,22.930508474580126
1779953985,23.188135593222412
1779954000,23.34406779660948
1779954015,23.595762711866275
1779954030,23.699152542372392
1779954045,23.764406779662107
1779954060,23.772881355933784
1779954075,23.927966101695407
1779954090,23.60338983050759
1779954105,23.438135593216003
1779954120,23.4635593220335
1779954135,23.56779661016999
1779954150,23.700847457628203
1779954165,23.96864406779553
1779954180,23.855084745764387
1779954195,23.890677966104455
1779954210,23.83898305084401
1779954225,23.75932203389466
1779954240,23.613559322037545
1779954255,23.472033898305188
1779954270,23.46779661016811
1779954285,23.227118644066714
1779954300,23.138983050850616
1779954315,22.987288135590756
1779954330,22.97118644067777
1779954345,22.927118644066024
1779954360,22.97457627118693
1779954375,23.105084745763893
1779954390,23.083050847455556
1779954405,22.966949152543158
1779954420,22.995762711862433
1779954435,22.851694915253752
1779954450,22.67203389830499
1779954465,22.584745762709403
1779954480,22.54067796610505
1779954495,22.505084745767444
1779954510,22.419491525425215
1779954525,22.483898305084548
1779954540,22.574576271189308
1779954555,22.642372881357808
1779954570,22.748305084742704
1779954585,22.77372881356021
1779954600,22.576271186437722
1779954615,22.645762711862037
1779954630,22.775423728816023
1779954645,22.744067796608093
1779954660,22.635593220337014
1779954675,22.618644067796122
1779954690,22.61610169491486
1779954705,22.624576271184072
1779954720,22.62881355932115
1779954735,22.781355932203983
1779954750,22.76779661016979
1779954765,22.699152542370914
1779954780,22.733050847457626
1779954795,22.783050847459798
1779954810,22.574576271184366
1779954825,22.51610169491545
1779954840,22.637288135592826
1779954855,22.649999999999114
1779954870,22.57288135593596
1779954885,22.557627118648416
1779954900,22.433898305087308
1779954915,22.63220338983032
1779954930,22.42457627118526
1779954945,22.386440677968867
1779954960,22.33135593220419
1779954975,22.310169491523745
1779954990,22.34830508475001
1779955005,22.452542372881556
1779955020,22.370338983050942
1779955035,22.42118644068103
1779955050,22.42203389830647
1779955065,22.53728813559589
1779955080,22.544067796611756
1779955095,22.420338983048183
1779955110,22.550847457625146
1779955125,22.60508474576193
1779955140,22.501694915255822
1779955155,22.577118644068094
1779955170,22.63305084745575
1779955185,22.63220338983032
1779955200,22.663559322035777
1779955215,22.6635593220333
1779955230,22.66186440677749
1779955245,22.823728813562383
1779955260,22.83728813559165
1779955275,22.771186440676484
1779955290,22.855932203385887
1779955305,22.846610169486304
1779955320,22.938135593218956
1779955335,23.049999999999216
1779955350,23.15338983051025
1779955365,23.2186440677975
1779955380,23.333050847454075
1779955395,23.314406779659834
1779955410,23.205084745763305
1779955425,23.23728813559174
1779955440,23.323728813561885
1779955455,23.28135593220102
1779955470,23.313559322031928
1779955485,23.44745762711805
1779955500,23.461864406782617
1779955515,23.536440677966986
1779955530,23.50593220339191
1779955545,23.48220338983268
1779955560,23.39491525423709
1779955575,23.745762711865392
1779955590,23.660169491523163
1779955605,23.886440677964927
1779955620,23.876271186442356
1779955635,23.78389830507932
1779955650,23.472033898307654
1779955665,23.471186440677272
1779955680,23.240677966103373
1779955695,23.544915254233732
1779955710,23.523728813558243
1779955725,23.395762711864997
1779955740,23.329661016944915
1779955755,23.32033898305026
1779955770,23.473728813561003
1779955785,23.244067796612544
1779955800,23.21616830001346
1779955815,22.833050847457038
1779955830,23.031355932204967
1779955845,22.9288135593243
1779955860,22.875423728810507
1779955875,22.7720338983044
1779955890,22.788135593222314
1779955905,22.58644067796275
1779955920,22.63728813559036
1779955935,22.650847457627023
1779955950,22.6593220338987
1779955965,22.790677966101104
1779955980,22.827118644066612
1779955995,22.716101694914272
1779956010,22.898305084744287
1779956025,22.91525423728764
1779956040,22.837288135589173
1779956055,23.026271186439985
1779956070,23.15677966101942
1779956085,23.22118644068123
1779956100,23.284745762712657
1779956115,23.35338983051154
1779956130,23.526271186439494
1779956145,23.566101694914178
1779956160,23.80932203389683
1779956175,23.842372881353167
1779956190,23.847457627120615
1779956205,23.82881355932145
1779956220,23.94576271186175
1779956235,23.987288135594696
1779956250,24.045762711866093
1779956265,23.816101694912696
1779956280,23.868644067798584
1779956295,23.60169491525671
1779956310,23.795762711862633
1779956325,23.783898305086716
1779956340,23.82627118644265
1779956355,23.750000000000004
1779956370,23.768644067796707
1779956385,23.865254237286948
1779956400,23.815254237289718
1779956415,23.824576271186835
1779956430,23.69406779660741
1779956445,23.605932203388846
1779956460,23.42627118644256
1779956475,23.425423728812177
1779956490,23.555084745761235
1779956505,23.648305084742315
1779956520,23.636440677968864
1779956535,23.61779661017216
1779956550,23.864406779661508
1779956565,24.093220338984533
1779956580,23.966949152544647
1779956595,24.28305084745832
1779956610,24.283898305083763
1779956625,24.357627118647617
1779956640,24.313559322033406
1779956655,24.337288135592626
1779956670,24.37288135593516
1779956685,24.35338983050809
1779956700,24.37796610169768
1779956715,24.4042372881357
1779956730,24.6059322033928
1779956745,24.51525423728804
1779956760,24.53983050847517
1779956775,24.57457627119226
1779956790,24.551694915253552
1779956805,24.38474576271108
1779956820,24.40254237288235
1779956835,24.366101694916843
1779956850,24.39491525423858
1779956865,24.340677966101797
1779956880,24.438135593219947
1779956895,24.156779661018433
1779956910,24.258474576271194
1779956925,24.195762711867662
1779956940,24.27118644067747
1779956955,24.225423728809915
1779956970,24.19915254236943
1779956985,24.139830508472603
1779957000,24.2169491525407
1779957015,24.083050847459507
1779957030,24.17966101694975
1779957045,24.234745762711963
1779957060,24.12203389830381
1779957075,24.13813559321679
1779957090,24.023728813560208
1779957105,23.941525423729605
1779957120,23.75677966101587
1779957135,23.73050847457785
1779957150,23.59830508474754
1779957165,23.513559322033206
1779957180,23.478813559318578
1779957195,23.59999999999596
1779957210,23.29491525423768
1779957225,23.26694915254386
1779957240,23.222881355932113
1779957255,23.075423728811785
1779957270,23.0491525423713
1779957285,23.14915254237564
1779957300,23.195762711861256
1779957315,23.24830508474468
1779957330,23.072881355932996
1779957345,23.07118644067718
1779957360,23.247457627121705
1779957375,23.0593220338988
1779957390,23.2677966101693
1779957405,23.381355932202897
1779957420,23.41440677966171
1779957435,23.482203389830214
1779957450,23.73644067796581
1779957465,23.64406779661263
1779957480,23.70508474576034
1779957495,23.82881355932145
1779957510,23.872033898300348
1779957525,23.83644067796522
1779957540,23.9228813559329
1779957555,24.185593220340174
1779957570,23.93983050847379
1779957585,23.729661016949944
1779957600,23.778813559324206
1779957615,23.741525423728316
1779957630,23.746610169490832
1779957645,23.7635593220342
1779957660,23.527966101692844
1779957675,23.493220338983157
1779957690,23.434745762711763
1779957705,23.4593220338989
1779957720,23.288135593221824
1779957735,23.25169491525385
1779957750,23.264406779660128
1779957765,23.244067796610068
1779957780,23.421186440677566
1779957795,23.016949152537936
1779957810,22.954237288134415
1779957825,22.893220338984243
1779957840,22.84830508474458
1779957855,22.916101694918023
1779957870,22.87235845666701
1779957885,22.820338983053222
1779957900,22.800000000003163
1779957915,22.7720338983044
1779957930,22.588135593216098
1779957945,22.677966101697876
1779957960,22.62881355932115
1779957975,22.766949152541883
1779957990,22.693220338982954
1779958005,22.74491525423601
1779958020,22.792696899644238
1779958035,22.784745762713154
1779958050,22.765254237291
1779958065,22.774576271188117
1779958080,22.731355932201815
1779958095,22.80932203389534
1779958110,22.77288135593477
1779958125,22.766949152539418
1779958140,22.877966101694224
1779958155,22.71101694915175
1779958170,22.869491525425012
1779958185,22.77118644067896
1779958200,22.911864406783412
1779958215,22.929661016949744
1779958230,23.069491525423835
1779958245,23.213559322034982
1779958260,23.13644067796443
1779958275,23.223728813560008
1779958290,23.338135593219057
1779958305,23.287288135593908
1779958320,23.062711864410435
1779958335,23.07881355931849
1779958350,23.20593220339121
1779958365,23.12542372881149
1779958380,23.16355932203281
1779958395,23.199999999998322
1779958410,23.261016949153436
1779958425,23.403389830508768
1779958440,23.305084745762716
1779958455,23.424576271186737
1779958470,23.240677966100908
1779958485,23.34322033898404
1779958500,23.378813559324108
1779958515,23.42881355932135
1779958530,23.33728813559115
1779958545,23.25508474576301
1779958560,23.305084745762716
1779958575,23.282203389831402
1779958590,23.04237288135791
1779958605,23.160169491526116
1779958620,23.117796610165254
1779958635,23.15847457627277
1779958650,23.013559322028776
1779958665,23.240677966103373
1779958680,23.27288135593181
1779958695,23.294067796609774
1779958710,23.296610169493505
1779958725,23.238983050845086
1779958740,23.27796610169186
1779958755,23.282203389831402
1779958770,23.427966101695908
1779958785,23.511864406777395
1779958800,23.542372881354943
1779958815,24.095762711863323
1779958830,24.074576271190296
1779958845,24.14322033898424
1779958860,24.238135593218658
1779958875,24.223728813561497
1779958890,24.264406779664082
1779958905,24.266949152540406
1779958920,24.238983050846574
1779958935,24.228813559321537
1779958950,24.17118644067807
1779958965,24.164406779659743
1779958980,24.1533898305068
1779958995,24.234745762714425
1779959010,24.350847457626823
1779959025,24.51355932203222
1779959040,24.49576271186342
1779959055,24.39915254237318
1779959070,24.393220338982758
1779959085,24.377118644069775
1779959100,24.39406779661313
1779959115,23.92118644067954
1779959130,23.765254237287547
1779959145,23.701694915256112
1779959160,23.728813559319573
1779959175,23.616101694916335
1779959190,23.6084745762701
1779959205,23.60593220338638
1779959220,23.98644067796679
1779959235,24.174576271184765
1779959250,24.162711864403917
1779959265,24.18898305084687
1779959280,24.13220338982883
1779959295,23.987288135592234
1779959310,23.831355932205167
1779959325,23.774576271189595
1779959340,23.849152542373965
1779959355,23.75847457627168
1779959370,23.770338983050067
1779959385,23.739830508472505
1779959400,23.745762711865392
1779959415,23.57118644067915
1779959430,23.64067796610101
1779959445,23.59491525423838
1779959460,23.66949152542275
1779959475,23.705084745762818
1779959490,23.64745762711933
1779959505,23.64067796610101
1779959520,23.478813559321043
1779959535,23.21016949152582
1779959550,23.23050847457835
1779959565,23.366101694917816
1779959580,23.4059322033925
1779959595,23.360169491522463
1779959610,23.320338983047794
1779959625,23.276271186438514
1779959640,23.335593220340268
1779959655,23.476271186442254
1779959670,23.539830508473692
1779959685,23.332203389831108
1779959700,23.285593220338097
1779959715,23.076271186437225
1779959730,23.296610169493505
1779959745,23.202542372879588
1779959760,23.427118644065526
1779959775,23.323728813556954
1779959790,23.493220338983157
1779959805,23.336440677965708
1779959820,23.35677966101577
1779959835,23.474576271183977
1779959850,23.305932203388156
1779959865,23.170338983051142
1779959880,23.08813559322054
1779959895,23.083050847455556
1779959910,23.005084745759554
1779959925,22.9779661016961
1779959940,22.87457627118753
1779959955,22.765254237283592
1779959970,22.90677966101843
1779959985,22.917796610171372
1779960000,22.947457627121015
1779960015,23.029661016949156
1779960030,23.072881355935458
1779960045,23.107627118642693
1779960060,22.93474576271226
1779960075,22.886440677968366
1779960090,22.98983050847694
1779960105,22.994915254239455
1779960120,22.961016949152746
1779960135,23.03728813559046
1779960150,22.8822033898313
1779960165,23.02203389830292
1779960180,23.02796610169334
1779960195,23.09237288135515
1779960210,23.04745762711795
1779960225,23.22966101695044
1779960240,23.263559322034688
1779960255,23.28050847457559
1779960270,23.232203389831696
1779960285,23.140677966101496
1779960300,23.15593220338904
1779960315,23.161864406777
1779960330,23.041525423730004
1779960345,23.070338983049265
1779960360,23.136440677966895
1779960375,23.10593220339181
1779960390,22.988135593221127
1779960405,23.098305084745576
1779960420,22.947457627116073
1779960435,22.898305084749214
1779960450,22.939830508474778
1779960465,22.9533898305065
1779960480,22.939830508477243
1779960495,23.026271186435054
1779960510,23.152542372882344
1779960525,23.088135593218073
1779960540,23.022881355930824
1779960555,23.01355932203617
1779960570,22.830508474573307
1779960585,22.993220338983644
1779960600,23.044067796611255
1779960615,23.102542372880176
1779960630,23.08474576271138
1779960645,22.94067796610022
1779960660,23.161864406779465
1779960675,23.18983050847576
1779960690,23.179661016945797
1779960705,23.266949152538917
1779960720,23.401694915255423
1779960735,23.52796610169532
1779960750,23.58559322033632
1779960765,23.46440677965894
1779960780,23.55254237287998
1779960795,23.36610169491289
1779960810,23.323728813561885
1779960825,23.24322033897723
1779960840,23.34067796610031
1779960855,23.261864406781342
1779960870,23.244915254235508
1779960885,23.354237288134506
1779960900,23.266949152538917
1779960915,23.1228813559327
1779960930,23.284745762712657
1779960945,23.334745762712362
1779960960,23.015254237287053
1779960975,23.075423728811796
1779960990,22.89745762712131
1779961005,22.928813559319373
1779961020,22.74915254237062
1779961035,22.540677966102585
1779961050,22.557627118643474
1779961065,22.588135593221036
1779961080,22.4677966101691
1779961095,22.446610169488668
1779961110,22.53389830508672
1779961125,22.41355932203726
1779961140,22.505084745764982
1779961155,22.385593220338496
1779961170,22.072033898301147
1779961185,22.09237288135366
1779961200,22.112711864406187
1779961215,22.20847457626852
1779961230,22.201694915250194
1779961245,22.255084745768926
1779961260,22.094915254237392
1779961275,22.327966101697484
1779961290,22.568644067798882
1779961305,22.591525423730197
1779961320,22.597457627118157
1779961335,22.672881355932894
1779961350,22.781355932203983
1779961365,22.861864406778775
1779961380,22.899152542374658
1779961395,22.978813559324006
1779961410,22.976271186437824
1779961425,23.078813559323418
1779961440,23.085593220339284
1779961455,23.086440677969655
1779961470,23.159322033895748
1779961485,22.921186440678063
1779961500,23.00932203389663
1779961515,22.849999999997927
1779961530,22.84406779660997
1779961545,22.771186440676484
1779961560,22.69830508474794
1779961575,22.559322033896834
1779961590,22.450847457625734
1779961605,22.31949152542334
1779961620,22.321186440674225
1779961635,22.26186440678233
1779961650,22.214406779658947
1779961665,22.19576271186471
1779961680,22.173728813558835
1779961695,22.338135593222507
1779961710,22.46186440678114
1779961725,22.495762711865396
1779961740,22.469491525427387
1779961755,22.700000000001285
1779961770,22.893220338984232
1779961785,23.103389830510544
1779961800,23.18559322034116
1779961815,23.14661016949192
1779961830,23.102542372880176
1779961845,23.183050847459896
1779961860,23.371186440675405
1779961875,23.24915254237505
1779961890,23.29067796610308
1779961905,23.44576271186224
1779961920,23.58813559322005
1779961935,23.662711864406884
1779961950,23.582203389829626
1779961965,23.500847457624463
1779961980,23.449999999999317
1779961995,23.307627118646433
1779962010,23.355932203390328
1779962025,23.399152542371702
1779962040,23.418644067796322
1779962055,23.42627118643762
1779962070,23.322881355933976
1779962085,23.304237288132335
1779962100,23.17711864407441
1779962115,23.1228813559327
1779962130,23.133050847457724
1779962145,23.055084745764187
1779962160,23.06694915254257
1779962175,23.100000000001387
1779962190,22.92118644068053
1779962205,23.059322033896336
1779962220,22.990677966099927
1779962235,23.00593220338747
1779962250,22.924576271184772
1779962265,23.1372881355948
1779962280,23.170338983053608
1779962295,23.205932203388755
1779962310,23.27542372881307
1779962325,23.236440677966307
1779962340,23.216949152544153
1779962355,22.8720338983038
1779962370,23.01016949152207
1779962385,22.9957627118649
1779962400,23.161016949154025
1779962415,23.34067796610032
1779962430,23.175423728816124
1779962445,23.23389830508504
1779962460,23.224576271187924
1779962475,23.3000000000002
1779962490,23.267796610169288
1779962505,23.25423728813757
1779962520,23.24152542373128
1779962535,23.29830508474685
1779962550,23.133050847457724
1779962565,23.059322033896336
1779962580,23.05000000000168
1779962595,22.97711864406573
1779962610,22.898305084744287
1779962625,22.945762711862727
1779962640,22.996610169487887
1779962655,23.172881355932407
1779962670,23.17118644067412
1779962685,23.24406779661008
1779962700,23.24237288135179
1779962715,23.215254237285865
1779962730,23.326271186443147
1779962745,23.422881355930926
1779962760,23.497457627120234
1779962775,23.59576271186381
1779962790,23.578813559325383
1779962805,23.650847457626035
1779962820,23.784745762707228
1779962835,23.953389830510453
1779962850,23.933898305083368
1779962865,23.937288135592528
1779962880,24.16186440677601
1779962895,24.234745762709498
1779962910,24.161016949153037
1779962925,24.255084745759557
1779962940,24.19322033898148
1779962955,23.972881355935073
1779962970,24.066949152541582
1779962985,23.875423728811985
1779963000,23.83474576271186
1779963015,23.794915254234727
1779963030,23.71525423728784
1779963045,23.714406779659935
1779963060,23.6228813559322
1779963075,23.499999999999012
1779963090,23.36694915253833
1779963105,23.441525423727626
1779963120,23.15169491525444
1779963135,23.205084745763305
1779963150,23.200847457628704
1779963165,23.091525423727234
1779963180,23.063559322030947
1779963195,23.042372881355444
1779963210,23.022881355930824
1779963225,22.997457627118255
1779963240,23.033898305086232
1779963255,23.000847457627415
1779963270,23.07457627118388
1779963285,23.296610169495967
1779963300,23.14576271186648
1779963315,23.150000000001093
1779963330,23.283898305082285
1779963345,23.280508474573114
1779963360,23.32118644068063
1779963375,23.397457627118346
1779963390,23.263559322032222
1779963405,23.288983050852195
1779963420,23.15338983051025
1779963435,23.310169491525222
1779963450,23.291525423730985
1779963465,23.33728813559115
1779963480,23.1627118644123
1779963495,23.218644067795037
1779963510,23.18050847457618
1779963525,23.02372881355873
1779963540,23.128813559323124
1779963555,23.09576271185938
1779963570,23.25932203389762
1779963585,23.1228813559327
1779963600,23.060169491526704
1779963615,23.045762711864604
1779963630,22.95169491525315
1779963645,22.832203389829132
1779963660,22.759322033898112
1779963675,22.717796610165152
1779963690,22.94745762712348
1779963705,22.98389830508405
1779963720,23.012711864405798
1779963735,22.975423728814846
1779963750,22.937288135593516
1779963765,22.84406779660998
1779963780,22.727966101692655
1779963795,22.669491525423723
1779963810,22.643220338983248
1779963825,22.543220338986302
1779963840,22.56186440677809
1779963855,22.557627118643474
1779963870,22.34237288135712
1779963885,22.322033898304593
1779963900,22.190677966099727
1779963915,22.12203389830578
1779963930,22.1847457627093
1779963945,22.127966101696206
1779963960,22.12372881355913
1779963975,22.112711864406187
1779963990,21.953389830509963
1779964005,21.93389830508781
1779964020,21.9228813559324
1779964035,22.16440677965924
1779964050,22.045762711865592
1779964065,22.255932203386976
1779964080,22.11864406779909
1779964095,22.09406779661195
1779964110,22.230508474574396
1779964125,22.361864406779276
1779964140,22.430508474580613
1779964155,22.569491525424322
1779964170,22.490677966100414
1779964185,22.58898305084648
1779964200,22.618644067796122
1779964215,22.67881355931839
1779964230,22.66101694914959
1779964245,22.644915254239063
1779964260,22.709322033898406
1779964275,22.70084745762919
1779964290,22.761864406779363
1779964305,22.772881355932306
1779964320,22.80169491525158
1779964335,22.786440677966503
1779964350,22.69999999999882
1779964365,22.658474576273257
1779964380,22.67542372881415
1779964395,22.741525423734245
1779964410,22.747457627117264
1779964425,22.610169491524445
1779964440,22.620338983051937
1779964455,22.640677966104462
1779964470,22.75254237287978
1779964485,22.70254237288254
1779964500,22.694067796613325
1779964515,22.690677966104168
1779964530,22.7694915254256
1779964545,22.708474576270497
1779964560,22.738983050850514
1779964575,22.568644067793954
1779964590,22.523728813561693
1779964605,22.476271186443242
1779964620,22.345762711863813
1779964635,22.173728813558835
1779964650,22.161016949152547
1779964665,22.198305084743495
1779964680,22.20084745762475
1779964695,22.01864406779721
1779964710,21.92118644067659
1779964725,21.800847457624663
1779964740,21.74237288135574
1779964755,21.64915254237466
1779964770,21.599152542370025
1779964785,21.66610169491555
1779964800,21.613559322032128
1779964815,21.699152542374367
1779964830,21.74152542373029
1779964845,21.798305084745863
1779964860,21.836440677967197
1779964875,22.029661016950143
1779964890,22.24491525423651
1779964905,22.315254237288727
1779964920,22.323728813557942
1779964935,22.406779661018927
1779964950,22.468644067797005
1779964965,22.522881355933787
1779964980,22.611016949154816
1779964995,22.54067796610505
1779965010,22.838135593219544
1779965025,22.720338983048883
1779965040,22.833898305082478
1779965055,22.8652542372904
1779965070,22.832203389831594
1779965085,22.8677966101692
1779965100,22.697457627117558
1779965115,22.760169491523552
1779965130,22.77372881356021
1779965145,22.63898305084617
1779965160,22.639830508476557
1779965175,22.509322033897128
1779965190,22.420338983050648
1779965205,22.37288135593467
1779965220,22.460169491525328
1779965235,22.555084745764688
1779965250,22.66355932202837
1779965265,22.498305084744185
1779965280,22.488135593221624
1779965295,22.420338983048183
1779965310,22.576271186440188
1779965325,22.649152542373674
1779965340,22.649999999999114
1779965355,22.69745762712003
1779965370,22.655932203392005
1779965385,22.696610169492114
1779965400,22.6762711864396
1779965415,22.64830508474577
1779965430,22.729661016948466
1779965445,22.804237288137763
1779965460,22.766101694911512
1779965475,22.877966101694224
1779965490,22.93474576271226
1779965505,22.903389830506793
1779965520,22.839830508475366
1779965535,22.825423728813266
1779965550,22.777118644064444
1779965565,22.79915254237278
1779965580,22.911016949150564
1779965595,22.793220338982366
1779965610,22.859322033899975
1779965625,22.731355932204277
1779965640,22.65593220338954
1779965655,22.68644067796709
1779965670,22.800000000000686
1779965685,22.80593220339111
1779965700,22.672033898307454
1779965715,22.57118644067274
1779965730,22.56271186440353
1779965745,22.523728813559217
1779965760,22.43135593220359
1779965775,22.274576271188607
1779965790,22.116949152538325
1779965805,22.361016949153832
1779965820,22.44322033898444
1779965835,22.364406779660527
1779965850,22.411016949151062
1779965865,22.576271186440188
1779965880,22.866101694918317
1779965895,23.031355932207443
1779965910,23.120338983051447
1779965925,23.267796610166826
1779965940,23.206779661019116
1779965955,23.138135593220245
1779965970,23.172033898306964
1779965985,23.221119785224985
1779966000,23.41440677966171
1779966015,24.366101694914367
1779966030,24.539830508472704
1779966045,24.7338983050885
1779966060,24.853389830507588
1779966075,25.159322033893773
1779966090,25.122033898305286
1779966105,25.057627118641012
1779966120,25.04152542372803
1779966135,24.866949152541785
1779966150,25.048305084743895
1779966165,24.66864406779139
1779966180,24.480508474578343
1779966195,24.295762711862135
1779966210,24.607627118646146
1779966225,24.567796610169
1779966240,24.51610169491595
1779966255,24.514406779660135
1779966270,24.52203389830143
1779966285,24.458474576269996
1779966300,24.516101694913484
1779966315,23.389830508474585
1779966330,23.382203389828337
1779966345,23.324576271187336
1779966360,23.315254237290205
1779966375,23.226271186443736
1779966390,23.221186440676288
1779966405,23.1576271186424
1779966420,23.057627118645453
1779966435,23.243220338984628
1779966450,23.25423728813263
1779966465,23.170338983051142
1779966480,23.211016949151265
1779966495,23.087288135595095
1779966510,23.139830508476056
1779966525,22.883050847456744
1779966540,22.85847457627208
1779966555,22.70508474576134
1779966570,22.64915254237121
1779966585,22.480508474575387
1779966600,22.322881355934964
1779966615,22.280508474576564
1779966630,22.127966101696195
1779966645,22.14830508474379
1779966660,22.26271186440777
1779966675,22.14745762711835
1779966690,22.19745762711558
1779966705,22.087288135591155
1779966720,22.067796610168998
1779966735,22.00593220339092
1779966750,22.03135593220349
1779966765,22.046610169488567
1779966780,22.187288135595495
1779966795,21.97542372881336
1779966810,22.214406779661424
1779966825,22.334745762710885
1779966840,22.347457627117162
1779966855,22.419491525425205
1779966870,22.58305084745852
1779966885,22.719491525420963
1779966900,22.771186440676484
1779966915,22.89237288135386
1779966930,23.07627118644463
1779966945,23.081355932204673
1779966960,23.247457627116773
1779966975,23.378813559324108
1779966990,23.31779661017147
1779967005,23.64576271186598
1779967020,23.79237288135346
1779967035,23.804237288136775
1779967050,23.9364406779671
1779967065,24.03983050847074
1779967080,24.163559322031823
1779967095,24.316949152542566
1779967110,24.497457627119235
1779967125,24.42457627118575
1779967140,24.516101694913473
1779967155,24.74152542373227
1779967170,24.815254237286265
1779967185,24.82627118644414
1779967200,24.894067796610166
1779967215,24.936440677968562
1779967230,24.942372881359
1779967245,24.84661016948926
1779967260,24.67203389830548
1779967275,24.66864406779632
1779967290,24.794067796610765
1779967305,24.802542372882442
1779967320,24.8454247767798
1779967335,24.78220338983239
1779967350,24.98983050847744
1779967365,25.130508474576963
1779967380,24.994067796607112
1779967395,25.061016949152638
1779967410,25.16186440678243
1779967425,25.049152542374266
1779967440,25.061016949155114
1779967455,24.933898305079914
1779967470,24.878813559322623
1779967485,24.734745762708997
1779967500,24.766949152539908
1779967515,24.69999999999931
1779967530,24.664406779661707
1779967545,24.755084745764
1779967560,24.81525423728873
1779967575,24.855932203388843
1779967590,24.772881355932796
1779967605,24.675423728809708
1779967620,24.53983050847517
1779967635,24.59152542372822
1779967650,24.356779661017246
1779967665,24.427966101697386
1779967680,24.282203389827938
1779967695,24.381355932204386
1779967710,24.263559322031234
1779967725,24.364406779658555
1779967740,24.35593220338934
1779967755,24.453389830505024
1779967770,24.548305084749312
1779967785,24.66779661017088
1779967800,24.69915254237387
1779967815,24.8550847457634
1779967830,24.944915254237788
1779967845,25.00169491525581
1779967860,25.15423728813866
1779967875,24.970338983047892
1779967890,24.967796610169103
1779967905,25.079661016951814
1779967920,25.131355932207345
1779967935,25.061864406780554
1779967950,25.20254237288254
1779967965,25.28728813559441
1779967980,25.300847457628606
1779967995,25.29576271186116
1779968010,25.32372881355992
1779968025,25.380508474575482
1779968040,25.292372881354453
1779968055,25.32118644067619
1779968070,25.272881355929844
1779968085,25.325423728813266
1779968100,25.37627118643594
1779968115,25.355932203390818
1779968130,25.15593220338954
1779968145,25.121186440682308
1779968160,25.183898305083364
1779968175,25.36694915254376
1779968190,25.370338983050456
1779968205,25.451694915253153
1779968220,25.499999999999513
1779968235,25.524576271189105
1779968250,25.370338983050456
1779968265,25.422881355931416
1779968280,25.354237288137472
1779968295,25.322881355932015
1779968310,25.326271186441176
1779968325,25.40932203389722
1779968340,25.470338983049867
1779968355,25.687288135592034
1779968370,25.844915254234923
1779968385,25.854237288134506
1779968400,25.794067796609777
1779968415,25.67118644067905
1779968430,25.76525423728311
1779968445,25.658474576267842
1779968460,25.672881355932397
1779968475,25.65169491525443
1779968490,25.49830508474863
1779968505,25.432203389833475
1779968520,25.24999999999853
1779968535,25.262711864409738
1779968550,25.371186440675896
1779968565,25.500847457624953
1779968580,25.49237288135574
1779968595,25.440677966102687
1779968610,25.698305084747442
1779968625,25.72711864406918
1779968640,25.647457627117365
1779968655,25.47881355931908
1779968670,25.055932203390128
1779968685,25.307627118646934
1779968700,25.533898305086232
1779968715,25.462711864406096
1779968730,25.577118644065134
1779968745,25.598305084745565
1779968760,25.622033898304796
1779968775,25.672033898306957
1779968790,25.766101694915953
1779968805,25.957627118640612
1779968820,25.86525423728745
1779968835,26.061864406779566
1779968850,25.906779661015477
1779968865,25.861016949150372
1779968880,25.904237288136677
1779968895,25.682203389829528
1779968910,25.662711864407374
1779968925,25.728813559320063
1779968940,25.761864406776414
1779968955,25.906779661017932
1779968970,25.617796610170185
1779968985,25.744915254237988
1779969000,25.661864406779465
1779969015,25.74406779661007
1779969030,25.75338983050719
1779969045,25.95762711864802
1779969060,25.981355932204774
1779969075,25.937288135590563
1779969090,26.00847457627069
1779969105,25.95338983051341
1779969120,25.889830508474574
1779969135,25.804237288137276
1779969150,25.77966101695014
1779969165,25.920338983052126
1779969180,25.871186440675398
1779969195,25.79576271186559
1779969210,25.53559322033958
1779969225,25.70593220338875
1779969240,25.52118644067748
1779969255,25.79406779661224
1779969270,25.600847457629293
1779969285,25.491525423727836
1779969300,25.633050847457728
1779969315,25.590677966099328
1779969330,25.410169491525124
1779969345,25.457627118648507
1779969360,25.08559322033731
1779969375,25.161864406779966
1779969390,25.06864406779642
1779969405,25.37372881355715
1779969420,25.642372881352383
1779969435,25.79830508474439
1779969450,25.99067796609943
1779969465,26.471186440676785
1779969480,26.786440677965018
1779969495,27.34322033898009
1779969510,27.64661016948995
1779969525,28.187288135592038
1779969540,28.494067796606124
1779969555,28.932203389832488
1779969570,29.490677966098445
1779969585,30.078813559323912
1779969600,30.687288135594503
1779969615,31.415254237289126
1779969630,32.07033898305026
1779969645,32.70254237287761
1779969660,33.40000000000207
1779969675,33.88220338982785
1779969690,34.50169491525138
1779969705,34.933898305084846
1779969720,35.75254237288175
1779969735,36.63983050847507
1779969750,37.19195124100736
1779969765,37.60084745762978
1779969780,38.33389830508198
1779969795,39.026271186439
1779969810,39.59830508474409
1779969825,40.22372881356051
1779969840,40.85423728813697
1779969855,41.461864406782134
1779969870,42.07966101694738
1779969885,42.52288135593132
1779969900,42.86610169491338
1779969915,43.00677966101784
1779969930,43.328813559321944
1779969945,43.46779661016564
1779969960,44.10000000000039
1779969975,44.350847457624354
1779969990,44.78983050847616
1779970005,45.03220338982844
1779970020,44.77118644067946
1779970035,45.00084745762791
1779970050,45.13389830508859
1779970065,44.89915254237269
1779970080,45.11864406779365
1779970095,44.67288135593586
1779970110,44.51949152542265
1779970125,44.26949152542412
1779970140,44.208474576271485
1779970155,44.0288135593252
1779970170,44.16525423728764
1779970185,44.4228813559324
1779970200,44.48474576271049
1779970215,44.45254237287959
1779970230,44.53983050847763
1779970245,44.6169491525408
1779970260,44.58728813559362
1779970275,44.56949152541988
1779970290,44.77457627118615
1779970305,44.707627118645554
1779970320,44.80508474575876
1779970335,44.64406779660672
1779970350,44.62203389830578
1779970365,44.76016949152404
1779970380,44.96355932203202
1779970395,45.089830508476844
1779970410,45.242082283907
1779970425,45.0211864406755
1779970440,45.44745762712101
1779970455,45.65423728813569
1779970470,45.37457627118506
1779970485,45.39237288135386
1779970500,45.36186440677877
1779970515,45.29830508474488
1779970530,45.15423728813125
1779970545,45.05423728813432
1779970560,45.14661016949242
1779970575,45.09406779661145
1779970590,45.150847457627016
1779970605,45.24152542372685
1779970620,45.27796610169482
1779970635,45.58644067796226
1779970650,45.50593220338747
1779970665,45.469491525424424
1779970680,45.69576271186372
1779970695,45.78474576271265
1779970710,46.17372881355981
1779970725,45.78644067796353
1779970740,45.56864406779839
1779970755,45.44067796610268
1779970770,45.089830508476844
1779970785,44.98305084745664
1779970800,44.81779661016751
1779970815,44.85338983050513
1779970830,44.794915254233736
1779970845,44.83644067796423
1779970860,44.922033898304
1779970875,44.68983050847428
1779970890,44.3906779661015
1779970905,44.505084745760534
1779970920,44.61355932203409
1779970935,44.70169491525513
1779970950,44.76271186440777
1779970965,44.650847457629986
1779970980,44.57118644067817
1779970995,44.213559322034
1779971010,44.42796610169491
1779971025,44.54237288135643
1779971040,44.74067796610189
1779971055,44.9254237288107
1779971070,44.735593220339375
1779971085,44.98050847458279
1779971100,45.522033898302915
1779971115,45.50762711863834
1779971130,45.60084745762683
1779971145,45.470338983049864
1779971160,45.41779661016644
1779971175,45.45932203389693
1779971190,45.21864406779552
1779971205,45.07542372881475
1779971220,44.9567796610137
1779971235,44.72966101694649
1779971250,44.77711864406741
1779971265,44.56016949152522
1779971280,44.58050847457529
1779971295,44.49322033898709
1779971310,44.49322033898711
1779971325,44.246610169492804
1779971340,44.26525423728952
1779971355,44.2389830508515
1779971370,44.45932203390285
1779971385,44.76101694915442
1779971400,44.4516949152566
1779971415,44.17599143059226
1779971430,44.511016949153436
1779971445,44.28898305084628
1779971460,44.09152542372625
1779971475,44.353389830508085
1779971490,44.521186440676
1779971505,44.555084745765186
1779971520,44.56779661016653
1779971535,44.76694915254238
1779971550,44.88813559322221
1779971565,44.89406779660771
1779971580,44.77033898304907
1779971595,44.568644067801834
1779971610,44.26186440678035
1779971625,44.507627118644265
1779971640,44.52627118643604
1779971655,44.73389830508603
1779971670,44.927966101699354
1779971685,44.697457627118055
1779971700,44.895762711865984
1779971715,44.70169491525265
1779971730,44.72288135593556
1779971745,44.61694915254326
1779971760,44.51864406779721
1779971775,44.131355932203384
1779971790,44.1500000000001
1779971805,43.87796610169325
1779971820,43.77542372881258
1779971835,43.38898305084914
1779971850,43.28474576271265
1779971865,43.40593220339003
1779971880,43.434745762714236
1779971895,43.59491525423837
1779971910,43.8813559322024
1779971925,43.46949152542393
1779971940,43.649152542375155
1779971955,43.45423728813391
1779971970,42.999999999997044
1779971985,43.2677966101693
1779972000,43.02372881355873
1779972015,43.13644067796689
1779972030,43.2152542372908
1779972045,43.02203389830785
1779972060,43.11440677966348
1779972075,43.59322033898256
1779972090,43.46779661017057
1779972105,43.726271186440776
1779972120,43.894915254239066
1779972120,43.894915254239066
1779972135,43.56694915254208
1779972150,43.501694915252365
1779972165,43.405932203387565
1779972180,43.61271186440718
1779972195,43.65169491525395
1779972210,43.57457627118585
1779972225,43.461864406777686
1779972240,43.26186440677887
1779972255,43.10847457626813
1779972270,43.077118644072534
1779972285,42.69830508474547
1779972300,42.38135593220389
1779972315,42.77118644067895
1779972330,42.706779661017144
1779972345,42.42881355931986
1779972360,42.71186440677967
1779972375,42.575423728812275
1779972390,42.621186440679836
1779972405,42.77796610169975
1779972420,43.08135593219974
1779972435,43.52881355932322
1779972450,43.60254237288215
1779972465,44.01694915254435
1779972480,43.62966101694808
1779972495,43.65084745762604
1779972510,43.30508474576271
1779972525,43.42457627118428
1779972540,43.44661016949508
1779972555,43.43813559322094
1779972570,43.07542372881426
1779972585,43.33135593220073
1779972600,43.59491525424084
1779972615,43.15254237287988
1779972630,43.359322033899495
1779972645,43.337288135591145
1779972660,43.18728813559451
1779972675,43.28813559322428
1779972690,43.08728813559263
1779972705,42.87033898305045
1779972720,42.62457627118654
1779972735,42.371186440673924
1779972750,42.2584745762707
1779972765,41.983050847457136
1779972780,42.09067796610032
1779972795,42.02033898305055
1779972810,42.115254237287445
1779972825,42.01949152542511
1779972840,41.999999999998025
1779972855,42.094915254237385
1779972870,42.36864406779514
1779972885,41.97457627118298
1779972900,41.67627118644058
1779972915,41.66355932203183
1779972930,41.203389830511924
1779972945,41.138983050852595
1779972960,41.03220338982745
1779972975,40.55593220338963
1779972990,40.67542372881613
1779973005,40.436440677965614
1779973020,40.7364406779663
1779973035,40.94067796610219
1779973050,41.14237288135683
1779973065,40.8813559322029
1779973080,40.90084745762752
1779973095,41.03644067796453
1779973110,40.685593220341154
1779973125,40.67203389830449
1779973140,40.73050847457588
1779973155,40.75508474576301
1779973170,40.89322033898375
1779973185,41.55677966101903
1779973200,41.62796610169176
1779973215,42.74152542372931
1779973230,43.32118644067816
1779973245,43.58898305084302
1779973260,43.8322033898306
1779973275,44.192372881356036
1779973290,44.33983050847389
1779973305,44.09067796610328
1779973320,44.21440677966191
1779973335,44.0796610169454
1779973350,44.20762711864358
1779973365,44.362711864407665
1779973380,44.449152542375344
1779973395,44.516101694915946
1779973410,45.20254237288008
1779973425,45.03728813559589
1779973440,45.218644067797996
1779973455,45.27966101694817
1779973470,45.29745762711697
1779973485,45.44152542372812
1779973500,45.52288135593082
1779973515,44.92372881355982
1779973530,44.6601694915271
1779973545,44.53220338982893
1779973560,44.76610169491446
1779973575,44.62457627118703
1779973590,44.7127118644056
1779973605,44.89237288135435
1779973620,45.125423728814454
1779973635,45.1135593220336
1779973650,45.201694915254635
1779973665,45.473728813556555
1779973680,45.405084745762615
1779973695,45.471186440675304
1779973710,45.38983050847754
1779973725,45.447457627118546
1779973740,45.626271186439396
1779973755,45.92166726554364
1779973770,45.97881355932352
1779973785,45.50847457627118
1779973800,45.388983050847166
1779973815,45.627118644069775
1779973830,45.58050847457677
1779973845,45.562711864407966
1779973860,45.70677966102159
1779973875,45.74915254237506
1779973890,45.665254237286156
1779973905,45.33644067796374
1779973920,45.06694915254307
1779973935,45.23983050847349
1779973950,45.12203389830528
1779973965,45.01864406779917
1779973980,45.405084745762615
1779973995,45.56271186441043
1779974010,45.758474576269705
1779974025,45.62966101694856
1779974040,45.911864406777994
1779974055,45.65084745762653
1779974070,45.614406779661024
1779974085,45.913559322033805
1779974100,45.70847457627001
1779974115,45.599152542373474
1779974130,45.3635593220346
1779974145,44.90847457626981
1779974160,44.96525423729031
1779974175,44.85932203389801
1779974190,45.07420389290567
1779974205,44.92118644067856
1779974220,44.95762711864407
1779974235,44.73728813559272
1779974250,44.53389830508474
1779974265,44.126271186438416
1779974280,43.66355932203232
1779974295,43.40762711864091
1779974310,43.27542372881307
1779974325,43.290677966103075
1779974340,43.14491525423364
1779974355,42.77627118644147
1779974370,42.720338983048876
1779974385,42.7084745762705
1779974400,42.90932203389969
1779974415,43.23813559321965
1779974430,43.193220338982464
1779974445,43.51355932203321
1779974460,43.44830508474596
1779974475,43.579661016948364
1779974490,43.79491525423472
1779974505,44.048305084744875
1779974520,44.23474576271197
1779974535,44.43305084745744
1779974550,44.594915254237385
1779974565,44.31101694915461
1779974580,44.115254237287935
1779974595,44.018644067797695
1779974610,44.08983050847783
1779974625,44.84152542372921
1779974640,44.924576271187725
1779974655,45.100847457627324
1779974670,45.01186440677591
1779974685,45.23898305084805
1779974700,45.020338983047594
1779974715,45.06779661017097
1779974730,45.16016949152415
1779974745,45.27372881355528
1779974760,45.47881355932154
1779974775,45.34915254237249
1779974790,45.38559322033553
1779974805,45.20593220338678
1779974820,44.87796610169718
1779974835,44.9500000000003
1779974850,45.27711864407185
1779974865,45.44830508474399
1779974880,45.72372881355755
1779974895,45.74745762711924
1779974910,45.501694915252855
1779974925,45.39915254236973
1779974940,45.54237288135544
1779974955,45.27288135592984
1779974970,45.27288135592984
1779974985,45.43813559322143
1779975000,45.37372881355716
1779975015,45.40338983050927
1779975030,45.04322033898137
1779975045,44.96779661016663
1779975060,44.8728813559322
1779975075,44.65508474575965
1779975090,44.598305084746556
1779975105,44.9932203389866
1779975120,45.06694915254307
1779975135,45.02372881356169
1779975150,45.13898305085111
1779975165,45.28644067796404
1779975180,45.441525423733054
1779975195,45.455932203395164
1779975210,45.33305084745457
1779975225,45.301694915254046
1779975240,45.11186440678272
1779975255,45.15084745762456
1779975270,44.975423728815336
1779975285,45.19576271186174
1779975300,45.13474576271157
1779975315,44.899152542375155
1779975330,44.77796610169285
1779975345,44.76694915254731
1779975360,44.66186440677799
1779975375,44.90338983050483
1779975390,44.89406779661017
1779975405,44.630508474574995
1779975420,44.8186440677979
1779975435,44.43135593220408
1779975450,44.303389830510845
1779975465,44.4186440677978
1779975480,44.1542372881347
1779975495,44.0050847457635
1779975510,43.807627118641015
1779975525,43.556779661021984
1779975540,43.46271186440313
1779975555,43.80338983050886
1779975570,43.88983050847655
1779975585,43.752542372881265
1779975600,43.74237288135869
1779975615,44.088135593219555
1779975630,44.24067796610238
1779975645,44.4720338983042
1779975660,44.60932203389702
1779975675,44.444915254233344
1779975690,44.52881355932223
1779975705,44.52372881355725
1779975720,44.87711864406928
1779975735,45.04237288135593
1779975750,45.24322033898266
1779975765,45.03050847457756
1779975780,45.319491525420375
1779975795,45.455084745764786
1779975810,45.705084745760836
1779975825,45.807627118643964
1779975840,45.59406779660849
1779975855,45.661864406779465
1779975870,45.92627118643762
1779975885,45.76949152542511
1779975900,45.8220338983036
1779975915,45.91658248530558
1779975930,45.866101694915365
1779975945,45.76355932203222
1779975960,45.622881355930225
1779975975,45.7748722868388
1779975990,45.76525423728803
1779976005,45.29830508474735
1779976020,45.383898305087115
1779976035,45.21101694915175
1779976050,45.06101694915511
1779976065,45.04237288135593
1779976080,45.46101694915521
1779976095,45.60593220338933
1779976110,45.8635593220341
1779976125,45.81271186440895
1779976140,45.92627118644255
1779976155,45.849999999997436
1779976170,45.70169491525413
1779976185,45.23813559322261
1779976200,45.46864406779898
1779976215,45.46525423728488
1779976230,45.69830508474251
1779976245,45.83898305084697
1779976260,46.01186440678233
1779976275,45.90169491525542
1779976290,46.137288135591845
1779976305,46.40423728813619
1779976320,46.31186440678302
1779976335,46.532203389831885
1779976350,46.84406779660604
1779976365,46.859322033896035
1779976380,46.527118644069375
1779976395,46.95847457626754
1779976410,46.96271186440954
1779976425,46.89745762711737
1779976440,46.84999999999645
1779976455,47.23813559321817
1779976470,47.41779661016693
1779976485,47.31271186440746
1779976500,47.0957627118653
1779976515,46.81694915254258
1779976530,46.393220338983255
1779976545,46.26440677965964
1779976560,46.45762711864505
1779976575,46.498305084747635
1779976590,45.990677966104364
1779976605,46.001694915252365
1779976620,46.22881355932697
1779976635,46.17288135593191
1779976650,45.98389830508602
1779976665,45.34406779660998
1779976680,45.51864406779869
1779976695,45.199999999998816
1779976710,45.341525423726246
1779976725,45.02796610169384
1779976740,44.62881355932164
1779976755,44.230508474579835
1779976770,43.99406779661057
1779976785,43.81186440678056
1779976800,43.645762711863526
1779976815,43.62118644067638
1779976830,43.35508474576735
1779976845,43.28050847457558
1779976860,43.23813559321719
1779976875,43.28559322034303
1779976890,43.60423728813056
1779976905,43.57288135593497
1779976920,43.548305084745365
1779976935,44.04237288134952
1779976950,44.71525423729179
1779976965,45.0499999999997
1779976980,45.447457627118546
1779976995,46.05726140516049
1779977010,46.95169491525167
1779977025,47.800847457623675
1779977040,49.04745762711451
1779977055,50.57711864406513
1779977070,51.81355932203093
1779977085,53.00762711864081
1779977100,54.559322033902255
1779977115,55.53389830508376
1779977130,56.76864406779622
1779977145,57.68474576271127
1779977160,58.67881355932233
1779977175,59.837288135594605
1779977190,60.824576271184874
1779977205,61.7279661016961
1779977220,62.79830508474734
1779977235,63.7000000000003
1779977250,64.66101694915008
1779977265,65.60677966101724
1779977280,66.70593220339023
1779977295,67.16355932203379
1779977310,67.65508474576163
1779977325,67.86779661017167
1779977340,67.90000000000009
1779977355,67.62594195873099
1779977370,68.38728813559331
1779977385,68.55847457627287
1779977400,68.83898305084647
1779977415,68.87288135593319
1779977430,68.94491525423629
1779977445,69.04915254237032
1779977460,69.2805084745746
1779977475,68.86779661017069
1779977490,69.14237288135632
1779977505,69.15847457627177
1779977520,68.68983050847281
1779977535,68.42203389830301
1779977550,68.15508474576359
1779977565,67.73050847457638
1779977580,67.65169491525494
1779977595,67.43474576271275
1779977610,67.34322033898749
1779977625,67.92627118643811
1779977640,67.6618644067775
1779977655,67.82033898305076
1779977670,67.62881355932116
1779977685,67.63050847457697
1779977700,67.48389830508208
1779977715,67.23898305084855
1779977730,67.51864406779424
1779977745,67.88813559322172
1779977760,68.13050847457893
1779977775,68.2500000000005
1779977790,68.37966101694954
1779977805,68.69745762712151
1779977820,68.78813559322133
1779977835,69.09576271186086
1779977850,69.3584745762706
1779977865,69.56610169491812
1779977880,69.61186440678075
1779977895,69.34322033898306
1779977910,69.536440677966
1779977925,69.10508474576045
1779977940,69.28009193345073
1779977955,68.87033898305192
1779977970,69.32457627118634
1779977985,69.15847457627177
1779978000,68.97796610169264
1779978015,69.25847457626872
1779978030,69.1957627118652
1779978045,68.93199275927245
1779978060,69.29237288135543
1779978075,69.03728813559194
1779978090,68.46271186440806
1779978105,68.7177966101691
1779978120,68.28135593220101
1779978135,68.16016949152859
1779978150,68.06186440678252
1779978165,68.64491525424054
1779978180,68.42966101694925
1779978195,68.74322033898167
1779978210,68.8661016949124
1779978225,69.71525423728438
1779978240,69.58983050847488
1779978255,70.07542372881228
1779978270,70.62881355932312
1779978285,71.38644067796737
1779978300,71.74152542372782
1779978315,72.18644067796758
1779978330,71.78050847457953
1779978345,72.13559322033504
1779978360,71.9796610169529
1779978375,72.2322033898302
1779978390,72.31864406779542
1779978405,72.3747635609266
1779978420,72.40677966101646
1779978435,72.2135593220335
1779978450,71.96440677966042
1779978465,72.1847457627167
1779978480,72.33493332248744
1779978495,72.12796610169373
1779978510,72.19406779661381
1779978525,72.37966101695054
1779978540,72.38898305084766
1779978555,72.06355932203192
1779978570,70.98050847457932
1779978585,71.15254237288184
1779978600,70.71016949152829
1779978615,70.7728813559318
1779978630,70.96271186440559
1779978645,71.22542372881287
1779978660,71.79491525424163
1779978675,71.70169491525316
1779978690,71.98728813559174
1779978705,72.13813559322124
1779978720,72.13983050847212
1779978735,72.23022607009376
1779978750,71.94152542372419
1779978765,71.87796610169521
1779978780,71.61440677966003
1779978795,71.40932203389623
1779978810,71.28559322034253
1779978825,71.23813559321668
1779978840,71.18728813559648
1779978855,71.51101694915393
1779978870,71.63305084745922
1779978885,71.59152542372378
1779978900,71.70423728813688
1779978915,71.64745762711637
1779978930,71.42203389830499
1779978945,71.29661016949301
1779978960,71.14152542373138
1779978975,70.89406779661165
1779978990,70.75847457626972
1779979005,71.18983050847527
1779979020,71.42966101695123
1779979035,71.40084745762702
1779979050,71.95593220339121
1779979065,71.84322033898552
1779979080,71.92881355932282
1779979095,71.80508474576173
1779979110,71.64237288135634
1779979125,71.39237288135287
1779979140,71.00593220338945
1779979155,70.7889830508448
1779979170,70.38644067797084
1779979185,70.21949152542098
1779979200,69.81016949152621
1779979215,69.73443797733744
1779979230,69.69830508474844
1779979245,69.3593220338985
1779979260,69.36440677966102
1779979275,69.04745762711943
1779979290,68.68559322034066
1779979305,68.21355932203252
1779979320,67.97711864407066
1779979335,68.08559322033928
1779979350,67.3050847457637
1779979365,67.00932203390255
1779979380,67.47881355932203
1779979395,67.36694915254178
1779979410,67.31779661016506
1779979425,67.61779661017067
1779979440,68.21101694915126
1779979455,68.01016949152701
1779979470,67.87033898305293
1779979485,67.83135593220122
1779979500,68.30593220339061
1779979515,68.14237288135485
1779979530,67.69576271186668
1779979545,67.9254237288176
1779979560,68.31016949152522
1779979575,68.3655759432948
1779979590,68.59999999999596
1779979605,68.6652542372906
1779979620,68.45169491525512
1779979635,68.41016949152956
1779979650,68.63898305084766
1779979665,68.23898305085002
1779979680,67.8110169491487
1779979695,67.87711864406877
1779979710,67.9855932203374
1779979725,67.89830508474675
1779979740,67.86355932203706
1779979755,68.06101694915462
1779979770,67.93305084745892
1779979785,67.95423728813441
1779979800,67.9730984874668
1779979815,68.05762711864544
1779979830,67.90762711864386
1779979845,67.72457627119088
1779979860,67.47627118644077
1779979875,67.72288135593013
1779979890,67.60762711864565
1779979905,67.5322033898309
1779979920,67.75762711864722
1779979935,67.97288135593111
1779979950,67.92966101694975
1779979965,68.6152542372835
1779979980,69.17288135593141
1779979995,69.29830508474586
1779980010,68.8771186440678
1779980025,68.95932203389594
1779980040,68.90338983050827
1779980055,68.97796610169019
1779980070,68.75084745762544
1779980085,68.88644067796739
1779980100,68.88135593220487
1779980115,68.55508474576371
1779980130,68.68983050847527
1779980145,68.81864406779641
1779980160,68.96779661017256
1779980175,68.84745762711815
1779980190,68.72542372881534
1779980205,68.68474576271275
1779980220,68.23135593220132
1779980235,68.52372881356071
1779980250,68.04576271186214
1779980265,67.72457627118843
1779980280,67.02966101695014
1779980295,67.63644067796493
1779980310,67.6449152542366
1779980325,67.35762711864466
1779980340,67.45593220339319
1779980355,67.77372881355774
1779980370,67.50932203389712
1779980385,67.70593220338678
1779980400,68.0838983050884
1779980415,69.2022291752092
1779980430,69.3593220338985
1779980445,69.27457627118663
1779980460,69.54322033898434
1779980475,70.12542372881445
1779980490,70.01016949152749
1779980505,70.55677966101754
1779980520,71.11271186440717
1779980535,71.98728813559421
1779980550,71.75169491525533
1779980565,71.92542372881366
1779980580,72.05593220339061
1779980595,72.3652542372909
1779980610,72.18728813559304
1779980625,72.38220338982933
1779980640,72.65254237288036
1779980655,72.7887985681262
1779980670,72.89830508474921
1779980685,72.62033898305194
1779980700,72.4457627118657
1779980715,71.74491525423946
1779980730,71.63050847457795
1779980745,71.51186440677937
1779980760,71.40508474576163
1779980775,71.23050847457539
1779980790,70.96525423728932
1779980805,70.72881355932006
1779980820,70.36949152542255
1779980835,70.19661016948966
1779980850,69.92796610169442
1779980865,69.96610169491575
1779980880,69.98199987796103
1779980895,69.40338983050778
1779980910,69.81440677966081
1779980925,69.968644067797
1779980940,69.82796610169255
1779980955,69.54491525423275
1779980970,69.64999999999715
1779980985,69.71779661017058
1779981000,70.01949152542461
1779981015,69.60932203389703
1779981030,69.38983050847605
1779981045,69.45762711864703
1779981060,70.01525423728754
1779981075,69.96186440677867
1779981090,70.24237288135475
1779981105,70.44152542372812
1779981120,70.46016949152482
1779981135,70.34915254237248
1779981150,70.56610169491466
1779981165,70.5025423728783
1779981180,70.33220338982913
1779981195,70.35677966102118
1779981210,70.39322033898176
1779981225,70.25508474576102
1779981240,70.31016949152573
1779981255,70.46864406779652
1779981270,70.68728813559204
1779981285,71.03813559322035
1779981300,70.48983050847448
1779981315,70.74152542372389
1779981330,70.47033898304986
1779981345,70.22372881355804
1779981360,69.92627118644354
1779981375,70.1067796610202
1779981390,69.87881355932015
1779981405,69.66186440678045
1779981420,69.23728813559322
1779981435,69.8338983050879
1779981450,70.06949152542185
1779981465,70.17691645367059
1779981480,69.90254237288185
1779981495,70.25677966101438
1779981510,70.31186440678154
1779981525,70.24661016949183
1779981540,70.10847457627357
1779981555,69.89915254237269
1779981570,69.82542372881622
1779981585,69.64576271186746
1779981600,69.56864406779937
1779981615,69.82288135593744
1779981630,69.76101694915195
1779981645,69.83474576271581
1779981660,69.7542372881361
1779981675,69.68983050847675
1779981690,69.89067796610594
1779981705,69.96525423728784
1779981720,69.6779661016959
1779981735,69.23050847457736
1779981750,68.8533898305061
1779981765,68.97542372881385
1779981780,68.82796610169353
1779981795,68.78305084745881
1779981810,68.3923728813583
1779981825,68.43559322033967
1779981840,68.31186440677858
1779981855,68.15254237287988
1779981870,68.25169491525385
1779981885,68.23813559321965
1779981900,68.09322033898304
1779981915,68.04322033898335
1779981930,67.68220338983248
1779981945,67.55932203390176
1779981960,67.3132269141735
1779981975,67.59152542373019
1779981990,67.4364406779661
1779982005,67.44915254236992
1779982020,67.31016949152868
1779982035,67.26525423728901
1779982050,67.49322033898414
1779982065,67.58644067796276
1779982080,67.31864406779789
1779982095,67.42372881355735
1779982110,67.59152542372773
1779982125,67.71694915253971
1779982140,67.45932203389742
1779982155,67.58898305084648
1779982170,67.59152542373019
1779982185,67.70847457627296
1779982200,67.620338983047
1779982215,67.60869417834445
1779982230,67.9813559322028
1779982245,68.13898305084568
1779982260,67.98983050847694
1779982275,67.59576271186233
1779982290,67.62966101694904
1779982305,67.69915254237337
1779982320,67.916949152541
1779982335,67.71355932203548
1779982350,68.04406779661124
1779982365,67.93898305084687
1779982380,68.47881355932105
1779982395,68.07520728953918
1779982410,68.04999999999922
1779982425,68.89406779661115
1779982440,69.50932203389762
1779982455,69.4508474576287
1779982470,69.36779661017265
1779982485,68.97542372881385
1779982500,69.0398305084732
1779982515,69.33983050847881
1779982530,69.1322033898313
1779982545,68.85847457627109
1779982560,69.06864406779248
1779982575,69.34237288136006
1779982590,69.33728813559263
1779982605,68.98305084745763
1779982620,69.37542372881396
1779982635,69.74406779661354
1779982650,69.76271186440776
1779982665,69.6313559322029
1779982680,69.42118644067905
1779982695,69.32288135593299
1779982710,68.979661016946
1779982725,67.95677966101566
1779982740,67.90677966101843
1779982755,68.26355932202975
1779982770,68.6661016949111
1779982785,68.63050847457598
1779982800,68.58728813559213
1779982815,68.51016949152404
1779982830,68.87457627118654
1779982845,68.33559322033534
1779982860,68.52372881356071
1779982875,68.27118644067846
1779982890,68.47372881355854
1779982905,68.36694915254327
1779982920,68.01525423728705
1779982935,67.66440677965629
1779982950,67.73846367664285
1779982965,67.45762711864654
1779982980,67.70254237288007
1779982995,67.7686440677977
1779983010,67.9601694915273
1779983025,67.65254237288283
1779983040,67.61949152542402
1779983055,67.5813559322027
1779983070,67.51271186440874
1779983085,67.46355932203203
1779983100,67.31864406779543
1779983115,67.03813559322182
1779983130,67.34661016949173
1779983145,67.13389830508169
1779983160,67.50254237288125
1779983175,67.54067796610258
1779983190,67.76186440678184
1779983205,67.70847457626803
1779983220,67.60423728813895
1779983235,67.27372881355824
1779983250,67.50338983050916
1779983265,67.37966101694806
1779983280,67.312711864405
1779983295,67.0084745762697
1779983310,67.33135593220172
1779983325,67.11610169491536
1779983340,67.09745762711864
1779983355,67.30169491525206
1779983370,67.48050847457785
1779983385,67.14830508474871
1779983400,67.17372881355882
1779983415,67.05508474576271
1779983430,66.82881355932342
1779983445,66.85169491525474
1779983460,66.37033898304946
1779983475,66.32542372881227
1779983490,66.2372881355937
1779983505,66.18220338983396
1779983520,66.16440677966023
1779983535,66.45762711864259
1779983550,66.16779661017186
1779983565,66.07118644067668
1779983580,66.14915254237268
1779983595,65.95762711864307
1779983610,65.968644067796
1779983625,65.88898305084668
1779983640,65.54661016949251
1779983655,65.953389830506
1779983670,66.08050847457628
1779983685,66.1474576271218
1779983700,66.16101694915106
1779983715,66.06841402314967
1779983730,65.82542372881277
1779983745,66.03813559322033
1779983760,65.53474576271414
1779983775,65.60169491525474
1779983790,65.51440677966409
1779983805,65.79237288135643
1779983820,65.66779661016496
1779983835,65.45084745762524
1779983850,65.4186440677968
1779983865,65.46899523055441
1779983880,65.10508474575946
1779983895,65.20508474576133
1779983910,66.11864406779759
1779983925,67.03813559322182
1779983940,66.90954637595668
1779983955,66.56610169491614
1779983970,66.29745762711845
1779983985,66.45593220338924
1779984000,66.55508474576321
1779984015,66.77966101695162
1779984030,66.5186440677977
1779984045,67.35932203389554
1779984060,67.698305084743
1779984075,67.62203389830528
1779984090,67.64999999999911
1779984105,67.78474576271314
1779984120,67.99830508474616
1779984135,68.11610169491436
1779984150,68.35677966101576
1779984165,68.72627118643584
1779984180,69.19491525423729
1779984195,68.43050847457715
1779984210,67.53305084746128
1779984225,67.28644067796452
1779984240,67.74406779660809
1779984255,68.14237288135732
1779984270,68.30932203389733
1779984285,68.20338983050502
1779984300,67.96525423728981
1779984315,67.81525423728577
1779984330,67.64004989796383
1779984345,67.61355932203114
1779984360,67.56186440677561
1779984375,67.65084745762948
1779984390,67.99830508474369
1779984405,67.79745762711944
1779984420,67.82457627118535
1779984435,67.48050847457785
1779984450,67.33960908209676
1779984465,67.14237288135337
1779984480,66.83220338983011
1779984495,66.86186440677976
1779984510,67.0762711864382
1779984525,66.90847457627277
1779984540,66.23559322033789
1779984555,66.21717818862128
1779984570,66.35593220338983
1779984585,66.3711864406749
1779984600,66.54892575542874
1779984615,66.41271186440787
1779984630,66.66271186440639
1779984645,66.57711864406662
1779984660,66.86355932203311
1779984675,66.54745762711943
1779984690,66.6177966101692
1779984705,66.71186440677572
1779984720,67.08728813559361
1779984735,67.23728813559026
1779984750,67.56186440677808
1779984765,67.87542372881543
1779984780,68.44406779660889
1779984795,68.3533898305066
1779984810,68.47288135593556
1779984825,68.43305084745842
1779984840,68.61016949152592
1779984855,68.3915254237304
1779984870,68.40423728813174
1779984885,68.06779661017049
1779984900,68.10762711864268
1779984915,68.21440677965795
1779984930,68.42203389830301
1779984945,68.16440677965825
1779984960,68.01016949152454
1779984975,68.2186440677975
1779984990,68.53220338982992
1779985005,68.3533898305066
1779985020,68.54237288135742
1779985035,68.51271186440778
1779985050,69.40169491525197
1779985065,69.1999999999998
1779985080,69.17118644067807
1779985095,69.53728813559391
1779985110,69.71355932203845
1779985125,69.60030914939838
1779985140,69.69067796610219
1779985155,70.0737288135614
1779985170,70.22711864406227
1779985185,70.54745762712042
1779985200,70.63559322034145
1779985215,70.79406779661224
1779985230,71.01525423728903
1779985245,71.00169491525483
1779985260,70.86949152542206
1779985275,70.88644067796788
1779985290,70.88898305084668
1779985305,70.63474576271354
1779985320,70.55169491525503
1779985335,70.39132468694663
1779985350,69.76949152542609
1779985365,69.80593220338915
1779985380,70.02288135593379
1779985395,70.02457627118467
1779985410,70.30169491525405
1779985425,69.9822033898312
1779985440,70.13389830508366
1779985455,70.05742411812903
1779985470,70.38983050847014
1779985485,70.56355932203341
1779985500,70.41694915254593
1779985515,70.07881355931897
1779985530,70.3449152542354
1779985545,70.36271186440668
1779985560,70.18983050847132
1779985575,70.35698063063911
1779985590,70.35423728813993
1779985605,70.83813559322152
1779985620,70.92542372881219
1779985635,71.2364406779658
1779985650,71.33050847457726
1779985665,71.33474576271186
1779985680,71.13898305085013
1779985695,71.49067796609894
1779985710,71.59661016949124
1779985725,71.96779661017206
1779985740,71.92881355932036
1779985755,72.208474576271
1779985770,71.82711864407007
1779985785,71.62203389830381
1779985800,71.52457627118811
1779985815,71.61186440678125
1779985830,71.32966101694689
1779985845,71.6999999999998
1779985860,71.42118644067953
1779985875,71.36949152542155
1779985890,70.77372881355973
1779985905,70.94915254237634
1779985920,70.52118644067994
1779985935,70.28813559321738
1779985950,69.67033898305213
1779985965,69.76101694915442
1779985980,69.81694915254208
1779985995,69.85932203389801
1779986010,69.48983050847299
1779986025,69.41186440677947
1779986040,69.13220338982885
1779986055,69.07881355931997
1779986070,68.96016949152632
1779986085,69.35338983051055
1779986100,69.40677966101696
1779986115,69.4186440677978
1779986130,69.20932203389938
1779986145,68.98813559322261
1779986160,68.69915254236993
1779986175,68.6275440332978
1779986190,68.93135593219965
1779986205,68.3457627118653
1779986220,68.01949152542413
1779986235,67.97796610169364
1779986250,68.23135593220378
1779986265,67.63813559321828
1779986280,67.41101694915352
1779986295,67.10847457627158
1779986310,67.067796610169
1779986325,66.6525423728789
1779986340,66.55847457627485
1779986355,66.5516949152565
1779986370,66.45423728813343
1779986385,66.28389830508425
1779986400,66.17966101695025
1779986415,66.25508474576252
1779986430,66.62542372881298
1779986445,66.39322033898326
1779986460,66.5025423728847
1779986475,66.78644067796502
1779986490,66.69830508474892
1779986505,66.81949152542384
1779986520,66.81186440677759
1779986535,66.68559322033771
1779986550,67.16864406780125
1779986565,67.37203389830675
1779986580,67.40932203390018
1779986595,67.35593220338885
1779986610,67.56842419270865
1779986625,67.68135593220457
1779986640,67.66016949152413
1779986655,68.09322033898304
1779986670,68.32881355932193
1779986685,68.36694915254573
1779986700,68.46864406779356
1779986715,67.98835262133403
1779986730,67.91949152542225
1779986745,68.29258784686502
1779986760,68.00169491525531
1779986775,67.99322033898612
1779986790,68.26610169491347
1779986805,68.4025423728784
1779986820,68.43220338982805
1779986835,68.41525423728963
1779986850,67.95932203389692
1779986865,68.23644067796877
1779986880,67.75677966101439
1779986895,67.89067796610051
1779986910,68.12457627118604
1779986925,68.47118644067727
1779986940,68.16440677965825
1779986955,67.76355932203518
1779986970,67.52203389830588
1779986985,67.57966101695182
1779987000,67.29830508474537
1779987015,67.09830508473915
1779987030,67.2584745762707
1779987045,67.32395034609797
1779987060,67.0245762711901
1779987075,66.76672384219357
1779987090,66.64067796610298
1779987105,66.61271186440668
1779987120,66.72881355932154
1779987135,66.62203389830134
1779987150,66.5271186440669
1779987165,66.39322033897832
1779987180,66.41101694915206
1779987195,65.942372881358
1779987210,65.58135593220467
1779987225,65.42796610169145
1779987240,65.28474576271068
1779987255,64.92881355932234
1779987270,64.89322033898719
1779987285,64.78135593220202
1779987300,65.10254237288066
1779987315,64.68050847457715
1779987330,64.8118644067771
1779987345,64.54237288135396
1779987360,64.7144067796614
1779987375,64.81016949152621
1779987390,65.00677966101587
1779987405,64.89491525423314
1779987420,65.23050847457637
1779987435,65.14067796609953
1779987450,65.16355932203084
1779987465,65.15169491525494
1779987480,65.61610169491436
1779987495,65.45338983050897
1779987510,65.74915254237258
1779987525,65.89830508474626
1779987540,65.71949152542787
1779987555,65.79491525423768
1779987570,65.71525423728588
1779987585,65.8661016949129
1779987600,65.78305084745438
1779987615,66.5754237288108
1779987630,66.85847457627307
1779987645,67.11610169491536
1779987660,67.42627118644107
1779987675,67.37711864406681
1779987690,66.97457627118793
1779987705,66.64491525423513
1779987720,66.56694915254158
1779987735,66.84152542372969
1779987750,66.54661016949153
1779987765,66.71163872297292
1779987780,66.91694915254199
1779987795,67.80084745762613
1779987810,67.80508474576321
1779987825,67.85169491525622
1779987840,68.07881355932095
1779987855,68.40423728813914
1779987870,68.31525423729022
1779987885,68.59915254237299
1779987900,68.38898305084913
1779987915,67.80847457627237
1779987930,67.61355932203608
1779987945,67.35677966101676
1779987960,67.26694915254238
1779987975,67.74830508474517
1779987990,67.83813559321955
1779988005,68.12711864407224
1779988020,68.22627118644127
1779988035,68.22711864406918
1779988050,67.7228813559326
1779988065,67.76440677966309
1779988080,67.56610169491269
1779988095,66.82966101694639
1779988110,66.66186440678341
1779988125,66.75644159093233
1779988140,66.3716919155112
1779988155,66.43559322034164
1779988170,66.39830508474576
1779988185,66.66694915254345
1779988200,66.6915254237306
1779988215,66.59576271186086
1779988230,66.58983050847783
1779988245,66.72203389830568
1779988260,66.70762711864111
1779988275,66.6330508474592
1779988290,66.30677966101803
1779988305,66.05423728813827
1779988320,66.08983050847586
1779988335,66.13898305084766
1779988350,66.77711864407037
1779988365,67.03220338983387
1779988380,67.04237288135643
1779988395,67.19745762711806
1779988410,67.56864406779395
1779988425,67.36694915254178
1779988440,67.56208432485046
1779988455,67.45932203389742
1779988470,67.48728813559372
1779988485,66.99237288135426
1779988500,66.9864406779663
1779988515,66.85762711864763
1779988530,67.1601694915271
1779988545,66.57457627118782
1779988560,66.43389830508337
1779988575,66.5677966101695
1779988590,67.31864406779789
1779988605,67.06610169491319
1779988620,67.19067796609973
1779988635,67.78389830508524
1779988650,67.76694915254188
1779988665,67.73813559322261
1779988680,67.47627118644077
1779988695,67.29237288135495
1779988710,67.56101694915264
1779988725,67.77288135592984
1779988740,67.42966101694778
1779988755,67.40508474576063
1779988770,68.15932203390066
1779988785,68.74745762712121
1779988800,68.60593220338885
1779988815,68.81525423728725
1779988830,69.02033898305105
1779988845,69.24406779661155
1779988860,69.11949152542502
1779988875,68.91186440677996
1779988890,68.6050847457634
1779988905,68.57033898305124
1779988920,68.25677966101881
1779988935,67.59999999999941
1779988950,67.51355932203174
1779988965,67.72564253801698
1779988980,67.91186440677848
1779988995,67.75423728813558
1779989010,67.49745762711628
1779989025,67.69661016949212
1779989040,67.84237288135415
1779989055,67.71949152542342
1779989070,67.08474576271236
1779989085,67.05762711864396
1779989100,66.96016949152335
1779989115,66.92542372881366
1779989130,66.74661016949281
1779989145,66.76440677966161
1779989160,67.04830508474437
1779989175,66.93474576271325
1779989190,66.99491525423551
1779989205,67.29406779661323
1779989220,67.43050847457815
1779989235,67.42118644067855
1779989250,67.23474576271147
1779989265,67.54067796610012
1779989280,67.42288135593438
1779989295,67.72966101694846
1779989310,67.6338983050812
1779989325,67.60530437082197
1779989340,67.932203389831
1779989355,68.13220338982981
1779989370,67.81949152542283
1779989385,67.87288135593171
1779989400,68.21779661016959
1779989415,68.41694915254297
1779989430,68.10169491525227
1779989445,68.07288135593052
1779989460,68.38728813559331
1779989475,68.41101694915008
1779989490,68.38728813559331
1779989505,68.08898305085091
1779989520,67.94322033898395
1779989535,67.90000000000009
1779989550,67.80084745762613
1779989565,67.6457627118645
1779989580,67.82711864406662
1779989595,67.59089768882735
1779989610,67.62881355932362
1779989625,67.42033898305311
1779989640,67.37033898304848
1779989655,67.22288135593062
1779989670,67.68474576271373
1779989685,67.22118644067727
1779989700,67.09067796610279
1779989715,66.8771186440673
1779989730,67.09406779660702
1779989745,66.96949152542787
1779989760,67.22966101695143
1779989775,68.14661016949192
1779989790,68.7610169491554
1779989805,68.58983050847586
1779989820,68.90338983050827
1779989835,69.19491525423483
1779989850,69.13813559322173
1779989865,68.91864406779582
1779989880,69.10677966102119
1779989895,69.06186440677907
1779989910,69.5288135593247
1779989925,70.18559322033919
1779989940,70.38983050847507
1779989955,70.4966101694928
1779989970,70.79830508474684
1779989985,70.69661016949162
1779990000,70.56779661017293
1779990015,70.75338983051459
1779990030,70.61694915254228
1779990045,70.23813559322014
1779990060,70.23050847457144
1779990075,69.09491525423788
1779990090,68.79406779660928
1779990105,69.135593220338
1779990120,68.73389830508208
1779990135,68.36694915254573
1779990150,68.67966101695025
1779990165,68.78813559322379
1779990180,68.55084745762663
1779990195,68.57966101695084
1779990210,67.94576271186766
1779990225,67.57203389830558
1779990240,67.15000000000454
1779990255,67.1661016949126
1779990270,67.03898305084479
1779990285,66.98813559322213
1779990300,66.89999999999863
1779990315,66.69152542372812
1779990330,66.7991525423713
1779990345,66.92711864406701
1779990360,66.49999999999605
1779990375,66.3751957640375
1779990390,66.43135593220457
1779990405,66.81547921708868
1779990420,66.89067796609903
1779990435,68.16355932203035
1779990450,68.63050847457845
1779990465,69.80000000000118
1779990480,69.97457627118989
1779990495,69.99237288135622
1779990510,70.22118644067679
1779990525,70.58050847457923
1779990540,70.64067796610396
1779990555,71.07711864406957
1779990570,71.50593220338894
1779990585,71.7067796610206
1779990600,72.62457627118654
1779990615,72.66525423728666
1779990630,72.83728813559165
1779990645,72.77966101694817
1779990660,73.16186440678193
1779990675,73.60169491525177
1779990690,73.55508474576123
1779990705,73.05593220338716
1779990720,72.64275665689269
1779990735,71.74406779661156
1779990750,70.68050847457617
1779990765,70.0711864406752
1779990780,69.65084745762505
1779990795,69.56610169491564
1779990810,69.61271186440618
1779990825,69.75593220339191
1779990840,69.71779661016811
1779990855,69.43644067796167
1779990870,69.15847457627177
1779990885,69.09152542373118
1779990900,68.82118644068014
1779990915,68.95360031457365
1779990930,69.32627118644216
1779990945,69.07627118644363
1779990960,69.16694915254347
1779990975,69.31186440678006
1779990990,69.52542372881061
1779991005,69.3559322033918
1779991020,69.89491525424054
1779991035,70.21949152542344
1779991050,71.11016949152838
1779991065,70.81949152542235
1779991080,70.88474576271207
1779991095,70.89491525423462
1779991110,71.02796610169284
1779991125,70.68389830508535
1779991140,70.51186440677542
1779991155,70.40847457626931
1779991170,70.78813559322182
1779991185,70.39576271186303
1779991200,70.34152542373364
1779991215,70.1279661016957
1779991230,70.62288135593516
1779991245,70.38135593220339
1779991260,70.10169491525275
1779991275,69.77945613190795
1779991290,70.2370863531293
1779991305,69.86101694915135
1779991320,69.35762711864763
1779991335,69.06779661016948
1779991350,68.73050847457291
1779991365,68.80847457627138
1779991380,68.87372881355863
1779991395,68.89999999999912
1779991410,69.2101694915273
1779991425,69.10677966101872
1779991440,69.1635593220343
1779991455,69.34406779661096
1779991470,68.9771186440672
1779991485,68.80254237288096
1779991500,68.78728813559096
1779991515,68.43728813559548
1779991530,68.59576271186381
1779991545,68.46525423728932
1779991560,68.3601694915274
1779991575,67.86864406780204
1779991590,67.81101694915364
1779991605,67.71271186440511
1779991620,67.98305084745368
1779991635,67.74034990186311
1779991650,67.84999999999792
1779991665,67.78102828164414
1779991680,67.37118644067885
1779991695,66.94237288135703
1779991710,66.87457627118604
1779991725,66.67542372881515
1779991740,66.20338983051192
1779991755,66.44745762711757
1779991770,66.74322033898365
1779991785,67.39638912806424
1779991800,67.86610169491338
1779991815,68.1737288135603
1779991830,68.13813559322024
1779991845,68.4711864406748
1779991860,68.48813559322063
1779991875,68.39999999999714
1779991890,68.70932203389741
1779991905,68.94999999999882
1779991920,69.08050847457578
1779991935,69.14576271186303
1779991950,69.57542372881524
1779991965,70.01694915253842
1779991980,70.24152542372684
1779991995,70.3118644067766
1779992010,70.6305084745814
1779992025,70.83474576271482
1779992040,70.85508474576243
1779992055,71.02457627118368
1779992070,70.80254237288146
1779992085,70.99576271186687
1779992100,70.8101694915277
1779992115,71.34322033898354
1779992130,71.56186440677908
1779992145,71.4415254237296
1779992160,71.40508474576163
1779992175,71.37711864406779
1779992190,70.92457627118674
1779992205,70.97627118644225
1779992220,71.1644067796627
1779992235,70.4881355932162
1779992250,69.98898305084707
1779992265,70.73644067796383
1779992280,71.82881355932341
1779992295,72.14491525423956
1779992310,72.24322033898315
1779992325,72.34661016949173
1779992340,72.29406779661076
1779992355,72.80829022569763
1779992370,72.92881355932184
1779992385,72.52118644067797
1779992400,71.91949152542323
1779992415,71.73644067796778
1779992430,71.7355932203374
1779992445,71.60169491525374
1779992460,71.83389830508101
1779992475,72.48728813559619
1779992490,73.0169491525404
1779992505,73.0737288135609
1779992520,73.44322033898098
1779992535,73.26694915254386
1779992550,73.40423728813175
1779992565,72.08324011362774
1779992580,71.86779661017017
1779992595,70.9059322033925
1779992610,70.82627118644068
1779992625,70.75593220339339
1779992640,70.43474576271225
1779992655,69.83305084746246
1779992670,69.59322033898404
1779992685,69.22691001294716
1779992700,69.13728813559135
1779992715,68.55000000000612
1779992730,68.27372881356219
1779992745,68.5248963569859
1779992760,68.34661016948826
1779992775,67.84999999999792
1779992790,67.41101694915106
1779992805,67.43728813559648
1779992820,67.6457627118645
1779992835,67.39406779661017
1779992850,67.39745762711934
1779992865,67.1756462668036
1779992880,67.01186440677887
1779992895,67.16355932203379
1779992910,66.95677966101911
1779992925,67.18983050847427
1779992940,67.28220338983239
1779992955,67.05508474576271
1779992970,67.0932203389865
1779992985,67.23050847457439
1779993000,67.27457627118615
1779993015,67.60508474576193
1779993030,67.31525423728873
1779993045,67.23559322033691
1779993060,67.21610169491477
1779993075,67.0966101694932
1779993090,66.58050847457825
1779993105,66.59915254237742
1779993120,67.81271186440452
1779993135,68.21186440677917
1779993150,67.807627118642
1779993165,68.02372881355873
1779993180,68.32372881355943
1779993195,68.25593220338845
1779993210,68.19491525423581
1779993225,68.04830508474834
1779993240,68.02627118643998
1779993255,68.37881355932164
1779993270,68.30423728813727
1779993285,68.28644067796601
1779993300,68.30508474576271
1779993315,68.17033898305115
1779993330,68.10932203389851
1779993345,68.26864406779227
1779993360,68.28644067796847
1779993375,68.8110169491551
1779993390,69.18813559321896
1779993405,68.29067796610062
1779993420,67.12033898305243
1779993435,67.3449152542359
1779993450,67.12457627118951
1779993465,66.9508474576287
1779993480,66.59406779661245
1779993495,67.15169491525542
1779993510,67.48559322033789
1779993525,67.30254237287998
1779993540,67.49491525423502
1779993555,67.50254237287879
1779993570,67.50169491525581
1779993585,67.62203389830282
1779993600,67.7050847457638
1779993615,67.68389830508337
1779993630,67.7161016949118
1779993645,67.62118644067985
1779993660,67.6881355932155
1779993675,67.55423728813432
1779993690,67.35932203389554
1779993705,67.09152542372823
1779993720,67.30423728813825
1779993720,67.30423728813825
1779993735,67.6076271186407
1779993750,67.5065593665031
1779993765,67.28389830508327
1779993780,67.54152542373049
1779993795,67.08050847457528
1779993810,66.90932203390068
1779993825,67.25847457627316
1779993840,67.26864406779819
1779993855,67.2271186440677
1779993870,67.06694915253863
1779993885,66.92203389830695
1779993900,66.90593220338904
1779993915,67.17118644068005
1779993930,67.24215079424198
1779993945,67.15847457627375
1779993960,67.86864406779463
1779993975,68.09322033898059
1779993990,67.88898305084716
1779994005,68.11694915254473
1779994020,68.04322033898335
1779994035,68.26440677966012
1779994050,67.88644067796344
1779994065,68.48813559321817
1779994080,68.29406779660978
1779994095,68.11588553142644
1779994110,67.95677966101815
1779994125,67.76610169491397
1779994140,67.91949152542225
1779994155,68.26949152542758
1779994170,68.04406779661372
1779994185,68.15593220338904
1779994200,68.22966101694796
1779994215,68.1050847457639
1779994230,68.36271186440865
1779994245,67.68389830508337
1779994260,67.61271186440322
1779994275,67.70169491525463
1779994290,67.89745762712131
1779994305,67.83898305084746
1779994320,67.79745762711944
1779994335,68.06440677966131
1779994350,68.29237288135396
1779994365,68.24576271186342
1779994380,68.2898305084801
1779994395,68.2635593220347
1779994410,68.30593220339061
1779994425,68.35084745762781
1779994440,68.520338983054
1779994455,68.58474576271088
1779994470,68.68644067796363
1779994485,68.49661016948984
1779994500,68.69428003877664
1779994515,68.86779661016821
1779994530,69.1864406779656
1779994545,68.56525423728873
1779994560,68.40423728813668
1779994575,68.57457627118585
1779994590,68.90169491525494
1779994605,68.33050847457775
1779994620,68.15084745762653
1779994635,68.0983050847431
1779994650,68.13983050847358
1779994665,67.7593220338981
1779994680,67.62881355932115
1779994695,68.37627118644285
1779994710,68.37966101694461
1779994725,67.89576271186303
1779994740,67.56864406779641
1779994755,67.22796610169561
1779994770,67.53050847458002
1779994785,67.50254237288125
1779994800,67.07372881355941
1779994815,67.31440677966083
1779994830,67.51016949152503
1779994845,67.58898305084648
1779994860,67.40084745762603
1779994875,67.47203389830617
1779994890,67.4644067796624
1779994905,67.81355932203488
1779994920,67.42796610169196
1779994935,67.54830508474636
1779994950,67.68813559322291
1779994965,68.27372881355724
1779994980,67.87288135593171
1779994995,67.73389830508307
1779995010,68.1915254237291
1779995025,68.60254237288214
1779995040,68.75932203389712
1779995055,68.86716022264295
1779995070,69.04830508474734
1779995085,69.61694915254326
1779995100,69.80254237288244
1779995115,69.36949152542353
1779995130,69.4254237288112
1779995145,69.4813559322038
1779995160,69.13305084745922
1779995175,69.20169491525562
1779995190,69.15084745762555
1779995205,69.30254237288294
1779995220,69.44915254237534
1779995235,69.77372881355824
1779995250,69.7144067796614
1779995265,69.41546159009141
1779995280,69.23983050847447
1779995295,69.3016949152501
1779995310,69.09661016948876
1779995325,69.02033898305105
1779995340,68.93135593220211
1779995355,68.95593220338677
1779995370,68.96525423728636
1779995385,69.00932203390057
1779995400,68.16049328311983
1779995415,68.27966101695014
1779995430,68.22457627118546
1779995445,68.33474576271483
1779995460,67.95423728813441
1779995475,67.64661016948995
1779995490,67.93898305084687
1779995505,67.63961111600214
1779995520,67.52542372881257
1779995535,67.04322033898187
1779995550,67.24322033898562
1779995565,67.40338983050975
1779995580,66.9194915254257
1779995595,66.96101694915373
1779995610,67.16101694915254
1779995625,67.00169491525384
1779995640,66.7322033898307
1779995655,67.12542372881248
1779995670,66.9550847457633
1779995685,67.11101694915284
1779995700,66.98220338982924
1779995715,66.8279661016955
1779995730,67.15254237288333
1779995745,67.61440677966151
1779995760,67.83898305084746
1779995775,67.74745762711727
1779995790,67.73813559322015
1779995805,68.01949152542413
1779995820,68.29576271186313
1779995835,67.98728813559323
1779995850,67.98728813559076
1779995865,67.82457627118782
1779995880,68.1525423728774
1779995895,67.733898305088
1779995910,67.63983050847655
1779995925,67.61525423728696
1779995940,67.95169491525314
1779995955,67.38813559321974
1779995970,67.50762711864378
1779995985,67.44067796610071
1779996000,67.78644067796897
1779996015,67.35593220339378
1779996030,67.114406779662
1779996045,67.36355932203261
1779996060,67.80677966101409
1779996075,67.42457627118526
1779996090,67.49915254236716
1779996105,67.10593220339032
1779996120,67.75593220338646
1779996135,67.52966101694965
1779996150,67.51864406779424
1779996165,68.11716530735129
1779996180,68.34597731540893
1779996195,68.58220338983209
1779996210,69.08983050847537
1779996225,69.26525423728953
1779996240,69.18220338982853
1779996255,69.64067796610496
1779996270,69.92966101695023
1779996285,70.53983050847665
1779996300,70.3966101694934
1779996315,70.98155266744092
1779996330,71.03305084745536
1779996345,70.90677966101548
1779996360,70.83813559321659
1779996375,71.01101694915441
1779996390,71.3449152542369
1779996405,70.95593220338974
1779996420,70.74491525423552
1779996435,71.09067796610377
1779996450,71.16271186440687
1779996465,70.5635593220334
1779996480,69.94661016949112
1779996495,70.0355932203376
1779996510,69.47711864407165
1779996525,69.1991525423719
1779996540,69.75508474576154
1779996555,69.3415254237297
1779996570,69.14544893676748
1779996585,69.026271186439
1779996600,68.82542372880981
1779996615,68.40169491525295
1779996630,68.26779661017176
1779996645,68.23474576271047
1779996660,68.34491525423738
1779996675,67.81864406779741
1779996690,67.86101694915087
1779996705,67.71727745141308
1779996720,67.75508474575858
1779996735,67.47288135593162
1779996750,67.05084745762811
1779996765,67.04553929179052
1779996780,67.22457627118398
1779996795,67.02542372881554
1779996810,66.98050847457588
1779996825,66.63305084745181
1779996840,66.70384130384475
1779996855,66.5542372881353
1779996870,66.40084745762948
1779996885,66.41779661016791
1779996900,66.65084745762555
1779996915,66.36355932203607
1779996930,66.70677966101813
1779996945,66.76864406779622
1779996960,66.83559322034175
1779996975,67.00338983050966
1779996990,67.4855932203379
1779997005,67.56949152542185
1779997020,67.93135593220063
1779997035,68.23050847457588
1779997050,68.41588756533923
1779997065,68.92881355932086
1779997080,69.04661016949153
1779997095,69.55932203389732
1779997110,69.56779661016654
1779997125,70.12881355932115
1779997140,70.40423728813717
1779997155,70.62288135593516
1779997170,70.81016949152277
1779997185,71.1042372881355
1779997200,71.8288135593259
1779997215,72.26016949152651
1779997230,72.5762711864402
1779997245,72.76610169491644
1779997260,73.0593220338988
1779997275,73.54745762711993
1779997290,73.6898305084728
1779997305,74.17203389830598
1779997320,74.46271186440461
1779997335,75.12288135593319
1779997350,74.98135593220576
1779997365,75.3033898305074
1779997380,75.59322033898059
1779997395,75.5025423728783
1779997410,75.86610169491536
1779997425,76.37372881355864
1779997440,76.62796610169669
1779997455,77.09406779660948
1779997470,78.01610169491495
1779997485,78.15508474576114
1779997500,78.16271186440491
1779997515,78.6830508474594
1779997530,78.9161016949121
1779997545,79.53559322034056
1779997560,79.66864406779385
1779997575,79.5662402288802
1779997590,80.03305084745881
1779997605,80.20749293215891
1779997620,80.53898305084381
1779997635,81.05762711864742
1779997650,80.7966101694935
1779997665,81.14322033898473
1779997680,81.24915254236963
1779997695,81.11271186440717
1779997710,81.30932203389682
1779997725,81.31864406779641
1779997740,80.79661016949103
1779997755,80.48050847457735
1779997770,80.52711864407036
1779997785,80.37203389830134
1779997800,80.39237288135878
1779997815,80.19576271186422
1779997830,79.73559322033691
1779997845,79.90762711864683
1779997860,79.8439311452962
1779997875,80.2830508474524
1779997890,80.01440677966211
1779997905,80.0601694915272
1779997920,80.12542372881691
1779997935,80.32796610169453
1779997950,80.55338983050345
1779997965,80.35508474576292
1779997980,80.31610169491121
1779997995,81.21271186440659
1779998010,81.062711864405
1779998025,80.50762711864327
1779998040,80.94915254237141
1779998055,80.85593220339278
1779998070,80.55338983051085
1779998085,80.5627118644055
1779998100,80.63833249153141
1779998115,80.76949152542264
1779998130,81.04152542372705
1779998145,80.66779661016989
1779998160,80.74152542372882
1779998175,80.9389830508439
1779998190,80.51355932203124
1779998205,80.34491525423788
1779998220,80.05932203390176
1779998235,79.89830508474725
1779998250,79.77711864406987
1779998265,79.6169491525408
1779998280,79.48135593220131
1779998295,79.38135593220191
1779998310,79.45932203389792
1779998325,80.78305084745931
1779998340,81.59915254237495
1779998355,82.45084745762821
1779998370,83.23983050847546
1779998385,83.68135593220359
1779998400,84.26101694915245
1779998415,84.98305084745664
1779998430,85.44491525423729
1779998445,86.40084745762455
1779998460,86.97372881355754
1779998475,87.27457627118615
1779998490,88.50084745762692
1779998505,89.00677966101685
1779998520,89.60254237288116
1779998535,89.81186440677956
1779998550,90.30338983050738
1779998565,91.14745762711686
1779998580,91.97203389830419
1779998595,92.3169491525396
1779998610,93.08898305084846
1779998625,92.59745762711815
1779998640,92.92542372881513
1779998655,92.88898305084716
1779998670,92.76186440677935
1779998685,92.26440677966112
1779998700,91.49152542372684
1779998715,90.37128435982294
1779998730,89.49491525423798
1779998745,88.95677966101468
1779998760,87.63474576271403
1779998775,87.3685156120217
1779998790,86.53389830508524
1779998805,85.54406779660879
1779998820,85.55084745762959
1779998835,85.74152542373128
1779998850,84.83644067796669
1779998865,84.31186440678252
1779998880,83.10932203389604
1779998895,83.010169491527
1779998910,82.93971484552458
1779998925,82.54237288135839
1779998940,81.69406779660939
1779998955,80.43474576271225
1779998970,80.39067796610297
1779998985,80.30169491525157
1779999000,79.99491525423502
1779999015,80.36610169491338
1779999030,80.14152542372743
1779999045,80.37542372881296
1779999060,80.37288135593171
1779999075,79.70338983050847
1779999090,79.72203389830766
1779999105,79.92542372881317
1779999120,79.45593220338874
1779999135,80.08728813559065
1779999150,80.0644067796618
1779999165,80.04576271186016
1779999180,80.4211864406756
1779999195,79.58305084746148
1779999210,79.51426789334323
1779999225,79.60593220338785
1779999240,79.51779661016683
1779999255,79.91610169491358
1779999270,79.80000000000118
1779999285,80.0033898305067
1779999300,80.26610169491644
1779999315,80.40677966101597
1779999330,80.12542372881198
1779999345,80.39915254237467
1779999360,80.07796610169599
1779999375,80.64589392614495
1779999390,80.93741737344133
1779999405,80.70338983050995
1779999420,81.33389830508395
1779999435,81.20932203389495
1779999450,80.94067796609971
1779999465,80.80254237288145
1779999480,80.53644067796748
1779999495,80.67033898305114
1779999510,80.19661016948965
1779999525,80.07881355931897
1779999540,79.98220338982873
1779999555,80.0720338983031
1779999570,79.94745762711904
1779999585,80.08728813559559
1779999600,80.00423728813708
1779999615,80.05338983050888
1779999630,79.89237288135682
1779999645,79.85762711864466
1779999660,79.82372881356041
1779999675,79.61440677965955
1779999690,79.51610169491347
1779999705,79.23983050847447
1779999720,79.09152542373366
1779999735,79.54830508474191
1779999750,79.07796610169451
1779999765,79.41504489876218
1779999780,79.30508474576419
1779999795,79.40677966101941
1779999810,79.6525423728784
1779999825,79.59745762712357
1779999840,79.7715292961151
1779999855,79.88220338983179
1779999870,80.26342551474806
1779999885,80.0533898305138
1779999900,79.91623785601286
1779999915,80.10000000000188
1779999930,80.34152542372873
1779999945,79.86779661016723
1779999960,80.35918887585846
1779999975,80.34406779660998
1779999990,80.40254237288136
1780000005,80.52288135593082
1780000020,80.2771186440669
1780000035,80.17457627118378
1780000050,79.63983050846964
1780000065,79.50762711864427
1780000080,79.87457627118555
1780000095,80.27627118644148
1780000110,79.67203389830301
1780000125,79.79237288135988
1780000140,79.5635593220344
1780000155,79.02627118644146
1780000170,78.69406779660741
1780000185,78.68474576271028
1780000200,79.08813559321707
1780000215,79.09322033898206
1780000230,79.1398305084726
1780000245,79.30169491525503
1780000260,79.59999999999991
1780000275,79.60423728813204
1780000290,79.6627118644059
1780000305,79.66525423728962
1780000320,80.26101694915147
1780000335,79.89999999999813
1780000350,80.3355932203383
1780000365,80.81610169491564
1780000380,79.84661016949173
1780000395,79.54661016948856
1780000410,80.11101694915234
1780000425,79.82627118644167
1780000440,79.88983050847557
1780000455,80.41610169491555
1780000470,79.95338983050699
1780000485,79.87386526193121
1780000500,79.73305084745812
1780000515,79.13559322033554
1780000530,79.58050847457282
1780000545,79.50000000000296
1780000560,79.28064894475617
1780000575,79.31101694915215
1780000590,79.3601694915264
1780000605,79.54406779661224
1780000620,80.10508474576193
1780000635,79.82203389830707
1780000650,79.59562437711284
1780000665,79.86271186440965
1780000680,79.81864406779789
1780000695,79.90677966101646
1780000710,79.93559322033572
1780000725,79.77047613236836
1780000740,80.29386739526421
1780000755,80.31525423728823
1780000770,80.58813559322053
1780000785,80.83220338983357
1780000800,81.1118644067768
1780000815,81.28983050847467
1780000830,80.95677966101763
1780000845,81.17627118644354
1780000860,80.94745762711806
1780000875,80.86864406779415
1780000890,81.16949152542274
1780000905,81.00169491525483
1780000920,80.99237288136017
1780000935,81.22881355931956
1780000950,81.27457627118466
1780000965,81.3483050847436
1780000980,81.11949152542304
1780000995,81.4237288135608
1780001010,81.15593220338855
1780001025,81.30423728813679
1780001040,81.12203389830677
1780001055,81.36271186441063
1780001070,81.31271186440846
1780001085,81.32372881355646
1780001100,81.0381355932228
1780001115,81.09915254237299
1780001130,81.30593220339013
1780001145,81.22542372881287
1780001160,81.5991525423725
1780001175,81.42542372881661
1780001190,81.62966101694758
1780001205,81.4516949152571
1780001220,81.72627118643781
1780001235,81.99661016949133
1780001250,81.70762711864604
1780001265,81.83050847457429
1780001280,82.15254237288086
1780001295,82.59915254237397
1780001310,82.74830508474518
1780001325,82.75847457627266
1780001340,82.63474576271157
1780001355,82.48474576270999
1780001370,82.33135593220663
1780001385,82.51440677966211
1780001400,82.39915254237269
1780001415,82.24237288135524
1780001430,82.531355932203
1780001445,82.02881355932223
1780001460,81.80611722592386
1780001475,81.77542372881454
1780001490,81.66864406779928
1780001505,81.85169491525473
1780001520,81.61949152542748
1780001535,81.39745762712032
1780001550,81.51101694915393
1780001565,81.05593220338913
1780001580,81.07033898305124
1780001595,81.51949152542561
1780001610,81.07014647606378
1780001625,81.031355932202
1780001640,81.85338983051055
1780001655,81.56186440678154
1780001670,81.18728813559154
1780001685,81.75762711864081
1780001700,81.25338983050916
1780001715,81.19322033898196
1780001730,82.00254237288175
1780001745,81.65254237288381
1780001760,81.9305084745737
1780001775,82.13305084746118
1780001790,81.3957627118645
1780001805,81.0652542372912
1780001820,81.38474576271403
1780001835,81.44830508474794
1780001850,81.50084745763137
1780001865,81.52608331610232
1780001880,81.08898305084796
1780001895,81.18983050847527
1780001910,81.24237288135869
1780001925,81.49237288135723
1780001940,81.54915254237278
1780001955,81.55677966101409
1780001970,81.92627118644157
1780001985,81.62796610169423
1780002000,81.8983050847428
1780002015,82.33983050847587
1780002030,82.2949152542362
1780002045,82.312711864405
1780002060,82.55096575616486
1780002075,82.77542372881356
1780002090,83.17033898305115
1780002105,83.5271186440674
1780002120,83.4635593220335
1780002135,83.61440677966053
1780002150,83.30084745762564
1780002165,83.27711864406642
1780002180,83.4135593220338
1780002195,83.10338983051054
1780002210,83.47796610169314
1780002225,83.39322033898128
1780002240,83.42627118644255
1780002255,83.0067796610203
1780002270,82.94406779660937
1780002285,83.39999999999715
1780002300,83.16344517590089
1780002315,82.64491525424154
1780002330,82.87288135593171
1780002345,82.36949152542797
1780002360,82.48559322033543
1780002375,82.85762711864663
1780002390,82.45847457627198
1780002405,82.9364406779656
1780002420,82.42372881355982
1780002435,82.18813559322093
1780002450,83.2406779661009
1780002465,83.33220338983357
1780002480,83.39661016949292
1780002495,83.7355932203379
1780002510,83.16016949152365
1780002525,83.48983050847399
1780002540,83.78559322034008
1780002555,83.47627118644472
1780002570,83.08898305084598
1780002585,83.65254237287938
1780002600,83.21694915254415
1780002615,83.29067796610062
1780002630,83.55169491525454
1780002645,83.60084745762879
1780002660,83.29067796610062
1780002675,83.00593220338746
1780002690,82.35677966101922
1780002705,82.2338983050811
1780002720,82.405932203391
1780002735,82.46440677965994
1780002750,81.47203389830715
1780002765,81.6670734435685
1780002780,81.55847457627483
1780002795,81.75677966101537
1780002810,82.06694915254356
1780002825,81.73898305084903
1780002840,81.74830508474369
1780002855,81.76186440678282
1780002870,82.03389830508473
1780002885,82.03983050847516
1780002900,81.72457627118693
1780002915,81.18898305084737
1780002930,81.68813559322142
1780002945,81.71440677965944
1780002960,81.5330508474598
1780002975,81.67457627118476
1780002990,81.95423728813293
1780003005,81.35932203389899
1780003020,81.59576271186826
1780003035,81.54661016948906
1780003050,81.54406779661028
1780003065,81.40677966101991
1780003080,81.28135593220547
1780003095,80.90762711864092
1780003110,80.65325866616222
1780003125,80.51610169491249
1780003140,80.6516949152569
1780003155,80.56016949152671
1780003170,80.62542372881889
1780003185,80.43305084745892
1780003200,80.11003464430169
1780003215,80.16779661016791
1780003230,79.90677966101646
1780003245,79.6059322033928
1780003260,79.55847457626942
1780003275,79.61949152542451
1780003290,80.20847457626803
1780003305,80.08135593220022
1780003320,80.06355932203637
1780003335,80.68305084745496
1780003350,80.45508474576478
1780003365,80.62711864406977
1780003380,80.54830508474834
1780003395,81.04165395488421
1780003410,80.99309147858887
1780003425,80.81525423728527
1780003440,80.92033898305213
1780003455,80.84322033898157
1780003470,80.95338983050848
1780003485,81.28813559321885
1780003500,80.75847457627464
1780003515,80.9169491525405
1780003530,81.38474576271403
1780003545,80.98135593220476
1780003560,81.3347457627094
1780003575,81.08813559322004
1780003590,80.880508474575
1780003605,81.09745762711962
1780003620,80.88631109363385
1780003635,81.24576271186538
1780003650,81.80932203389634
1780003665,82.08050847457528
1780003680,83.10677966101724
1780003695,83.5864406779667
1780003710,84.21959851119722
1780003725,85.46016949152484
1780003740,85.70593220338874
1780003755,85.48474576271197
1780003770,85.43050847457765
1780003785,85.45677966101567
1780003800,85.77118644067846
1780003815,85.52796610169827
1780003830,85.28305084745979
1780003845,85.74237288135672
1780003860,85.85169491525572
1780003875,85.51610169491742
1780003890,85.99067796609943
1780003905,85.80254237288392
1780003920,85.8466101694932
1780003935,85.32881355932243
1780003950,84.81440677965834
1780003965,83.53983050847616
1780003980,83.17118644068152
1780003995,82.16186440677798
1780004010,80.9991525423711
1780004025,80.23898305084805
1780004040,80.52542372881454
1780004055,79.65762711864585
1780004070,79.88474576271058
1780004085,79.70508474576428
1780004100,79.09067796610081
1780004115,79.16271186440639
1780004130,79.3627118644052
1780004145,78.78220338982844
1780004160,78.61525423728844
1780004175,78.82966101694934
1780004190,78.55353523026903
1780004205,78.28798839314312
1780004220,78.38559322033998
1780004235,78.26016949152552
1780004250,78.41271186440589
1780004265,78.24576271186588
1780004280,78.25014745662298
1780004295,78.43898305084637
1780004310,78.02457627118417
1780004325,77.8983050847443
1780004340,78.15338983050532
1780004355,78.12796610169275
1780004370,78.01610169491497
1780004385,78.39237288135583
1780004400,78.12203389830232
1780004415,78.27711864406395
1780004430,78.31610169491566
1780004445,77.73389830508553
1780004460,78.37372881355913
1780004475,78.69915254237239
1780004490,78.40932203389919
1780004505,78.44152542372763
1780004520,78.09322033897811
1780004535,77.79152542373147
1780004550,77.83898305084993
1780004565,78.40423728813668
1780004580,78.05438607195705
1780004595,79.05677966101902
1780004610,79.41525423728864
1780004625,79.5228813559318
1780004640,79.49152542372882
1780004655,79.8203389830537
1780004670,79.9050847457631
1780004685,79.66610169491506
1780004700,79.63389830508169
1780004715,79.65932203390166
1780004730,79.65423728813421
1780004745,79.79067796610406
1780004760,79.33559322034175
1780004775,78.66610169491358
1780004790,78.94067796609923
1780004805,79.25338983050867
1780004820,78.92796610169542
1780004835,79.03050847457361
1780004850,78.72288135593655
1780004865,78.43305084745842
1780004880,78.45932203389643
1780004895,77.7347457627159
1780004910,77.59576271186481
1780004925,77.59576271186481
1780004940,77.67796610169295
1780004955,77.37711864406681
1780004970,77.74322033898513
1780004985,78.25084745762348
1780005000,77.80762711864693
1780005015,77.92203389830597
1780005030,77.94745762711854
1780005045,78.07542372881426
1780005060,78.2661016949184
1780005075,78.02881355932124
1780005090,77.92273167953603
1780005105,78.28798839313819
1780005120,78.31271186440648
1780005135,78.60762711864466
1780005150,78.68898305084736
1780005165,78.5381355932228
1780005180,77.98559322033987
1780005195,77.88813559321679
1780005210,77.8194915254253
1780005225,77.92372881355686
1780005240,78.17881355932529
1780005255,78.088135593223
1780005270,77.79491525423819
1780005285,77.77627118644148
1780005300,77.34830508474754
1780005315,77.29830508474537
1780005330,77.67966101695123
1780005345,77.53050847457509
1780005360,77.7677966101698
1780005375,77.89067796610544
1780005390,77.93728813559352
1780005405,77.97118644067777
1780005420,77.75069661488915
1780005435,77.23983050847644
1780005450,77.62118644068231
1780005465,77.42542372881316
1780005480,77.36779661017216
1780005495,78.1728813559324
1780005510,77.72457627118348
1780005525,77.7228813559326
1780005540,77.74067796610386
1780005555,77.49984745659293
1780005570,77.71864406779552
1780005585,78.07542372881426
1780005600,78.05338983050838
1780005615,77.95254237288106
1780005630,78.51864406779818
1780005645,78.27288135593675
1780005660,78.19576271186371
1780005675,78.67767698545262
1780005690,78.0491525423713
1780005705,78.04999999999922
1780005720,78.74067796609795
1780005735,78.47796610169807
1780005750,79.1898305084723
1780005765,79.02118644068142
1780005780,79.51186440678134
1780005795,79.56440677965738
1780005810,79.69745762712051
1780005825,79.67372881355637
1780005840,79.62118644067787
1780005855,79.69745762712299
1780005870,79.67203389830549
1780005885,79.45932203390038
1780005900,79.42796610169245
1780005915,79.59745762711864
1780005930,79.64152542372545
1780005945,79.38474576271355
1780005960,79.21694915254069
1780005975,79.16101694915302
1780005990,79.24999999999952
1780006005,79.12386860571652
1780006020,78.92966101695123
1780006035,78.58135593220665
1780006050,78.13813559321777
1780006065,78.06016949152671
1780006080,77.20847457627099
1780006095,77.27288135592786
1780006110,77.29915254237328
1780006125,77.29830508474784
1780006140,77.85677966101626
1780006155,77.45593220338826
1780006170,77.35254237288216
1780006185,77.99999999999952
1780006200,77.37033898305094
1780006215,77.03474576271265
1780006230,77.39591595989091
1780006245,77.05084745762564
1780006260,77.09661016949075
1780006275,77.21949152542146
1780006290,77.35084745762633
1780006305,77.255084745764
1780006320,77.57881355932143
1780006335,77.46186440678115
1780006350,77.8211864406762
1780006365,78.32711864406612
1780006380,78.34576271186776
1780006395,78.72203389830617
1780006410,80.03898305084924
1780006425,80.52542372881454
1780006440,81.44237288135506
1780006455,82.17542372881218
1780006470,82.99745762711825
1780006485,83.76271186440383
1780006500,84.85847457627257
1780006515,85.22118644067677
1780006530,85.53559322033958
1780006545,86.74152542373275
1780006560,87.10254237288363
1780006575,88.05169491525503
1780006590,88.64237288135435
1780006605,89.4041654519668
1780006620,89.44491525423581
1780006635,89.58559322034027
1780006650,89.83135593220172
1780006665,90.14915254237367
1780006680,89.51694915254139
1780006695,89.05084745763106
1780006710,87.69576271186668
1780006725,88.10423728813599
1780006740,87.7364406779668
1780006755,88.07033898304927
1780006770,87.9550847457648
1780006785,87.99915254237408
1780006800,88.37881355931917
1780006815,87.76949152542561
1780006830,88.2881355932169
1780006845,87.71440677966092
1780006860,88.2144067796629
1780006875,87.81186440678154
1780006890,88.16694915254445
1780006905,87.53652517609991
1780006920,87.76440677966309
1780006935,87.60338983050858
1780006950,87.13644067796541
1780006965,87.37033898305094
1780006980,87.05923429989504
1780006995,86.6813559322031
1780007010,86.69491525423483
1780007025,85.14576271186698
1780007040,84.71440677966142
1780007055,84.49332546897898
1780007070,83.09067796610425
1780007085,82.78305084745486
1780007100,81.92203389830449
1780007115,81.18728813559402
1780007130,80.46186440677818
1780007145,79.75254237288274
1780007160,79.25254237288077
1780007175,78.40677966101794
1780007190,77.40000000000059
1780007205,77.32288135593497
1780007220,77.28220338983238
1780007235,76.85423728813352
1780007250,76.83644067796472
1780007265,76.7855932203371
1780007280,76.96186440678163
1780007295,76.98389830508503
1780007310,76.68474576271225
1780007325,76.9957627118659
1780007340,76.89661016949192
1780007355,76.81016949152671
1780007370,76.92457627118576
1780007385,76.82203389830508
1780007400,77.05338983050689
1780007415,76.96949152542294
1780007430,76.93135593220161
1780007445,76.81016949152178
1780007460,76.75508474576202
1780007475,76.97264717946028
1780007490,77.03983050847518
1780007505,77.234745762709
1780007520,77.42966101695023
1780007535,77.83220338983405
1780007550,77.72288135593013
1780007565,78.13474576271354
1780007580,78.19237288135702
1780007595,78.04491525423668
1780007610,78.19406779661037
1780007625,77.78050847457361
1780007640,77.33050847457874
1780007655,77.51440677965718
1780007670,77.13389830508414
1780007685,77.07627118644561
1780007700,76.82627118644217
1780007715,76.70677966101567
1780007730,76.47966101694847
1780007745,76.833898305081
1780007760,76.57627118644363
1780007775,76.44576271186668
1780007790,76.25593220339042
1780007805,76.3472972698115
1780007820,76.55508474576074
1780007835,76.0898305084734
1780007850,76.12881355932262
1780007865,76.49237288135475
1780007880,76.19915254237239
1780007895,75.99915254237604
1780007910,75.91101694915008
1780007925,75.67372881355537
1780007940,76.00593220338943
1780007955,76.22627118643831
1780007970,75.97711864407016
1780007985,75.74830508474714
1780008000,75.786440677966
1780008015,75.35254237288164
1780008030,75.32966101694787
1780008045,75.74322033898463
1780008060,75.63644067796196
1780008075,75.45000000000228
1780008090,76.04576271186411
1780008105,75.79152542372604
1780008120,75.51101694915245
1780008135,75.5838983050884
1780008150,75.37203389830627
1780008165,75.5177966101683
1780008180,75.55254237288294
1780008195,75.74067796610338
1780008210,76.03898305084577
1780008225,76.38813559321827
1780008240,76.02457627118615
1780008255,76.0728813559325
1780008270,76.38305084745576
1780008285,77.00508474576301
1780008300,77.33050847457874
1780008315,77.46016949152778
1780008330,77.27611712621663
1780008345,77.50084745762544
1780008360,77.11610169491783
1780008375,77.26779661016782
1780008390,77.32288135593004
1780008405,77.3584745762701
1780008420,77.10084745762535
1780008435,76.98135593220378
1780008450,76.91949152542324
1780008465,77.10677966101824
1780008480,77.00847457627218
1780008495,76.96440677965796
1780008510,76.77118644067994
1780008525,76.84237288135762
1780008540,76.64830508474675
1780008555,76.79661016949498
1780008570,76.19322033898197
1780008585,75.53559322033958
1780008600,75.61271186440274
1780008615,75.50254237288323
1780008630,75.96779661016811
1780008645,75.59406779660848
1780008660,75.19237288135751
1780008675,74.43813559321748
1780008690,74.54830508474438
1780008705,74.42711864406701
1780008720,73.91864406779337
1780008735,73.95508474576134
1780008750,73.71355932203696
1780008765,73.27372881355971
1780008780,73.15084745762405
1780008795,73.0805084745743
1780008810,72.66949152542126
1780008825,72.37033898305094
1780008840,71.88305084745525
1780008855,71.48305084745763
1780008870,71.10084745762633
1780008885,70.68135593220408
1780008900,70.47372881355902
1780008915,69.97033898304788
1780008930,69.03050847457608
1780008945,68.83813559321857
1780008960,68.88644067796493
1780008975,68.48644067796728
1780008990,68.07796610169551
1780009005,67.713559322033
1780009020,67.40338983050975
1780009035,67.29999999999872
1780009050,66.6677966101689
1780009065,66.26610169491545
1780009080,65.63898305084814
1780009095,65.28983050847566
1780009110,65.06525423728478
1780009125,64.9830508474591
1780009140,64.51718971396953
1780009155,63.85677966101774
1780009170,63.16355932203035
1780009185,63.125173729989314
1780009200,62.52203389830095
1780009215,62.91101694915551
1780009230,63.27203389830637
1780009245,62.826271186441176
1780009260,62.3720338983043
1780009275,61.7499999999995
1780009290,61.40736547366304
1780009305,60.94067796610465
1780009320,60.223728813560506
1780009335,59.55084745762564
1780009350,59.055932203386185
1780009365,58.88644067796738
1780009380,58.16610169491654
1780009395,57.54322033898137
1780009410,57.061016949155594
1780009425,56.63305084745674
1780009440,56.04915254237328
1780009455,55.739830508475464
1780009470,55.199152542373376
1780009485,54.50000000000049
1780009500,53.868644067798584
1780009515,52.50169491525335
1780009530,51.90000000000109
1780009545,51.29830508474635
1780009560,50.74322033898463
1780009575,50.159322033898704
1780009590,49.66949152542175
1780009605,49.21101694915028
1780009620,48.71016949152286
1780009635,48.17627118644403
1780009650,47.47118644068073
1780009665,46.822881355933
1780009680,46.44237288135751
1780009695,45.91864406779879
1780009710,45.431355932200624
1780009725,45.030508474580024
1780009740,44.90423728813027
1780009755,44.60593220338785
1780009770,44.22881355932401
1780009785,43.90169491525493
1780009800,43.60169491525671
1780009815,42.53728813559589
1780009830,42.17966101695172
1780009845,42.22203389830519
1780009860,42.11101694915038
1780009875,42.23644067796729
1780009890,42.13220338982834
1780009905,42.10932203389456
1780009920,42.17372881355883
1780009935,42.16610169491752
1780009950,42.48533065765492
1780009965,42.48983050847497
1780009980,42.205932203392194
1780009995,42.26186440678232
1780010010,42.13983050847211
1780010025,42.06610169491811
1780010040,41.96694915253922
1780010055,41.79576271186214
1780010070,42.02542372881306
1780010085,42.40508474576311
1780010100,42.39830508474478
1780010115,42.30254237288244
1780010130,42.416949152541484
1780010145,42.39915254237515
1780010160,42.29576271186164
1780010175,42.066101694915645
1780010190,42.255932203389435
1780010205,42.45280460479359
1780010220,42.57542372881722
1780010235,42.599152542373965
1780010250,42.35593220338638
1780010265,42.54999999999723
1780010280,42.551694915255524
1780010295,42.505084745760044
1780010310,42.64433197625917
1780010325,43.04152542372507
1780010340,43.52372881355577
1780010355,43.76440677965964
1780010370,44.2703389830471
1780010385,45.133050847455756
1780010400,46.15677966101399
1780010415,47.468644067799474
1780010430,49.23983050847694
1780010445,50.63728813558986
1780010460,52.528813559324206
1780010475,54.536440677966006
1780010490,56.23983050847497
1780010505,58.527966101695306
1780010520,60.60254237288017
1780010535,62.98389830508899
1780010550,65.11864406779611
1780010565,67.47627118644324
1780010580,69.9389830508449
1780010595,71.74152542372782
1780010610,74.33559322033928
1780010625,76.0872881355946
1780010640,77.94491525423976
1780010655,79.73298214570268
1780010670,81.63559322034047
1780010685,82.59406779661145
1780010700,84.05677966101656
1780010715,85.0008474576279
1780010730,85.67796610169245
1780010745,86.38545476733465
1780010760,86.49152542372684
1780010775,87.41610169491358
1780010790,87.13474576271453
1780010805,87.22796610169561
1780010820,87.56949152542185
1780010835,87.09576271186283
1780010850,87.09491525423492
1780010865,86.99237288135673
1780010880,87.48050847457785
1780010895,87.09322033898404
1780010910,86.6813559322031
1780010925,86.99152542373128
1780010940,86.66101694915304
1780010955,86.62203389830627
1780010970,85.96101694915225
1780010985,86.53813559321985
1780011000,86.60932203389751
1780011015,86.79322033898335
1780011030,86.57796610169453
1780011045,86.3423728813581
1780011060,86.48389830508307
1780011075,85.93983050847675
1780011090,86.31101694915264
1780011105,85.93474576271176
1780011120,86.14661016949144
1780011135,86.28144893932883
1780011150,86.10423728813304
1780011165,86.56779661016702
1780011180,86.16271186440689
1780011195,86.66355932203429
1780011210,86.33898305084648
1780011225,86.77966101694915
1780011240,86.45847457627049
1780011255,86.59576271186332
1780011270,86.76779661016832
1780011285,86.42796610169295
1780011300,86.70084745762524
1780011315,86.014264551843
1780011330,85.99237288135524
1780011345,85.76101694915097
1780011360,85.91610169491506
1780011375,86.03898305084824
1780011390,85.95169491525513
1780011405,86.27711864406592
1780011420,86.00423728813362
1780011435,86.17796610169195
1780011450,85.54745762712042
1780011465,85.62966101694609
1780011480,85.76016949152799
1780011495,86.34576271186481
1780011510,87.06949152542728
1780011525,87.3372881355946
1780011540,88.26440677966013
1780011555,88.97118644067679
1780011570,89.85000000000089
1780011585,90.22796610169264
1780011600,90.7220338983042
1780011615,91.92033898305114
1780011630,92.44237288135653
1780011645,93.36355932203409
1780011660,93.78300869836771
1780011675,94.5398305084727
1780011690,95.12881355931869
1780011705,96.0449152542362
1780011720,96.46779661016515
1780011735,97.16779661017088
1780011750,97.85762711864416
1780011765,98.37288135593369
1780011780,98.89915254237367
1780011795,99.11016949152788
1780011810,99.1152542372904
1780011825,99.36016949152395
1780011840,99.369491525426
1780011855,99.38220338983228
1780011870,99.41525423728864
1780011885,99.37711864406977
1780011900,99.40169491525444
1780011915,99.40000000000109
1780011930,99.4076271186424
1780011945,99.45677966101913
1780011960,99.53559322034303
1780011975,99.53474891695728
1780011990,99.54067796609814
1780012005,99.53474576271019
1780012020,99.53220814703421
1780012035,99.5313559322035
1780012050,99.56271186440648
1780012065,99.55932203389979
1780012080,99.55677966101852
1780012095,99.57542372881524
1780012110,99.54237288135396
1780012125,99.54576271186559
1780012140,99.54322033898433
1780012155,99.56016949152523
1780012170,99.47966101694797
1780012185,99.52203389830638
1780012200,99.18389830508436
1780012215,99.119491525425
1780012230,98.78898305084924
1780012245,98.62711864406681
1780012260,98.61779661016722
1780012275,98.41355932203379
1780012290,98.08898305084844
1780012305,98.09576271186185
1780012320,97.58728813559313
1780012335,97.25508474576154
1780012350,97.24830508474567
1780012365,96.88551931740753
1780012380,96.87116522823776
1780012395,96.53305084746226
1780012410,96.00084745762693
1780012425,95.94830508474595
1780012440,95.49745762711825
1780012455,95.39237288135632
1780012470,94.83644067796423
1780012485,94.73220338983268
1780012500,94.13220338983376
1780012515,94.09067796610574
1780012530,93.19830508474497
1780012545,92.57288135593349
1780012560,92.12367541475083
1780012575,90.78044596912453
1780012590,89.7881355932228
1780012605,88.58389830508298
1780012620,87.13050847457498
1780012635,85.58559322033928
1780012650,83.64915254237022
1780012665,81.92627118644157
1780012680,80.25593220339388
1780012695,78.0135593220337
1780012710,76.21440677965748
1780012725,73.82457627118437
1780012740,71.69152542372812
1780012755,69.73474576270901
1780012770,67.45423728813738
1780012785,65.68898305084785
1780012800,63.4525423728781
1780012815,61.86440677966348
1780012830,60.51271186440579
1780012845,58.6932203389869
1780012860,57.63559322033947
1780012875,56.364406779661515
1780012890,55.14152542373236
1780012905,54.204237288139346
1780012920,53.45338983051094
1780012935,52.83305084745458
1780012950,52.22966101694896
1780012965,51.841525423729706
1780012980,51.48050847457637
1780012995,51.313559322033896
1780013010,51.27711864406839
1780013025,51.61440677966497
1780013040,51.627966101696686
1780013055,51.42288135592796
1780013070,51.547457627121894
1780013085,51.562711864404505
1780013100,51.553389830504926
1780013115,51.48135593220429
1780013130,51.49915254237308
1780013145,51.59830508474458
1780013160,51.47542372880892
1780013175,51.4305084745742
1780013190,51.800847457624656
1780013205,51.932203389829525
1780013220,52.21525423728686
1780013235,52.37966101695053
1780013250,52.54576271186263
1780013265,52.50847457627168
1780013280,52.69661016949458
1780013295,52.39322033898226
1780013310,52.230508474576865
1780013325,52.16355932203134
1780013340,52.53983050847221
1780013355,52.98728813559321
1780013370,52.96440677966191
1780013385,53.02627118644245
1780013400,53.03898305084628
1780013415,53.038983050843804
1780013430,53.10677966101724
1780013445,53.26694915254385
1780013460,53.2610169491559
1780013475,53.40847457626883
1780013490,53.133898305080706
1780013505,52.9669491525407
1780013520,52.66694915254247
1780013535,52.6623909314675
1780013550,52.64406779661116
1780013565,52.611016949152344
1780013580,53.010169491524536
1780013595,53.24152542372388
1780013610,53.20169491525662
1780013625,52.88018901822984
1780013640,52.7686440677977
1780013655,52.788983050845296
1780013670,52.936440677965614
1780013685,52.87796610169423
1780013700,53.01949152542412
1780013715,52.84830508474212
1780013730,52.83135593220369
1780013745,52.67372881355834
1780013760,52.620338983047
1780013775,52.711864406777195
1780013790,52.92288135593388
1780013805,53.26610169491348
1780013820,53.224576271190394
1780013835,53.19915254237535
1780013850,53.01271186440333
1780013865,53.13644067796937
1780013880,52.959322033896925
1780013895,52.80338983050985
1780013910,53.04152542372999
1780013925,53.30254237288392
1780013940,53.27627118644098
1780013955,52.861016949150866
1780013970,52.850847457628305
1780013985,52.904237288134716
1780014000,52.747457627117264
1780014015,52.84072611400183
1780014030,52.79999999999823
1780014045,52.80254237287949
1780014060,52.609322033899
1780014075,52.41811919919177
1780014090,52.15338983051123
1780014105,52.28050847457904
1780014120,52.41949152542274
1780014135,52.830508474573314
1780014150,53.17711864406947
1780014165,53.33050847457281
1780014180,53.42203389830301
1780014195,53.56610169491417
1780014210,53.418644067801246
1780014225,53.46440677966141
1780014240,53.45932203389396
1780014255,53.57372881355794
1780014270,53.526271186434556
1780014285,53.35847457627159
1780014300,52.93220338982854
1780014315,53.026271186437526
1780014330,52.990677966099916
1780014345,53.123728813560604
1780014360,53.14915254237318
1780014375,53.37627118643792
1780014390,53.230825553727136
1780014405,53.036440677962545
1780014420,52.71694915254217
1780014435,52.24322033898068
1780014450,52.01864406779474
1780014465,51.78644067796255
1780014480,51.75254237288076
1780014495,51.659322033897226
1780014510,51.63474576271009
1780014525,51.449152542373376
1780014540,51.27711864407085
1780014555,51.43474576271374
1780014570,51.48050847457637
1780014585,51.539830508473194
1780014600,51.655084745762615
1780014615,51.51949152542314
1780014630,51.78135593220497
1780014645,52.02457627118269
1780014660,51.93220338982706
1780014675,51.8686440677981
1780014690,52.24745762712022
1780014705,52.31440677966328
1780014720,52.592372881353164
1780014735,52.72033898305134
1780014750,52.67881355932331
1780014765,52.525423728815035
1780014780,52.716949152539705
1780014795,52.97033898304739
1780014810,53.03898305084874
1780014825,52.64322033898572
1780014840,52.576271186437715
1780014855,52.67457627118625
1780014870,52.79915254237032
1780014885,52.549999999999706
1780014900,52.58050847457726
1780014915,52.7152542372913
1780014930,52.354237288133035
1780014945,52.2491525423711
1780014960,51.942372881359475
1780014975,51.46525423729129
1780014990,51.4161016949121
1780015005,50.99067796610189
1780015020,50.66779661016743
1780015035,50.68898305084786
1780015050,50.67118644068398
1780015065,50.437288135591054
1780015080,50.467796610171064
1780015095,50.40932203389722
1780015110,50.510169491524536
1780015125,50.388983050849625
1780015140,50.583050847458026
1780015155,50.60338983051301
1780015170,50.530508474574596
1780015185,50.82627118644068
1780015200,50.84576271186529
1780015215,50.81525423728528
1780015230,50.85847457627158
1780015245,50.544067796608786
1780015260,50.76610169491348
1780015275,50.925423728809704
1780015290,51.03983050847369
1780015305,51.13813559322469
1780015320,51.407627118642885
1780015320,51.407627118642885
1780015335,51.333050847458516
1780015350,51.38050847457449
1780015365,51.532203389831885
1780015380,51.51355932203025
1780015395,51.677118644068486
1780015410,51.58474576271039
1780015425,51.76186440677788
1780015440,51.5838983050874
1780015455,51.5432203389873
1780015470,51.45847457626803
1780015485,51.48135593220427
1780015500,51.55508474576074
1780015515,51.38983050847655
1780015530,51.80169491525503
1780015545,52.411864406778975
1780015560,52.92118644067807
1780015575,52.81186440678154
1780015590,52.64576271186204
1780015605,52.62542372881198
1780015620,52.70762711864505
1780015635,52.36101694915383
1780015650,52.65508474576163
1780015665,52.66440677966122
1780015680,52.5144067796621
1780015695,52.34237288135712
1780015710,52.39661016948895
1780015725,52.63559322033948
1780015740,52.79322033898236
1780015755,52.643220338983255
1780015770,52.6661016949121
1780015785,52.49745762711875
1780015800,52.424576271185266
1780015815,52.18474576271177
1780015830,51.91779661016742
1780015845,51.428813559323316
1780015860,51.052542372884915
1780015875,51.250516952658096
1780015890,51.51355932203272
1780015905,51.35677966101774
1780015920,51.38220338983031
1780015935,51.1318720804875
1780015950,51.22796610169906
1780015965,51.08135593220171
1780015980,51.00508474576153
1780015995,51.12796610169718
1780016010,50.83644067796571
1780016025,50.71694915254168
1780016040,50.66525423728616
1780016055,50.801694915256014
1780016070,51.055932203391606
1780016085,51.07796610169502
1780016100,51.29745762711598
1780016115,51.77542372881207
1780016130,51.883050847457724
1780016145,51.67848595583433
1780016160,51.91694915254198
1780016175,51.81186440678005
1780016190,51.59067796610327
1780016205,51.62118644067837
1780016220,51.838135593223015
1780016235,51.79204604777179
1780016250,51.5084745762702
1780016265,51.73559322033987
1780016280,51.592372881354166
1780016295,51.75847457627118
1780016310,51.6466101694934
1780016325,51.7144067796619
1780016340,51.47118644067925
1780016355,51.235593220337904
1780016370,50.78474576271266
1780016385,50.71355932203252
1780016400,50.66271186440737
1780016415,51.462711864405094
1780016430,51.62457627118753
1780016445,51.69661016949063
1780016460,51.93898305085032
1780016475,51.78474576271414
1780016490,51.895762711864016
1780016505,51.92288135593487
1780016520,52.08220338983111
1780016535,52.30508474575877
1780016550,52.31355932203044
1780016565,52.21610169491476
1780016580,52.41186440678144
1780016595,52.28813559321787
1780016610,52.40000000000059
1780016625,52.64830508474576
1780016640,52.37966101694806
1780016655,52.777966101694815
1780016670,53.03983050847665
1780016685,53.25593220339092
1780016700,53.23305084745713
1780016715,52.10000000000237
1780016730,51.92258799360946
1780016745,52.009322033900084
1780016760,51.7042372881344
1780016775,51.77966101694915
1780016790,51.62796610169915
1780016805,51.436440677964626
1780016820,51.239830508477446
1780016835,51.11949152542551
1780016850,51.2466101694933
1780016865,50.85762711864121
1780016880,50.93220338982805
1780016895,50.96101694915225
1780016910,50.74237288135672
1780016925,51.150000000000595
1780016940,51.06355932203538
1780016955,51.014406779661115
1780016970,51.34999999999694
1780016985,51.448305084747936
1780017000,52.027966101694325
1780017015,52.434745762710286
1780017030,52.63220338982785
1780017045,52.603389830508576
1780017060,52.803389830507385
1780017075,52.910169491527604
1780017090,53.13389830508564
1780017105,53.11016949152394
1780017120,53.01186440677789
1780017135,52.9813559322028
1780017150,52.904237288134716
1780017165,52.83389830508247
1780017180,52.67457627118625
1780017195,52.63135593219748
1780017210,52.51016949152256
1780017225,52.32372881356287
1780017240,52.22711864406523
1780017255,52.039830508477635
1780017270,51.36779661017068
1780017285,51.360169491521965
1780017300,50.75254237287928
1780017315,50.237288135594696
1780017330,50.25508474576596
1780017345,50.26101694915393
1780017360,50.35593220339082
1780017375,50.566101694914664
1780017390,50.37711864406879
1780017405,50.47542372881237
1780017420,51.036440677966986
1780017435,51.15338983050729
1780017450,51.32542372881228
1780017465,51.52372881356021
1780017480,51.677966101693926
1780017495,51.98220338982923
1780017510,51.908474576272766
1780017525,51.796610169490044
1780017540,51.83050847457677
1780017555,52.090677966100316
1780017570,52.001694915253836
1780017585,51.89406779661313
1780017600,51.99237288135179
1780017615,52.46694915254366
1780017630,52.298305084745365
1780017645,52.28220338982745
1780017660,52.260169491524046
1780017675,52.12288135593368
1780017690,52.14915254237417
1780017705,52.06271186440402
1780017720,51.90338983050532
1780017735,52.03474576271019
1780017750,51.866101694916836
1780017765,51.8593220338985
1780017780,51.863559322033105
1780017795,51.79576271186214
1780017810,52.19067796609973
1780017825,52.14882812764714
1780017840,51.8686440677981
1780017855,51.83389830508099
1780017870,52.09067796610525
1780017885,52.133898305086625
1780017900,52.160169491524634
1780017915,51.90423728813569
1780017930,51.98220338982923
1780017945,52.06271186440402
1780017960,52.08050847457528
1780017975,52.03305084745684
1780017990,51.78898305084627
1780018005,52.031355932203496
1780018020,52.12966101694955
1780018035,52.24152542373227
1780018050,51.964406779662895
1780018065,51.61610169491585
1780018080,51.6745762711897
1780018095,51.7144067796619
1780018110,51.53050847457854
1780018125,51.28644067796798
1780018140,51.36440677966151
1780018155,51.513559322035185
1780018170,51.4305084745742
1780018185,51.228813559317096
1780018200,50.80932203389978
1780018215,51.02627118644196
1780018230,50.73983050847053
1780018245,50.73050847457341
1780018260,50.94322033898098
1780018275,51.092372881357115
1780018290,51.18898305084982
1780018305,51.040677966099125
1780018320,50.68220338983199
1780018335,50.75677966101636
1780018350,50.729661016945506
1780018365,50.81186440678105
1780018380,50.61186440677976
1780018395,50.8322033898311
1780018410,51.037786056412195
1780018425,51.261864406780845
1780018440,51.132203389826856
1780018455,51.07203389830459
1780018470,50.937288135595495
1780018485,51.00932203390107
1780018500,51.159322033897716
1780018515,51.16355932203478
1780018530,51.175423728813165
1780018545,50.77966101694768
1780018560,50.741525423726344
1780018575,50.83728813559115
1780018590,50.93559322033967
1780018605,50.707627118647025
1780018620,50.7576271186418
1780018635,50.8220338983036
1780018650,50.78305084745931
1780018665,50.747457627121705
1780018680,50.626271186439396
1780018695,50.37966101694757
1780018710,50.192372881355055
1780018725,50.45338983050897
1780018740,50.410169491525124
1780018755,50.25593220339142
1780018770,50.42881355932184
1780018785,50.2228813559326
1780018800,50.250000000000995
1780018815,50.133898305086134
1780018830,50.35338983050956
1780018845,50.38305084745427
1780018860,50.513559322031234
1780018875,50.364406779662495
1780018890,50.083898305086414
1780018905,50.235593220338885
1780018920,50.15423728813372
1780018935,50.38050847457548
1780018950,50.428477481203075
1780018965,50.612711864407665
1780018980,50.7415254237288
1780018995,50.882203389830806
1780019010,50.75677966101636
1780019025,50.748305084747145
1780019040,50.8533898305066
1780019055,50.8211864406757
1780019070,50.804237288139745
1780019085,50.93474576271424
1780019100,50.879661016952014
1780019115,51.09576271186875
1780019130,50.72203389830173
1780019145,51.00000000000149
1780019160,50.805084745762706
1780019175,50.57457627118881
1780019190,50.670338983051145
1780019205,50.62457627118605
1780019220,50.58644067796472
1780019235,50.44406779661185
1780019250,50.35423728813747
1780019265,50.3000000000007
1780019280,50.05932203389683
1780019295,50.133898305083655
1780019310,50.29237288135692
1780019325,50.21016949152385
1780019340,50.66271186440243
1780019355,50.815254237287746
1780019370,51.00169491525237
1780019385,50.93644067796512
1780019400,51.161016949153534
1780019415,51.14322033898227
1780019430,51.381355932204876
1780019445,51.879661016951026
1780019460,52.04915254237229
1780019475,52.26949152542117
1780019490,52.14830508474626
1780019505,52.35593220338638
1780019520,52.56355932203143
1780019535,52.786440677966496
1780019550,52.83135593220122
1780019565,53.11186440677482
1780019580,53.62627118644383
1780019595,53.537288135594906
1780019610,53.32457627118979
1780019625,53.28135593220102
1780019640,53.10677966101724
1780019655,52.92627118644304
1780019670,53.033050847455854
1780019685,52.94067796610269
1780019700,52.737288135589765
1780019715,52.76610169491397
1780019730,52.575423728807344
1780019745,52.1135593220341
1780019760,52.12118644067787
1780019775,52.296610169489554
1780019790,52.30593220339161
1780019805,51.92033898304621
1780019820,51.831682497066645
1780019835,51.704237288134415
1780019850,51.69491525423729
1780019865,51.44322033898049
1780019880,51.39491525423661
1780019895,51.52118644067896
1780019910,51.570338983050746
1780019925,51.592372881361555
1780019940,51.377118644070265
1780019955,51.1228813559322
1780019970,50.95423728813392
1780019985,51.0406779661016
1780020000,50.69830508474744
1780020015,50.83813559321906
1780020030,50.7216998081334
1780020045,50.70423728813787
1780020060,50.08983050847438
1780020075,49.89491525423561
1780020090,49.98644067796828
1780020105,50.10762711864318
1780020120,50.211016949151755
1780020135,49.970338983050354
1780020150,50.10677966101774
1780020165,50.09067796610229
1780020180,50.04576271186263
1780020195,49.70508474576183
1780020210,49.4932203389797
1780020225,49.59067796610278
1780020240,49.73898305084607
1780020255,49.75677966101488
1780020270,49.71440677965895
1780020285,49.8508474576288
1780020300,50.15677966101744
1780020315,49.68050847457717
1780020330,49.86101694915382
1780020345,49.98220338983367
1780020360,50.44830508474152
1780020375,50.597457627120136
1780020390,50.49237288135326
1780020405,50.879661016947075
1780020420,51.02457627118615
1780020435,50.710169491525825
1780020450,50.63644067796442
1780020465,50.901694915250495
1780020480,50.99067796610189
1780020495,51.12118644067638
1780020510,51.336440677965214
1780020525,51.3872881355953
1780020540,51.38389830508613
1780020555,51.35169491525522
1780020570,51.50254237288472
1780020585,51.59322033898454
1780020600,51.89830508474527
1780020615,52.405084745763105
1780020630,52.63728813559283
1780020645,52.823728813557445
1780020660,52.913559322034295
1780020675,52.81864406779741
1780020690,52.93135593220063
1780020705,52.957627118646045
1780020720,53.14152542372695
1780020735,53.199999999998326
1780020750,53.454237288133925
1780020765,53.28188665685958
1780020780,53.52288135593033
1780020795,53.92796610169541
1780020810,53.93644067796709
1780020825,53.70508474576528
1780020840,54.03644067796402
1780020855,53.9593220338984
1780020870,53.85084745762732
1780020885,54.06949152542284
1780020900,53.84406779661146
1780020915,53.66610169491357
1780020930,53.31949152542235
1780020945,53.437288135595495
1780020960,53.64322033898225
1780020975,53.360169491524935
1780020990,53.07542372881425
1780021005,53.11525423728646
1780021020,52.851694915258676
1780021035,52.60593220338983
1780021050,51.4449152542363
1780021065,49.816949152544545
1780021080,48.17457627118576
1780021095,46.23050847457538
1780021110,44.68305084745595
1780021125,43.19915254237535
1780021140,41.5330508474598
1780021155,40.033050847456344
1780021170,38.48644067796976
1780021185,37.032203389831395
1780021200,35.296610169489064
1780021215,33.710169491525335
1780021230,31.99661016948887
1780021245,30.430508474577657
1780021260,28.835593220339774
1780021275,27.297457627119925
1780021290,25.782203389826464
1780021305,24.10084745762584
1780021320,22.674576271186254
1780021335,21.751694915252862
1780021350,21.552542372881955
1780021365,21.43644067796463
1780021380,21.409322033893762
1780021395,21.39067796610199
1780021410,21.49830508474764
1780021425,21.60593220339082
1780021440,21.586440677963736
1780021455,21.688983050844403
1780021470,21.709322033896928
1780021485,21.43813559321798
1780021500,21.660169491522662
1780021515,21.677118644068493
1780021530,21.749152542371597
1780021545,21.882203389832288
1780021560,21.84915254237594
1780021575,22.11779661016624
1780021590,22.202542372883038
1780021605,22.229661016948967
1780021620,22.439830508475268
1780021635,22.339830508475856
1780021650,22.416101694913582
1780021665,22.578813559321443
1780021680,22.56101694915018
1780021695,22.575423728814748
1780021710,22.645762711862048
1780021725,22.533050847456348
1780021740,22.543220338983836
1780021755,22.53728813559095
1780021770,22.52711864406346
1780021785,22.69915254237338
1780021800,22.596610169492703
1780021815,22.618644067798588
1780021830,22.465254237287844
1780021845,22.33050847457627
1780021860,22.088135593221526
1780021875,22.116101694915358
1780021890,21.917796610172356
1780021905,21.991525423731282
1780021920,21.697457627121008
1780021935,21.75677966101537
1780021950,21.808474576270886
1780021965,21.82372881355843
1780021980,21.782203389830414
1780021995,21.72881355932401
1780022010,21.499999999998522
1780022025,21.744067796606625
1780022040,21.67203389830351
1780022055,21.68728813559352
1780022070,21.473728813560513
1780022085,21.40423728813865
1780022100,21.416949152542475
1780022115,21.480508474576375
1780022130,21.46525423728636
1780022145,21.39745762712032
1780022160,21.353389830508572
1780022175,21.431355932199647
1780022190,21.6500000000001
1780022205,21.622881355929245
1780022220,21.590677966100813
1780022235,21.683898305086824
1780022250,21.651694915255916
1780022265,21.72118644067531
1780022280,21.72627118644521
1780022295,21.744067796611553
1780022310,21.729661016946977
1780022325,21.66694915254346
1780022340,21.614406779664964
1780022355,21.894067796613136
1780022370,21.822033898302617
1780022385,21.80762711864299
1780022400,21.83220338983012
1780022415,21.942372881354554
1780022430,21.975423728810895
1780022445,22.070338983047787
1780022460,22.022033898298975
1780022475,21.89661016948945
1780022490,21.9822033898317
1780022505,21.7355932203374
1780022520,21.884745762713543
1780022535,21.85254237288018
1780022550,21.84830508474803
1780022565,21.763559322031234
1780022580,21.864406779656086
1780022595,21.7661016949125
1780022610,21.750847457624943
1780022625,21.74406779660909
1780022640,21.62288135593171
1780022655,21.60254237288165
1780022670,21.76186440678035
1780022685,21.661016949153034
1780022700,21.761864406777885
1780022715,21.688135593221425
1780022730,21.58135593220122
1780022745,21.551694915256505
1780022760,21.494915254238478
1780022775,21.567796610171964
1780022790,21.495762711863918
1780022805,21.596610169491235
1780022820,21.623728813559616
1780022835,21.752542372883234
1780022850,21.59152542372872
1780022865,21.613559322034593
1780022880,21.67457627119216
1780022895,21.640677966102984
1780022910,21.645762711860563
1780022925,21.501694915251868
1780022940,21.561016949153633
1780022955,21.497457627117267
1780022970,21.382203389832778
1780022985,21.310169491527198
1780023000,21.28050847457755
1780023015,21.289830508474672
1780023030,21.335593220339778
1780023045,21.46694915254218
1780023060,21.460169491526315
1780023075,21.383050847455753
1780023090,21.375423728814447
1780023105,21.43644067796463
1780023120,21.420338983051646
1780023135,21.405084745764093
1780023150,21.257627118643775
1780023165,21.376271186437435
1780023180,21.304237288136775
1780023195,21.354237288138943
1780023210,21.353389830508572
1780023225,21.337288135593123
1780023240,21.372881355933192
1780023255,21.440677966101696
1780023270,21.50254237288225
1780023285,21.493220338985132
1780023300,21.478813559318088
1780023315,21.39322033898572
1780023330,21.36525423728696
1780023345,21.385593220341946
1780023360,21.426271186442058
1780023375,21.647457627121312
1780023390,21.588135593219548
1780023405,21.560169491525727
1780023420,21.627966101696693
1780023435,21.688983050844403
1780023450,21.58474576271039
1780023465,21.708474576271485
1780023480,21.7805084745746
1780023495,21.80593220339211
1780023510,21.94237288135702
1780023525,22.023728813557252
1780023540,21.820338983051734
1780023555,21.75677966101537
1780023570,21.686440677963148
1780023585,21.94322033898246
1780023600,21.779661016951625
1780023615,22.448305084746956
1780023630,22.557627118643474
1780023645,22.557627118643474
1780023660,22.457627118644076
1780023675,22.39406779661264
1780023690,22.42118644068103
1780023705,22.3864406779664
1780023720,22.289830508473685
1780023735,22.24406779660859
1780023750,22.259322033901075
1780023765,22.055084745765186
1780023780,22.061016949153135
1780023795,22.178813559323807
1780023810,21.956779661016657
1780023825,21.87372881356061
1780023840,21.824576271186345
1780023855,21.94830508474004
1780023870,21.75423728813165
1780023885,21.73389830508652
1780023900,21.783898305086225
1780023915,21.12627118644137
1780023930,21.00338983050818
1780023945,21.026271186439494
1780023960,20.956779661020107
1780023975,20.927118644068
1780023990,20.95000000000178
1780024005,21.00508474576399
1780024020,21.10762711864467
1780024035,21.081355932204183
1780024050,21.174576271185263
1780024065,21.182203389829034
1780024080,21.188135593221922
1780024095,21.224576271187434
1780024110,21.286440677967978
1780024125,21.334745762711872
1780024140,21.297457627118444
1780024155,21.487288135594707
1780024170,21.690677966100214
1780024185,21.514406779655694
1780024200,21.488983050850518
1780024215,21.48983050847596
1780024230,21.3847457627091
1780024245,21.500847457626428
1780024260,21.49406779661056
1780024275,21.5042372881356
1780024290,21.54406779661273
1780024305,21.488135593220147
1780024320,21.375423728816912
1780024335,21.41355932203578
1780024350,21.354237288134016
1780024365,21.24152542373079
1780024380,21.46610169491181
1780024395,21.226271186440783
1780024410,21.303389830506404
1780024425,21.243220338984138
1780024440,21.162711864409346
1780024455,21.059322033898308
1780024470,21.059322033895846
1780024485,21.094067796607995
1780024500,21.25677966101833
1780024515,21.180508474578154
1780024530,21.184745762707824
1780024545,21.328813559321446
1780024560,21.305932203392597
1780024575,21.26525423729001
1780024590,21.05169491525207
1780024605,21.092372881357115
1780024620,21.01186440677739
1780024635,21.12711864406681
1780024650,21.200847457630665
1780024665,21.171186440678557
1780024680,21.241525423728326
1780024695,21.24745762711875
1780024710,21.244067796612043
1780024725,21.342372881355644
1780024740,21.393220338978313
1780024755,21.318644067793947
1780024770,21.38728813559283
1780024785,21.43389830508584
1780024800,21.404237288136187
1780024815,21.474576271185953
1780024830,21.506779661014384
1780024845,21.643220338984236
1780024860,21.542372881354453
1780024875,21.426271186442058
1780024890,21.684745762709788
1780024905,21.64661016949094
1780024920,21.79322033898088
1780024935,21.802542372880463
1780024950,21.636440677968373
1780024965,21.755932203394867
1780024980,21.78135593220003
1780024995,21.7847457627092
1780025010,21.898305084745274
1780025025,21.978813559324994
1780025040,22.098305084744084
1780025055,22.14067796610002
1780025070,22.12457627118457
1780025085,21.961864406779174
1780025100,21.972033898306663
1780025115,22.05508474576272
1780025130,22.073728813559423
1780025145,21.999152542370126
1780025160,22.19067796610219
1780025175,22.26864406779572
1780025190,22.269491525423636
1780025205,22.300847457629093
1780025220,22.228813559325978
1780025235,22.215254237286853
1780025250,22.231355932202312
1780025265,22.097457627118644
1780025280,22.08813559321906
1780025295,22.155932203387565
1780025310,22.044915254237686
1780025325,21.905932203389046
1780025340,21.833050847460488
1780025355,21.83644067796473
1780025370,21.860169491521486
1780025385,21.855932203391802
1780025400,21.837288135597564
1780025415,21.745762711864902
1780025430,21.720338983049857
1780025445,21.539830508475667
1780025460,21.59745762711667
1780025475,21.640677966102984
1780025490,21.591525423731184
1780025505,21.59152542372872
1780025520,21.62457627118752
1780025535,21.74745762711825
1780025550,21.69322033898394
1780025565,21.770338983049562
1780025580,21.91355932203528
1780025595,21.839830508476354
1780025610,21.92627118644157
1780025625,21.99915254237259
1780025640,22.075423728812773
1780025655,21.951694915256603
1780025670,21.97627118643881
1780025685,22.072881355933983
1780025700,22.114406779659536
1780025715,22.172033898303024
1780025730,22.266101694909533
1780025745,22.04237288135643
1780025760,21.954237288135392
1780025775,21.93898305084786
1780025790,21.97033898305085
1780025805,21.89661016949439
1780025820,21.822033898305083
1780025835,21.826271186439694
1780025850,21.859322033898508
1780025865,21.764406779661606
1780025880,21.76271186440333
1780025895,21.78644067796749
1780025910,21.588135593219548
1780025925,21.630508474575482
1780025940,21.717796610168605
1780025955,21.746610169492808
1780025970,21.776271186442454
1780025985,21.545762711863613
1780026000,21.488135593222612
1780026015,21.619491525425016
1780026030,21.62881355931967
1780026045,21.58474576271039
1780026060,21.59745762711667
1780026075,21.507627118644756
1780026090,21.4593220338984
1780026105,21.367796610170675
1780026120,21.389830508474084
1780026135,21.360169491524438
1780026150,21.264406779657175
1780026165,21.234745762709995
1780026180,21.293220338983843
1780026195,21.23728813559371
1780026210,21.406779661014987
1780026225,21.28050847457755
1780026240,21.243220338986603
1780026255,21.365254237286948
1780026270,21.479661016950935
1780026285,21.622033898303805
1780026300,21.74237288135574
1780026315,21.79237288135297
1780026330,21.825423728814254
1780026345,21.95000000000079
1780026360,21.95932203389791
1780026375,22.122881355931213
1780026390,22.14830508474379
1780026405,22.21016949152187
1780026420,22.283898305085735
1780026435,22.374576271185553
1780026450,22.438983050844897
1780026465,22.296610169492027
1780026480,22.376271186441365
1780026495,22.436440677966107
1780026510,22.345762711863813
1780026525,22.35508474576341
1780026540,22.408474576272276
1780026555,22.35169491525424
1780026570,22.18050847457469
1780026585,22.018644067794746
1780026600,22.038983050844795
1780026615,21.90677966101695
1780026630,21.947457627122002
1780026645,21.812711864407962
1780026660,21.930508474578648
1780026675,21.87881355931819
1780026690,22.00762711864427
1780026705,22.025423728813067
1780026720,22.04999999999526
1780026735,22.058474576269415
1780026750,22.085593220337806
1780026765,22.16779661016841
1780026780,22.022881355934278
1780026795,22.188983050843913
1780026810,22.275423728811596
1780026825,22.28559322034155
1780026840,22.232203389830207
1780026855,22.280508474576564
1780026870,22.36101694915382
1780026885,22.22203389830272
1780026900,22.147457627120815
1780026915,22.254237288133627
1780026930,22.237288135590273
1780026945,22.34067796609883
1780026960,22.379661016953
1780026975,22.386440677968867
1780026990,22.066949152543557
1780027005,22.2271186440677
1780027020,22.28644067796699
1780027035,22.396610169488962
1780027050,22.344915254238373
1780027065,22.305084745763704
1780027080,22.305932203386682
1780027095,22.266101694914475
1780027110,22.250847457629398
1780027125,22.179661016951723
1780027140,22.08813559322399
1780027155,22.055084745765186
1780027170,22.008474576272175
1780027185,22.08135593220566
1780027200,22.039830508477642
1780027215,22.040677966103072
1780027230,21.99576271186342
1780027245,21.97881355932253
1780027260,21.961864406779174
1780027275,21.97288135593457
1780027290,21.895762711861554
1780027305,21.7635593220337
1780027320,21.66610169491309
1780027335,21.530508474578546
1780027350,21.523728813557742
1780027365,21.823728813560905
1780027380,21.494067796608096
1780027395,21.544915254235708
1780027410,21.53644067796403
1780027425,21.56610169491615
1780027440,21.62542372881051
1780027455,21.727118644068188
1780027470,21.74661016949282
1780027485,21.6288135593246
1780027500,21.5355932203386
1780027515,21.632203389831297
1780027530,21.70762711864358
1780027545,21.727118644065722
1780027560,21.69152542373306
1780027575,21.81186440677759
1780027590,21.700847457625237
1780027605,21.670338983052616
1780027620,21.675423728815147
1780027635,21.78135593220497
1780027650,21.701694915255622
1780027665,21.672033898310904
1780027680,21.52796610169728
1780027695,21.613559322034593
1780027710,21.678813559321842
1780027725,21.72542372881732
1780027740,21.758157571812298
1780027755,21.85084745762682
1780027770,21.915254237283698
1780027785,22.10508474575995
1780027800,22.111864406783212
1780027815,22.27711864406494
1780027830,22.232203389830218
1780027845,22.242372881355244
1780027860,22.15932203389672
1780027875,22.143220338986215
1780027890,22.252542372880267
1780027905,22.139830508477043
1780027920,22.294915254238678
1780027935,22.26610169491694
1780027950,22.321186440679153
1780027965,22.257627118642787
1780027980,22.249999999999016
1780027995,22.143220338981273
1780028010,22.155932203387565
1780028025,22.035593220335635
1780028040,21.922033898304495
1780028055,21.898305084745274
1780028070,21.904237288135697
1780028085,21.754237288134114
1780028100,21.580508474580718
1780028115,21.538135593222318
1780028130,21.50254237288225
1780028145,21.473728813560513
1780028160,21.636440677968373
1780028175,21.73898305084657
1780028190,21.600847457628312
1780028205,21.827966101693043
1780028220,21.86440677965855
1780028235,21.983050847459594
1780028250,22.01525423728804
1780028265,22.255084745759067
1780028280,22.188983050848844
1780028295,22.37966101694807
1780028310,22.503389830509168
1780028325,22.546610169493007
1780028340,22.49491525423749
1780028355,22.416949152543953
1780028370,22.506779661018328
1780028385,22.435593220340667
1780028400,22.51355932203173
1780028415,22.477966101694125
1780028430,22.533898305084254
1780028445,22.5703389830473
1780028460,22.411864406776505
1780028475,22.372881355932208
1780028490,22.421186440678564
1780028505,22.364406779660527
1780028520,22.242372881355244
1780028535,22.21355932203597
1780028550,21.99152542372882
1780028565,22.088983050846966
1780028580,21.990677966103377
1780028595,21.934745762708307
1780028610,21.829661016948855
1780028625,21.866949152539807
1780028640,21.791525423729997
1780028655,22.006779661016363
1780028670,21.997457627116766
1780028685,22.190677966104655
1780028700,22.0745762711824
1780028715,22.03898305084726
1780028730,21.85084745762682
1780028745,22.077966101698966
1780028760,22.25593220338944
1780028775,22.280508474574102
1780028790,22.27033898305154
1780028805,22.329661016945902
1780028820,22.372033898306764
1780028835,22.39830508474725
1780028850,22.510169491522557
1780028865,22.71525423728883
1780028880,22.79237288135445
1780028895,22.955932203392692
1780028910,22.856779661013793
1780028925,22.850000000000392
1780028940,22.833898305084944
1780028955,22.65254237288037
1780028970,22.672881355932894
1780028985,22.713559322035483
1780029000,22.6271186440678
1780029015,22.88813559321926
1780029030,23.005084745759554
1780029045,23.044067796611255
1780029060,22.99999999999951
1780029075,23.075423728811785
1780029090,23.11016949152641
1780029105,23.011016949154918
1780029120,22.956779661013204
1780029135,22.9313559322031
1780029150,22.88728813559382
1780029165,22.91186440677602
1780029180,22.5881355932235
1780029195,22.550847457625146
1780029210,22.63305084746069
1780029225,22.677118644067505
1780029240,22.419491525422742
1780029255,22.730508474573906
1780029270,22.70084745762919
1780029285,22.688983050848343
1780029300,22.56694915253813
1780029315,22.500847457622974
1780029330,22.399999999998133
1780029345,22.281355932204484
1780029360,22.225423728816818
1780029375,22.14745762711835
1780029390,22.02033898304809
1780029405,21.888135593217772
1780029420,21.847457627117663
1780029435,21.872881355932705
1780029450,21.84915254237594
1780029465,21.868644067793163
1780029480,22.08135593220566
1780029495,21.96949152542541
1780029510,21.929661016948266
1780029525,21.91101694915649
1780029540,21.902542372882337
1780029555,21.941525423731576
1780029570,21.94067796610121
1780029585,21.829661016948855
1780029600,21.772033898305377
1780029615,21.79661016949498
1780029630,21.956779661016657
1780029645,21.80508474576419
1780029660,21.72033898304493
1780029675,21.698305084743986
1780029690,21.652542372881356
1780029705,21.68898305084933
1780029720,21.629661016947576
1780029735,21.53220338982942
1780029750,21.67203389830351
1780029765,21.613559322034593
1780029780,21.5008474576289
1780029795,21.714406779659434
1780029810,21.742372881358207
1780029825,21.511864406781832
1780029840,21.534745762710685
1780029855,21.500000000000984
1780029870,21.383050847458218
1780029885,21.47881355932302
1780029900,21.449999999998816
1780029915,21.436440677967095
1780029930,21.422033898307458
1780029945,21.32118644068014
1780029960,21.36355932203361
1780029975,21.35084745762732
1780029990,21.43898305084835
1780030005,21.35169491525276
1780030020,21.36949152542156
1780030035,21.37457627118654
1780030050,21.315254237287252
1780030065,21.263559322034197
1780030080,21.194915254240254
1780030095,21.129661016948063
1780030110,21.226271186443245
1780030125,21.285593220340072
1780030140,21.3313559322027
1780030155,21.27711864406592
1780030170,21.22796610169413
1780030185,21.25254237288372
1780030200,21.29067796610259
1780030215,21.291525423725567
1780030230,21.261864406778376
1780030245,21.304237288136775
1780030260,21.355084745764398
1780030275,21.360169491524438
1780030290,21.343220338986015
1780030305,21.461864406782126
1780030320,21.405084745764103
1780030335,21.438135593222906
1780030350,21.53050847457608
1780030365,21.601694915253745
1780030380,21.550847457626134
1780030395,21.69576271186273
1780030410,21.75847457627612
1780030425,21.638135593216788
1780030440,21.62796610169423
1780030455,21.64491525423512
1780030470,21.616949152541288
1780030485,21.83389830508593
1780030500,21.764406779661616
1780030515,21.60593220339082
1780030530,21.63728813559629
1780030545,21.60000000000286
1780030560,21.671186440675605
1780030575,21.761016949152445
1780030590,21.72881355932401
1780030605,21.63983050847754
1780030620,21.64406779660968
1780030635,21.561016949153633
1780030650,21.520338983051047
1780030665,21.629661016950042
1780030680,21.706779661020605
1780030695,21.607627118646633
1780030710,21.52711864406691
1780030725,21.48474576271098
1780030740,21.3635593220336
1780030755,21.428813559320847
1780030770,21.31525423729219
1780030785,21.415254237289126
1780030800,21.401694915254932
1780030815,22.32627118644167
1780030830,22.388983050847656
1780030845,22.395762711861057
1780030860,22.314406779665752
1780030875,22.363559322035087
1780030890,22.53983050847468
1780030905,22.55169491525305
1780030920,22.63559322033455
1780030935,22.63813559322073
1780030950,22.627966101695705
1780030965,22.461864406781153
1780030980,22.427118644066514
1780030995,22.471186440675794
1780031010,22.497457627118745
1780031025,22.51271186440629
1780031040,22.53559322034007
1780031055,22.77542372881356
1780031070,22.861864406778775
1780031085,22.680508474576666
1780031100,22.731355932201815
1780031115,21.760169491527005
1780031130,21.751694915252862
1780031145,21.87203389830479
1780031160,21.81440677966131
1780031175,21.821186440682116
1780031190,21.640677966102984
1780031205,21.619491525425016
1780031220,21.637288135593813
1780031235,21.702542372878597
1780031250,21.6186440677971
1780031265,21.534745762713147
1780031280,21.506779661019326
1780031295,21.55169491525404
1780031310,21.549999999998228
1780031325,21.48305084745763
1780031340,21.511864406779367
1780031355,21.59576271186332
1780031370,21.517796610169793
1780031385,21.53728813558947
1780031400,21.45338983051045
1780031415,21.462711864405104
1780031430,21.413559322033304
1780031445,21.274576271189606
1780031460,21.33220338982814
1780031475,21.361016949152344
1780031490,21.39830508474576
1780031505,21.294915254239655
1780031520,21.480508474576375
1780031535,21.6144067796625
1780031550,21.761864406777885
1780031565,21.837288135592626
1780031580,21.813559322033406
1780031595,21.94999999999585
1780031610,22.047457627116472
1780031625,21.85169491525474
1780031640,21.811016949154617
1780031655,21.91694915254445
1780031670,22.139830508477043
1780031685,22.092372881358603
1780031700,22.179661016946795
1780031715,22.344915254238373
1780031730,22.43050847457568
1780031745,22.418644067794837
1780031760,22.42627118644107
1780031775,22.533050847458814
1780031790,22.6694915254262
1780031805,22.51271186440875
1780031820,22.421186440678564
1780031835,22.387288135594307
1780031850,22.43050847457322
1780031865,22.388135593222213
1780031880,22.40000000000306
1780031895,22.281355932202008
1780031910,22.298305084745373
1780031925,22.252542372882743
1780031940,22.26525423728902
1780031955,22.270338983049076
1780031970,22.095762711862832
1780031985,22.07711864407106
1780032000,22.22627118643978
1780032015,22.053389830506898
1780032030,21.998305084744672
1780032045,22.06440677965984
1780032060,22.074576271184863
1780032075,22.10847457626912
1780032090,22.129661016952017
1780032105,22.161864406777987
1780032120,22.196610169487684
1780032135,22.08559322034027
1780032150,21.948305084744966
1780032165,21.930508474576182
1780032180,21.98389830508505
1780032195,21.971186440681223
1780032210,21.86864406779563
1780032225,21.844067796608503
1780032240,21.849152542373474
1780032255,21.879661016951026
1780032270,21.849999999998914
1780032285,21.847457627120125
1780032300,21.752542372883234
1780032315,21.754237288134114
1780032330,21.703389830508968
1780032345,21.641525423728424
1780032360,21.56355932203242
1780032375,21.551694915251574
1780032390,21.4440677966084
1780032405,21.455932203391704
1780032420,21.283050847458806
1780032435,21.281355932205457
1780032450,21.338983050848938
1780032465,21.382203389827847
1780032480,21.423728813555876
1780032495,21.433050847457924
1780032510,21.5720338983041
1780032525,21.52033898305351
1780032540,21.6677966101689
1780032555,21.587288135594108
1780032570,21.5677966101695
1780032585,21.50254237288225
1780032600,21.57966101694787
1780032615,21.618644067794634
1780032630,21.742372881358207
1780032645,21.822881355933
1780032660,21.728813559321548
1780032675,21.721186440677776
1780032690,21.65169491525345
1780032705,21.60677966101626
1780032720,21.70508474576478
1780032735,21.777118644067905
1780032750,21.60169491525621
1780032765,21.697457627121008
1780032780,21.70932203389939
1780032795,21.71949152541949
1780032810,21.68898305084934
1780032825,21.633898305084653
1780032840,21.718644067798976
1780032855,21.662711864406383
1780032870,21.702542372883528
1780032885,21.694067796609385
1780032900,21.805932203389634
1780032915,21.708474576269023
1780032930,21.646610169493407
1780032945,21.569491525422848
1780032960,21.617796610169194
1780032975,21.561016949153633
1780032990,21.50593220338648
1780033005,21.734745762714436
1780033020,21.7271186440682
1780033035,21.564406779660327
1780033050,21.682203389831002
1780033065,21.51610169491891
1780033080,21.61271186440421
1780033095,21.568644067797404
1780033110,21.700000000002273
1780033125,21.585593220338296
1780033140,21.51016949152602
1780033155,21.6110169491484
1780033170,21.532203389834358
1780033185,21.394915254239066
1780033200,21.404237288136187
1780033215,21.331355932200236
1780033230,21.43050847457667
1780033245,21.48389830508307
1780033260,21.438983050845884
1780033275,21.555932203386185
1780033290,21.25508474576252
1780033305,21.272881355928853
1780033320,21.361016949152344
1780033335,21.464406779660916
1780033350,21.492372881354747
1780033365,21.516949152544342
1780033380,21.494067796608096
1780033395,21.62033898305292
1780033410,21.732203389828243
1780033425,21.642372881353864
1780033440,21.733050847458625
1780033455,21.81186440677513
1780033470,21.827966101695505
1780033485,21.77881355932618
1780033500,21.680508474577653
1780033515,21.850000000003856
1780033530,21.773728813558733
1780033545,21.801694915255034
1780033560,21.787288135595396
1780033575,21.75338983051114
1780033590,21.795762711864608
1780033605,21.8203389830542
1780033620,21.798305084745863
1780033635,21.766101694914962
1780033650,21.795762711867074
1780033665,21.775423728812083
1780033680,21.68559322034017
1780033695,21.673728813554384
1780033710,21.701694915253157
1780033725,21.90677966101695
1780033740,21.727118644065722
1780033755,21.695762711867662
1780033770,21.948305084744966
1780033785,21.833050847453084
1780033800,21.89491525423857
1780033815,21.936440677966594
1780033830,22.06440677966477
1780033845,21.88389830508317
1780033860,21.766949152540406
1780033875,22.022881355934278
1780033890,22.1355932203375
1780033905,22.00677966102129
1780033920,22.15254237288333
1780033935,22.218644067798486
1780033950,22.252542372880267
1780033965,22.115254237289918
1780033980,22.18728813559303
1780033995,22.335593220341256
1780034010,22.31440677966082
1780034025,22.33644067796916
1780034040,22.336440677966696
1780034055,22.17966101694926
1780034070,22.090677966100316
1780034085,22.147457627115884
1780034100,22.15677966101548
1780034115,22.10762711864368
1780034130,22.110169491524935
1780034145,21.976271186441277
1780034160,21.97542372881336
1780034175,22.235593220336913
1780034190,22.150847457625055
1780034205,22.320338983051247
1780034220,22.175423728812184
1780034235,22.219491525421464
1780034250,22.450847457625734
1780034265,22.577118644068094
1780034280,22.551694915255528
1780034295,22.415254237285676
1780034310,22.48644067796828
1780034325,22.355084745760934
1780034340,22.555084745759757
1780034355,22.416949152541488
1780034370,22.412711864406877
1780034385,22.458474576271982
1780034400,22.499999999999996
1780034415,22.47796610169166
1780034430,22.527118644068388
1780034445,22.475423728810394
1780034460,22.641525423727437
1780034475,22.524576271187136
1780034490,22.683050847455455
1780034505,22.572033898305577
1780034520,22.472881355936547
1780034535,22.5635593220339
1780034550,22.444915254237785
1780034565,22.46525423729031
1780034580,22.46949152542245
1780034595,22.577966101693537
1780034610,22.55762711864594
1780034625,22.74237288135721
1780034640,22.568644067796416
1780034655,22.67881355932332
1780034670,22.709322033898406
1780034685,22.841525423728715
1780034700,22.919491525424718
1780034715,22.833898305084944
1780034730,22.81610169491861
1780034745,22.81271186440945
1780034760,22.750847457626435
1780034775,22.744915254238474
1780034790,22.64067796609952
1780034805,22.574576271186842
1780034820,22.527118644068388
1780034835,22.471186440675794
1780034850,22.555932203390128
1780034865,22.505084745762517
1780034880,22.605084745764394
1780034895,22.416949152543953
1780034910,22.450847457625745
1780034925,22.529661016949643
1780034940,22.555084745762223
1780034955,22.59322033898108
1780034970,22.466101694915743
1780034985,22.436440677963642
1780035000,22.40000000000306
1780035015,22.486440677965813
1780035030,22.36864406779513
1780035045,22.416949152543953
1780035060,22.319491525425804
1780035075,22.34322033898256
1780035090,22.370338983050953
1780035105,22.3508474576288
1780035120,22.46694915254366
1780035135,22.495762711865396
1780035150,22.394915254235613
1780035165,22.37542372881347
1780035180,22.370338983050942
1780035195,22.329661016948364
1780035210,22.33644067796423
1780035225,22.22118644067974
1780035240,22.232203389832684
1780035255,22.270338983049076
1780035270,22.22203389830518
1780035285,22.20762711864308
1780035300,22.18644067796758
1780035315,22.149999999999604
1780035330,22.36355932203262
1780035345,22.21186440678016
1780035360,22.038135593219355
1780035375,22.096610169493204
1780035390,22.24237288135278
1780035405,22.18474576271423
1780035420,22.157627118643376
1780035435,22.195762711859768
1780035450,22.235593220336913
1780035465,22.206779661015176
1780035480,22.212711864403133
1780035495,22.250847457624456
1780035510,22.292372881359878
1780035525,22.338135593220045
1780035540,22.226271186439796
1780035555,22.155084745764587
1780035570,22.2949152542362
1780035585,22.45508474576774
1780035600,22.452542372886487
1780035615,22.422033898303994
1780035630,22.411016949151062
1780035645,22.14830508474379
1780035660,22.161864406780452
1780035675,22.454237288129974
1780035690,22.72372881355804
1780035705,22.6271186440678
1780035720,22.62627118644236
1780035735,22.483898305087013
1780035750,22.595762711862342
1780035765,22.596610169492713
1780035780,22.34745762711964
1780035795,22.374576271185553
1780035810,22.403389830507294
1780035825,22.364406779662993
1780035840,22.503389830511633
1780035855,22.44915254237485
1780035870,22.362711864404705
1780035885,22.312711864407465
1780035900,22.33898305084796
1780035915,22.314406779663287
1780035930,22.29406779661076
1780035945,22.313559322032916
1780035960,22.266101694914465
1780035975,22.027966101696794
1780035990,22.065254237290212
1780036005,22.114406779664474
1780036020,22.1245762711895
1780036035,22.02203389830637
1780036050,22.169491525426686
1780036065,22.166949152540504
1780036080,22.244067796611056
1780036095,22.277966101695313
1780036110,22.22203389830518
1780036125,22.551694915253062
1780036140,22.401694915253945
1780036155,22.351694915256704
1780036170,22.52033898305006
1780036185,22.563559322036365
1780036200,22.58644067796768
1780036215,22.5677966101685
1780036230,22.654237288138656
1780036245,22.593220338983542
1780036260,22.552542372880968
1780036275,22.36949152542551
1780036290,22.551694915250586
1780036305,22.404237288140138
1780036320,22.3508474576288
1780036335,22.44491525424025
1780036350,22.437288135591547
1780036365,22.295762711864107
1780036380,22.227118644070167
1780036395,22.216949152537737
1780036410,22.08389830508445
1780036425,22.101694915253255
1780036440,22.198305084748426
1780036455,22.174576271189206
1780036470,22.075423728815235
1780036485,22.094915254234927
1780036500,21.99322033898463
1780036515,21.95677966101912
1780036530,21.794915254239168
1780036545,22.088983050846966
1780036560,22.046610169488567
1780036575,22.00847457626971
1780036590,22.05000000000267
1780036605,22.164406779661718
1780036620,22.289830508473695
1780036635,22.450847457625734
1780036650,22.572033898305577
1780036665,22.68644067796709
1780036680,22.685593220339186
1780036695,22.72033898305135
1780036710,22.765254237288534
1780036725,22.79152542372902
1780036740,22.788983050847754
1780036755,22.61016949152197
1780036770,22.667796610167912
1780036785,22.661864406782428
1780036800,22.742372881354743
1780036815,22.725423728813855
1780036830,22.614406779659046
1780036845,22.738135593220143
1780036860,22.659322033896235
1780036875,22.770338983051055
1780036890,22.762711864404807
1780036905,22.766949152544345
1780036920,22.758474576270203
1780036920,22.758474576270203
1780036935,22.733050847457626
1780036950,22.82372881355745
1780036965,22.87966101695251
1780036980,22.838135593219544
1780036995,22.859322033899986
1780037010,22.934745762714726
1780037025,22.945762711865193
1780037040,23.0313559322025
1780037055,23.13559322033898
1780037070,23.213559322037458
1780037085,23.20508474576577
1780037100,23.27966101694767
1780037115,23.150847457628988
1780037130,23.303389830511833
1780037145,23.246610169491333
1780037160,23.29067796609815
1780037175,23.36694915254327
1780037190,23.32203389830607
1780037205,23.3211864406757
1780037220,23.31355932203687
1780037235,23.06949152542136
1780037250,23.067796610165548
1780037265,23.01864406779869
1780037280,22.989830508474483
1780037295,23.035593220339567
1780037310,22.918644067796812
1780037325,23.11779661016772
1780037340,23.109322033903435
1780037355,22.92796610169393
1780037370,23.11694915254474
1780037385,23.15677966101696
1780037400,23.127118644067302
1780037415,23.183898305082874
1780037430,23.118644067798087
1780037445,23.3067796610136
1780037460,23.39406779660178
1780037475,23.451694915257594
1780037490,23.317796610173936
1780037505,23.317796610166532
1780037520,23.34237288135367
1780037535,23.322033898301143
1780037550,23.325423728812776
1780037565,23.372881355928754
1780037580,23.333898305084453
1780037595,23.32881355932934
1780037610,23.3067796610136
1780037625,23.488135593225568
1780037640,23.506779661012413
1780037655,23.47711864407016
1780037670,23.484745762709004
1780037685,23.514406779661122
1780037700,23.664406779662695
1780037715,23.60508474576093
1780037730,23.72966101695487
1780037745,23.55254237288491
1780037760,23.544067796605827
1780037775,23.523728813570564
1780037790,23.636440677963932
1780037805,23.645762711868457
1780037820,23.655932203391018
1780037835,23.56949152543073
1780037850,23.71271186440658
1780037865,23.69576271186076
1780037880,23.64406779661017
1780037895,23.811016949147714
1780037910,23.77203389829601
1780037925,23.681355932198656
1780037940,23.64322033898474
1780037955,23.819491525421853
1780037970,23.713559322044354
1780037985,23.811864406783023
1780038000,23.850847457632252
1780038015,24.497457627119235
1780038030,24.519491525415248
1780038045,24.622881355941082
1780038060,24.586440677965715
1780038075,24.588135593226458
1780038090,24.648305084743793
1780038105,24.791525423727045
1780038120,24.66779661017088
1780038135,24.73135593219984
1780038150,24.698305084745964
1780038165,24.670338983049668
1780038180,24.57627118643575
1780038195,24.477118644064255
1780038210,24.394915254236103
1780038225,24.63050847457746
1780038240,24.70169491525266
1780038255,24.81525423729366
1780038270,24.948305084751876
1780038285,24.666101694919995
1780038300,24.688135593220938
1780038315,24.055084745765676
1780038330,24.027966101692357
1780038345,24.021186440678953
1780038360,24.08559322033583
1780038375,24.104237288139927
1780038390,24.05000000000316
1780038405,24.04237288136185
1780038420,24.04067796609617
1780038435,24.144067796612145
1780038450,24.231355932202803
1780038465,24.181355932205562
1780038480,24.45677966101418
1780038495,24.46440677966043
1780038510,24.7338983050885
1780038525,24.67627118644502
1780038540,24.347457627117663
1780038555,24.399152542370718
1780038570,24.49237288135673
1780038585,24.479661016947972
1780038600,24.48050847458081
1780038615,24.439830508470827
1780038630,24.535593220335628
1780038645,24.57000291523803
1780038660,24.62627118644285
1780038675,24.340677966104263
1780038690,24.31016949152425
1780038705,24.443220338977522
1780038720,24.572033898301136
1780038735,24.409322033900672
1780038750,24.474576271185455
1780038765,24.33050847456444
1780038780,24.130508474575485
1780038795,24.104237288130072
1780038810,24.249152542374077
1780038825,24.293220338985822
1780038840,24.481355932198856
1780038855,24.318644067798388
1780038870,24.308474576268434
1780038885,24.116949152543754
1780038900,24.221186440677766
1780038915,24.187288135591057
1780038930,24.055084745770607
1780038945,23.916101694912093
1780038960,24.005084745758577
1780038975,24.007627118642294
1780038990,23.99491525423354
1780039005,24.175423728815137
1780039020,24.109322033902448
1780039035,24.18644067796808
1780039050,24.20423728813441
1780039065,24.21355932203153
1780039080,24.182203389828537
1780039095,24.092372881354162
1780039110,23.838135593223498
1780039125,23.76864406779424
1780039140,23.838135593223498
1780039155,23.578813559325397
1780039170,23.64406779661017
1780039185,23.56864406780036
1780039200,23.5186440677982
1780039215,23.611016949156294
1780039230,23.614406779658058
1780039245,23.772033898305878
1780039260,23.932203389832484
1780039275,23.982203389829728
1780039290,23.944067796608394
1780039305,23.953389830510453
1780039320,23.817796610173446
1780039335,23.872881355928254
1780039350,23.779661016947184
1780039365,23.8101694915272
1780039380,23.717796610164164
1780039395,23.856779661022674
1780039410,23.772033898300936
1780039425,23.752542372883735
1780039440,23.729661016945013
1780039455,23.772033898305878
1780039470,23.76271186440382
1780039485,23.716101694918212
1780039500,23.828813559316508
1780039515,23.716101694913284
1780039530,23.663559322032324
1780039545,23.63220338982932
1780039560,23.494067796608597
1780039575,23.394915254242022
1780039590,23.442372881350604
1780039605,23.49576271185947
1780039620,23.618644067792673
1780039635,23.683898305082383
1780039650,23.517796610170283
1780039665,23.702542372881553
1780039680,23.844067796608993
1780039695,23.929661016953695
1780039710,24.112711864409153
1780039725,24.17711864407095
1780039740,24.222033898300754
1780039755,24.314406779663788
1780039770,24.44152542372171
1780039785,24.52627118643358
1780039800,24.533898305079816
1780039815,24.475423728808433
1780039830,24.397457627119824
1780039845,24.219491525417027
1780039860,24.4966101694864
1780039875,24.522033898303906
1780039890,24.504237288137563
1780039905,24.35084745761943
1780039920,24.19745762711608
1780039935,24.011016949158858
1780039950,24.116949152548695
1780039965,23.90169491525247
1780039980,23.99491525423847
1780039995,23.761864406775913
1780040010,23.656779661018923
1780040025,23.542372881354943
1780040040,23.572033898307065
1780040055,23.49999999999408
1780040070,23.372033898308242
1780040085,23.455932203392194
1780040100,23.65508474576804
1780040115,23.547457627117463
1780040130,23.498305084743198
1780040145,23.478813559321043
1780040160,23.368644067801547
1780040175,23.303389830511833
1780040190,23.197457627122
1780040205,23.227966101697085
1780040220,23.282203389828936
1780040235,23.18983050847576
1780040250,23.289830508465304
1780040265,23.141525423724474
1780040280,23.26525423728557
1780040295,23.451694915252663
1780040310,23.150847457626533
1780040325,23.20169491525661
1780040340,23.127966101697684
1780040355,23.207627118647032
1780040370,23.12881355932559
1780040385,22.95762711864604
1780040400,22.683898305088302
1780040415,22.84152542372625
1780040430,22.90084745763048
1780040445,22.979661016946984
1780040460,22.88898305084963
1780040475,23.153389830505322
1780040490,23.371186440680336
1780040505,23.425423728812177
1780040520,23.483898305078633
1780040535,23.736440677968275
1780040550,23.76949152541722
1780040565,23.819564266761585
1780040580,23.933898305093226
1780040595,24.090677966103268
1780040610,24.27288135593576
1780040625,24.53050847456819
1780040640,24.578813559319478
1780040655,24.77203389830489
1780040670,24.953389830509465
1780040685,25.128813559318687
1780040700,25.344915254228017
1780040715,25.33474576270792
1780040730,25.46779661016614
1780040745,25.661864406784396
1780040760,25.52033898305204
1780040775,25.600000000006318
1780040790,25.608474576270602
1780040805,25.602542372875238
1780040820,25.54661016949251
1780040835,25.672881355932397
1780040850,25.741525423728817
1780040865,25.668644067802727
1780040880,25.71610169491131
1780040895,25.966949152545137
1780040910,25.955932203387267
1780040925,26.0694915254184
1780040940,26.125423728810993
1780040955,26.022033898304887
1780040970,26.077118644069575
1780040985,26.044067796610758
1780041000,25.778813559317303
1780041015,26.138135593219747
1780041030,26.214406779657473
1780041045,26.161016949148596
1780041060,26.263559322026797
1780041075,26.33813559321856
1780041090,26.396610169494885
1780041105,26.577118644066612
1780041120,26.56864406779247
1780041135,26.635593220342923
1780041150,26.642372881356337
1780041165,26.6322033898313
1780041180,26.862711864410137
1780041195,26.627118644068794
1780041210,26.70338983050651
1780041225,26.62033898304552
1780041240,26.566949152541586
1780041255,26.829661016951324
1780041270,26.877118644069775
1780041285,26.608474576269604
1780041300,26.546610169491526
1780041315,26.515254237283603
1780041330,26.423728813563272
1780041345,26.471186440676785
1780041360,26.384745762714033
1780041375,26.318644067801344
1780041390,26.353389830506114
1780041405,26.201694915253647
1780041420,26.197457627123978
1780041435,26.221186440680732
1780041450,26.198305084746952
1780041465,26.15338983050729
1780041480,26.004237288128685
1780041495,25.871186440670467
1780041510,25.872033898308246
1780041525,25.68813559321994
1780041540,25.698305084744977
1780041555,25.616101694916836
1780041570,25.69576271186125
1780041585,26.024576271183687
1780041600,26.151694915256407
1780041615,26.27627118643555
1780041630,26.442372881357514
1780041645,26.50932203389811
1780041660,26.672033898298576
1780041675,26.713559322036474
1780041690,26.91694915254198
1780041705,26.906779661021886
1780041720,26.945762711866195
1780041735,27.150847457622586
1780041750,27.246610169492325
1780041765,27.515254237282615
1780041780,27.367796610164753
1780041795,27.471186440675798
1780041810,27.647457627122797
1780041825,27.670338983041777
1780041840,27.74915254237802
1780041855,27.766949152544342
1780041870,27.688983050845884
1780041885,27.499152542377026
1780041900,27.367796610174622
1780041915,27.322881355934967
1780041930,27.2203389830469
1780041945,27.11779661016871
1780041960,27.29576271186165
1780041975,27.29915254237327
1780041990,27.038983050852195
1780042005,27.149152542371702
1780042020,27.10423728813698
1780042035,26.833050847453087
1780042050,26.883898305078237
1780042065,26.844915254233936
1780042080,26.92203389830943
1780042095,26.841525423732172
1780042110,26.809322033896333
1780042125,26.761016949149983
1780042140,26.75762711864822
1780042155,26.820338983044344
1780042170,26.866949152544738
1780042185,26.954237288135396
1780042200,27.088983050849436
1780042215,27.13305084745131
1780042230,27.308474576275334
1780042245,27.38389830508514
1780042260,27.250847457621987
1780042275,27.478813559322035
1780042290,27.411016949153534
1780042305,27.513559322031732
1780042320,27.31610169491664
1780042335,27.36186440677927
1780042350,27.318644067805298
1780042365,27.207627118643085
1780042380,27.177118644072927
1780042395,27.059322033897317
1780042410,27.08389830508692
1780042425,27.147457627115877
1780042440,27.15169491525542
1780042455,26.827118644067603
1780042470,26.805932203384696
1780042485,26.77118644067994
1780042500,26.573728813559917
1780042515,26.33135593220517
1780042530,26.272881355938715
1780042545,26.101694915254235
1780042560,26.210169491522862
1780042575,25.83389830508198
1780042590,25.77966101695014
1780042605,25.83135593220319
1780042620,25.819491525432213
1780042635,25.77966101694521
1780042650,25.784745762712657
1780042665,25.88389830507922
1780042680,26.043220338982852
1780042695,25.91694915254297
1780042710,25.960169491531747
1780042725,25.93728813559303
1780042740,26.042372881354947
1780042755,25.928813559323814
1780042770,25.95084745763462
1780042785,25.81101694915313
1780042800,25.794915254232752
1780042815,25.93474576271424
1780042830,25.835593220342734
1780042845,25.840677966105254
1780042860,25.847457627118644
1780042875,25.755084745765476
1780042890,25.691525423726645
1780042905,25.716101694916247
1780042920,25.53983050846925
1780042935,25.522033898312777
1780042950,25.44915254237683
1780042965,25.492372881355728
1780042980,25.19830508474794
1780042995,25.34152542373118
1780043010,25.31016949152819
1780043025,25.48728813559322
1780043040,25.656779661016948
1780043055,26.017796610170286
1780043070,26.127966101699652
1780043085,26.519491525423145
1780043100,26.738135593221134
1780043115,27.20169491525266
1780043130,27.490677966102883
1780043145,27.823728813564852
1780043160,28.365254237289918
1780043175,28.799152542369335
1780043190,29.421186440676593
1780043205,30.002542372878793
1780043220,30.672033898309426
1780043235,31.144067796610177
1780043250,31.803389830505914
1780043265,32.48389830508949
1780043280,33.122881355935164
1780043295,33.792372881351
1780043310,34.251694915257794
1780043325,34.96864406780193
1780043340,35.51525423729446
1780043355,36.3169491525406
1780043370,36.93474576271818
1780043385,37.357627118639726
1780043400,37.865254237297805
1780043415,38.70845819039249
1780043430,39.128813559324605
1780043445,40.049152542369335
1780043460,40.43305084745644
1780043475,40.840677966110185
1780043490,41.53305084745487
1780043505,41.89067796610644
1780043520,42.122033898308246
1780043535,42.42627118644601
1780043550,42.57033898304729
1780043565,42.9525423728786
1780043580,43.178813559322826
1780043595,43.23305084746454
1780043610,43.44067796609971
1780043625,43.63389830508021
1780043640,43.933050847455455
1780043655,43.85593220338491
1780043670,43.84067796610722
1780043685,43.883898305091066
1780043700,43.97966101695586
1780043715,43.57457627118585
1780043730,43.59322033898996
1780043745,43.3033898305069
1780043760,43.2677966101693
1780043775,42.99915254236421
1780043790,42.83898305084746
1780043805,42.93135593220063
1780043820,43.09322033898305
1780043835,43.003389830508674
1780043850,42.682203389827556
1780043865,42.85169491526115
1780043880,42.92966101695468
1780043895,43.078813559323414
1780043910,43.012711864405794
1780043925,43.09406779661096
1780043940,43.24915254237999
1780043955,43.41949152541682
1780043970,43.21779661016713
1780043985,43.26949152542511
1780044000,43.60084745762634
1780044015,44.38813559321777
1780044030,44.61525423728992
1780044045,44.809322033898304
1780044060,44.81949152542827
1780044075,44.93135593220359
1780044090,44.94322033897951
1780044105,44.7313559321949
1780044120,44.60084745763028
1780044135,44.66864406780371
1780044150,45.068644067801344
1780044165,45.205084745766264
1780044180,45.53559322033465
1780044195,45.2584745762702
1780044210,45.002542372883724
1780044225,45.25254237287978
1780044240,44.868644067802535
1780044255,44.906779661023855
1780044270,44.89322033898227
1780044285,45.58389830508594
1780044300,44.69830508474596
1780044315,44.627118644065824
1780044330,44.76101694915195
1780044345,44.75338983050572
1780044360,45.06779661016357
1780044375,45.08644067796275
1780044390,45.20254237288254
1780044405,45.4432203389864
1780044420,45.46186440677571
1780044435,45.68135593220162
1780044450,45.41186440677354
1780044465,45.325423728815736
1780044480,45.59491525423394
1780044495,45.702542372884515
1780044510,45.743220338984635
1780044525,45.924576271189196
1780044540,45.93728813559302
1780044555,45.86016949152246
1780044570,45.78644067796848
1780044585,45.68728813559697
1780044600,45.43983050847478
1780044615,45.09322033898108
1780044630,45.0067796610134
1780044645,44.70338983050848
1780044660,44.47288135593457
1780044675,44.48644067796137
1780044690,44.59745762712358
1780044705,44.6587592416277
1780044720,44.5364406779734
1780044735,44.36949152542846
1780044750,44.00593220339635
1780044765,43.84237288135318
1780044780,43.62372881355518
1780044795,43.56271186440994
1780044810,43.43220338983051
1780044825,43.283898305079816
1780044840,43.242372881351784
1780044855,43.25508474576054
1780044870,43.12654026989811
1780044885,43.00847457627118
1780044900,43.3601694915274
1780044915,43.36186440677828
1780044930,42.96186440678558
1780044945,43.22157137917788
1780044960,43.25847457627218
1780044975,43.41525423728715
1780044990,43.40084745762751
1780045005,43.228813559325
1780045020,43.18135593220161
1780045035,43.44491525423433
1780045050,43.95677966102208
1780045065,44.063559322034884
1780045080,43.89067796610446
1780045095,44.0610169491561
1780045110,44.000000000000995
1780045125,44.11610169491584
1780045140,44.35084745761942
1780045155,44.364406779661024
1780045170,44.27627118643752
1780045185,44.204237288139346
1780045200,44.18644067796807
1780045215,44.8372881355946
1780045230,45.05847457627632
1780045245,44.90169491524654
1780045260,44.70084745762969
1780045275,44.73898305085101
1780045290,44.888135593219744
1780045305,45.17881355932578
1780045320,45.2228813559326
1780045335,44.7974576271224
1780045350,44.82711864406957
1780045365,44.82542372881375
1780045380,44.89152542372645
1780045395,44.63813559321383
1780045410,44.66525423729208
1780045425,44.46694915254415
1780045440,44.43474576271325
1780045455,44.65508474576705
1780045470,44.495762711868345
1780045485,44.455932203391214
1780045500,44.53135593220102
1780045515,44.05593220338865
1780045530,43.79406779661175
1780045545,43.869214889342075
1780045560,43.835593220344705
1780045575,43.750847457632844
1780045590,43.53474576271365
1780045605,43.51440677965866
1780045620,44.15414706241844
1780045635,44.01864406780016
1780045650,44.136440677970846
1780045665,43.87665168372155
1780045680,44.200847457622785
1780045695,44.39237288135731
1780045710,44.344067796606026
1780045725,44.726271186452124
1780045740,44.78474576270871
1780045755,44.97881355932204
1780045770,45.006779661023266
1780045785,44.94915254236993
1780045800,45.13559322034194
1780045815,45.36694915253883
1780045830,45.827966101691565
1780045845,45.8576271186486
1780045860,46.36749456785224
1780045875,46.46440677965352
1780045890,46.63728813558888
1780045905,46.2288135593171
1780045920,45.97748489841478
1780045935,45.92203389830548
1780045950,45.794067796609774
1780045965,45.63898305084568
1780045980,45.586440677964724
1780045995,45.41562430085418
1780046010,45.37966101695251
1780046025,45.08305084746098
1780046040,44.721186440674806
1780046055,44.51949152542512
1780046070,44.45677966101913
1780046085,44.28220338983287
1780046100,44.28559322033958
1780046115,44.22834421461669
1780046130,44.31694915254257
1780046145,44.033050847464736
1780046160,44.05762711863953
1780046175,43.710169491522855
1780046190,43.47711864407017
1780046205,43.88983050847162
1780046220,43.816949152540595
1780046235,43.968644067793065
1780046250,43.80338983050394
1780046265,43.93983050847379
1780046280,43.876271186444825
1780046295,43.84915254237644
1780046310,43.71101694915076
1780046325,43.530508474574106
1780046340,43.62881355931769
1780046355,44.1991525423719
1780046370,44.266949152540406
1780046385,44.09406779660997
1780046400,43.948305084743
1780046415,43.81186440677809
1780046430,43.4627118644056
1780046445,43.177966101694906
1780046460,43.19152542372664
1780046475,43.37288135593123
1780046490,43.38220338982835
1780046505,43.503389830510656
1780046520,43.06564023295113
1780046535,43.226271186436335
1780046550,43.651694915256414
1780046565,43.66949152541781
1780046580,43.594067796608
1780046595,43.67711864406898
1780046610,43.80677966101557
1780046625,43.90847457627572
1780046640,43.810169491527205
1780046655,43.45847457627099
1780046670,43.499152542371114
1780046685,43.58813559322744
1780046700,43.55593220339161
1780046715,43.588983050840554
1780046730,43.6152542372909
1780046745,43.58389830508297
1780046760,43.52372881355577
1780046775,43.770720198511285
1780046790,43.7822033898309
1780046805,43.72542372881041
1780046820,43.86186440678025
1780046835,44.443220338992326
1780046850,44.39322033898523
1780046865,44.689830508476746
1780046880,45.205084745761326
1780046895,45.27457627118072
1780046910,45.479661016946984
1780046925,45.67627118644897
1780046940,45.62118644068428
1780046955,46.25593220339043
1780046970,46.42881355931592
1780046985,46.46101694914682
1780047000,46.59661016948876
1780047015,46.90932203390068
1780047030,47.321186440679156
1780047045,47.38220338982933
1780047060,47.20762711864308
1780047075,47.07881355932441
1780047090,47.11440677966201
1780047105,46.95254237287958
1780047120,46.672033898303496
1780047135,46.343220338986015
1780047150,46.227601543055584
1780047165,45.923728813561304
1780047180,46.02881355932815
1780047195,45.950847457629685
1780047210,45.5135593220337
1780047225,45.24745762711233
1780047240,45.48983050847202
1780047255,45.17542372880923
1780047270,44.879661016950536
1780047285,45.166949152535075
1780047300,44.95254237287662
1780047315,44.94406779660741
1780047330,44.527966101694325
1780047345,44.6169491525408
1780047360,44.767796610170286
1780047375,44.89745762712181
1780047390,45.08596551887864
1780047405,45.214406779663385
1780047420,44.905084745758174
1780047435,44.719491525423926
1780047450,44.65508474576212
1780047465,44.62118644067541
1780047480,44.55932203390225
1780047495,44.832203389822226
1780047510,45.198305084743005
1780047525,45.38389830509204
1780047540,45.17288135593536
1780047555,45.22627118643929
1780047570,45.20254237287761
1780047585,45.19915254237091
1780047600,45.19915254237584
1780047615,45.24491525423847
1780047630,45.53559322033958
1780047645,45.44745762712594
1780047660,45.43474576270733
1780047675,45.30762711864939
1780047690,45.12288135592826
1780047705,44.99406779660464
1780047720,45.2305084745739
1780047735,45.17288135593536
1780047750,45.02203389829601
1780047765,44.66355932203627
1780047780,44.858474576277494
1780047795,44.9398305084728
1780047810,45.05593220339259
1780047825,44.70169491525265
1780047840,44.79915254237328
1780047855,44.982203389823795
1780047870,44.82881355932046
1780047885,44.79152542372704
1780047900,44.95169491525365
1780047915,44.55084745762811
1780047930,44.66355932203627
1780047945,44.52966101695508
1780047960,44.471186440673826
1780047975,44.53050847457312
1780047990,44.73050847457193
1780048005,45.05338983050393
1780048020,44.937288135589085
1780048035,44.81694915253961
1780048050,44.702542372875634
1780048065,45.470338983049864
1780048080,45.81694915253862
1780048095,45.28220338982696
1780048110,45.38135593220339
1780048125,45.38898305083976
1780048140,45.58389830507606
1780048155,45.333898305084944
1780048170,45.30084745762613
1780048185,45.529661016944225
1780048200,45.211016949156694
1780048215,45.0813559322101
1780048230,44.84491525423591
1780048245,44.752542372872874
1780048260,44.863559322030156
1780048275,44.66271186440836
1780048290,44.61186440677335
1780048305,44.342372881360085
1780048320,44.745762711859484
1780048335,44.774576271188614
1780048350,44.542372881358894
1780048365,43.87542372882185
1780048380,43.799152542374266
1780048395,43.65000000000059
1780048410,43.470913855109394
1780048425,43.433898305091255
1780048440,43.37372881355913
1780048455,43.55847457627533
1780048470,43.714406779662404
1780048485,43.6194915254255
1780048500,43.78898305085417
1780048515,43.78728813559343
1780048530,43.95677966101221
1780048545,44.100847457623374
1780048560,44.21610169491525
1780048575,44.50932203390502
1780048590,44.70470986244133
1780048605,44.54915254238215
1780048620,44.87711864406682
1780048635,45.23389830507567
1780048650,45.10206710462585
1780048665,45.08898305084648
1780048680,45.16440677966615
1780048695,45.17881355932085
1780048710,45.39576271186796
1780048725,45.51101694914998
1780048740,45.64915254237071
1780048755,45.62203389830233
1780048770,45.483898305076664
1780048785,45.371186440683296
1780048800,45.443220338986414
1780048815,45.58559322033682
1780048830,45.4491525423719
1780048845,45.46949152542196
1780048860,45.49152542373276
1780048875,45.20423728813836
1780048890,45.33135593220122
1780048905,45.145762711862034
1780048920,44.77118644068191
1780048935,44.65338983051124
1780048950,44.84491525423591
1780048965,44.927966101691965
1780048980,44.64152542372546
1780048995,44.59576271186283
1780049010,44.355084745758965
1780049025,44.17203389830351
1780049040,43.951694915259566
1780049055,43.8525423728782
1780049070,43.872881355928264
1780049085,43.9525423728776
1780049100,44.0966101694937
1780049115,43.90677966101991
1780049130,43.94830508474794
1780049145,43.93898305085081
1780049160,43.84322033898601
1780049175,43.841058704687356
1780049190,43.74745762711628
1780049205,43.70847457627691
1780049220,43.79406779660682
1780049235,43.7779661016963
1780049250,43.66864406779977
1780049265,43.68925785686273
1780049280,43.685975010338126
1780049295,43.96440677965352
1780049310,43.817796610168514
1780049325,44.1966101694931
1780049340,44.40677966101695
1780049355,44.44237288136441
1780049370,44.603389830509066
1780049385,44.70084745762969
1780049400,45.22966101695093
1780049415,45.212711864412505
1780049430,45.12118644067738
1780049445,45.32288135593694
1780049460,45.48728813559322
1780049475,45.50084745762002
1780049490,45.880508474577454
1780049505,45.836440677965705
1780049520,45.92457627119414
1780049535,46.085593220343725
1780049550,46.08305084745506
1780049565,46.01610169491447
1780049580,45.95423728813145
1780049595,45.998305084743194
1780049610,46.096610169491726
1780049625,45.77457627118763
1780049640,45.661864406779465
1780049655,45.61271186441014
1780049670,45.50593220338747
1780049685,45.29999999999823
1780049700,44.53389830508474
1780049715,44.33559322033188
1780049730,43.894067796616085
1780049745,43.68050847457569
1780049760,43.57881355932045
1780049775,43.72966101694994
1780049790,44.020338983046116
1780049805,43.774576271184664
1780049820,43.99152542373177
1780049835,44.13813559321186
1780049850,44.40423728813323
1780049865,44.70847457627099
1780049880,45.021186440673034
1780049895,45.16665932210543
1780049910,45.12118644067738
1780049925,45.46016949152482
1780049940,45.83983050847734
1780049955,45.805084745757775
1780049970,45.59661016949468
1780049985,45.765254237290506
1780050000,45.96440677965647
1780050015,45.894067796609185
1780050030,46.327118644070566
1780050045,45.92203389830054
1780050060,46.106779661021676
1780050075,45.80847457626942
1780050090,45.55932203389633
1780050105,45.19152542372961
1780050120,44.71525423728933
1780050135,44.13898305084469
1780050150,43.58813559322744
1780050165,43.06610169491467
1780050180,42.80677966102149
1780050195,42.65000000000158
1780050210,42.44237288136146
1780050225,42.17288135592846
1780050240,41.91819038515033
1780050255,41.88898305085061
1780050270,42.57542372881474
1780050285,42.47372881356446
1780050300,42.77203389830686
1780050315,43.108474576265664
1780050330,43.53983050847122
1780050345,44.29915254237131
1780050360,44.88559322034096
1780050375,45.44237288135356
1780050390,46.217796610169096
1780050405,47.475423728810405
1780050420,48.60967044290949
1780050435,49.82457627118585
1780050450,50.96016949152187
1780050465,52.05423728813481
1780050480,53.3491525423646
1780050495,54.12203389830626
1780050510,55.16779661017285
1780050525,56.62372881355715
1780050540,57.66101694914465
1780050555,58.61016949152344
1780050570,59.37627118644186
1780050585,60.43728813559599
1780050600,61.054237288135795
1780050615,62.10338983050907
1780050630,63.05593220339456
1780050645,63.72203389830371
1780050660,64.47118644067875
1780050675,64.59915254237445
1780050690,65.07881355933131
1780050705,65.0697283408254
1780050720,65.71355932202265
1780050735,66.23305084745664
1780050750,66.05762711864742
1780050765,66.46355932203053
1780050780,66.71186440678065
1780050795,67.12711864406582
1780050810,67.08728813559361
1780050825,66.79152542372013
1780050840,66.78474576271168
1780050855,67.28898305084331
1780050870,67.5991525423715
1780050885,67.77033898305105
1780050900,67.65677966101498
1780050915,67.30084745763403
1780050930,67.28644067796452
1780050945,67.2661016949194
1780050960,67.66864406779582
1780050975,67.73983050847102
1780050990,67.73983050847596
1780051005,67.87881355931967
1780051020,67.74067796610387
1780051035,67.70847457627296
1780051050,67.85847457626961
1780051065,67.59322033898601
1780051080,67.75954061328379
1780051095,67.916949152541
1780051110,68.04237288135297
1780051125,68.18305084745742
1780051140,68.23728813559421
1780051155,67.82966101694541
1780051170,67.81186440677907
1780051185,67.86949152542748
1780051200,68.08983050848128
1780051215,68.02796610169334
1780051230,68.05402070522335
1780051245,68.05847457626842
1780051260,67.9822033898307
1780051275,67.56440677965688
1780051290,67.83305084746196
1780051305,67.79661016949152
1780051320,68.11779661017266
1780051335,68.03919973423298
1780051350,68.0483050847434
1780051365,68.13559322033899
1780051380,68.06016949152425
1780051395,68.13220338983722
1780051410,67.98305084745861
1780051425,68.06440677965885
1780051440,67.96949152542196
1780051455,68.25593220339339
1780051470,68.09491525423394
1780051485,68.1118644067773
1780051500,68.0466101694876
1780051515,68.15677966102189
1780051530,68.34406779660702
1780051545,68.64830508473985
1780051560,68.7118644067836
1780051575,68.885593220337
1780051590,68.97881355931808
1780051605,69.30084745762713
1780051620,69.14237288135632
1780051635,69.061864406784
1780051650,69.3474576271226
1780051665,69.43728813559204
1780051680,69.65572647949682
1780051695,69.84745762711964
1780051710,69.83918753093002
1780051725,69.95000000000769
1780051740,69.97372881355952
1780051755,70.0211864406829
1780051770,70.31694915254158
1780051785,70.3576271186417
1780051800,70.21610169491427
1780051815,70.02627118643555
1780051830,69.91016949152562
1780051845,70.56949152542136
1780051860,70.46779661017601
1780051875,70.24491525424341
1780051890,70.1169491525477
1780051905,69.76016949152404
1780051920,70.0076271186413
1780051935,70.11271186440322
1780051950,70.39999999999763
1780051965,70.26016949152108
1780051980,70.61186440677729
1780051995,70.4144067796622
1780052010,71.0788135593254
1780052025,71.1423728813593
1780052040,71.39406779661115
1780052055,71.47627118643436
1780052070,71.14576271186598
1780052085,71.86525423728894
1780052100,72.11186440677828
1780052115,72.07711864406858
1780052130,71.26525423728755
1780052145,70.56186440678005
1780052160,71.00084745761706
1780052175,71.10254237287721
1780052190,71.35762711863578
1780052205,71.53983050847813
1780052220,71.26864406778931
1780052235,71.38813559322074
1780052250,71.12288135592728
1780052265,70.64322033898523
1780052280,69.90084745762357
1780052295,69.60254237288116
1780052310,69.14322033898424
1780052325,68.71271186440164
1780052340,68.33644067797064
1780052355,68.40677966101794
1780052370,67.76694915254436
1780052385,67.37711864406188
1780052400,66.98050847458082
1780052415,67.63283140902216
1780052430,68.40762711863597
1780052445,68.27033898305301
1780052460,68.15932203389575
1780052475,67.99491525423453
1780052490,67.46525423729031
1780052505,67.63389830508612
1780052520,67.67203389830252
1780052535,67.24661016949231
1780052550,67.26186440677986
1780052565,67.72457627118348
1780052580,67.92457627118723
1780052595,68.0237288135538
1780052610,67.87733642483386
1780052625,68.25593220339832
1780052640,68.28389830507982
1780052655,68.72457627119236
1780052670,68.66864406779976
1780052685,68.70254237288648
1780052700,69.11355932202719
1780052715,68.42627118644502
1780052730,68.14322033898522
1780052745,68.27627118643358
1780052760,68.34152542372823
1780052775,68.5073068539692
1780052790,68.6940677966074
1780052805,69.17033898305756
1780052820,69.26525423728953
1780052835,68.97711864407215
1780052850,68.8474576271206
1780052865,68.73474576271246
1780052880,68.83389830508395
1780052895,68.75169491526076
1780052910,68.75508474575757
1780052925,68.66408810936981
1780052940,68.76525423728754
1780052955,68.57372881355795
1780052970,68.87966101694659
1780052985,68.74067796610288
1780053000,68.39406779660918
1780053015,68.18983050847575
1780053030,68.27372881355971
1780053045,68.384745762717
1780053060,68.3822033898234
1780053075,68.00423728813658
1780053090,67.68559322033919
1780053105,67.66610169491702
1780053120,67.91610169491801
1780053135,67.89745762711391
1780053150,67.70677966101222
1780053165,67.62288135592826
1780053180,67.88644067797084
1780053195,67.9067796610209
1780053210,67.87118644068329
1780053225,67.70932203389593
1780053240,67.58157571812757
1780053255,67.29067796609421
1780053270,67.43983050846786
1780053285,66.98644067796631
1780053300,66.85000000000139
1780053315,66.7768934026697
1780053330,66.56525423728577
1780053345,66.6677966101689
1780053360,66.29237288135593
1780053375,66.3559322033849
1780053390,66.32711864407057
1780053405,66.25000000000495
1780053420,66.09830508474262
1780053435,66.06016949152128
1780053450,66.18474576271028
1780053465,66.12746311054858
1780053480,65.91016949151971
1780053495,66.43813559322784
1780053510,65.95084745762969
1780053525,65.91186440677552
1780053540,65.89745762712082
1780053555,66.04152542373197
1780053570,65.98644067796235
1780053585,65.63354881574416
1780053600,65.1813559322095
1780053615,65.52118644067994
1780053630,65.54661016948758
1780053645,65.54491525423668
1780053660,65.83559322034273
1780053675,65.68389830508534
1780053690,65.61694915254968
1780053705,65.83559322034273
1780053720,66.10847457627752
1780053735,66.6898305084797
1780053750,66.83813559322054
1780053765,67.58305084746593
1780053780,67.45593220338826
1780053795,67.3228813559399
1780053810,67.27711864407728
1780053825,67.45593220338331
1780053840,67.5288135593242
1780053855,67.85338983050217
1780053870,68.1859167533862
1780053885,68.31779661017147
1780053900,68.66016949152562
1780053915,68.35508474575995
1780053930,68.64830508474971
1780053945,68.66440677966023
1780053960,68.63220338982933
1780053975,68.97627118643437
1780053990,68.84322033898108
1780054005,68.59661016949173
1780054020,68.3627118644062
1780054035,68.38728813559085
1780054050,67.6381355932158
1780054065,67.40254237288433
1780054080,67.63220338983524
1780054095,67.68220338983248
1780054110,68.14237288135732
1780054125,68.1372881355948
1780054140,68.68559322033819
1780054155,68.56355932203785
1780054170,68.76186440677098
1780054185,69.1754237288102
1780054200,69.3234168483036
1780054215,69.7254237288094
1780054230,70.13559322034195
1780054245,69.8194915254184
1780054260,70.04576271186264
1780054275,70.17627118644207
1780054290,70.18644067796708
1780054305,70.0067796610134
1780054320,70.02203389830588
1780054335,70.11355932203607
1780054350,69.85677966101183
1780054365,69.98898305084214
1780054380,69.94322033898443
1780054395,69.8898305084805
1780054410,70.06694915254059
1780054425,69.52118644067599
1780054440,69.3661016949119
1780054455,69.18644067796315
1780054470,69.23983050847694
1780054485,69.36694915254475
1780054500,68.7957627118577
1780054515,68.36271186441112
1780054530,68.58389830508791
1780054545,68.5898305084734
1780054560,68.8805084745745
1780054575,68.3564578622871
1780054590,68.58728813558473
1780054605,68.84661016949272
1780054620,69.24491525424439
1780054635,69.49999999999802
1780054650,69.17288135593141
1780054665,68.968644067798
1780054680,69.0434302140293
1780054695,69.22796610169117
1780054710,69.7093220338989
1780054725,69.2254237288173
1780054740,69.23220338982577
1780054755,69.46928453752643
1780054770,69.29067796610701
1780054785,69.24322033898365
1780054800,68.94999999999882
1780054815,68.8169491525406
1780054830,68.7385591669085
1780054845,68.4347457627093
1780054860,68.29322033898187
1780054875,68.73220338983367
1780054890,68.44661016949507
1780054905,68.30762711863657
1780054920,68.21779661016713
1780054935,68.26186440677394
1780054950,68.62118644067638
1780054965,68.47203389830273
1780054980,68.28898305085713
1780054995,68.05423728813875
1780055010,67.83135593221108
1780055025,68.20614775492693
1780055040,67.87096861673677
1780055055,67.54152542373296
1780055070,67.42118644067855
1780055085,67.72457627118348
1780055100,68.06949152542137
1780055115,67.52733879770366
1780055130,67.45847457627198
1780055145,67.41016949152564
1780055160,67.04491525424262
1780055175,67.0432203389868
1780055190,67.1059322033928
1780055205,66.7737288135538
1780055220,66.60932203389751
1780055235,66.24830508473431
1780055250,66.68898305084687
1780055265,66.73220338982577
1780055280,66.69745762711608
1780055295,66.92118644068152
1780055310,67.08898305083957
1780055325,67.51186440678086
1780055340,67.27033898305402
1780055355,67.36440677966299
1780055370,67.73220338983465
1780055385,67.69830508474793
1780055400,68.16016949152859
1780055415,67.95423728813441
1780055430,68.19915254237782
1780055445,68.34661016949568
1780055460,68.53644067796452
1780055475,68.51949152542609
1780055490,68.76525423728754
1780055505,68.67457627118524
1780055520,68.8483050847436
1780055535,68.94576271185929
1780055550,69.11271186440915
1780055565,69.28305084745585
1780055580,69.16271186440639
1780055595,68.90847457627572
1780055610,69.01525423728853
1780055625,68.76271186440876
1780055640,69.16610169491801
1780055655,68.77542372881258
1780055670,68.4601694915268
1780055685,68.77627118644048
1780055700,68.7220338983037
1780055715,69.0694915254253
1780055730,68.86864406779365
1780055745,69.01070180374855
1780055760,68.60169491525917
1780055775,68.51271186440285
1780055790,69.0974576271216
1780055805,68.87457627118407
1780055820,68.9728813559326
1780055835,68.98898305084805
1780055850,68.76949152542709
1780055865,68.84491525423195
1780055880,68.57542372880883
1780055895,68.51949152542609
1780055910,68.4228813559334
1780055925,68.18728813559697
1780055940,68.55338983051283
1780055955,68.86355932203114
1780055970,68.64915254237762
1780055985,68.70677966101616
1780056000,69.01779661016731
1780056015,69.3491525423784
1780056030,68.87881355931869
1780056045,68.89406779661115
1780056060,69.31186440677513
1780056075,69.08135593220615
1780056090,69.14237288135139
1780056105,69.24322033897872
1780056120,69.07288135593694
1780056135,69.05254237287701
1780056150,69.48305084745468
1780056165,69.40593220338411
1780056180,69.44915254237289
1780056195,69.55423728813975
1780056210,69.71355932202857
1780056225,69.96101694916064
1780056240,70.08983050846945
1780056255,69.78813559322035
1780056270,69.9567796610211
1780056285,69.77796610170024
1780056300,70.08728813559067
1780056315,70.65677966101696
1780056330,71.05338983050788
1780056345,70.86694915254571
1780056360,70.6211864406744
1780056375,70.67711864406701
1780056390,70.35169491525129
1780056405,70.59830508474556
1780056420,70.79406779660485
1780056435,70.80733024403382
1780056450,70.77627118644344
1780056465,70.34830508474951
1780056480,70.74556437670665
1780056495,70.68813559321995
1780056510,70.34830508474951
1780056525,71.02118644067204
1780056540,70.81525423728775
1780056555,71.3135593220339
1780056570,71.13813559321976
1780056585,71.09745762711964
1780056600,70.06101694916005
1780056615,69.48728813558928
1780056630,69.59745762711864
1780056645,69.8779661016898
1780056660,70.0542372881417
1780056675,69.83050847457135
1780056690,69.59915254237445
1780056705,69.76271186440283
1780056720,69.68389830508632
1780056735,69.86271186440224
1780056750,69.8296610169533
1780056765,70.03474576271462
1780056780,69.98474576271245
1780056795,70.23474576270851
1780056810,70.29491525423572
1780056825,69.53220338982892
1780056840,69.63983050847457
1780056855,69.64999999999961
1780056870,69.81779661016752
1780056885,69.9398305084728
1780056900,69.87881355931769
1780056915,69.54661016948364
1780056930,69.42732591643367
1780056945,69.31016949152917
1780056960,69.49406779660761
1780056975,69.17711864406108
1780056990,69.4720338982968
1780057005,69.28983050847913
1780057020,69.52881355932223
1780057035,69.32203389831002
1780057050,69.41355932203528
1780057065,69.22881355932401
1780057080,68.9364406779671
1780057095,68.60338983051005
1780057110,68.57627118644167
1780057125,68.51864406779326
1780057140,68.25084745762592
1780057155,68.21271186439968
1780057170,67.98389830508653
1780057185,68.06779661017049
1780057200,68.24745762711923
1780057215,68.3896162007878
1780057230,68.53983050847616
1780057245,68.58919600544884
1780057260,68.5983050847426
1780057275,68.63813559322467
1780057290,68.55932203389337
1780057305,68.54576271186657
1780057320,68.49576271185947
1780057335,68.500847457622
1780057350,68.56779661016752
1780057365,68.54661016948955
1780057380,68.75593220340028
1780057395,68.65254237288431
1780057410,68.7211864406758
1780057425,68.93961992963078
1780057440,68.78474576270476
1780057455,69.28644067796255
1780057470,69.29152542373001
1780057485,69.60084745762533
1780057500,69.37595975552414
1780057515,69.37436863979192
1780057530,69.32627118643475
1780057545,69.21949152542194
1780057560,69.11355932203213
1780057575,69.0669491525416
1780057590,68.65084745762357
1780057605,68.41101694915255
1780057620,68.47966101694895
1780057635,68.15338983050532
1780057650,68.57966101694343
1780057665,68.08135593220715
1780057680,68.04152542373
1780057695,68.39491525423709
1780057710,68.65593220338609
1780057725,68.87288135593319
1780057740,68.4112311103025
1780057755,68.01525423728951
1780057770,68.12711864406977
1780057785,67.71610169491427
1780057800,68.02881355932125
1780057815,67.67288135594029
1780057830,67.5991525423715
1780057845,68.01949152542906
1780057860,67.9057146150175
1780057875,68.53305084745782
1780057890,68.45338983050848
1780057905,68.71779661017403
1780057920,68.6466101694939
1780057935,69.0076271186423
1780057950,69.08135593220615
1780057965,68.65847457627474
1780057980,68.62881355931769
1780057995,68.40932203390166
1780058010,68.4237288135613
1780058025,68.35254237288609
1780058040,68.333050847459
1780058055,67.95084745762772
1780058070,67.58389830507903
1780058085,67.60084745762238
1780058100,67.41016949152564
1780058115,67.7516949152568
1780058130,67.26440677965864
1780058145,67.10169491525325
1780058160,66.99344411224982
1780058175,66.78559322034451
1780058190,67.06124026276368
1780058205,66.61610169491091
1780058220,66.36016949152443
1780058235,66.29768611738206
1780058250,66.24491525423748
1780058265,66.34576271185986
1780058280,66.14406779661017
1780058295,65.7474576271143
1780058310,65.64067796609656
1780058325,65.56016949152423
1780058340,66.52796610169729
1780058355,66.04406779661076
1780058370,66.05254237288491
1780058385,66.11949152542552
1780058400,65.88813559321875
1780058415,65.46186440678065
1780058430,65.69152542372665
1780058445,65.57288135592806
1780058460,65.55084745762711
1780058475,65.68220338983446
1780058490,65.68728813559204
1780058505,65.67033898304373
1780058520,65.82288135593399
1780058520,65.82288135593399
1780058535,65.67627118643416
1780058550,65.69322033898246
1780058565,65.88135593220044
1780058580,65.83983050847733
1780058595,65.65423728813816
1780058610,65.85000000000237
1780058625,65.40084745762555
1780058640,64.97372881355459
1780058655,65.2440677966155
1780058670,65.21355932204041
1780058685,65.26355932204257
1780058700,65.58305084745803
1780058715,65.60084745761942
1780058730,65.70254237287958
1780058745,65.5847457627089
1780058760,65.4932203389787
1780058775,65.72796610169216
1780058790,65.65593220338904
1780058805,65.71016949153075
1780058820,65.8491525423794
1780058835,65.82542372880783
1780058850,66.09684002142379
1780058865,66.36271186441309
1780058880,66.98474576271542
1780058895,66.67033898305263
1780058910,66.88898305085061
1780058925,67.2881355932154
1780058940,67.8779661016967
1780058955,68.16610169490913
1780058970,68.12796610169273
1780058985,68.73898305084707
1780059000,69.1635593220343
1780059015,69.48813559321718
1780059030,69.37627118644187
1780059045,70.0949152542369
1780059060,70.3915254237235
1780059075,70.36525423728794
1780059090,70.22203389829976
1780059105,69.89237288135435
1780059120,70.23389830509046
1780059135,70.28220338983189
1780059150,70.11525423729188
1780059165,69.87033898305341
1780059180,69.89152542373138
1780059195,70.40677966102089
1780059210,70.18898305084588
1780059225,70.06525423728971
1780059240,69.75084745763185
1780059255,68.96525423729129
1780059270,69.06016949152325
1780059285,68.71355932202464
1780059300,68.1737288135603
1780059315,67.30338983051281
1780059330,67.41016949152069
1780059345,66.87372881355815
1780059360,66.47966101694107
1780059375,66.59830508474951
1780059390,67.57627118644265
1780059405,67.57457627119177
1780059420,67.20423728814131
1780059435,67.25932203390107
1780059450,67.57966101695429
1780059465,67.69491525423138
1780059480,67.35847457627257
1780059495,67.17796610168604
1780059510,67.06864406779938
1780059525,67.32203389830707
1780059540,67.21525423728932
1780059555,67.41949152541781
1780059570,67.36271186440223
1780059585,67.25000000000394
1780059600,67.32118644067423
1780059615,68.19491525423828
1780059630,68.50169491525483
1780059645,68.488983050851
1780059660,68.73305084746157
1780059675,68.57033898304631
1780059690,67.77881355932519
1780059705,67.43728813558909
1780059720,67.17881355931887
1780059735,67.04152542373099
1780059750,66.75508474576448
1780059765,66.88050847457647
1780059780,66.75000000000198
1780059795,66.74830508474616
1780059810,66.68220338982853
1780059825,67.14830508474378
1780059840,67.4957627118654
1780059855,67.0644067796549
1780059870,67.24999999999409
1780059885,67.24067796609697
1780059900,67.57372881356386
1780059915,66.7906779661021
1780059930,66.85169491525227
1780059945,66.66101694916044
1780059960,67.07203389830607
1780059975,67.1847457627093
1780059990,67.51610169490559
1780060005,67.79237288135693
1780060020,68.0423728813579
1780060035,68.13728813559973
1780060050,68.28474576271266
1780060065,68.28135593221089
1780060080,68.18389830508534
1780060095,68.46694915255007
1780060110,68.53050847457904
1780060125,68.52055240303771
1780060140,68.69830508474202
1780060155,68.96355932203548
1780060170,68.93749872882395
1780060185,69.02796610169727
1780060200,68.84067796609735
1780060215,68.74915254236716
1780060230,69.15677966101596
1780060245,68.65762711864683
1780060260,68.39999999999961
1780060275,68.39491525424695
1780060290,68.25169491524892
1780060305,68.69915254236993
1780060320,68.37288135594109
1780060335,68.18220338983446
1780060350,68.24152542372389
1780060365,68.0677966101754
1780060380,68.01779661017324
1780060395,67.58389830508395
1780060410,67.5881355932235
1780060425,67.53983050848207
1780060440,67.52033898304512
1780060455,67.65677966101498
1780060470,67.34915254237052
1780060485,67.19203924107171
1780060500,67.19745762711806
1780060515,67.51355932203667
1780060530,67.56632158426775
1780060545,67.39661016948895
1780060560,67.07372881356189
1780060575,67.2796610169462
1780060590,67.48559322034036
1780060605,67.84491525423294
1780060620,67.96355932203646
1780060635,67.71812490042039
1780060650,67.89661016949586
1780060665,68.31525423729268
1780060680,68.44830508474597
1780060695,68.6530710481839
1780060710,68.10508474575896
1780060725,68.37542372881987
1780060740,68.89322033898324
1780060755,69.14237288135139
1780060770,69.50762711864427
1780060785,69.05254237288194
1780060800,69.24576271186244
1780060815,69.17182489373145
1780060830,69.2627118644206
1780060845,69.96355932202955
1780060860,69.47711864406918
1780060875,69.07372881355498
1780060890,68.7898305084722
1780060905,68.75847457627415
1780060920,68.8101694915272
1780060935,68.45254237288057
1780060950,68.39830508475366
1780060965,68.395762711865
1780060980,68.13813559321777
1780060995,68.00677966101537
1780061010,68.52627118643456
1780061025,67.97118644067777
1780061040,67.75000000000591
1780061055,67.927966101689
1780061070,67.98050847457982
1780061085,68.1118644067773
1780061100,67.70762711864505
1780061115,67.31610169491664
1780061130,67.3093220338983
1780061145,67.14745762711588
1780061160,67.27372881356071
1780061175,67.02118644068092
1780061190,67.42457627118526
1780061205,67.41355932203233
1780061220,67.33389830507804
1780061235,67.71779661016515
1780061250,67.42203389830152
1780061265,67.5711864406752
1780061280,67.71440677966338
1780061295,67.92542372881513
1780061310,68.95762711863519
1780061325,69.12796610169669
1780061340,69.55847457626942
1780061355,69.33389830509087
1780061370,69.66779661017087
1780061385,70.26271186439988
1780061400,70.2864406779665
1780061415,70.85338983050906
1780061430,71.43644067796708
1780061445,71.45084745763167
1780061460,71.6389830508447
1780061475,71.76949152542413
1780061490,71.50254237288472
1780061505,71.47881355931808
1780061520,71.59895999295365
1780061535,71.87881355932065
1780061550,71.48305084746256
1780061565,71.57222662897102
1780061580,71.8861547744512
1780061595,71.44576271186422
1780061610,70.4557319032626
1780061625,69.77627118643457
1780061640,69.51271186440678
1780061655,68.85423728813895
1780061670,68.52372881355578
1780061685,68.58983050847833
1780061700,68.20254237287958
1780061715,67.74406779660069
1780061730,67.2150319663196
1780061745,66.92711864406701
1780061760,67.44830508474695
1780061775,67.17711864406799
1780061790,67.12966101694956
1780061805,67.00593220338845
1780061820,66.69745762712101
1780061835,67.02372881356466
1780061850,66.69661016948818
1780061865,66.46949152543084
1780061880,66.34406779660405
1780061895,66.42288135593536
1780061910,66.63474576270517
1780061925,66.60677966101379
1780061940,66.3872881355879
1780061955,66.62711864406879
1780061970,66.72966101694698
1780061985,66.75932203389416
1780062000,67.25593220338943
1780062015,66.8830508474602
1780062030,66.96949152542787
1780062045,66.90084745762653
1780062060,66.63644067797082
1780062075,67.21779661017304
1780062090,67.0245762711827
1780062105,67.27203389829995
1780062120,67.35677966102168
1780062135,67.54406779661176
1780062150,67.98305084745368
1780062165,67.94915254237189
1780062180,67.63728813559283
1780062195,67.41186440678145
1780062210,67.59830508473866
1780062225,67.87118644067836
1780062240,67.76440677966555
1780062255,67.44915254236992
1780062270,67.81186440677907
1780062285,68.12796610169273
1780062300,67.96186440677079
1780062315,68.20254237288451
1780062330,68.16949152542571
1780062345,68.05910548545894
1780062360,68.12457627118604
1780062375,68.07542372880685
1780062390,68.29152542372113
1780062405,68.23728813558927
1780062420,68.18050847457864
1780062435,67.66949152541879
1780062450,67.72987979742689
1780062465,68.1949152542284
1780062480,67.7135593220256
1780062495,67.88728813558889
1780062510,67.68135593219964
1780062525,67.72457627118843
1780062540,67.88559322034293
1780062555,67.73644067796927
1780062570,67.27627118643456
1780062585,67.2161016949123
1780062600,67.01016949152799
1780062615,67.02627118644344
1780062630,67.33220338983209
1780062645,67.07627118644068
1780062660,67.17203389830055
1780062675,67.22288135593556
1780062690,67.12118644068033
1780062705,67.33559322033878
1780062720,67.03389830508475
1780062735,67.48983050847497
1780062750,67.47914427988869
1780062765,67.66525423729406
1780062780,67.97203389830568
1780062795,68.0313559321951
1780062810,67.55169491525798
1780062825,67.83559322033584
1780062840,67.61610169491979
1780062855,68.00084745762494
1780062870,68.4110169491624
1780062885,68.10593220338687
1780062900,67.89152542372842
1780062915,67.55423728813678
1780062930,67.64237288135534
1780062945,68.00338983050867
1780062960,67.74067796609893
1780062975,67.5966101694927
1780062990,67.48813559321916
1780063005,67.58622092353326
1780063020,67.9847457627095
1780063035,67.605084745757
1780063050,67.145762711865
1780063065,67.07288135592904
1780063080,67.1177966101687
1780063095,67.42542372881317
1780063110,67.84152542372132
1780063125,68.00338983050868
1780063140,68.44999999999683
1780063155,68.21016949152089
1780063170,68.3296610169523
1780063185,67.95000000000474
1780063200,68.35847457627158
1780063215,68.78220338982597
1780063230,68.64999999999566
1780063245,68.40677966102287
1780063260,68.68474576271521
1780063275,68.64576271185612
1780063290,68.80423728813679
1780063305,68.61694915254178
1780063320,68.9449152542363
1780063335,69.75338983051064
1780063350,70.01016949152503
1780063365,70.04969542062864
1780063380,69.91864406779483
1780063395,70.09152542373019
1780063410,70.70593220339121
1780063425,69.31271186440796
1780063440,69.48813559321718
1780063455,69.5788135593244
1780063470,69.83728813559952
1780063485,70.41610169491803
1780063500,70.27372881356267
1780063515,69.78474576270871
1780063530,70.08644067796767
1780063545,69.7112222967903
1780063560,70.04576271186264
1780063575,69.93135593220852
1780063590,69.65847457627376
1780063605,69.1447060658066
1780063620,69.02881355931532
1780063635,68.7779661016963
1780063650,68.61440677965807
1780063665,68.15847457626289
1780063680,68.2186440678049
1780063695,68.19576271186618
1780063710,68.62372881356012
1780063725,69.41779661016496
1780063740,68.95169491525957
1780063755,69.37203389830727
1780063770,69.6322033898382
1780063785,69.74979491386777
1780063800,69.97457627118743
1780063815,69.82288135593004
1780063830,69.47033898305085
1780063845,69.48644067796137
1780063860,69.43559322034115
1780063875,69.39915254237071
1780063890,69.55084745762811
1780063905,69.97881355932203
1780063920,69.8508474576214
1780063935,69.71949152542886
1780063950,69.63135593220537
1780063965,69.81355932202797
1780063980,69.61546023417462
1780063995,69.22966101695192
1780064010,68.7745762711896
1780064025,69.01271186440974
1780064040,68.25254237288175
1780064055,67.95084745762772
1780064070,67.63305084744835
1780064085,67.64915254236874
1780064100,67.77203389830193
1780064115,67.65423728813619
1780064130,67.62711864406286
1780064145,67.67881355932579
1780064160,67.56610169491269
1780064175,67.78898305084529
1780064190,67.36610169491387
1780064205,67.23220338982281
1780064220,67.2983050847503
1780064235,67.46610169491328
1780064250,67.77627118644148
1780064265,67.5584745762714
1780064280,67.71779661017501
1780064295,67.90191252941072
1780064310,68.14491525424104
1780064325,68.19491525424321
1780064340,68.3186440678043
1780064355,68.17966101694086
1780064370,67.98305084745861
1780064385,68.35169491525326
1780064400,68.74745762712121
1780064415,68.73728813559619
1780064430,68.98389830508553
1780064445,69.09576271186579
1780064460,69.0449152542357
1780064475,69.04661016949646
1780064490,68.80847457627138
1780064505,69.05423728813777
1780064520,68.99290501258803
1780064535,68.50677966101735
1780064550,68.3093220338924
1780064565,68.57457627118585
1780064580,68.05762711864544
1780064595,67.83983050847536
1780064610,67.51355932203174
1780064625,68.0076271186482
1780064640,67.87690086034087
1780064655,67.74661016948443
1780064670,67.89999999999763
1780064685,67.38728813559678
1780064700,67.50615250066161
1780064715,67.26949152541624
1780064730,67.08813559322152
1780064745,67.10508474575995
1780064760,67.3050847457637
1780064775,67.7016949152497
1780064790,67.84406779660998
1780064805,67.76355932203765
1780064820,67.49915254237703
1780064835,67.59745762711569
1780064850,67.76271186439988
1780064865,68.3457627118727
1780064880,68.51631514362042
1780064895,68.14798116591214
1780064910,67.98305084745861
1780064925,67.89322033898917
1780064940,68.3364406779657
1780064955,68.55084745762416
1780064970,68.77711864407333
1780064985,68.3881355932237
1780065000,68.74237288136362
1780065015,69.11440677966496
1780065030,69.43898305084785
1780065045,69.27796610169827
1780065060,69.60593220339773
1780065075,69.79406779661076
1780065090,69.82542372881375
1780065105,70.44237288136344
1780065120,70.71016949152089
1780065135,70.58644067796965
1780065150,70.23983050847595
1780065165,70.14576271186696
1780065180,70.13559322033701
1780065195,70.58559322034175
1780065210,70.7576271186492
1780065225,70.42118644067067
1780065240,70.3330508474521
1780065255,70.58389830508594
1780065270,70.60169491525227
1780065285,71.13813559321976
1780065300,70.6686440677978
1780065315,70.08983050848425
1780065330,70.31037077715497
1780065345,70.23305084745763
1780065360,70.50254237288569
1780065375,69.9322033898315
1780065390,69.51271186440678
1780065405,69.41101694915154
1780065420,69.28220338983287
1780065435,69.20084745762772
1780065450,69.88135593220142
1780065465,69.72966101694402
1780065480,69.71715445997253
1780065495,69.65169491525049
1780065510,69.33453786126574
1780065525,70.09830508474852
1780065540,69.49661016949133
1780065555,69.5152542372905
1780065570,69.48898305085002
1780065585,69.3262711864397
1780065600,69.74576271186442
1780065615,69.71186440677769
1780065630,69.1389830508447
1780065645,69.32966101695132
1780065660,69.25169491524792
1780065675,69.56949152541742
1780065690,69.51779661015944
1780065705,69.16864406779187
1780065720,69.59067796610032
1780065735,69.43135593220163
1780065750,69.56016949153016
1780065765,69.80593220338666
1780065780,69.70423728813638
1780065795,69.84661016949173
1780065810,70.00593220339535
1780065825,69.96101694915076
1780065840,70.56101694915216
1780065855,70.0033898305067
1780065870,70.13898305085358
1780065885,70.04491525422979
1780065900,70.53050847457706
1780065915,70.76525423729049
1780065930,70.51325945688058
1780065945,70.68135593221147
1780065960,70.82796610169649
1780065975,70.70169491525661
1780065990,70.6898305084807
1780066005,70.71016949153568
1780066020,70.32796610169945
1780066035,70.27372881355774
1780066050,70.27881355932519
1780066065,70.30593220338865
1780066080,70.62118644067935
1780066095,70.19945559875957
1780066110,70.24915254237801
1780066125,70.22966101695093
1780066140,70.33898305085239
1780066155,70.56694915254751
1780066170,70.00593220338548
1780066185,69.79491525423373
1780066200,69.61918256796405
1780066215,69.78728813559736
1780066230,69.77711864407728
1780066245,69.09322033898206
1780066260,69.55508474576271
1780066275,69.7559322033845
1780066290,69.74268058290617
1780066305,70.22203389830962
1780066320,70.05932203389929
1780066335,70.19576271186915
1780066350,70.15762711864288
1780066365,70.32542372881572
1780066380,70.54830508474834
1780066395,70.17542372880922
1780066410,70.14745762711784
1780066425,69.96271186440165
1780066440,69.85677966101676
1780066455,70.43389830508436
1780066470,70.31864406778755
1780066485,70.37457627119
1780066500,70.27203389830686
1780066515,70.40932203389477
1780066530,70.7076271186421
1780066545,70.15932203390362
1780066560,69.84237288135218
1780066575,69.84152542373414
1780066590,69.68389830508632
1780066605,69.92966101694778
1780066620,69.53728813559145
1780066635,69.18644067796315
1780066650,69.04322033898482
1780066665,68.88983050847655
1780066680,68.79915254237426
1780066695,68.7398305084799
1780066710,68.67288135593436
1780066725,68.73474576271738
1780066740,68.82203389830312
1780066755,69.44237288135949
1780066770,69.68898305085376
1780066785,69.85254237288214
1780066800,69.34661016949961
1780066815,69.968644067797
1780066830,70.11864406779858
1780066845,70.72118644067875
1780066860,70.82627118644068
1780066875,70.38135593219846
1780066890,71.02457627118861
1780066905,71.1014989932086
1780066920,71.88305084745525
1780066935,71.80169491525503
1780066950,71.63644067796591
1780066965,71.57966101695034
1780066980,71.81459786713586
1780066995,71.84406779661096
1780067010,72.20423728813145
1780067025,71.87033898305144
1780067040,71.57288135593201
1780067055,71.34237288135317
1780067070,71.18389830508731
1780067085,71.51525423728853
1780067100,71.36610169491486
1780067115,70.76610169491842
1780067130,70.8288135593244
1780067145,70.69152542372665
1780067160,70.48898305084903
1780067175,70.39915254237465
1780067190,69.91864406779483
1780067205,69.75677966102228
1780067220,69.3262711864397
1780067235,69.07711864407648
1780067250,69.53983050847516
1780067265,69.5813559322032
1780067280,68.98135593220182
1780067295,68.45593220338726
1780067310,68.3516949152582
1780067325,68.41779661017087
1780067340,68.21949152542788
1780067355,67.69797658958969
1780067370,67.41164346877599
1780067385,67.26355932203568
1780067400,67.60254237288314
1780067415,67.20423728813638
1780067430,67.04576271186559
1780067445,67.03050847457311
1780067460,67.3686440677976
1780067475,67.41271186440935
1780067490,67.82457627118784
1780067505,67.63695901992678
1780067520,67.28644067796452
1780067535,67.605084745757
1780067550,67.8601694915205
1780067565,68.05423728812889
1780067580,67.9957627118723
1780067595,68.24237288135178
1780067610,68.04322033898089
1780067625,68.15932203390066
1780067640,68.18728813559204
1780067655,68.33898305084944
1780067670,68.30932203390225
1780067685,67.92627118644306
1780067700,67.9499999999998
1780067715,67.96610169491527
1780067730,67.83050847458318
1780067745,67.95508474576232
1780067760,68.70762711863914
1780067775,68.87881355932855
1780067790,68.89152542373236
1780067805,69.02203389830193
1780067820,68.8779661016957
1780067835,68.707627118649
1780067850,68.51525423729149
1780067865,68.7771186440684
1780067880,69.07627118644857
1780067895,69.1754237288102
1780067910,69.1711864406756
1780067925,69.12372881356703
1780067940,69.44830508474497
1780067955,69.70000000000178
1780067970,70.2338983050806
1780067985,70.10254237288314
1780068000,70.37627118644087
1780068015,70.40932203389477
1780068030,70.33644067796867
1780068045,70.57033898304434
1780068060,69.4050847457562
1780068075,69.49915254237999
1780068090,69.59640404341644
1780068105,70.03898305084924
1780068120,70.14576271186203
1780068135,69.95338983050453
1780068150,69.72542372881435
1780068165,69.72542372881928
1780068180,69.34576271186678
1780068195,69.78220338982992
1780068210,69.48050847457587
1780068225,69.6491525423717
1780068240,69.895762711866
1780068255,69.55677966100866
1780068270,69.83728813558967
1780068285,69.57711864406365
1780068300,69.23114732981182
1780068315,69.333898305081
1780068330,69.63559322033997
1780068345,69.35084745762435
1780068360,69.76949152541623
1780068375,69.1703389830477
1780068390,69.08389830508494
1780068405,69.23050847457489
1780068420,69.28559322033958
1780068435,69.5533898305069
1780068450,69.25338983050867
1780068465,69.2669491525404
1780068480,69.61525423728499
1780068495,69.80000000000118
1780068510,70.23474576270358
1780068525,69.62288135593123
1780068540,69.39915254237565
1780068555,69.6228813559263
1780068570,69.53559322034056
1780068585,69.81525423728873
1780068600,69.71949152541406
1780068615,69.65000000000454
1780068630,69.63050847458238
1780068645,69.63050847457252
1780068660,69.87457627119295
1780068675,69.65932203389673
1780068690,69.76101694914702
1780068705,69.89067796609854
1780068720,69.93220338982657
1780068735,70.05508474575976
1780068750,69.87033898305341
1780068765,69.66694915254297
1780068780,69.16864406779682
1780068795,68.9016949152574
1780068810,69.72118644067481
1780068825,69.91101694915847
1780068840,69.96186440677867
1780068855,69.83983050848326
1780068870,69.85423728813302
1780068885,69.52627118644344
1780068900,69.44237288134963
1780068915,69.1881355932239
1780068930,69.50847457626725
1780068945,69.7059322033922
1780068960,70.00847457627415
1780068975,69.9457627118731
1780068990,69.98050847457785
1780069005,70.33389830508987
1780069020,70.4508474576277
1780069035,70.85084745763028
1780069050,71.52203389830686
1780069065,71.91440677965826
1780069080,72.75423728813067
1780069095,72.63559322034195
1780069110,71.72457627118447
1780069125,71.74133383955046
1780069140,71.68898305084193
1780069155,71.54152542372407
1780069170,71.4983050847501
1780069185,71.58898305084746
1780069200,71.49915254237308
1780069215,71.67627118644305
1780069230,71.47288135592767
1780069245,71.11271186441705
1780069260,70.7211864406837
1780069275,71.062711864405
1780069290,70.02796610169136
1780069305,69.81355932203785
1780069320,69.48983050847299
1780069335,69.62033898305242
1780069350,68.9440677966084
1780069365,68.166101694919
1780069380,67.51694915254336
1780069395,67.11101694915037
1780069410,67.51610169491545
1780069425,67.38305084746217
1780069440,67.57711864406562
1780069455,67.53135593220793
1780069470,67.50508474575759
1780069485,67.51249161010472
1780069500,67.90593220338805
1780069515,68.01525423728951
1780069530,67.5966101694927
1780069545,67.63507489754065
1780069560,67.44322033898443
1780069575,67.86949152542255
1780069590,67.88728813558889
1780069605,67.55084745762514
1780069620,67.48813559322409
1780069635,67.56101694916003
1780069650,67.76101694915393
1780069665,68.1491525423707
1780069680,68.0940677966011
1780069695,68.16186440677947
1780069710,68.0245762711817
1780069725,68.03559322033958
1780069740,67.90338983050434
1780069755,67.59830508474853
1780069770,67.4008474576285
1780069785,67.3822033898244
1780069800,67.51525423728755
1780069815,67.8940677966072
1780069830,68.1499999999937
1780069845,67.82542372881079
1780069860,67.79289280907625
1780069875,67.511016949148
1780069890,67.5398305084722
1780069905,67.89999999999763
1780069920,67.64204381738924
1780069935,67.21779661016318
1780069950,67.40254237288433
1780069965,67.29237288135002
1780069980,67.33983050847338
1780069995,67.2415254237298
1780070010,66.96864406779011
1780070025,67.04830508474932
1780070040,67.11610169491289
1780070055,67.32118644067914
1780070070,67.33135593221404
1780070085,66.8940677966082
1780070100,66.39406779661115
1780070115,66.57118644068112
1780070130,66.49915254236815
1780070145,66.51694915253941
1780070160,66.61779661017167
1780070175,66.7906779661021
1780070190,66.72457627118939
1780070205,66.77903878618187
1780070220,66.833898305081
1780070235,66.79999999999922
1780070250,66.55677966101656
1780070265,66.72881355931415
1780070280,67.10084745763028
1780070295,67.20000000000178
1780070310,67.44830508474202
1780070325,67.12288135593121
1780070340,66.83135593220713
1780070355,67.05677966101359
1780070370,67.07881355931947
1780070385,67.47627118644324
1780070400,67.48813559322409
1780070415,67.05677966101359
1780070430,67.33305084745507
1780070445,66.93389830508534
1780070460,67.34152542372921
1780070475,67.44237288135653
1780070490,67.35593220339871
1780070505,67.51440677965962
1780070520,67.63220338983031
1780070535,67.81525423728577
1780070550,67.81440677965787
1780070565,67.7745762711906
1780070580,67.15169491526036
1780070595,67.58518528561832
1780070610,67.7627118644048
1780070625,68.56864406779543
1780070640,68.62542372882086
1780070655,68.39406779660918
1780070670,68.64809252943988
1780070685,68.83898305084153
1780070700,69.3220338983051
1780070715,69.60084745762533
1780070730,69.29576271185967
1780070745,69.37203389830727
1780070760,69.61271186440618
1780070775,69.34745762711766
1780070790,70.02711864406838
1780070805,69.60169491525818
1780070820,69.56525423728282
1780070835,69.6601694915345
1780070850,69.71101694915471
1780070865,70.24745762712219
1780070880,70.33644067796374
1780070895,69.91779661016693
1780070910,69.98305084745664
1780070925,69.90169491525641
1780070940,69.70508474575443
1780070955,69.2254237288173
1780070970,68.7601694915201
1780070985,68.88305084745329
1780071000,68.72966101695488
1780071015,68.33220338983111
1780071030,68.68559322033819
1780071045,68.43135593220752
1780071060,68.6822033898315
1780071075,68.45508474575936
1780071090,68.19152542373158
1780071105,68.08898305085339
1780071120,67.97881355932401
1780071135,67.99915254237406
1780071150,68.01186440677789
1780071165,67.86525423727807
1780071180,68.01016949152208
1780071195,67.94661016948818
1780071210,67.82033898304829
1780071225,67.81271186440205
1780071240,68.3745762711821
1780071255,68.72627118644324
1780071270,68.57796610169748
1780071285,68.3288135593244
1780071300,68.48135593220476
1780071315,68.59237288134725
1780071330,68.92542372881415
1780071345,68.34873425446145
1780071360,68.05762711864544
1780071375,68.27627118644344
1780071390,68.50762711865018
1780071405,68.97118644067677
1780071420,68.79745762711845
1780071435,68.5584745762704
1780071450,68.38559322033997
1780071465,67.98050847457489
1780071480,68.41186440678045
1780071495,68.14067796609656
1780071510,68.01186440677789
1780071525,67.83305084746196
1780071540,67.94237288135356
1780071555,68.37542372881494
1780071570,68.62118644067638
1780071585,68.62595212832497
1780071600,68.28220338983387
1780071615,68.42012488220635
1780071630,68.59322033898503
1780071645,68.68983050847281
1780071660,68.74745762712121
1780071675,68.0847457627089
1780071690,68.3305084745753
1780071705,68.30677966101852
1780071720,68.6966101694862
1780071735,68.77966101694717
1780071750,68.97881355932303
1780071765,68.95000000000375
1780071780,68.88220338983031
1780071795,68.89661016948995
1780071810,69.08135593221108
1780071825,68.83220338983307
1780071840,68.53135593220694
1780071855,68.42881355931888
1780071870,68.50254237287781
1780071885,68.94682069952127
1780071900,69.10000000000534
1780071915,68.85084745763224
1780071930,69.1966101694931
1780071945,69.57711864406366
1780071960,69.85593220339378
1780071975,70.5872881355877
1780071990,70.03813559322133
1780072005,70.37372881355222
1780072020,70.5457627118646
1780072035,70.6483050847428
1780072050,70.99745762712021
1780072065,71.00423728814349
1780072080,71.2881355932164
1780072095,71.72033898305479
1780072110,71.81186440678499
1780072125,72.28474576271857
1780072140,71.49406779661057
1780072155,71.6745762711823
1780072170,71.7500000000069
1780072185,71.79491525423668
1780072200,72.06864406780431
1780072215,71.61101694915332
1780072230,71.44576271186914
1780072245,71.41440677965628
1780072260,71.45593220338924
1780072275,71.55762711864446
1780072290,71.6838983050745
1780072305,71.38474576271403
1780072320,71.20169491525364
1780072335,71.26949152541722
1780072350,71.2355932203453
1780072365,71.47118644067677
1780072380,71.33559322033484
1780072395,70.93305084745842
1780072410,71.12881355931769
1780072425,71.0949152542359
1780072440,71.65254237289122
1780072455,71.77372881355872
1780072470,71.47372881356051
1780072485,71.69915254237682
1780072500,72.0389830508522
1780072515,72.4754237288104
1780072530,72.27542372880666
1780072545,71.56610169491861
1780072560,71.70423728813441
1780072575,71.51355932203272
1780072590,71.43154961660902
1780072605,71.54915254238018
1780072620,71.1491525423776
1780072635,71.23474576271246
1780072650,71.28728813559835
1780072665,71.37711864406779
1780072680,71.99830508474714
1780072695,71.51355932203765
1780072710,71.2745762711896
1780072725,71.0796610169533
1780072740,70.65423728813323
1780072755,71.12966101695054
1780072770,70.35084745763324
1780072785,70.20423728813836
1780072800,70.30149356944773
1780072815,70.67288135593239
1780072830,71.34830508474359
1780072845,71.07288135593497
1780072860,71.37457627118408
1780072875,71.47796610170005
1780072890,71.47203389830963
1780072905,71.33728813560052
1780072920,71.61101694915332
1780072935,71.13644067796393
1780072950,70.92288135593338
1780072965,71.08305084745507
1780072980,70.790677966108
1780072995,70.90338983051123
1780073010,70.52203389830784
1780073025,70.49745762712318
1780073040,70.55423728813382
1780073055,70.36440677966496
1780073070,70.83220338982616
1780073085,70.03644067796057
1780073100,69.62881355932657
1780073115,69.13813559322173
1780073130,68.77860188882362
1780073145,68.91355932203331
1780073160,68.16949152542078
1780073175,67.65593220338214
1780073190,67.76694915254436
1780073205,67.41779661017186
1780073220,67.46610169491821
1780073235,67.23983050848386
1780073250,66.81101694915215
1780073265,66.50593220339141
1780073280,66.34067796610229
1780073295,67.01610169490854
1780073310,67.14745762711588
1780073325,66.59661016949863
1780073340,66.60254237288412
1780073355,66.3737288135611
1780073370,66.46525423728636
1780073385,66.58220338982912
1780073400,66.51694915254929
1780073415,66.14491525423809
1780073430,66.18898305084983
1780073445,66.24457197869829
1780073460,66.65627129214964
1780073475,66.6771186440611
1780073490,66.41610169491703
1780073505,66.47711864406227
1780073520,66.63983050846767
1780073535,67.07118644067816
1780073550,67.29067796610406
1780073565,67.39543113997928
1780073580,67.1669491525479
1780073595,67.1635593220412
1780073610,67.1533898305063
1780073625,67.70593220339417
1780073640,67.86610169492077
1780073655,67.66779661016791
1780073670,67.69830508474793
1780073685,67.86440677966003
1780073700,68.32203389830607
1780073715,68.322033898311
1780073730,68.18050847457864
1780073745,68.44237288136047
1780073760,68.81016949151734
1780073775,69.07966101695034
1780073790,69.79406779660583
1780073805,69.89406779660523
1780073820,69.78983050847616
1780073835,69.79661016948955
1780073850,69.88728813559185
1780073865,70.55084745762711
1780073880,70.9203389830398
1780073895,70.60254237288018
1780073910,70.7008474576287
1780073925,70.4322033898384
1780073940,70.46355932203646
1780073955,70.52881355932125
1780073970,70.31186440677907
1780073985,70.19661016949212
1780074000,70.2025423728776
1780074015,70.74915254237013
1780074030,72.12457627118704
1780074045,71.31949152542431
1780074060,70.98155266744092
1780074075,70.82288135592904
1780074090,70.62542372880903
1780074105,70.79745762711647
1780074120,70.71016949152582
1780074135,70.09067796609736
1780074150,69.73220338983268
1780074165,69.57033898305025
1780074180,69.50084745763087
1780074195,69.3872881355948
1780074210,69.12711864407372
1780074225,68.77966101695212
1780074240,68.69152542372862
1780074255,68.61271186441212
1780074270,68.53474576270871
1780074285,68.57711864406957
1780074300,68.5983050847426
1780074315,67.22578545567205
1780074330,66.40728549781251
1780074345,66.37881355932855
1780074360,66.03050847456917
1780074375,65.71440677966042
1780074390,65.22542372880646
1780074405,64.86355932204002
1780074420,64.07881355932244
1780074435,64.06186440677907
1780074450,63.56101694915412
1780074465,62.855084745757985
1780074480,62.17372881355636
1780074495,61.68644067796314
1780074510,60.95000000000178
1780074525,60.3923728813514
1780074540,59.5186440677972
1780074555,58.841525423730204
1780074570,57.76016949152108
1780074585,56.459322033910745
1780074600,55.50847457626625
1780074615,54.67542372881218
1780074630,53.5084745762781
1780074645,52.296610169494485
1780074660,51.272881355933784
1780074675,50.30644275553877
1780074690,49.273728813553795
1780074705,48.528813559323225
1780074720,48.125423728813956
1780074735,47.27203389829996
1780074750,46.71186440678065
1780074765,46.017796610175225
1780074780,45.34745762711667
1780074795,44.91949152541781
1780074810,44.130508474580424
1780074825,43.80762711863855
1780074840,43.568644067790494
1780074855,43.24237288135673
1780074870,43.199152542372886
1780074885,43.20254237287465
1780074900,43.13983050847359
1780074915,43.28305084745684
1780074930,43.44275632029575
1780074945,43.70254237288156
1780074960,43.90593220338707
1780074975,43.87118644068231
1780074990,43.865254237291886
1780075005,43.99830508474517
1780075020,44.0288135593252
1780075035,44.047457627124366
1780075050,43.88050847456957
1780075065,43.90338983050335
1780075080,43.92288135593043
1780075095,43.7991525423792
1780075110,44.177966101698864
1780075125,44.19067796610269
1780075140,44.22203389830568
1780075155,44.21525423728735
1780075170,44.4533898305075
1780075185,44.60508474576488
1780075200,44.57711864407845
1780075215,44.52118644068093
1780075230,44.61864406779661
1780075245,44.83644067796176
1780075260,44.747457627115296
1780075275,45.52542372880961
1780075290,46.03898305085319
1780075305,45.84237288135613
1780075320,45.81779661017147
1780075335,45.8279661016965
1780075350,45.87203389830331
1780075365,45.97033898305184
1780075380,46.07881355931552
1780075395,45.90593220339003
1780075410,45.87627118643791
1780075425,45.912711864408365
1780075440,45.94491525423432
1780075455,45.78813559322429
1780075470,45.76610169491842
1780075485,45.396610169490934
1780075500,45.36101694915333
1780075515,45.57457627118387
1780075530,45.376271186440874
1780075545,45.67372881356031
1780075560,45.214406779658454
1780075575,44.45169491524674
1780075590,44.207627118646045
1780075605,44.34661016948975
1780075620,44.21440677966437
1780075635,44.36694915253982
1780075650,44.37796610169769
1780075665,44.48389830508257
1780075680,44.54830508473946
1780075695,44.640677966097556
1780075710,44.49067796610584
1780075725,44.515254237290506
1780075740,44.34237288135514
1780075755,44.09830508474458
1780075770,44.094915254237876
1780075785,44.04322033897989
1780075800,43.86271186440817
1780075815,43.861016949152344
1780075830,43.84322033898601
1780075845,43.71525423728537
1780075860,43.46440677966142
1780075875,43.44830508474596
1780075890,43.493220338980684
1780075905,43.60338983051499
1780075920,43.559322033898304
1780075935,43.55169491525207
1780075950,43.6686440677899
1780075965,43.760169491520095
1780075980,43.57627118644166
1780075995,43.63813559322468
1780076010,43.750847457627906
1780076025,43.85169491525522
1780076040,43.70593220338825
1780076055,43.92372881356821
1780076070,43.8779661016957
1780076085,44.007627118642304
1780076100,43.97919336140193
1780076115,43.896610169499816
1780076130,43.8661016949198
1780076145,44.09237288135416
1780076160,44.22796610169117
1780076175,44.19406779660445
1780076190,44.238983050844105
1780076205,44.42457627118822
1780076220,44.34237288135514
1780076235,44.247457627118244
1780076250,44.50932203390008
1780076265,45.11064481793077
1780076280,45.32033898305321
1780076295,45.223728813555574
1780076310,45.38644067796591
1780076325,45.610169491526406
1780076340,45.86186440678321
1780076355,46.051694915257
1780076370,46.14237288135929
1780076385,46.206779661016164
1780076400,46.47796610169511
1780076415,46.445762711859274
1780076430,46.3491525423715
1780076445,46.22627118643832
1780076460,46.181355932208525
1780076475,45.94067796609973
1780076490,45.98474576271641
1780076505,46.088983050850416
1780076520,46.02542372881652
1780076535,45.84661016949567
1780076550,45.19745762712003
1780076565,44.70254237288057
1780076580,44.52372881355478
1780076595,44.51355932203469
1780076610,44.10932203389753
1780076625,43.90593220339694
1780076640,43.90847457627572
1780076655,43.7889830508443
1780076670,43.85847457627355
1780076685,43.74067796610288
1780076700,43.51271186440283
1780076715,43.73389830508455
1780076730,43.51186440677986
1780076745,43.72966101694501
1780076760,43.53983050847615
1780076775,43.74661016949331
1780076790,43.54745762711747
1780076805,43.63983050847556
1780076820,43.579661016948364
1780076835,43.894915254239066
1780076850,43.672033898311405
1780076865,43.68135593220852
1780076880,43.76440677965964
1780076895,43.738135593219155
1780076910,43.98050847457884
1780076925,43.75169491525581
1780076940,43.75932203389712
1780076955,43.526271186449364
1780076970,43.34152542373315
1780076985,43.37542372881001
1780077000,43.37881355931671
1780077015,43.16864406779779
1780077030,43.20677966102405
1780077045,43.261016949150964
1780077060,43.10508474576883
1780077075,43.309322033902255
1780077090,43.40169491526036
1780077105,43.48305084745565
1780077120,43.34237288136106
1780077135,43.329661016952315
1780077150,43.32881355931947
1780077165,43.559322033903236
1780077180,43.69830508474695
1780077195,43.377118644065824
1780077210,43.36479074717744
1780077225,43.60169491525424
1780077240,43.53474576270872
1780077255,43.837288135590654
1780077270,43.85169491525522
1780077285,43.761864406780845
1780077300,43.730508474572915
1780077315,43.60423728813303
1780077330,43.65084745761864
1780077345,43.68050847457569
1780077360,43.644067796615104
1780077375,43.46694915254514
1780077390,43.262711864411706
1780077405,43.21440677966043
1780077420,43.47627118644719
1780077435,43.3923728813583
1780077450,43.16525423728616
1780077465,42.84830508474952
1780077480,43.19999999999585
1780077495,43.272033898308834
1780077510,43.27881355933209
1780077525,43.28050847456818
1780077540,43.01525423729446
1780077555,42.950460681085026
1780077570,43.13305084745033
1780077585,43.12118644068921
1780077600,43.12966101695349
1780077615,43.28389830509462
1780077630,43.27288135592687
1780077645,43.06355932203094
1780077660,43.261016949150964
1780077675,43.1059322033918
1780077690,43.13305084745526
1780077705,43.32881355932441
1780077720,43.33220338983603
1780077735,43.26355932202976
1780077750,43.25762711863933
1780077765,43.268644067797204
1780077780,42.98305084745368
1780077795,42.99745762711825
1780077810,43.061016949147216
1780077825,42.88813559322172
1780077840,43.07711864406267
1780077855,43.058088529410995
1780077870,43.049152542366365
1780077885,43.06016949152425
1780077900,43.22457627119039
1780077915,43.050847457627114
1780077930,42.99322033898365
1780077945,43.10932203389357
1780077960,43.12033898305637
1780077975,43.17966101695073
1780077990,43.14661016948699
1780078005,43.23220338983169
1780078020,43.377966101688806
1780078035,43.55254237287998
1780078050,43.86610169491486
1780078065,43.90762711864289
1780078080,43.91949152542372
1780078095,43.98813559322014
1780078110,43.791525423737895
1780078125,43.8483050847436
1780078140,43.781355932203006
1780078155,43.853389830511034
1780078170,43.83813559322349
1780078185,43.80338983050394
1780078200,43.75932203389219
1780078215,43.85847457627355
1780078230,44.24491525423453
1780078245,44.32033898304927
1780078260,44.48983050847299
1780078275,44.22033898304987
1780078290,44.37033898305144
1780078305,44.20847457626409
1780078320,44.14067796610052
1780078335,44.0508474576212
1780078350,43.91610169491703
1780078365,43.951694915254635
1780078380,43.80338983050886
1780078395,43.844915254236895
1780078410,43.837288135590654
1780078425,43.76355932202679
1780078440,43.87372881356604
1780078455,43.70762711864407
1780078470,43.74406779660958
1780078485,43.51864406779819
1780078500,43.513559322035675
1780078515,43.40847457627376
1780078530,43.49915254237604
1780078545,43.427118644067995
1780078560,43.42372881355636
1780078575,43.603389830510054
1780078590,43.37796610169866
1780078605,43.68050847457569
1780078620,43.74237288135869
1780078635,43.82288135593595
1780078650,44.001694915251875
1780078665,44.131355932203384
1780078680,44.16101694915058
1780078695,44.250000000001975
1780078710,44.56016949153509
1780078725,44.69322033898838
1780078740,44.82118644067915
1780078755,44.63389830507922
1780078770,44.64491525424202
1780078785,44.64406779661412
1780078800,44.61864406779661
1780078815,44.62627118644284
1780078830,44.39830508474281
1780078845,44.680508474579625
1780078860,44.96271186440165
1780078875,45.38474576271502
1780078890,45.714406779660436
1780078905,46.64576271186303
1780078920,47.31525423728873
1780078935,48.14661016949192
1780078950,49.20254237288353
1780078965,50.33779890033567
1780078980,51.83220338982518
1780078995,52.89322033898917
1780079010,53.879282583568525
1780079025,55.2025423728776
1780079040,56.7491525423642
1780079055,58.469491525428865
1780079070,60.07203389830804
1780079085,61.28305084745388
1780079100,62.932203389833475
1780079115,64.7584745762633
1780079130,66.79322033898089
1780079145,68.4703389830469
1780079160,70.18898305084589
1780079175,71.91694915254692
1780079190,72.63305084745329
1780079205,73.91864406779582
1780079220,74.75423728813362
1780079235,75.93050847456976
1780079250,76.03728813559243
1780079265,77.01949152543004
1780079280,78.49067796610683
1780079295,79.19322033898641
1780079310,80.87711864407076
1780079325,81.38377209336657
1780079340,82.70824011172718
1780079355,83.80593220338766
1780079370,84.5423728813589
1780079385,85.97457627118644
1780079400,86.3576271186407
1780079415,86.64505106727512
1780079430,86.66101694915056
1780079445,86.73898305083917
1780079460,86.01271186440283
1780079475,85.82796610169649
1780079490,86.43220338983741
1780079505,86.17194014874322
1780079520,86.18305084745941
1780079535,86.40847457627079
1780079550,86.7279661016961
1780079565,85.89491525423709
1780079580,85.62542372881396
1780079595,85.74067796610584
1780079610,84.74999999999409
1780079625,84.5837937884297
1780079640,83.53248250030094
1780079655,83.29830508473945
1780079670,82.52203389830588
1780079685,81.5677966101695
1780079700,81.71186440678558
1780079715,80.95508474575936
1780079730,80.61440677966102
1780079745,80.99491525423157
1780079760,81.67275710343228
1780079775,81.12033898304848
1780079790,81.35762711863578
1780079805,81.83389830507606
1780079820,81.56016949152325
1780079835,81.78716465875056
1780079850,81.55847457627236
1780079865,81.90000000000354
1780079880,81.08050847457133
1780079895,80.60847457626566
1780079910,80.86368905973045
1780079925,80.86101694915038
1780079940,80.66949152542571
1780079955,80.90762711863597
1780079970,80.75775757453005
1780079985,80.25593220338646
1780080000,80.48220338983072
1780080015,81.17894115971878
1780080030,81.38389830507626
1780080045,80.70254237288451
1780080060,80.99576271186935
1780080075,81.31186440677808
1780080090,80.67881355932775
1780080105,80.34576271186579
1780080120,80.52131849953264
1780080120,80.52131849953264
1780080135,80.52627118644739
1780080150,79.91440677966023
1780080165,80.23898305085298
1780080180,80.6779661016949
1780080195,80.00932203389712
1780080210,79.78220338982499
1780080225,80.23644067796432
1780080240,80.43728813558118
1780080255,79.82796610169255
1780080270,80.09745762712062
1780080285,80.56186440678006
1780080300,79.86016949152345
1780080315,79.7516949152499
1780080330,80.13206869199094
1780080345,80.07966101695429
1780080360,78.99067796610386
1780080375,78.67457627118526
1780080390,79.02372881356268
1780080405,78.83813559321857
1780080420,78.5127118644127
1780080435,79.34237288135022
1780080450,79.11850249832499
1780080465,78.50677966101735
1780080480,78.84915254237643
1780080495,79.08135593221108
1780080510,79.46440677966535
1780080525,79.03220338982696
1780080540,79.50847457627216
1780080555,79.89237288135928
1780080570,79.30084745763205
1780080585,79.11101694915827
1780080600,79.57288135592904
1780080615,79.23050847457489
1780080630,78.80677966102543
1780080645,79.46949152542294
1780080660,79.68305084745842
1780080675,79.57372881355202
1780080690,79.44406779661037
1780080705,79.7033898305134
1780080720,79.63474576271206
1780080735,79.05000000000315
1780080750,78.87796610169077
1780080765,79.35847457626566
1780080780,79.14322033898424
1780080795,78.7423728813587
1780080810,78.82796610169846
1780080825,79.18559322035004
1780080840,78.69237288135159
1780080855,78.10608063674343
1780080870,78.39406779661412
1780080885,78.63135593220635
1780080900,78.39237288134844
1780080915,78.9881355932152
1780080930,80.18050847457174
1780080945,80.44915254237189
1780080960,81.33474576271679
1780080975,81.63728813558888
1780080990,82.43728813559402
1780081005,83.30169491526095
1780081020,83.79999999999723
1780081035,85.03908448078002
1780081050,84.26186440678282
1780081065,84.57383339774225
1780081080,84.7983050847503
1780081095,84.68559322034214
1780081110,84.94745762711904
1780081125,84.80762711863757
1780081140,85.16789716679729
1780081155,84.82372881356287
1780081170,84.88474576271305
1780081185,84.67372881355143
1780081200,85.09576271185986
1780081215,84.37288135593023
1780081230,84.0898305084803
1780081245,83.5271186440674
1780081260,82.25762711864525
1780081275,82.2033898305134
1780081290,81.43728813559005
1780081305,81.16525423728814
1780081320,79.9288135593248
1780081335,79.46186440678656
1780081350,80.2381355932152
1780081365,80.39406779661215
1780081380,79.77033898305402
1780081395,79.90254237288926
1780081410,79.74477793069211
1780081425,79.83220338983209
1780081440,79.56694915254357
1780081455,80.0677966101685
1780081470,80.28050847458101
1780081485,80.01525423728755
1780081500,79.97288135593162
1780081515,79.69406779661135
1780081530,79.19152542372565
1780081545,79.0127118644048
1780081560,79.10423728813008
1780081575,79.46800541011704
1780081590,79.90932203390759
1780081605,79.47203389830666
1780081620,80.19999999999389
1780081635,80.31610169490875
1780081650,80.46694915254317
1780081665,79.9254237288181
1780081680,80.51694915254534
1780081695,80.44745762712101
1780081710,80.53813559322329
1780081725,80.27796610169236
1780081740,80.52288135593082
1780081755,80.46297677319806
1780081770,80.01864406780412
1780081785,80.72542372880844
1780081800,81.22118644067086
1780081815,81.36271186440817
1780081830,81.29720402988495
1780081845,81.83050847457429
1780081860,81.75932203390403
1780081875,80.9050847457572
1780081890,80.75254237288668
1780081905,81.57203389829917
1780081920,81.20508474577021
1780081935,80.62033898304158
1780081950,80.95762711864309
1780081965,80.65084745762653
1780081980,80.19237288134764
1780081995,79.8381355932225
1780082010,80.39406779661215
1780082025,80.44067796609775
1780082040,80.11355932203607
1780082055,79.67881355931394
1780082070,80.0720338983031
1780082085,79.64237288135337
1780082100,79.22118644067284
1780082115,79.0050847457635
1780082130,78.64067796610348
1780082145,78.53644067796945
1780082160,78.52542372880666
1780082175,78.57372881356287
1780082190,78.59322033898502
1780082205,78.54915254236833
1780082220,78.11355932203311
1780082235,78.49661016949231
1780082250,78.57033898305617
1780082265,78.62033898304847
1780082280,79.43898305084785
1780082295,79.53389830507982
1780082310,79.30677966100768
1780082325,78.8245762711819
1780082340,79.02372881355775
1780082355,78.99576271187132
1780082370,79.59830508474161
1780082385,78.95169491525957
1780082400,79.39830508474773
1780082415,79.93898305084983
1780082430,79.9923728813587
1780082445,79.70677966101024
1780082460,80.47457627117953
1780082475,80.43559322034017
1780082490,80.03305084745881
1780082505,80.06271186440598
1780082520,80.77711864407628
1780082535,80.68644067796906
1780082550,80.19999999999882
1780082565,80.23969654032183
1780082580,80.15579766642703
1780082595,80.48305084745861
1780082610,80.12711864406779
1780082625,80.80508474575778
1780082640,81.06610169491664
1780082655,80.43813559321895
1780082670,80.65169491525937
1780082685,81.35338983051103
1780082700,81.41186440678243
1780082715,80.5694915254263
1780082730,81.17118644066869
1780082745,81.04915254237328
1780082760,81.08644067797162
1780082775,80.44576271187013
1780082790,80.82288135593892
1780082805,80.52627118644246
1780082820,80.34830508474458
1780082835,79.45593220339121
1780082850,79.91694915254395
1780082865,79.90084745762357
1780082880,79.95423728813243
1780082895,79.49152542372389
1780082910,79.7381355932083
1780082925,79.62033898305243
1780082940,79.49491525424044
1780082955,79.7949152542436
1780082970,79.71610169491723
1780082985,79.35437725845473
1780083000,78.68135593220359
1780083015,79.42627118644403
1780083030,79.23997125442467
1780083045,79.3898305084736
1780083060,78.75847457626921
1780083075,79.2567796610203
1780083090,79.27457627118663
1780083105,79.00169491526174
1780083120,79.1008474576283
1780083135,79.70169491526252
1780083150,79.78389830509067
1780083165,79.22966101694205
1780083180,79.61440677966694
1780083195,79.64999999999961
1780083210,79.53050847457311
1780083225,78.91101694914958
1780083240,79.14067796610051
1780083255,79.16271186440639
1780083270,78.91864406779582
1780083285,78.73050847457786
1780083300,79.04491525423572
1780083315,79.03644067797143
1780083330,78.26440677965766
1780083345,78.71355932203448
1780083360,78.99851865913169
1780083375,78.90000000000158
1780083390,78.28135593220595
1780083405,79.35593220339182
1780083420,79.68474576270437
1780083435,79.56864406779938
1780083450,78.91271186440541
1780083465,79.42457627118822
1780083480,79.37288135593023
1780083495,79.41949152541584
1780083510,80.45508474576232
1780083525,80.71016949152582
1780083540,80.91016949152463
1780083555,80.27033898305105
1780083570,81.01036260648551
1780083585,81.3135593220339
1780083600,81.67627118643811
1780083615,81.31478681789108
1780083630,82.11610169491782
1780083645,81.88813559321777
1780083660,81.51949152542313
1780083675,81.95932203389297
1780083690,82.46271186440659
1780083705,81.68813559321896
1780083720,80.90847457626882
1780083735,81.47627118643929
1780083750,81.7355932203374
1780083765,82.00169491525384
1780083780,81.23559322034036
1780083795,82.05847457627435
1780083810,82.14067796609756
1780083825,81.15677966101399
1780083840,81.08813559321759
1780083855,81.65677966102089
1780083870,81.4364406779671
1780083885,81.03050847457904
1780083900,81.45084745762672
1780083915,81.50847457627513
1780083930,81.41101694914958
1780083945,81.08957409590889
1780083960,81.7889830508512
1780083975,81.74152542373277
1780083990,81.63644067797577
1780084005,81.84745762711272
1780084020,82.32627118644167
1780084035,82.47203389830864
1780084050,82.10169491524833
1780084065,81.98898305084016
1780084080,82.35084745763619
1780084095,82.21937097878155
1780084110,81.5084745762702
1780084125,82.56864406780134
1780084140,82.80169491524912
1780084155,83.06016949152917
1780084170,82.1838983050814
1780084185,82.74491525424341
1780084200,82.75689656341056
1780084215,82.70847457627296
1780084230,82.32203389830705
1780084245,82.45932203389495
1780084260,82.26694915254238
1780084275,81.91101694914661
1780084290,82.14152542372545
1780084305,82.47542372880548
1780084320,82.45593220339812
1780084335,81.9330508474525
1780084350,82.25508474576154
1780084365,82.23135593220478
1780084380,81.82542372881672
1780084395,81.31779661016357
1780084410,81.6847457627172
1780084425,81.63898305084962
1780084440,81.79406779661372
1780084455,82.73983050847595
1780084470,83.54406779661569
1780084485,84.13559322034293
1780084500,84.96186440677867
1780084515,85.2788135593252
1780084530,86.19491525423531
1780084545,86.15254237287938
1780084560,86.85847457627553
1780084575,88.02796610169334
1780084590,87.98983050846708
1780084605,88.48813559321816
1780084620,88.37808429067198
1780084635,88.74322033898167
1780084650,88.65254237288431
1780084665,88.84830508473867
1780084680,88.56186440677709
1780084695,89.31525423728675
1780084710,88.90254237287543
1780084725,88.56432924968964
1780084740,87.70677966101714
1780084755,86.91016949152365
1780084770,86.64067796609558
1780084785,85.87966101694462
1780084800,84.6381355932237
1780084815,84.62542372881987
1780084830,83.93898305084588
1780084845,83.5567796610195
1780084860,82.24661016948738
1780084875,81.8372881355877
1780084890,80.97457627118644
1780084905,79.99830508474417
1780084920,80.0644067796618
1780084935,80.40254237288136
1780084950,80.32288135593201
1780084965,79.71779661017304
1780084980,80.0279661016963
1780084995,79.83644067796669
1780085010,79.93135593219866
1780085025,79.22288135593358
1780085040,79.67881355931887
1780085055,79.82203389830707
1780085070,79.74999999999409
1780085085,79.87796610168978
1780085100,80.01271186440381
1780085115,79.76186440678478
1780085130,79.46101694915373
1780085145,79.51864406779228
1780085160,79.88559322034095
1780085175,80.05084745762514
1780085190,79.28474576270673
1780085205,79.77033898305402
1780085220,79.38728813559973
1780085235,79.44322033898246
1780085250,79.16949152542965
1780085265,79.5669491525337
1780085280,79.96016949152286
1780085295,79.39152542373434
1780085310,79.10254237288905
1780085325,79.58559322033287
1780085340,79.48389830508751
1780085355,78.75169491525088
1780085370,79.19830508474399
1780085385,78.82372881356386
1780085400,78.90677966101498
1780085415,78.13474576272095
1780085430,78.32203389829128
1780085445,78.60508474576093
1780085460,78.61694915254178
1780085475,78.1262711864468
1780085490,78.54661016948955
1780085505,78.92048189503386
1780085520,78.91101694914958
1780085535,79.20254237288353
1780085550,79.35338983051301
1780085565,80.01525423729248
1780085580,80.16949152542865
1780085595,81.2449152542375
1780085610,81.75254237287584
1780085625,82.64915254236874
1780085640,83.3237288135619
1780085655,84.09152542373118
1780085670,85.14237288135534
1780085685,85.45084745762279
1780085700,86.0983050847574
1780085715,87.55762711864348
1780085730,87.9203389830477
1780085745,88.39745762711588
1780085760,88.93474576270634
1780085775,89.12203389830134
1780085790,89.28813559322823
1780085805,89.2271186440682
1780085820,89.03212903137478
1780085835,89.23721516756046
1780085850,88.83474576270693
1780085865,88.46101694915964
1780085880,86.83389830508594
1780085895,86.27203389830588
1780085910,86.85423728813599
1780085925,85.51939335182466
1780085940,85.5771186440676
1780085955,84.99237288135869
1780085970,84.47203389830666
1780085985,83.676271186446
1780086000,83.09915254237347
1780086015,83.02542372880961
1780086030,82.03644067796847
1780086045,81.4618644067846
1780086060,81.71355932203153
1780086075,81.08220338983209
1780086090,80.68644067797399
1780086105,79.95932203389495
1780086120,80.55762711864051
1780086135,80.46694915253822
1780086150,79.99067796609795
1780086165,80.36355932202719
1780086180,81.02033898304907
1780086195,80.8033898305069
1780086210,79.78728813559736
1780086225,80.27457627118565
1780086240,79.52033898304316
1780086255,79.17528254429001
1780086270,78.7567796610134
1780086285,78.87118644068231
1780086300,78.8466101694927
1780086315,78.70847457626704
1780086330,78.69915254236992
1780086345,78.77627118643062
1780086360,78.93305084745546
1780086375,78.80508474575976
1780086390,79.39491525423117
1780086405,79.44915254237289
1780086420,79.33389830508592
1780086435,78.79505901654647
1780086450,79.48813559322213
1780086465,79.39674985253885
1780086480,79.00169491525186
1780086495,78.28559322034056
1780086510,79.11271186440915
1780086525,79.1703389830477
1780086540,79.11355932203212
1780086555,79.00593220339141
1780086570,79.63220338982833
1780086585,80.05508474576469
1780086600,80.25338983050769
1780086615,80.52627118643751
1780086630,80.90508474576212
1780086645,80.58996210195363
1780086660,80.47542372881237
1780086675,81.19406779661233
1780086690,81.20932203389988
1780086705,81.33305084746098
1780086720,81.43559322034412
1780086735,81.74322033898365
1780086750,80.82203389830114
1780086765,80.97627118644226
1780086780,81.5213117199166
1780086795,81.83389830508592
1780086810,81.27203389831081
1780086825,81.55847457627236
1780086840,82.06186440678105
1780086855,81.92627118644403
1780086870,81.57711864406167
1780086885,81.64491525423512
1780086900,81.59661016948876
1780086915,80.56779661017049
1780086930,80.21186440677965
1780086945,80.95423728813638
1780086960,80.93983050847181
1780086975,80.24322033898265
1780086990,80.9101694915197
1780087005,80.85508474576488
1780087020,80.40084745763048
1780087035,80.93559322034214
1780087050,82.28220338982499
1780087065,82.36949152541564
1780087080,83.12457627118111
1780087095,83.60084745763619
1780087110,84.03220338982695
1780087125,84.70847457627099
1780087140,84.85084745762633
1780087155,85.90433285198422
1780087170,86.26864406780412
1780087185,85.39152542372842
1780087200,85.26864406780015
1780087215,86.0838983050879
1780087230,85.69661016948915
1780087245,85.53728813559539
1780087260,85.8788135593167
1780087275,86.29830508475129
1780087290,85.29661016949153
1780087305,85.22711864406227
1780087320,85.83813559321659
1780087335,84.844067796608
1780087350,83.88220338983524
1780087365,83.80593220338766
1780087380,82.94067796609774
1780087395,82.65932203389869
1780087410,81.87862927419462
1780087425,81.11016949151852
1780087440,81.03050847457904
1780087455,79.47203389830173
1780087470,79.84830508474754
1780087485,79.80338983050295
1780087500,79.84576271186874
1780087515,79.13728813558888
1780087530,79.55847457626449
1780087545,79.2483050847511
1780087560,79.16525423728025
1780087575,78.62288135593221
1780087590,78.9728813559326
1780087605,78.77711864406346
1780087620,78.95593220338924
1780087635,78.81694915254059
1780087650,78.38898305084668
1780087665,78.14237288135732
1780087680,78.43898305084885
1780087695,78.06864406780332
1780087710,78.4093220338918
1780087725,78.4627118644056
1780087740,78.55508474575383
1780087755,78.84421122569036
1780087770,78.90169491525246
1780087785,79.01525423729346
1780087800,78.96101694915669
1780087815,79.19067796609775
1780087830,79.43389830509027
1780087845,79.5822033898311
1780087860,79.16949152541979
1780087875,79.43559322034115
1780087890,79.62796610169374
1780087905,79.6296610169594
1780087920,79.11016949153036
1780087935,79.91271186441428
1780087950,80.78813559322428
1780087965,80.63050847457647
1780087980,79.88474576270812
1780087995,80.22033898305874
1780088010,80.05084745763008
1780088025,80.07881355931652
1780088040,79.70254237288057
1780088055,79.74745762712023
1780088070,79.61864406780647
1780088085,79.74422861791845
1780088100,79.85169491525917
1780088115,79.72627118644226
1780088130,79.33220338983504
1780088145,79.38114624894096
1780088160,79.40847457626784
1780088175,79.52542372881554
1780088190,79.70084745763461
1780088205,79.33305084745803
1780088220,79.8169491525396
1780088235,79.0508474576212
1780088250,78.55762711864742
1780088265,79.07711864406168
1780088280,79.15932203389968
1780088295,79.0610169491561
1780088310,78.905932203392
1780088325,78.7754237288175
1780088340,79.27966101695408
1780088355,79.10847457627455
1780088370,78.8771186440678
1780088385,78.80423728813678
1780088400,78.86610169490993
1780088415,79.26694915254532
1780088430,80.16779661017284
1780088445,80.07711864406562
1780088460,80.53983050847418
1780088475,80.31610169490875
1780088490,80.13474576271403
1780088505,80.25084745761903
1780088520,80.46355932203153
1780088535,80.66694915253704
1780088550,80.26610169491151
1780088565,80.32457627117796
1780088580,80.23813559322508
1780088595,80.46675050933787
1780088610,80.52203389830785
1780088625,80.31440677965787
1780088640,80.09576271187467
1780088655,79.96016949152286
1780088670,80.27966101694324
1780088685,79.72627118643733
1780088700,79.62796610169866
1780088715,78.67033898305559
1780088730,78.22796610169709
1780088745,78.01525423728458
1780088760,77.94067796610268
1780088775,78.18050847457863
1780088790,78.55762711865235
1780088805,78.57457627118585
1780088820,78.52118644068192
1780088835,78.79067796610012
1780088850,78.5838983050879
1780088865,78.94406779661333
1780088880,79.18135593220556
1780088895,78.85847457626862
1780088910,78.86271186441309
1780088925,79.31355932203587
1780088940,79.86440677965805
1780088955,80.58813559322053
1780088970,81.15169491525641
1780088985,82.33898305085042
1780089000,83.0313559322099
1780089015,83.12457627118604
1780089030,83.89830508474083
1780089045,84.55762711864644
1780089060,84.72372881355852
1780089075,85.28898305084036
1780089090,85.39915254236973
1780089105,85.9127118644133
1780089120,86.60084745762337
1780089135,86.35677966100788
1780089150,87.69406779661333
1780089165,88.10847457627553
1780089180,88.07881355932341
1780089195,88.4915254237298
1780089210,89.63135593220044
1780089225,89.20423728812948
1780089240,89.59491525423987
1780089255,89.62627118644285
1780089270,89.14661016949094
1780089285,89.13050847457549
1780089300,89.62711864406583
1780089315,88.96694915253724
1780089330,89.07796610169451
1780089345,89.66610169491013
1780089360,89.23474576271443
1780089375,89.12288135592924
1780089390,89.31864406779839
1780089405,89.45932203390285
1780089420,89.51016949152799
1780089435,89.47711864406425
1780089450,89.37542372881889
1780089465,89.60000000000237
1780089480,89.38728813559973
1780089495,89.5949152542448
1780089510,89.85423728813304
1780089525,90.03474576270969
1780089540,89.91440677966516
1780089555,90.17203389830252
1780089570,90.46355932203153
1780089585,90.41610169491308
1780089600,90.41531921817183
1780089615,90.32033898305815
1780089630,90.26355932202284
1780089645,90.50932203388923
1780089660,90.02711864407333
1780089675,90.08644067796274
1780089690,90.50169491525779
1780089705,89.74915254237604
1780089720,89.82033898304631
1780089735,89.80423728812592
1780089750,89.65593220339004
1780089765,89.45847457627
1780089780,89.40762711864978
1780089795,89.4262711864391
1780089810,89.33220338983011
1780089825,88.94830508474794
1780089840,89.09310942146062
1780089855,88.97796610169512
1780089870,89.05338983050493
1780089885,89.02881355933012
1780089900,89.01186440678184
1780089915,89.1000000000004
1780089930,89.22966101694698
1780089945,89.32966101695132
1780089960,89.77372881356071
1780089975,89.49745762711923
1780089990,89.5110169491559
1780090005,89.41694915253704
1780090020,89.25762711864328
1780090035,89.13898305084963
1780090050,89.0949152542428
1780090065,89.06440677966772
1780090080,88.89237288134547
1780090095,88.66101694915847
1780090110,88.88305084745328
1780090125,88.75762711864624
1780090140,88.68644067796116
1780090155,88.93898305085082
1780090170,88.79576271186757
1780090185,87.8516949152562
1780090200,88.46440677965649
1780090215,88.35677966101576
1780090230,87.8610169491484
1780090245,87.42033898304572
1780090260,87.05338983051183
1780090275,86.7822033898378
1780090290,86.96355932203252
1780090305,86.8516949152572
1780090320,87.083050847459
1780090335,86.81271186440303
1780090350,86.59237288135415
1780090365,86.68983050846984
1780090380,86.60338983051696
1780090395,86.71271186441349
1780090410,86.60941281753944
1780090425,86.45584037858318
1780090440,86.19830508474695
1780090455,86.23050847457785
1780090470,86.40084745762455
1780090485,86.47796610170005
1780090500,86.56694915254158
1780090515,85.95762711864307
1780090530,86.61016949152543
1780090545,86.76016949152701
1780090560,86.39067796610446
1780090575,87.09491525423985
1780090590,87.24237288135771
1780090605,86.57711864407155
1780090620,87.30847457626547
1780090635,87.51101694914307
1780090650,87.12203389831318
1780090665,87.57118644068014
1780090680,87.75000000000098
1780090695,87.0466101694935
1780090710,87.20169491525759
1780090725,88.01949152542412
1780090740,87.7042372881285
1780090755,87.55423728813679
1780090770,88.10762711863775
1780090785,87.64322033898326
1780090800,87.78050847457608
1780090815,88.26949152542018
1780090830,87.4932203389718
1780090845,87.84576271186579
1780090860,88.26271186441171
1780090875,87.57381305889412
1780090890,88.19999999999585
1780090905,88.34059891931332
1780090920,87.7372881355873
1780090935,88.29491525423768
1780090950,88.2745762711827
1780090965,87.63728813559283
1780090980,88.33728813559361
1780090995,88.28135593221089
1780091010,88.43644067796511
1780091025,88.67796610169195
1780091040,88.28728813560132
1780091055,88.57796610169748
1780091070,88.79915254236933
1780091085,88.73728813559126
1780091100,88.74661016949823
1780091115,89.40677966102189
1780091130,88.80169491525305
1780091145,88.70338983050453
1780091160,89.13305084745427
1780091175,88.5872881355946
1780091190,88.16186440678439
1780091205,88.40508474576212
1780091220,88.13983050846865
1780091235,87.34652438321635
1780091250,87.61864406779858
1780091265,87.62711864407274
1780091280,86.61271186440915
1780091295,86.74661016949034
1780091310,86.21694915254612
1780091325,85.69237288136442
1780091340,85.2627118644048
1780091355,84.8737288135601
1780091370,84.29406779661373
1780091385,83.96355932203548
1780091400,83.58559322034371
1780091415,83.35932203389949
1780091430,83.45932203390876
1780091445,82.59999999999941
1780091460,82.10932203389456
1780091475,82.13135593220044
1780091490,81.71186440677572
1780091505,80.96864406778616
1780091520,80.74504579630778
1780091535,80.00847457627908
1780091550,79.25932203389416
1780091565,78.39406779660425
1780091580,78.19067796610368
1780091595,77.26864406779819
1780091610,76.59237288135417
1780091625,76.35609250107765
1780091640,76.62457627119493
1780091655,75.86949152542452
1780091670,75.18983050847872
1780091685,74.749999999999
1780091700,73.81101694915017
1780091715,72.7372881355873
1780091730,72.06101694915313
1780091745,71.59745762711667
1780091760,71.05677966102445
1780091775,70.56694915254256
1780091790,70.26440677966062
1780091805,70.60169491525227
1780091820,70.15593220338707
1780091835,69.40932203390068
1780091850,68.98559322034134
1780091865,68.55847457627533
1780091880,68.20593220338628
1780091895,67.53474576270476
1780091910,66.72288135592865
1780091925,66.13305084746217
1780091940,64.36610169491684
1780091955,63.87203389831022
1780091970,63.34322033898897
1780091985,62.499152542377026
1780092000,62.15932203389672
1780092015,61.78728813559046
1780092030,61.2991525423792
1780092045,60.98644067796235
1780092060,60.36271186441409
1780092075,59.554237288129876
1780092090,58.51525423728656
1780092105,57.54661016948067
1780092120,56.99406779660761
1780092135,56.540677966096176
1780092150,55.68474576271325
1780092165,55.31694915253665
1780092180,55.008474576269215
1780092195,54.57033898305026
1780092210,54.14121451670819
1780092225,53.866949152537835
1780092240,53.353389830509066
1780092255,53.72288135593655
1780092270,53.379661016949555
1780092285,53.385061796196354
1780092300,53.11864406779069
1780092315,52.87966101694758
1780092330,52.61864406778871
1780092345,52.66610169491703
1780092360,52.5389830508443
1780092375,52.41186440678144
1780092390,52.513559322031725
1780092405,52.633898305086134
1780092420,52.51779661017126
1780092435,52.817796610169495
1780092450,52.83474576271778
1780092465,53.10762711864269
1780092480,53.24576271187329
1780092495,53.40762711864091
1780092510,53.68389830507745
1780092525,53.883898305086134
1780092540,54.09745762711174
1780092555,53.885593220341946
1780092570,54.135593220337995
1780092585,53.83474576271187
1780092600,54.309322033896336
1780092615,54.40423728813323
1780092630,54.522881355931816
1780092645,54.32711864406761
1780092660,54.36271186441013
1780092675,54.49915254237998
1780092690,54.06694915253665
1780092705,54.199999999999804
1780092720,54.12203389830134
1780092735,53.703389830504534
1780092750,53.84745762711569
1780092765,53.793220338983836
1780092780,53.60423728813303
1780092795,53.63220338982933
1780092810,53.450847457624754
1780092825,53.40932203390166
1780092840,53.572881355925105
1780092855,53.524576271178745
1780092870,53.31864406779444
1780092885,53.11525423728894
1780092900,52.78644067797143
1780092915,52.745762711866384
1780092930,52.777118644069375
1780092945,52.8720338983112
1780092960,52.70794774272816
1780092975,52.882203389826365
1780092990,52.78728813558947
1780093005,53.00677966101044
1780093020,53.06355932203588
1780093035,53.09745762711273
1780093050,52.772881355934764
1780093065,52.65677966101497
1780093080,52.727118644067204
1780093095,52.56949152542432
1780093110,52.54406779661669
1780093125,52.2449152542365
1780093140,52.390677966113344
1780093155,51.98305084745467
1780093170,52.178813559323814
1780093185,52.467796610169096
1780093200,52.10423728813698
1780093215,52.268644067798185
1780093230,51.858474576270595
1780093245,52.10338983050906
1780093260,52.27033898304907
1780093275,52.33220338982716
1780093290,52.37542372881593
1780093305,52.32627118644659
1780093320,52.44745762711904
1780093335,52.59576271185987
1780093350,52.965254237287354
1780093365,53.27542372881553
1780093380,53.45508474575935
1780093395,53.78898305083937
1780093410,53.839830508469454
1780093425,53.951694915259566
1780093440,53.58898305085042
1780093455,53.57711864405971
1780093470,53.39152542373533
1780093485,53.18644067796413
1780093500,53.167796610174825
1780093515,53.23135593220378
1780093530,53.13474576271108
1780093545,52.8115444850517
1780093560,52.5567796610205
1780093575,52.33389830508297
1780093590,52.16525423729208
1780093605,52.06016949152523
1780093620,51.88135593220438
1780093635,51.594915254242814
1780093650,51.23898305084707
1780093665,50.727966101697085
1780093680,50.302542372877014
1780093695,50.213559322035486
1780093710,50.17288135593536
1780093725,50.91949152542669
1780093740,51.41779661016792
1780093755,51.50000000000592
1780093770,51.71949152542689
1780093785,51.805932203389624
1780093800,51.753389830518536
1780093815,51.64237288136619
1780093830,51.98305084745467
1780093845,51.97711864406918
1780093860,52.07203389830607
1780093875,52.46355932203449
1780093890,52.69152542373454
1780093905,52.73305084745763
1780093920,52.88644067796591
1780093935,53.064406779658846
1780093950,53.0762711864397
1780093965,53.23728813558928
1780093980,53.03559322033957
1780093995,53.200847457623766
1780094010,53.40847457626883
1780094025,52.63305084745822
1780094040,52.2838983050808
1780094055,52.30254237288491
1780094070,52.47627118644325
1780094085,52.43644067796117
1780094100,52.411016949158466
1780094115,52.82627118644364
1780094130,52.688135593217964
1780094145,52.76101694915393
1780094160,52.613559322031136
1780094175,52.316949152539614
1780094190,52.33474576271582
1780094205,52.61525423728695
1780094220,52.92542372881513
1780094235,52.876271186440874
1780094250,52.92203389830844
1780094265,53.1449152542361
1780094280,53.30084745762811
1780094295,53.07881355931848
1780094310,53.02505398249713
1780094325,53.09322033897812
1780094340,53.05084745762218
1780094355,52.881883944971754
1780094370,53.47203389830765
1780094385,53.366632994125354
1780094400,53.38728813559579
1780094415,53.37288135593121
1780094430,53.516101694919406
1780094445,53.59915254236558
1780094460,53.53474576270871
1780094475,53.802542372876026
1780094490,53.3813559322103
1780094505,53.207627118647025
1780094520,53.12288135593023
1780094535,53.34661016949074
1780094550,53.333050847454075
1780094565,53.22796610169709
1780094580,52.88728813559875
1780094595,52.948305084753855
1780094610,52.61016949152444
1780094625,52.740677966098936
1780094640,52.791205364099426
1780094655,52.431355932198656
1780094670,52.52711864406838
1780094685,52.44576271186323
1780094700,52.32966101694836
1780094715,52.31610169491664
1780094730,52.19999999999685
1780094745,51.915254237286156
1780094760,51.97372881355755
1780094775,51.93474576271324
1780094790,52.05847457626448
1780094805,52.09237288136106
1780094820,51.855084745763904
1780094835,51.93898305084292
1780094850,51.85169491524733
1780094865,51.82372881355597
1780094880,51.99576271186835
1780094895,51.71525423728735
1780094910,52.09576271186776
1780094925,51.96610169491625
1780094940,52.03220338982892
1780094955,51.93983050847083
1780094970,51.65847457626684
1780094985,52.00169491525878
1780095000,51.9220338983045
1780095015,52.073728813566824
1780095030,51.925423728801334
1780095045,52.36016949153331
1780095060,52.32033898305617
1780095075,52.3449152542359
1780095090,52.0067796610213
1780095105,52.14830508474873
1780095120,52.1101694915274
1780095135,51.98474576271048
1780095150,52.285593220346485
1780095165,52.10423728814191
1780095180,52.16525423728715
1780095195,52.26016949152898
1780095210,52.38389830508021
1780095225,52.3338983050879
1780095240,52.48983050847498
1780095255,52.40084745761864
1780095270,52.3966101694939
1780095285,52.1423728813583
1780095300,52.12288135593121
1780095315,51.95593220339121
1780095330,51.870338983046516
1780095345,51.47457627118348
1780095360,51.327471126823646
1780095375,51.45254237287761
1780095390,51.630508474575485
1780095405,51.683898305084355
1780095420,51.47203389830962
1780095435,51.589830508475366
1780095450,51.21016949152779
1780095465,51.263559322036656
1780095480,51.24406779660957
1780095495,51.129661016945605
1780095510,51.26186440677591
1780095525,51.116949152546724
1780095540,50.86779661017364
1780095555,50.839830508477334
1780095570,50.6728813559324
1780095585,50.519491525429046
1780095600,50.46271186440856
1780095615,51.25508474576252
1780095630,51.53813559321245
1780095645,51.970827415319356
1780095660,52.21101694915471
1780095675,52.861864406776306
1780095690,53.10932203389851
1780095705,53.13474576271108
1780095720,52.861864406781244
1780095735,52.823728813559924
1780095750,52.83135593219629
1780095765,52.930508474572726
1780095780,53.005932203392405
1780095795,53.372033898303314
1780095810,53.4983050847432
1780095825,53.743220338981665
1780095840,53.86610169491486
1780095855,53.800847457620215
1780095870,53.818644067801344
1780095885,54.12372881355716
1780095900,53.937288135585135
1780095915,53.174576271183284
1780095930,53.0771186440676
1780095945,53.240677966100904
1780095960,52.699999999998816
1780095975,52.03474576271265
1780095990,52.42288135592944
1780096005,52.52033898305499
1780096020,52.86525423728301
1780096035,52.6347457627091
1780096050,52.80593220339358
1780096065,52.626271186434955
1780096080,52.655932203392
1780096095,52.44152542372369
1780096110,52.27966101695113
1780096125,52.38728813559184
1780096140,52.21101694915471
1780096155,52.13983050846964
1780096170,52.18050847456976
1780096185,51.940677966103664
1780096200,52.04576271186559
1780096215,52.26101694914702
1780096230,52.194067796606426
1780096245,51.94491525423335
1780096260,51.87627118643693
1780096275,52.08474576270496
1780096290,51.93644067796907
1780096305,51.77627118644739
1780096320,51.66186440678341
1780096335,51.65000000000257
1780096350,51.89947864761009
1780096365,52.061016949153135
1780096380,51.808474576268424
1780096395,51.591525423726246
1780096410,51.84576271186678
1780096425,51.72320865620895
1780096440,51.951694915251664
1780096455,51.98644067797124
1780096470,52.29406779660584
1780096485,52.305932203396544
1780096500,52.164406779659245
1780096515,52.33135593220418
1780096530,52.537288135598345
1780096545,52.738983050848056
1780096560,52.65084745762949
1780096575,52.756779661014384
1780096590,52.99661016949527
1780096605,52.91610169491309
1780096620,52.82372881355498
1780096635,53.04661016948757
1780096650,53.25338983050473
1780096665,53.1686440677978
1780096680,53.20338983050748
1780096695,53.18591060399315
1780096710,53.106779661014784
1780096725,52.836440677958805
1780096740,52.83559322033583
1780096755,52.82033898305814
1780096770,52.539830508477145
1780096785,52.50169491525089
1780096800,52.72764561115195
1780096815,52.26864406779326
1780096830,52.03644067796353
1780096845,52.0567796610136
1780096860,51.48559322033641
1780096875,51.33644067796275
1780096890,51.05084745763403
1780096905,51.063559322032916
1780096920,51.16016949152069
1780096935,51.11610169490894
1780096950,50.951694915252666
1780096965,51.36659627190192
1780096980,51.594067796605046
1780096995,51.76186440677788
1780097010,51.749152542378994
1780097025,51.89576271185415
1780097040,51.84661016948975
1780097055,51.95084745763856
1780097070,52.050847457628116
1780097085,51.950847457628704
1780097100,51.88135593220438
1780097115,51.85000000000139
1780097130,52.044067796609774
1780097145,52.2559322033845
1780097160,52.47494042312473
1780097175,52.50000000000493
1780097190,52.84491525423295
1780097205,53.36864406779661
1780097220,53.25254237287682
1780097235,53.561864406777104
1780097250,53.413559322036264
1780097265,53.62627118643397
1780097280,53.35084745762535
1780097295,53.331355932208126
1780097310,53.24459826846599
1780097325,53.3711864406754
1780097340,53.381355932205366
1780097355,53.189830508475765
1780097370,53.62203389829936
1780097385,53.66864406779976
1780097400,53.44067796610958
1780097415,53.531355932202004
1780097430,53.45593220338727
1780097445,53.03898305085121
1780097460,52.43389830508731
1780097475,50.78559322033562
1780097490,48.949999999998816
1780097505,47.14576271186006
1780097520,45.51864406780115
1780097535,43.70254237288156
1780097550,42.131355932200435
1780097565,40.435593220340174
1780097580,38.89745762711786
1780097595,37.388983050847656
1780097610,35.72457627118546
1780097625,34.14406779661214
1780097640,32.51271186440382
1780097655,30.925423728812174
1780097670,29.32796610170537
1780097685,27.715254237291298
1780097700,26.2423728813587
1780097715,24.594067796611952
1780097730,23.024576271196505
1780097745,21.907627118644857
1780097760,21.10423728813303
1780097775,20.936440677970047
1780097790,20.96355932203351
1780097805,21.09322033898503
1780097820,21.066949152534686
1780097835,21.042372881354954
1780097850,20.998305084748136
1780097865,21.019491525426105
1780097880,21.01779661016535
1780097895,20.906779661013008
1780097910,20.86694915254079
1780097925,20.876271186442853
1780097940,20.659322033895744
1780097955,20.72033898305086
1780097970,20.87966101694956
1780097985,20.94915254236893
1780098000,21.048305084745365
1780098015,20.939830508466883
1780098030,21.02966101694619
1780098045,20.96610169490736
1780098060,21.044067796615696
1780098075,21.094067796612936
1780098090,21.171186440678557
1780098105,20.991525423729797
1780098120,21.094915254240842
1780098135,21.012711864407763
1780098150,20.959322033889038
1780098165,20.884745762707134
1780098180,20.923728813556362
1780098195,21.07711864407451
1780098210,21.03559322034648
1780098225,21.094067796603067
1780098240,21.138983050852588
1780098255,21.18728813558908
1780098270,21.08220338982223
1780098285,21.069491525418403
1780098300,21.073728813557945
1780098315,21.019491525421163
1780098330,20.95423728813639
1780098345,20.838135593216588
1780098360,20.90593220338016
1780098375,20.94491525423433
1780098390,20.706779661024054
1780098405,20.855084745759946
1780098420,20.700000000000795
1780098435,20.632203389827353
1780098450,20.706779661019127
1780098465,20.805084745762713
1780098480,20.6372881355948
1780098495,20.437288135591047
1780098510,20.45932203389199
1780098525,20.46440677966437
1780098540,20.419491525429656
1780098555,20.337288135596577
1780098570,20.253389830507686
1780098585,20.143220338983248
1780098600,20.349152542372483
1780098615,20.433050847451504
1780098630,20.4389830508518
1780098645,20.650000000003555
1780098660,20.583898305085935
1780098675,20.594915254238867
1780098690,20.522881355925893
1780098705,20.50932203389416
1780098720,20.544915254231768
1780098735,20.599152542373478
1780098750,20.479661016951912
1780098765,20.749999999998025
1780098780,20.67372881356031
1780098795,20.613559322028173
1780098810,20.629661016948564
1780098825,20.72457627118546
1780098840,20.82033898304533
1780098855,20.775423728815532
1780098870,20.846610169495673
1780098885,20.766101694918415
1780098900,20.645762711868954
1780098915,20.657627118639933
1780098930,20.566101694909733
1780098945,20.483050847458617
1780098960,20.487288135593218
1780098975,20.50338983051361
1780098990,20.554237288138754
1780099005,20.615254237288926
1780099020,20.82203389830607
1780099035,20.685593220341158
1780099050,20.686440677964125
1780099065,20.72457627118546
1780099080,20.891525423720523
1780099095,20.90847457627375
1780099110,20.86949152542452
1780099125,20.899999999999608
1780099140,20.748305084747145
1780099155,20.89491525424203
1780099170,20.767796610174226
1780099185,20.750847457630872
1780099200,20.917796610170882
1780099215,20.91101694915255
1780099230,20.988983050846077
1780099245,21.066949152544545
1780099260,21.124576271188023
1780099275,21.061864406777097
1780099290,21.0906779661013
1780099305,21.04237288135988
1780099320,20.938983050843905
1780099335,20.910169491529572
1780099350,20.956779661010238
1780099365,20.98644067796236
1780099380,20.758474576272178
1780099395,20.796610169483632
1780099410,20.745762711868355
1780099425,20.941525423732564
1780099440,20.938135593216
1780099455,20.98898305084115
1780099470,21.083898305082972
1780099485,21.07457627118585
1780099500,21.0906779661013
1780099515,20.946610169490153
1780099530,21.007627118640325
1780099545,20.99915254237604
1780099560,20.94491525423926
1780099575,20.931269194527424
1780099590,20.984745762711476
1780099605,21.04999999999626
1780099620,21.23983050847005
1780099635,21.117796610164753
1780099650,21.161016949148603
1780099665,21.041525423727037
1780099680,21.05254237287998
1780099695,21.080508474576277
1780099710,21.07033898305124
1780099725,21.178813559319863
1780099740,21.089830508473394
1780099755,21.128813559317695
1780099770,21.173728813557346
1780099785,21.239830508479905
1780099800,21.31864406780135
1780099815,21.1864406779661
1780099830,21.066949152534676
1780099845,21.312711864405998
1780099860,21.26864406779918
1780099875,21.292372881350996
1780099890,21.32796610169354
1780099905,21.199152542364995
1780099920,21.26186440677591
1780099935,21.204237288137374
1780099950,21.135593220336023
1780099965,21.01610169490953
1780099980,21.243220338981672
1780099995,21.126271186433975
1780100010,20.837288135593624
1780100025,20.879661016944617
1780100040,20.76525423729051
1780100055,20.830508474580213
1780100070,20.72118644067875
1780100085,20.725423728818292
1780100100,20.58728813559263
1780100115,20.611864406772362
1780100130,20.636440677966895
1780100145,20.507627118643278
1780100160,20.413559322034303
1780100175,20.49915254236914
1780100190,20.440677966102683
1780100205,20.424576271187235
1780100220,20.47796610169117
1780100235,20.493220338978713
1780100250,20.451694915255626
1780100265,20.552542372882932
1780100280,20.46186440677078
1780100295,20.54915254236638
1780100310,20.523728813558726
1780100325,20.45254237288846
1780100340,20.502542372885692
1780100355,20.416949152545925
1780100370,20.39576271187289
1780100385,20.400847457630476
1780100400,20.353389830507098
1780100415,20.29745762711943
1780100430,20.341525423731188
1780100445,20.21355932204041
1780100460,20.288135593212452
1780100475,20.31610169492354
1780100490,20.3999999999927
1780100505,20.337288135596577
1780100520,20.330508474578245
1780100535,20.244067796615496
1780100550,20.14322033898326
1780100565,20.196610169497053
1780100580,20.160169491526613
1780100595,20.09915254237644
1780100610,20.142372881355342
1780100625,20.105084745766867
1780100640,20.188983050845877
1780100655,20.157627118647813
1780100670,20.315254237290702
1780100685,20.303389830499995
1780100700,20.280508474571146
1780100715,20.33135593220615
1780100730,20.316101694918608
1780100745,20.1771186440749
1780100760,20.173728813558334
1780100775,20.11525423729682
1780100790,20.01525423728755
1780100805,20.0355932203376
1780100820,20.079661016944417
1780100835,20.046610169490542
1780100850,20.02203389830094
1780100865,20.093220338981087
1780100880,20.130508474579432
1780100895,20.116101694909926
1780100910,20.121186440677373
1780100925,20.115254237277092
1780100940,20.216949152542174
1780100955,20.208474576272973
1780100970,20.278813559325194
1780100985,20.073728813568792
1780101000,20.145762711862037
1780101015,20.20423728814329
1780101030,20.251694915256802
1780101045,20.269491525428073
1780101060,20.39067796610051
1780101075,20.342372881354166
1780101090,20.602542372880173
1780101105,20.38728813558889
1780101120,20.39830508474676
1780101135,20.46440677966438
1780101150,20.45084745762278
1780101165,20.50762711864822
1780101180,20.385593220342933
1780101195,20.29576271185869
1780101210,20.410169491527597
1780101225,20.36186440678125
1780101240,20.17288135593043
1780101255,20.20169491525956
1780101270,20.176271186451935
1780101285,20.159322033898707
1780101300,20.173728813553403
1780101315,20.07457627118684
1780101330,19.924576271190197
1780101345,20.020338983054998
1780101360,20.011864406780845
1780101375,20.01779661016634
1780101390,19.895762711865984
1780101405,19.89237288135929
1780101420,19.918644067789902
1780101435,19.86440677965806
1780101450,19.96949152541998
1780101465,19.977118644071158
1780101480,20.048305084746353
1780101495,19.884745762713052
1780101510,19.820338983046316
1780101525,19.866101694918804
1780101540,19.866101694913873
1780101555,19.98305084745171
1780101570,20.232203389839587
1780101585,20.322033898304102
1780101600,20.16779661017285
1780101615,20.24322033897279
1780101630,20.13135593220734
1780101645,20.227966101695117
1780101660,20.24322033898266
1780101675,20.18813559321797
1780101690,20.27542372880863
1780101705,20.32288135593201
1780101720,20.23135593221168
1780101720,20.23135593221168
1780101735,20.055932203387663
1780101750,20.13813559322073
1780101765,19.983898305079617
1780101780,20.120338983049468
1780101795,20.157627118642885
1780101810,20.283898305082772
1780101825,20.21525423728143
1780101840,20.321186440681128
1780101855,20.121186440682305
1780101870,20.232203389829717
1780101885,20.2127118644125
1780101900,20.133050847463153
1780101915,20.232203389829717
1780101930,20.299152542380185
1780101945,20.30423728813777
1780101960,20.343220338987
1780101975,20.40762711863894
1780101990,20.494915254239466
1780102005,20.657627118639923
1780102020,20.49830508474616
1780102035,20.652542372882344
1780102050,20.729661016947976
1780102065,20.8635593220341
1780102080,20.77627118643851
1780102095,20.82627118644068
1780102110,20.9313559322026
1780102125,20.79237288135889
1780102140,20.761016949150967
1780102155,20.76271186440679
1780102170,20.652542372877413
1780102185,20.736440677966293
1780102200,20.597457627122594
1780102215,20.740677966100908
1780102230,20.982203389827745
1780102245,20.793220338976937
1780102260,20.843220338988978
1780102275,20.709322033897916
1780102290,20.83389830508692
1780102305,20.70338983050749
1780102320,20.81949152542235
1780102335,20.76525423729051
1780102350,20.61694915254475
1780102365,20.8491525423794
1780102380,20.812711864404022
1780102395,20.882203389828334
1780102410,20.852542372881167
1780102425,20.800847457623185
1780102440,20.8313559322032
1780102455,20.92457627118921
1780102470,20.92966101694679
1780102485,21.171186440678557
1780102500,21.27288135593378
1780102515,21.445762711869143
1780102530,21.52457627118566
1780102545,21.48474576271344
1780102560,21.505084745758573
1780102575,21.666949152540994
1780102590,21.439830508478728
1780102605,21.552542372881955
1780102620,21.49661016948936
1780102635,21.572881355936946
1780102650,21.68983050847477
1780102665,21.631355932203387
1780102680,21.69915254236696
1780102695,21.621186440683292
1780102710,21.631355932203387
1780102725,21.63559322034293
1780102740,21.695762711855338
1780102755,21.46440677966338
1780102770,21.42372881355341
1780102785,21.377118644067792
1780102800,21.21440677965747
1780102815,21.643220338979308
1780102830,21.486440677964325
1780102845,21.425423728814152
1780102860,21.40084745763442
1780102875,21.27542372881257
1780102890,21.110169491528385
1780102905,21.231355932195896
1780102920,21.292372881355938
1780102935,21.20508474576528
1780102950,21.167796610176794
1780102965,21.2669491525483
1780102980,21.143220338987202
1780102995,21.167796610166935
1780103010,21.060169491521286
1780103025,21.032203389829917
1780103040,21.033050847452895
1780103055,21.029661016951128
1780103070,21.100847457626326
1780103085,21.11186440677927
1780103100,21.292372881355938
1780103115,20.55254237288786
1780103130,20.666101694919004
1780103145,20.80593220339062
1780103160,20.855932203387862
1780103175,20.811864406781044
1780103190,20.938135593216
1780103205,20.895762711860066
1780103220,20.79491525423769
1780103235,20.82627118644561
1780103250,20.87288135593616
1780103265,20.91101694915254
1780103280,20.937288135588094
1780103295,21.037288135592437
1780103310,21.01101694915195
1780103325,21.140677966098544
1780103340,21.191525423733548
1780103355,21.15932203390265
1780103370,21.17966101694777
1780103385,21.381355932197476
1780103400,21.319491525429257
1780103415,21.323728813563857
1780103430,21.292372881350996
1780103445,21.340677966102284
1780103460,21.354237288129085
1780103475,21.256779661013404
1780103490,21.41694915254001
1780103505,21.379661016956454
1780103520,21.301694915253055
1780103535,21.286440677970443
1780103550,21.224576271192362
1780103565,21.14152542372645
1780103580,21.003389830505714
1780103595,21.038135593220343
1780103610,20.990677966101888
1780103625,20.948305084745954
1780103640,20.890677966092632
1780103655,20.706779661014195
1780103670,20.599152542378405
1780103685,20.561016949147216
1780103700,20.566101694904802
1780103715,20.523728813563658
1780103730,20.49152542373276
1780103745,20.44576271187506
1780103760,20.427118644070962
1780103775,20.34067796609834
1780103790,20.514406779666537
1780103805,20.501694915242986
1780103820,20.561864406775122
1780103835,20.6372881355948
1780103850,20.581355932207135
1780103865,20.620338983051447
1780103880,20.722881355929644
1780103895,20.57796610168564
1780103910,20.600000000006315
1780103925,20.660169491528578
1780103940,20.668644067797803
1780103955,20.527118644070363
1780103970,20.570338983054203
1780103985,20.581355932202207
1780104000,20.526271186437526
1780104015,20.485593220347265
1780104030,20.492372881360666
1780104045,20.472033898305675
1780104060,20.43050847457273
1780104075,20.34067796609834
1780104090,20.252542372884708
1780104105,20.199152542375842
1780104120,20.198305084738067
1780104135,20.137288135592833
1780104150,20.16779661016792
1780104165,20.13644067795999
1780104180,20.075423728809817
1780104195,20.032203389835836
1780104210,20.04237288136087
1780104225,20.10423728812909
1780104240,20.0381355932164
1780104255,20.11101694915235
1780104270,20.246610169489365
1780104285,20.168644067805698
1780104300,20.218644067793058
1780104315,20.152542372880376
1780104330,20.172881355940298
1780104345,20.118644067798584
1780104360,20.111864406785184
1780104375,20.127966101695705
1780104390,20.224576271178552
1780104405,20.24576271186145
1780104420,20.27288135592491
1780104435,20.164406779656286
1780104450,20.253389830502755
1780104465,20.408474576261916
1780104480,20.422881355931423
1780104495,20.622881355935164
1780104510,20.373728813562085
1780104525,20.528813559321247
1780104540,20.449152542376826
1780104555,20.399152542374654
1780104570,20.294067796607806
1780104585,20.347457627116672
1780104600,20.397457627113912
1780104615,20.441525423725658
1780104630,20.49661016949034
1780104645,20.442372881353567
1780104660,20.581355932207135
1780104675,20.5593220338914
1780104690,20.413559322034292
1780104705,20.419491525429645
1780104720,20.339830508470435
1780104735,20.34576271186086
1780104750,20.339830508480294
1780104765,20.31610169490874
1780104780,20.2974576271145
1780104795,20.365254237287942
1780104810,20.465254237282416
1780104825,20.546610169492507
1780104840,20.56694915254258
1780104855,20.542372881357906
1780104870,20.578813559328346
1780104885,20.594915254233936
1780104900,20.630508474571542
1780104915,20.5347457627018
1780104930,20.56440677966872
1780104945,20.812711864404022
1780104960,20.699999999995853
1780104975,20.65338983051025
1780104990,20.759322033895145
1780105005,20.734745762715423
1780105020,20.761016949150967
1780105035,20.720338983045917
1780105050,20.74661016949133
1780105065,20.791525423730985
1780105080,20.998305084748136
1780105095,20.83305084746887
1780105110,20.7610169491559
1780105125,20.81779661017147
1780105140,20.733898305087518
1780105155,20.67372881356031
1780105170,20.720338983045917
1780105185,20.78305084746177
1780105200,20.899999999999608
1780105215,20.93644067796019
1780105230,20.843220338984047
1780105245,20.91271186440836
1780105260,20.90847457627376
1780105275,20.95169491525266
1780105290,21.00000000000395
1780105305,20.905084745762124
1780105320,20.888983050851607
1780105335,20.98559322033937
1780105350,20.941525423737495
1780105365,20.853389830514
1780105380,20.846610169495673
1780105395,20.78135593219609
1780105410,20.78813559321442
1780105425,20.782203389838806
1780105440,20.79745762711648
1780105455,20.803389830501963
1780105470,20.890677966102487
1780105485,20.611864406777293
1780105500,20.67796610169492
1780105515,20.644915254245976
1780105530,20.67796610169985
1780105545,20.67627118643911
1780105560,20.48898305084904
1780105575,20.618644067795632
1780105590,20.6398305084736
1780105605,20.729661016943034
1780105620,20.68474576271324
1780105635,20.734745762705554
1780105650,20.686440677969063
1780105665,20.74406779661254
1780105680,20.839830508472403
1780105695,20.592372881360077
1780105710,20.71779661017206
1780105725,20.82711864406366
1780105740,20.784745762717584
1780105755,20.759322033900084
1780105770,20.791525423730985
1780105785,20.8703389830475
1780105800,20.76016949152799
1780105815,20.747457627124167
1780105830,20.744915254245377
1780105845,20.73559322034333
1780105860,20.61440677966102
1780105875,20.750847457625945
1780105890,20.69491525423828
1780105905,20.618644067800563
1780105920,20.526271186437526
1780105935,20.462711864408554
1780105950,20.3364406779736
1780105965,20.40677966102583
1780105980,20.394915254240054
1780105995,20.32288135593694
1780106010,20.294915254240642
1780106025,20.237288135587306
1780106040,20.261864406776898
1780106055,20.17711864406997
1780106070,20.181355932204582
1780106085,20.232203389829728
1780106100,20.17711864406011
1780106115,20.19745762712003
1780106130,20.310169491528196
1780106145,20.287288135589478
1780106160,20.23220338983466
1780106175,20.245762711866377
1780106190,20.211864406779668
1780106205,20.2796610169531
1780106220,20.281355932203983
1780106235,20.472033898305675
1780106250,20.380508474570558
1780106265,20.373728813562085
1780106280,20.384745762715028
1780106295,20.316101694918608
1780106310,20.3754237288179
1780106325,20.305932203383726
1780106340,20.295762711868548
1780106355,20.384745762715028
1780106370,20.361016949158262
1780106385,20.305932203388654
1780106400,20.19999999999389
1780106415,20.277118644069382
1780106430,20.196610169492125
1780106445,20.21525423729622
1780106460,20.296610169481667
1780106475,20.301694915249115
1780106490,20.206779661017148
1780106505,20.07203389830311
1780106520,20.080508474567395
1780106535,20.01101694915294
1780106550,19.99830508474418
1780106565,19.93050847457568
1780106580,19.98983050847497
1780106595,19.94830508474694
1780106610,19.915254237283207
1780106625,19.868644067797604
1780106640,19.88305084746217
1780106655,19.88474576270812
1780106670,19.893220338992123
1780106685,19.95593220339319
1780106700,20.00847457627415
1780106715,19.808474576270395
1780106730,19.807627118637562
1780106745,19.74661016948739
1780106760,19.693220338978513
1780106775,19.720338983051832
1780106790,19.740677966106823
1780106805,19.768644067798192
1780106820,19.883050847457227
1780106835,19.94915254236992
1780106850,19.977118644071147
1780106865,20.016101694920387
1780106880,20.003389830506702
1780106895,20.06355932202897
1780106910,20.187288135595004
1780106925,20.258474576270203
1780106940,20.383050847449347
1780106955,20.47288135593359
1780106970,20.487288135593218
1780106985,20.455932203385295
1780107000,20.506779661010444
1780107015,20.59152542372724
1780107030,20.652542372877413
1780107045,20.670338983053615
1780107060,20.615254237283985
1780107075,20.583898305080993
1780107090,20.690677966098736
1780107105,20.64237288135238
1780107120,20.467796610180944
1780107135,20.543220338980884
1780107150,20.455932203390226
1780107165,20.503389830508677
1780107180,20.545762711859673
1780107195,20.460169491524827
1780107210,20.42542372881021
1780107225,20.381355932208322
1780107240,20.318644067807266
1780107255,20.16779661016792
1780107270,20.15593220339693
1780107285,20.16355932203824
1780107300,20.173728813558334
1780107315,20.14745762711786
1780107330,20.082203389838014
1780107345,20.04745762712338
1780107360,20.11101694914741
1780107375,20.14745762711292
1780107390,20.00423728812968
1780107405,20.127118644062868
1780107420,20.194067796603466
1780107435,20.272033898306862
1780107450,20.284745762705747
1780107465,20.3042372881427
1780107480,20.205932203389242
1780107495,20.26610169491644
1780107510,20.242372881354754
1780107525,20.16525423728912
1780107540,20.234745762713445
1780107555,20.244067796610565
1780107570,20.186440677967088
1780107585,20.33389830508494
1780107600,20.1406779660946
1780107615,20.351694915256214
1780107630,20.417796610178772
1780107645,20.350847457623377
1780107660,20.29999999999823
1780107675,20.33898305084253
1780107690,20.397457627118843
1780107705,20.355932203390825
1780107720,20.15169491525739
1780107735,20.519491525429057
1780107750,20.383898305092053
1780107765,20.44830508474892
1780107780,20.53728813559539
1780107795,20.579661016946392
1780107810,20.533898305093622
1780107825,20.757627118644262
1780107840,20.688983050842925
1780107855,20.662711864407367
1780107870,20.54576271186461
1780107885,20.615254237288926
1780107900,20.59661016948975
1780107915,20.674576271188215
1780107930,20.66186440677946
1780107945,20.850847457625342
1780107960,20.927966101700836
1780107975,20.84491525423493
1780107990,20.800000000000196
1780108005,20.84491525423492
1780108020,20.91101694915255
1780108035,20.745762711858482
1780108050,20.744915254230577
1780108065,20.68135593220162
1780108080,20.690677966098736
1780108095,20.91101694915255
1780108110,20.884745762716996
1780108125,20.823728813552023
1780108140,20.772881355931805
1780108155,20.844915254239858
1780108170,20.890677966102487
1780108185,20.747457627114308
1780108200,20.59406779661096
1780108215,20.553389830505907
1780108230,20.6440677966082
1780108245,20.64406779661313
1780108260,20.56864406779839
1780108275,20.616101694916832
1780108290,20.57118644067718
1780108305,20.542372881357906
1780108320,20.48220338982578
1780108335,20.43728813559599
1780108350,20.277966101697288
1780108365,20.26610169491644
1780108380,20.123728813561105
1780108395,20.10847457627356
1780108410,20.162711864410333
1780108425,20.30677966102149
1780108440,20.32288135593201
1780108455,20.338135593224482
1780108470,20.253389830507686
1780108485,20.26864406779523
1780108500,20.31440677965786
1780108515,20.363559322027193
1780108530,20.200847457621794
1780108545,20.18983050846885
1780108560,20.312711864406975
1780108575,20.305084745755806
1780108590,20.511864406777892
1780108605,20.586440677964724
1780108620,20.608474576270595
1780108635,20.77796610169432
1780108650,20.84915254236953
1780108665,20.829661016947377
1780108680,20.91355932203134
1780108695,20.881355932200428
1780108710,20.857627118638746
1780108725,20.83559322034767
1780108740,20.875423728810006
1780108755,20.955084745764285
1780108770,20.948305084741026
1780108785,20.966101694912297
1780108800,21.09999999999843
1780108815,21.224576271192362
1780108830,21.131355932206354
1780108845,21.030508474574106
1780108860,21.039830508476154
1780108875,21.12288135593714
1780108890,20.964406779661417
1780108905,20.767796610174226
1780108920,20.764406779657662
1780108935,20.690677966103664
1780108950,20.731355932203787
1780108965,20.666101694919004
1780108980,20.79237288134903
1780108995,20.774576271187627
1780109010,20.683898305085346
1780109025,20.63898305084568
1780109040,20.66864406780273
1780109055,20.638983050840753
1780109070,20.563559322035875
1780109085,20.733898305082576
1780109100,20.58305084745803
1780109115,20.563559322026002
1780109130,20.63728813558987
1780109145,20.7855932203307
1780109160,20.80169491525108
1780109175,20.752542372881756
1780109190,20.88813559322863
1780109205,21.025423728816527
1780109220,21.303389830508877
1780109235,21.349999999999415
1780109250,21.495762711866384
1780109265,21.64745762711885
1780109280,21.647457627123778
1780109295,21.883050847460193
1780109310,22.131355932205366
1780109325,22.14406779660918
1780109340,22.302542372879973
1780109355,22.53389830508179
1780109370,22.680508474576666
1780109385,22.815254237285764
1780109400,22.961864406780652
1780109415,22.981355932202806
1780109430,23.06440677966378
1780109445,23.11694915253981
1780109460,23.11271186441014
1780109475,23.104237288135998
1780109490,22.95762711864111
1780109505,23.008474576271187
1780109520,22.88728813558888
1780109535,22.681355932199644
1780109550,22.694067796608397
1780109565,22.536440677970447
1780109580,22.37627118644384
1780109595,22.25847457627317
1780109610,22.15338983051617
1780109625,22.222881355930625
1780109640,22.015254237285564
1780109655,21.860169491521486
1780109670,21.611016949163197
1780109685,21.39406779661609
1780109700,21.30508474576469
1780109715,21.26186440677591
1780109730,21.149152542372683
1780109745,21.062711864409934
1780109760,21.04576271186165
1780109775,20.944067796611353
1780109790,20.910169491524645
1780109805,20.95847457627099
1780109820,20.837288135588683
1780109835,20.78983050847517
1780109850,20.916101694915056
1780109865,20.92404016299185
1780109880,20.90847457626882
1780109895,20.95169491525266
1780109910,20.833050847459013
1780109925,20.78559322033563
1780109940,20.861016949145437
1780109955,20.843220338988978
1780109970,20.83305084744915
1780109985,20.763559322034688
1780110000,20.574576271183886
1780110015,21.42573847957936
1780110030,21.473728813560513
1780110045,21.571186440681124
1780110060,21.633279099728753
1780110075,21.495762711866384
1780110090,21.616949152538822
1780110105,21.591525423721315
1780110120,21.618644067804503
1780110135,21.79322033898088
1780110150,21.7245762711894
1780110165,21.719491525426893
1780110180,21.709322033896928
1780110195,21.931355932196684
1780110210,21.77033898305696
1780110225,21.620338983055387
1780110240,21.691525423735524
1780110255,21.76779661016831
1780110270,21.818644067803316
1780110285,21.811864406780057
1780110300,21.771186440679948
1780110315,21.035593220341553
1780110330,21.00847457626822
1780110345,21.048305084740438
1780110360,21.04491525423867
1780110375,21.05423728813086
1780110390,21.189830508467868
1780110405,21.105932203383915
1780110420,21.01101694915688
1780110435,21.07457627118585
1780110450,21.04999999999625
1780110465,20.891525423725465
1780110480,20.90932203389673
1780110495,20.851694915253248
1780110510,20.751694915258778
1780110525,20.855084745759946
1780110540,20.816949152538623
1780110555,20.73135593219886
1780110570,20.83050847457035
1780110585,20.793220338986806
1780110600,20.72372881355755
1780110615,20.795762711865596
1780110630,20.823728813561893
1780110645,21.02966101694619
1780110660,20.77796610169432
1780110675,20.80847457627435
1780110690,20.752542372876825
1780110705,20.683898305075477
1780110720,20.572881355928065
1780110735,20.725423728813364
1780110750,20.627118644069775
1780110765,20.711016949153727
1780110780,20.72372881355755
1780110795,20.7788135593173
1780110810,20.774576271187627
1780110825,20.76016949152306
1780110840,20.80593220338569
1780110855,20.907627118645845
1780110870,21.007627118645257
1780110885,21.168644067799768
1780110900,21.196610169496065
1780110915,21.25084745762791
1780110930,21.24152542372586
1780110945,21.286440677965512
1780110960,21.346610169497648
1780110975,21.566101694913677
1780110990,21.532203389836823
1780111005,21.64915254237465
1780111020,21.809322033901267
1780111035,21.87711864406977
1780111050,21.927966101699848
1780111065,22.088135593216595
1780111080,22.13305084745132
1780111095,22.205084745764292
1780111110,22.38559322034096
1780111125,22.468644067787146
1780111140,22.400000000000595
1780111155,22.336440677971623
1780111170,22.383050847462172
1780111185,22.311016949144257
1780111200,22.199999999996844
1780111215,22.23983050847892
1780111230,22.274576271188618
1780111245,22.052542372888862
1780111260,22.036440677963533
1780111275,22.093220338984043
1780111290,21.992372881356726
1780111305,22.072881355933983
1780111320,22.21694915254514
1780111335,21.983898305092442
1780111350,21.828813559318483
1780111365,21.94576271186619
1780111380,21.83644067796472
1780111395,21.728813559319082
1780111410,21.742372881360673
1780111425,21.492372881354747
1780111440,21.32372881355893
1780111455,21.267796610171274
1780111470,21.05169491525207
1780111485,21.11779661016969
1780111500,21.09999999999349
1780111515,21.118644067797597
1780111530,21.142372881349424
1780111545,20.916101694915056
1780111560,20.903389830506303
1780111575,20.777118644066416
1780111590,20.63728813558987
1780111605,20.706779661019127
1780111620,20.693220338982464
1780111635,20.694915254233347
1780111650,20.764406779657662
1780111665,20.746610169486402
1780111680,20.654237288133224
1780111695,20.61186440678223
1780111710,20.673728813555382
1780111725,20.800847457633044
1780111740,20.7220338982968
1780111755,20.64237288135238
1780111770,20.88983050847457
1780111785,20.913559322036267
1780111800,20.900847457627513
1780111815,20.863559322029168
1780111830,20.773728813564652
1780111845,20.81779661016654
1780111860,20.70593220339615
1780111875,20.892372881358302
1780111890,20.933050847448552
1780111905,20.92881355932381
1780111920,20.809322033892386
1780111935,20.768644067797204
1780111950,20.736440677966293
1780111965,20.81101694915314
1780111980,20.772881355931805
1780111995,20.79491525423275
1780112010,20.73135593219886
1780112025,20.894067796609185
1780112040,20.799152542377218
1780112055,20.782203389824005
1780112070,20.648305084742802
1780112085,20.504237288136583
1780112100,20.60932203388863
1780112115,20.60338983050809
1780112130,20.61016949152641
1780112145,20.57542372881178
1780112160,20.634745762716012
1780112175,20.49915254236914
1780112190,20.396610169495865
1780112205,20.463559322031532
1780112220,20.250000000000988
1780112235,20.456779661023063
1780112250,20.51016949152701
1780112265,20.46440677966437
1780112280,20.355932203390815
1780112295,20.473728813561497
1780112310,20.436440677968083
1780112325,20.47966101694698
1780112340,20.457627118646048
1780112355,20.499999999992113
1780112370,20.610169491531337
1780112385,20.561016949152155
1780112400,20.60084745762929
1780112415,20.640677966096565
1780112430,20.53220338983288
1780112445,20.672881355937335
1780112460,20.661016949161425
1780112475,20.686440677969063
1780112490,20.833050847459013
1780112505,20.91271186440836
1780112520,20.914406779654303
1780112535,20.844915254239858
1780112550,20.91610169491013
1780112565,20.944067796611353
1780112580,20.90254237288334
1780112595,20.888983050846665
1780112610,20.947457627118048
1780112625,20.795762711860654
1780112640,20.780508474578042
1780112655,20.910169491524634
1780112670,20.829661016947377
1780112685,20.97711864407017
1780112700,20.82627118644561
1780112715,20.721186440678764
1780112730,20.73813559322212
1780112745,20.798305084739454
1780112760,20.772881355936747
1780112775,20.62966101695349
1780112790,20.55338983051085
1780112805,20.378813559324605
1780112820,20.559322033896333
1780112835,20.39406779661215
1780112850,20.53898305084627
1780112865,20.695762711866184
1780112880,20.549152542376238
1780112895,20.75593220338352
1780112910,20.689830508475772
1780112925,20.68728813559204
1780112940,20.798305084739454
1780112955,20.798305084744385
1780112970,20.746610169486402
1780112985,20.83135593219826
1780113000,20.90847457626882
1780113015,20.91271186440836
1780113030,21.02711864406247
1780113045,20.870338983042558
1780113060,20.953389830508474
1780113075,20.95169491525266
1780113090,21.04745762711746
1780113105,21.0271186440674
1780113120,21.01355932203074
1780113135,20.90254237288334
1780113150,21.053389830507886
1780113165,21.030508474579037
1780113180,21.15932203390265
1780113195,21.189830508477737
1780113210,21.31949152542432
1780113225,21.36440677965905
1780113240,21.28220338982597
1780113255,21.530508474581012
1780113270,21.594915254232948
1780113285,21.62033898305046
1780113300,21.61525423728794
1780113315,21.652542372881356
1780113330,21.61271186440915
1780113345,21.66355932202443
1780113360,21.630508474570554
1780113375,21.64491525423512
1780113390,21.63135593219846
1780113405,21.560169491528193
1780113420,21.74745762711332
1780113435,21.753389830508674
1780113450,21.753389830508674
1780113465,21.735593220332472
1780113480,21.760169491527005
1780113495,21.62457627118013
1780113510,21.582203389824194
1780113525,21.55762711864446
1780113540,21.65169491524852
1780113555,21.394915254239066
1780113570,21.1889830508449
1780113585,21.138983050842718
1780113600,21.13898305084765
1780113615,21.08813559322251
1780113630,21.074576271190782
1780113645,21.04830508474538
1780113660,21.252542372878793
1780113675,21.326271186442657
1780113690,21.37627118643496
1780113705,21.483050847462557
1780113720,21.372881355933192
1780113735,21.300847457630077
1780113750,21.14322033897733
1780113765,20.966101694912297
1780113780,21.183050847454467
1780113795,21.174576271185263
1780113810,21.081355932204183
1780113825,21.16610169492098
1780113840,21.047457627112532
1780113855,21.110169491523457
1780113870,21.19576271185829
1780113885,21.166949152539015
1780113900,21.22711864407115
1780113915,21.30762711863854
1780113930,21.240677966102883
1780113945,21.26440677966457
1780113960,21.243220338981672
1780113975,21.149152542372683
1780113990,21.217796610169103
1780114005,21.3457627118648
1780114020,21.293220338978912
1780114035,21.333050847456047
1780114050,21.48728813559224
1780114065,21.479661016945993
1780114080,21.594067796609973
1780114095,21.463559322035476
1780114110,21.355084745761932
1780114125,21.433050847465328
1780114140,21.35762711864565
1780114155,21.37542372881198
1780114170,21.262711864413685
1780114185,21.183050847464337
1780114200,21.161016949158462
1780114215,21.12033898305835
1780114230,21.08644067795683
1780114245,21.04237288135988
1780114260,21.026271186444422
1780114275,21.002542372882736
1780114290,21.068644067790498
1780114305,20.957627118638158
1780114320,21.07033898305124
1780114335,21.083898305082972
1780114350,20.975423728814345
1780114365,20.86016949152739
1780114380,20.930508474579625
1780114395,20.852542372876226
1780114410,21.019491525426105
1780114425,20.989830508473982
1780114440,20.88644067796295
1780114455,20.88813559321876
1780114470,20.976271186437323
1780114485,20.982203389832677
1780114500,20.983898305088488
1780114515,21.082203389832088
1780114530,21.001694915249903
1780114545,21.094915254240842
1780114560,20.94491525423926
1780114575,20.923728813556362
1780114590,20.882203389833276
1780114605,20.87711864406089
1780114620,20.9449152542294
1780114635,20.795762711870523
1780114650,20.77457627118269
1780114665,20.855932203387862
1780114680,20.84661016949074
1780114695,20.783898305079816
1780114710,20.7677966101693
1780114725,20.807627118646433
1780114740,20.798305084744385
1780114755,20.745762711863424
1780114770,20.68050847457864
1780114785,20.695762711866184
1780114800,20.649999999998624
1780114815,20.68728813559204
1780114830,20.57796610170044
1780114845,20.757627118644262
1780114860,20.731355932203787
1780114875,20.78050847458298
1780114890,20.727118644074118
1780114905,20.768644067797204
1780114920,20.79491525423769
1780114935,20.682203389824593
1780114950,20.82457627117993
1780114965,20.718644067799964
1780114980,20.661864406784392
1780114995,20.720338983055786
1780115010,20.733898305087518
1780115025,20.810169491525233
1780115040,20.77372881355972
1780115055,20.86949152542452
1780115070,20.912711864398492
1780115085,20.839830508472414
1780115100,21.03559322033661
1780115115,21.084745762710877
1780115130,21.065254237283803
1780115145,20.985593220339382
1780115160,20.93813559322093
1780115175,20.914406779664183
1780115190,20.92457627118427
1780115205,20.893220338986207
1780115220,20.99999999999902
1780115235,21.153389830502366
1780115250,21.267796610166336
1780115265,21.37796610169077
1780115280,21.40084745763442
1780115295,21.555084745760734
1780115310,21.454237288133427
1780115325,21.38220338982537
1780115340,21.34830508474359
1780115355,21.595762711860857
1780115370,21.584745762717784
1780115385,21.62457627118013
1780115400,21.570338983053215
1780115415,21.431355932204575
1780115430,21.408474576270798
1780115445,21.520338983051047
1780115460,21.46016949152878
1780115475,21.636440677965908
1780115490,21.587288135591642
1780115505,21.677966101698864
1780115520,21.38220338982537
1780115535,21.404237288141115
1780115550,21.255932203390426
1780115565,21.178813559319863
1780115580,21.164406779665157
1780115595,21.163559322037262
1780115610,21.176271186450947
1780115625,21.266101694915452
1780115640,21.439830508468848
1780115655,21.47118644067185
1780115670,21.4305084745816
1780115685,21.68644067796808
1780115700,21.83559322033681
1780115715,21.955932203391214
1780115730,22.073728813556958
1780115745,22.115254237284976
1780115760,22.138135593213825
1780115775,22.222881355925693
1780115790,22.234745762711473
1780115805,22.32627118643673
1780115820,22.678813559325782
1780115835,22.683898305078433
1780115850,22.794915254240642
1780115865,22.93135593220064
1780115880,23.116101694916836
1780115895,23.182203389829525
1780115910,23.280508474573114
1780115925,23.37966101695448
1780115940,23.43644067796512
1780115955,23.380508474572526
1780115970,23.544915254243605
1780115985,23.483050847460586
1780116000,23.622881355927273
1780116015,23.755932203395357
1780116030,23.847457627120615
1780116045,23.968644067793065
1780116060,24.242372881350803
1780116075,24.292372881357906
1780116090,24.46271186440955
1780116105,24.58983050847241
1780116120,24.647457627115887
1780116135,24.935593220343133
1780116150,25.0567796610205
1780116165,25.233050847462557
1780116180,25.41694915254099
1780116195,25.74491525423551
1780116210,25.85508474576982
1780116225,25.892372881358305
1780116240,26.078813559325386
1780116255,26.501694915246933
1780116270,26.587288135586707
1780116285,26.840677966104266
1780116300,27.013559322029757
1780116315,27.10169491525818
1780116330,27.26779661017028
1780116345,27.594915254231967
1780116360,27.86949152542748
1780116375,28.01779661016338
1780116390,28.499152542376038
1780116405,28.84491525424182
1780116420,29.04830508474734
1780116435,29.216101694915253
1780116450,29.39661016949192
1780116465,29.45847457627
1780116480,29.56525423729268
1780116495,29.849999999993493
1780116510,29.963559322034495
1780116525,30.050847457625153
1780116540,30.2652542372836
1780116555,30.469491525421954
1780116570,30.736440677966304
1780116585,31.096610169491722
1780116600,31.411016949144653
1780116615,31.746610169490342
1780116630,32.064406779654895
1780116645,32.73813559322507
1780116660,32.86186440678124
1780116675,32.89237288135634
1780116690,33.224576271185455
1780116705,33.39237288136323
1780116720,33.624576271183095
1780116735,33.76864406779424
1780116750,33.98559322034136
1780116765,34.10932203389751
1780116780,34.283050847455854
1780116795,34.28050847458199
1780116810,34.485593220343326
1780116825,34.700847457624754
1780116840,34.71864406780095
1780116855,34.82372881355794
1780116870,34.82203389830213
1780116885,34.8084745762704
1780116900,34.85423728813303
1780116915,35.12033898304454
1780116930,34.811864406782036
1780116945,34.82711864406958
1780116960,34.7974576271224
1780116975,34.927118644064045
1780116990,34.802542372875045
1780117005,34.58728813559362
1780117020,34.665254237287144
1780117035,34.53474576270772
1780117050,34.61694915253586
1780117065,34.86610169491387
1780117080,35.04237288136086
1780117095,35.16779661016791
1780117110,35.12881355932361
1780117125,35.31694915254652
1780117140,35.20254237288254
1780117155,35.253389830502755
1780117170,35.24322033898266
1780117185,35.310169491523254
1780117200,35.18050847458159
1780117215,36.12118644067639
1780117230,36.41694915254987
1780117245,36.38813559322074
1780117260,36.17796610169689
1780117275,35.94661016949014
1780117290,35.88135593220536
1780117305,35.969491525423926
1780117320,36.063559322027984
1780117335,36.040677966109
1780117350,36.079661016948364
1780117365,35.842372881361065
1780117380,35.7110169491488
1780117395,35.61694915254474
1780117410,35.56016949152918
1780117425,35.477966101696104
1780117440,35.60677966101478
1780117455,35.700847457628704
1780117470,35.49745762711331
1780117485,35.60423728813106
1780117500,35.52966101695409
1780117515,34.29322033898088
1780117530,33.96186440677474
1780117545,33.87711864406779
1780117560,33.95762711864999
1780117575,34.29067796610209
1780117590,34.26186440677789
1780117605,34.16610169491802
1780117620,34.17542372881513
1780117635,34.33050847457923
1780117650,34.30593220338471
1780117665,34.39576271185908
1780117680,34.60847457627159
1780117695,34.57881355931454
1780117710,34.658474576263885
1780117725,34.59406779661195
1780117740,34.78050847457903
1780117755,34.88559322034096
1780117770,35.138135593210876
1780117785,35.08559322033484
1780117800,35.165254237289126
1780117815,35.087288135595585
1780117830,35.405932203388055
1780117845,35.404237288132244
1780117860,35.42711864407588
1780117875,35.44406779660445
1780117890,35.53813559321837
1780117905,35.56355932203093
1780117920,35.51355932203371
1780117935,35.30593220339359
1780117950,35.22966101695093
1780117965,35.55169491525503
1780117980,35.621186440674414
1780117995,35.69661016948916
1780118010,35.72203389830666
1780118025,35.72627118643634
1780118040,35.55254237288293
1780118055,35.38220338982636
1780118070,35.38474576271502
1780118085,34.932203389836424
1780118100,35.262711864409745
1780118115,35.39406779661215
1780118130,35.3016949152491
1780118145,35.347457627116675
1780118160,35.501694915252855
1780118175,35.38813559322171
1780118190,35.56186440678006
1780118205,35.95423728814132
1780118220,35.960169491526806
1780118235,36.28644067797045
1780118250,36.40000000000158
1780118265,36.17372881356228
1780118280,36.18474576271029
1780118295,36.437288135599935
1780118310,36.08898305085042
1780118325,36.068644067800356
1780118340,36.39406779661116
1780118355,36.37711864406287
1780118370,36.43559322034411
1780118385,36.536440677961565
1780118400,36.23813559322409
1780118415,35.822033898311
1780118430,35.85423728813204
1780118445,35.84406779660208
1780118460,35.738983050850024
1780118475,35.74152542372882
1780118490,35.71271186441447
1780118505,35.56101694915215
1780118520,35.70338983051242
1780118535,35.604237288136
1780118550,35.504237288136586
1780118565,35.38305084745428
1780118580,35.183050847465324
1780118595,35.32542372881573
1780118610,35.590677966104266
1780118625,35.6483050847428
1780118640,35.691525423726645
1780118655,35.88220338982341
1780118670,35.87966101695448
1780118685,36.076271186446604
1780118700,36.34067796609736
1780118715,36.61271186441408
1780118730,36.87288135594009
1780118745,36.92457627117835
1780118760,36.9050847457562
1780118775,36.67542372880528
1780118790,36.78050847457707
1780118805,36.705084745767245
1780118820,36.66949152541979
1780118835,36.74067796609992
1780118850,36.85508474575896
1780118865,36.955932203391214
1780118880,37.2016949152576
1780118895,36.977118644064255
1780118910,36.62457627118506
1780118925,36.505084745758566
1780118940,36.45084745762672
1780118955,36.267796610166336
1780118970,36.27796610169136
1780118985,36.12881355932262
1780119000,36.0483050847503
1780119015,35.958474576275925
1780119030,35.932203389830505
1780119045,35.61694915254474
1780119060,35.48644067797024
1780119075,35.63728813558493
1780119090,35.65593220338411
1780119105,35.68305084745743
1780119120,35.49406779660169
1780119135,35.28898305084529
1780119150,35.242372881349816
1780119165,35.15338983050334
1780119180,35.04830508474143
1780119195,34.91355932202739
1780119210,35.11440677965905
1780119225,34.99237288135376
1780119240,35.011864406775906
1780119255,35.05254237288096
1780119270,35.04999999999724
1780119285,34.97288135593655
1780119300,34.95169491524871
1780119315,34.97627118643338
1780119330,34.95169491524871
1780119345,34.99491525423256
1780119360,35.07203389829818
1780119375,34.868644067792665
1780119390,34.675423728812184
1780119405,34.67203389830548
1780119420,34.612711864401255
1780119435,34.88898305085259
1780119450,35.07542372881475
1780119465,35.174576271186254
1780119480,35.26864406779523
1780119495,35.40338983050927
1780119510,35.548305084738466
1780119525,35.595762711861845
1780119540,35.794067796609774
1780119555,35.97881355932104
1780119570,35.99322033898068
1780119585,36.21694915254119
1780119600,36.01610169491447
1780119615,35.99576271186441
1780119630,35.9262711864401
1780119645,35.903389830501375
1780119660,36.01610169490953
1780119675,36.13050847457351
1780119690,36.162711864409346
1780119705,35.94406779661136
1780119720,36.00338983051559
1780119735,36.0618644067771
1780119750,36.136440677959
1780119765,35.80338983050196
1780119780,35.78305084745684
1780119795,35.63559322034392
1780119810,35.567796610170475
1780119825,35.20847457626803
1780119840,35.21779661017502
1780119855,35.0067796610134
1780119870,35.077966101693534
1780119885,35.28898305084036
1780119900,35.17966101695369
1780119915,35.20932203390087
1780119930,35.38050847457548
1780119945,35.41779661016891
1780119960,35.354237288135
1780119975,35.59491525423887
1780119990,35.56525423728676
1780120005,35.6584745762629
1780120020,35.5737288135609
1780120035,35.473728813561486
1780120050,35.52457627118171
1780120065,35.43474576270733
1780120080,35.34576271186579
1780120095,35.65593220338904
1780120110,35.67796610169985
1780120125,36.32795020948885
1780120140,36.32457627118191
1780120155,36.46101694915669
1780120170,36.21355932203449
1780120185,36.343220338986015
1780120200,36.43813559321798
1780120215,36.601694915256225
1780120230,36.66440677966221
1780120245,36.381355932207335
1780120260,36.616949152543754
1780120275,36.65508474576015
1780120290,36.511864406776894
1780120305,36.511864406776894
1780120320,36.5296610169531
1780120335,36.54406779661274
1780120350,36.69745762712595
1780120365,36.69830508474893
1780120380,36.67542372881514
1780120395,36.600847457623374
1780120410,36.572881355936936
1780120425,36.217796610164164
1780120440,36.17118644067856
1780120455,36.29491525423473
1780120470,36.11779661017462
1780120485,35.99152542372981
1780120500,36.02033898304907
1780120515,36.208474576271975
1780120530,36.14915254237269
1780120545,35.944915254244194
1780120560,36.12457627118309
1780120575,36.20932203389988
1780120590,36.39322033898325
1780120605,36.51186440678183
1780120620,36.418644067795825
1780120635,36.65169491525345
1780120650,36.82203389831001
1780120665,36.7957627118646
1780120680,37.34576271186382
1780120695,37.4779661016892
1780120710,37.76271186440481
1780120725,37.66779661016791
1780120740,37.57542372881968
1780120755,37.54428011132062
1780120770,37.36949152543044
1780120785,37.49830508474419
1780120800,37.670338983056574
1780120815,37.2847457627087
1780120830,37.412711864414284
1780120845,37.0855932203378
1780120860,37.27033898305401
1780120875,37.21525423728932
1780120890,36.88898305085062
1780120905,36.788983050846284
1780120920,36.72753713584124
1780120935,36.459322033895944
1780120950,36.429661016953695
1780120965,36.398305084745765
1780120980,35.80932203389732
1780120995,35.63050847457647
1780121010,35.51949152541919
1780121025,35.53983050847912
1780121040,35.514406779666544
1780121055,35.51355932203371
1780121070,35.58050847457923
1780121085,35.816101694915645
1780121100,35.672881355922534
1780121115,35.80932203389732
1780121130,35.76694915254139
1780121145,35.82457627118486
1780121160,35.737288135589274
1780121175,36.1118644067842
1780121190,35.98898305085101
1780121205,36.212711864406586
1780121220,36.08813559322252
1780121235,36.320338983052224
1780121250,36.278813559324206
1780121265,36.50254237287977
1780121280,36.5194915254182
1780121295,36.61440677966004
1780121310,36.67203389830351
1780121325,36.62627118644581
1780121340,36.866949152544734
1780121355,37.06779661016654
1780121370,36.98474576271048
1780121385,36.777966101698276
1780121400,36.796610169487586
1780121415,36.900847457626526
1780121430,36.9692850581214
1780121445,37.13389830508416
1780121460,37.00847457626723
1780121475,37.01949152542018
1780121490,37.15847457627376
1780121505,37.252542372877805
1780121520,37.13813559321877
1780121535,37.054237288139745
1780121550,36.916101694919
1780121565,36.77542372881455
1780121580,36.67457627119216
1780121595,36.59152542372625
1780121610,36.618644067794634
1780121625,36.73813559321619
1780121640,36.48305084745763
1780121655,36.44237288136245
1780121670,36.533050847459805
1780121685,36.354237288134016
1780121700,36.153389830502356
1780121715,36.343220338986015
1780121730,35.79322033898187
1780121745,35.87711864407076
1780121760,35.639830508473594
1780121775,35.72627118643634
1780121790,35.55338983051084
1780121805,35.62118644067935
1780121820,35.775423728810594
1780121835,35.90084745762751
1780121850,35.87033898305736
1780121865,36.07118644067422
1780121880,36.054237288135795
1780121895,36.35084745762731
1780121910,36.580508474578245
1780121925,36.48305084745269
1780121940,36.38559322033701
1780121955,36.27288135592885
1780121970,36.55593220339358
1780121985,36.6500000000075
1780122000,36.73220338982577
1780122015,36.55677966102642
1780122030,36.528813559325194
1780122045,36.628813559319674
1780122060,36.658474576271786
1780122075,36.715254237292285
1780122090,36.62796610168682
1780122105,36.610169491525426
1780122120,36.19322033898443
1780122135,36.08898305085535
1780122150,36.36694915253784
1780122165,36.06016949152128
1780122180,36.11779661016969
1780122195,35.99322033898068
1780122210,35.78898305084726
1780122225,35.83898305084943
1780122240,36.07033898305124
1780122255,36.07966101694837
1780122270,36.0093220338912
1780122285,35.96440677966142
1780122300,36.24661016948837
1780122315,36.072033898302124
1780122330,36.05508474575877
1780122345,35.96101694914978
1780122360,35.93728813559303
1780122375,35.88728813559086
1780122390,36.009322033896126
1780122405,35.842372881361065
1780122420,35.96355932203844
1780122435,36.1466101694939
1780122450,36.03898305084825
1780122465,35.96440677967128
1780122480,36.24830508473925
1780122495,36.25000000000001
1780122510,36.13559322033603
1780122525,36.01779661017521
1780122540,35.90508474575225
1780122555,35.78983050847023
1780122570,35.57881355932342
1780122585,35.465254237297216
1780122600,35.25254237288471
1780122615,35.56440677965885
1780122630,35.46949152542195
1780122645,35.25000000000098
1780122660,35.44915254236696
1780122675,35.3186440677974
1780122690,35.30423728812791
1780122705,35.35508474575798
1780122720,35.19152542372468
1780122735,35.12542372881692
1780122750,34.80508474575383
1780122765,34.61355932203409
1780122780,34.41864406778793
1780122795,34.05932203390027
1780122810,34.075423728815736
1780122825,33.92372881355834
1780122840,33.93220338983248
1780122855,34.021186440683884
1780122870,33.97627118643437
1780122885,34.083050847457045
1780122900,34.25847457626625
1780122915,34.51779661017422
1780122930,34.733898305088495
1780122945,34.888983050857526
1780122960,35.08644067796275
1780122975,35.6754237288112
1780122990,35.89576271186501
1780123005,36.30932203389929
1780123020,36.79322033898088
1780123035,37.48898305084707
1780123050,38.24915254237505
1780123065,39.02457627118565
1780123080,39.566949152543565
1780123095,40.22372881355558
1780123110,40.915254237287144
1780123125,41.588135593219555
1780123140,42.244915254241434
1780123155,43.00084745762495
1780123170,43.78389830508672
1780123185,44.52881355932223
1780123200,45.196610169492125
1780123215,46.027966101695306
1780123230,46.84067796610426
1780123245,47.3822033898244
1780123260,47.672033898307454
1780123275,48.200000000000784
1780123290,48.727118644076086
1780123305,49.02203389830686
1780123320,49.3703389830465
1780123320,49.3703389830465
1780123335,49.7661016949194
1780123350,50.06186440676822
1780123365,50.50847457627119
1780123380,51.01864406779819
1780123395,51.35338983051104
1780123410,51.66864406779681
1780123425,51.93305084746236
1780123440,51.9940677966076
1780123455,51.98474576271048
1780123470,52.305932203386675
1780123485,52.33813559321759
1780123500,52.18135593219767
1780123515,52.19661016949508
1780123530,52.34830508474754
1780123545,52.6974576271151
1780123560,52.797457627119435
1780123575,52.84576271186579
1780123590,52.731355932206746
1780123605,52.99661016949527
1780123620,53.21610169491131
1780123635,53.23474576270555
1780123650,53.28474576270772
1780123665,53.0983050847505
1780123680,53.00169491525286
1780123695,53.188135593215016
1780123710,52.92881355932184
1780123725,53.12627118643694
1780123740,53.28813559322428
1780123755,53.233898305087514
1780123770,52.96271186440362
1780123785,53.13474576271601
1780123800,53.12372881355321
1780123815,53.080508474584164
1780123830,53.137288135599725
1780123845,53.026271186437526
1780123860,52.94152542373058
1780123875,53.08559322034668
1780123890,53.14623919078749
1780123905,52.687288135595
1780123920,52.65762711864288
1780123935,52.440677966100715
1780123950,52.63644067795998
1780123965,52.60338983050611
1780123980,52.558796211551304
1780123995,52.21694915254513
1780124010,52.24830508475306
1780124025,52.499152542377026
1780124040,52.510169491525026
1780124055,52.312711864409934
1780124070,52.222881355935556
1780124085,52.22457627119137
1780124100,52.000847457621
1780124115,51.644915254240054
1780124130,51.65508474576508
1780124145,51.395762711862034
1780124160,51.4694915254259
1780124175,51.388983050843706
1780124190,51.720338983054795
1780124205,51.854237288140915
1780124220,52.04237288135889
1780124235,52.38389830508514
1780124250,52.38898305084765
1780124265,52.174576271189196
1780124280,52.027118644071344
1780124295,52.45762711864901
1780124310,52.52764425521668
1780124325,52.4711864406758
1780124340,52.61610169491486
1780124355,53.10423728813105
1780124370,53.33728813559855
1780124385,53.233898305087514
1780124400,53.26694915254633
1780124415,54.34745762712259
1780124430,54.43613177039277
1780124445,54.60084745762535
1780124460,54.73559322033938
1780124475,54.85084745763127
1780124490,54.68389830509126
1780124505,54.60084745763027
1780124520,54.50338983049979
1780124535,54.49915254237505
1780124550,54.18644067796314
1780124565,54.2559322033924
1780124580,54.1398305084726
1780124595,53.83474576270692
1780124610,53.572033898312
1780124625,53.438983050843916
1780124640,53.511864406779864
1780124655,53.606779661011814
1780124670,53.426271186435145
1780124685,53.599999999998424
1780124700,53.80508474576469
1780124715,52.92881355932677
1780124730,52.865254237292866
1780124745,52.89237288136126
1780124760,53.04237288135791
1780124775,53.16355932203528
1780124790,53.26355932202975
1780124805,53.311016949148204
1780124820,53.47966101694402
1780124835,53.56016949152128
1780124850,53.79999999999724
1780124865,53.82627118644265
1780124880,54.37966101694363
1780124895,54.70508474575936
1780124910,55.020338983055
1780124925,55.07203389831298
1780124940,55.15847457627573
1780124955,55.46949152542688
1780124970,55.739830508473
1780124985,55.735593220343326
1780125000,55.83135593219826
1780125015,56.083050847459994
1780125030,56.18135593219866
1780125045,56.17033898305065
1780125060,55.99915254237604
1780125075,56.233050847456646
1780125090,56.442372881357514
1780125105,56.542814818828404
1780125120,56.55084745763106
1780125135,56.84237288136007
1780125150,57.13135593220042
1780125165,57.035593220330696
1780125180,57.12457627118703
1780125195,57.062711864408946
1780125210,57.14576271186007
1780125225,57.02711864406642
1780125240,57.12966101694955
1780125255,56.663559322024426
1780125270,56.63305084745427
1780125285,56.403389830513206
1780125300,56.189830508467864
1780125315,56.24745762711627
1780125330,56.16186440677651
1780125345,56.000847457626925
1780125360,55.754537257371574
1780125375,55.6618644067844
1780125390,55.63983050847359
1780125405,55.6093220338985
1780125420,55.5245762711817
1780125435,55.1271186440678
1780125450,55.15508474576409
1780125465,55.438983050851796
1780125480,55.234745762713445
1780125495,55.36694915253882
1780125510,55.18050847457667
1780125525,55.250000000005926
1780125540,55.4067796610209
1780125555,55.7576271186492
1780125570,56.4593220339058
1780125585,57.31610169491663
1780125600,57.47288135593654
1780125615,57.620338983054395
1780125630,57.677966101697876
1780125645,57.613559322041
1780125660,57.57627118644265
1780125675,57.4389830508449
1780125690,57.420338983055586
1780125705,57.20423728813638
1780125720,57.37796610168979
1780125735,57.287288135592426
1780125750,57.08220338982617
1780125765,57.02033898304808
1780125780,56.94237288135455
1780125795,57.174576271194134
1780125810,57.20084745762968
1780125825,56.86186440677729
1780125840,56.56694915254159
1780125855,56.18474576271522
1780125870,55.169947424273346
1780125885,54.72966101694403
1780125900,54.95084745762574
1780125915,54.86016949152346
1780125930,54.97033898305283
1780125945,55.10847457626862
1780125960,55.094915254236895
1780125975,55.08559322034964
1780125990,55.00338983050177
1780126005,55.3720338983112
1780126020,55.30847457626744
1780126035,55.32966101695034
1780126050,55.507627118633415
1780126065,55.444915254237294
1780126080,55.47542372881238
1780126095,55.393220338984236
1780126110,55.404237288132244
1780126125,55.667796610174825
1780126140,55.349152542377425
1780126155,55.21949152541603
1780126170,55.13813559321581
1780126185,55.38050847457055
1780126200,55.09406779660405
1780126215,55.09491525424676
1780126230,55.105932203399696
1780126245,54.92627118643121
1780126260,55.06525423728479
1780126275,55.01271186440382
1780126290,54.70423728813145
1780126305,54.39576271185415
1780126320,54.03474576271068
1780126335,53.86694915254277
1780126350,53.753389830506705
1780126365,53.59661016949173
1780126380,53.45254237288057
1780126395,53.581355932204175
1780126410,53.41949152542176
1780126425,53.53983050847122
1780126440,53.6330508474523
1780126455,53.468328598832436
1780126470,53.34830508474655
1780126485,53.16610169491407
1780126500,53.161864406784396
1780126515,53.08898305084351
1780126530,53.07457627118388
1780126545,53.18559322033622
1780126560,52.971186440677776
1780126575,53.012711864405794
1780126590,53.42966101694678
1780126605,53.493220338980684
1780126620,53.54661016948955
1780126635,53.879661016951516
1780126650,54.253389830518536
1780126665,54.27457627118664
1780126680,54.171186440670674
1780126695,54.05508474576074
1780126710,54.229661016951916
1780126725,54.386440677966895
1780126740,54.77542372880666
1780126755,55.086440677962756
1780126770,55.033898305086716
1780126785,55.06725378132853
1780126800,55.15308578363717
1780126815,55.20762711864505
1780126830,55.465254237292285
1780126845,55.41355932203429
1780126860,55.43474576270733
1780126875,55.627118644069775
1780126890,55.4211864406756
1780126905,55.304237288137756
1780126920,55.27826929987152
1780126935,55.07542372881474
1780126950,54.54322033897694
1780126965,54.59067796610031
1780126980,54.64830508474379
1780126995,54.64999999999467
1780127010,54.71694915254513
1780127025,54.4864406779663
1780127040,54.18050847457765
1780127055,53.855084745757
1780127070,54.117796610166735
1780127085,54.425423728821066
1780127100,54.36440677965608
1780127115,54.69576271186717
1780127130,54.506779661021284
1780127145,54.4262711864391
1780127160,54.487288135594206
1780127175,54.616101694912885
1780127190,54.53389830508475
1780127205,54.894067796610166
1780127220,54.84830508474754
1780127235,54.947457627119036
1780127250,55.03305084745881
1780127265,55.06779661015864
1780127280,55.35823243074434
1780127295,55.11440677965904
1780127310,55.12203389831022
1780127325,55.20254237288253
1780127340,55.23813559321521
1780127355,55.24322033898266
1780127370,54.97796610169412
1780127385,54.92118644067856
1780127400,54.9898305084799
1780127415,54.80338983051281
1780127430,54.67288135593339
1780127445,54.757627118640315
1780127460,54.419491525420774
1780127475,54.34915254236854
1780127490,54.31355932203588
1780127505,54.25084745763482
1780127520,54.261864406777896
1780127535,54.40169491525444
1780127550,54.44237288135455
1780127565,54.39491525424104
1780127580,54.45593220339122
1780127595,54.5644067796549
1780127610,54.760169491524046
1780127625,54.4500000000008
1780127640,54.18983050847477
1780127655,54.4864406779663
1780127670,54.35593220339181
1780127685,54.36186440677729
1780127700,54.12203389831121
1780127715,54.19661016949311
1780127730,54.31663943484383
1780127745,54.20084745762771
1780127760,53.987288135587306
1780127775,54.03644067796649
1780127790,54.072881355941874
1780127805,54.3627118644052
1780127820,54.52457627119256
1780127835,54.93644067796117
1780127850,54.97496584711703
1780127865,55.33220338983406
1780127880,55.352542372884116
1780127895,55.295762711858686
1780127910,55.460169491519906
1780127925,55.583050847453094
1780127940,55.50932203390403
1780127955,55.209322033900875
1780127970,55.10762711864072
1780127985,55.036440677965516
1780128000,55.194067796608394
1780128015,55.27203389830686
1780128030,55.50677966102031
1780128045,55.867796610173635
1780128060,56.21101694915076
1780128075,56.464406779668316
1780128090,56.32033898305223
1780128105,56.0864406779667
1780128120,56.25000000000493
1780128135,56.06101694915906
1780128150,55.94830508475089
1780128165,55.98983050847399
1780128180,56.173728813562285
1780128195,56.38983050847655
1780128210,56.509322033898115
1780128225,57.08389830509185
1780128240,56.92118644068152
1780128255,57.25677966101734
1780128270,57.29745762711252
1780128285,57.2237288135684
1780128300,57.24999999999901
1780128315,56.98050847457095
1780128330,56.82203389831002
1780128345,56.535593220343515
1780128360,56.17711864406405
1780128375,55.92203389830548
1780128390,56.138983050847656
1780128405,55.58983050847635
1780128420,55.15084745762948
1780128435,54.92118644067856
1780128450,54.650847457632445
1780128465,54.2347457627095
1780128480,53.7288135593171
1780128495,53.24661016949626
1780128510,53.02711864407037
1780128525,53.00677966101044
1780128540,53.17796610168999
1780128555,53.15423728813816
1780128570,53.04406779660879
1780128585,53.204237288130464
1780128600,52.96186440678559
1780128615,53.006779661020296
1780128630,53.55593220339654
1780128645,53.55338983050295
1780128660,53.56440677966082
1780128675,53.40677966100807
1780128690,53.463559322033504
1780128705,53.8813559322024
1780128720,53.644067796615104
1780128735,54.02033898304611
1780128750,53.87511101770024
1780128765,53.87881355932361
1780128780,53.97457627118348
1780128795,54.02966101695803
1780128810,54.06864406779247
1780128825,53.89099056955823
1780128840,53.72796610169412
1780128855,53.736440677968275
1780128870,53.63813559321975
1780128885,53.49915254237111
1780128900,53.43389830508139
1780128915,52.971186440677776
1780128930,52.93389830508435
1780128945,53.18135593221148
1780128960,53.0762711864397
1780128975,53.01069837762342
1780128990,52.96355932203647
1780129005,52.94539377565651
1780129020,53.30508474576272
1780129035,53.41016949152957
1780129050,53.48050847457686
1780129065,53.609322033900476
1780129080,53.775423728822446
1780129095,53.53983050848602
1780129110,53.77542372881258
1780129125,53.90847457627572
1780129140,53.780508474570155
1780129155,53.673728813552415
1780129170,53.84745762711569
1780129185,54.04576271185868
1780129200,54.29661016949251
1780129215,53.973728813555574
1780129230,54.27966101694422
1780129245,54.18813559322388
1780129260,54.06471820529715
1780129275,54.019491525423135
1780129290,54.0008474576289
1780129305,53.83644067797262
1780129320,53.5974576271147
1780129335,53.68728813559402
1780129350,53.519491525421174
1780129365,53.30084745762318
1780129380,53.1796610169458
1780129395,53.42033898304967
1780129410,53.285593220335635
1780129425,53.4237288135613
1780129440,53.390677966097556
1780129455,53.43728813559303
1780129470,53.255932203383516
1780129485,53.406779661013005
1780129500,53.27881355931729
1780129515,53.34661016949074
1780129530,53.288983050847264
1780129545,53.40254237288333
1780129560,53.24576271186836
1780129575,53.11101694914445
1780129590,53.25084745762594
1780129605,53.28728813559638
1780129620,53.367796610173635
1780129635,53.500847457621994
1780129650,53.57627118643673
1780129665,53.89999999999665
1780129680,53.580508474571346
1780129695,53.527966101690375
1780129710,53.49915254237604
1780129725,53.70677966101616
1780129740,53.80338983050888
1780129755,54.06271186440205
1780129770,54.01779661016732
1780129785,54.010169491535876
1780129800,53.75677966101833
1780129815,53.846610169487775
1780129830,54.116949152538815
1780129845,53.95254237288254
1780129860,54.11101694914839
1780129875,54.307627118640525
1780129890,54.19915254237683
1780129905,54.429661016950725
1780129920,54.51271186440185
1780129935,54.19999999999487
1780129950,54.158474576271786
1780129965,54.108474576269614
1780129980,54.41016949153352
1780129995,54.49491525423551
1780130010,54.1101694915205
1780130025,54.08728813558671
1780130040,54.08135593220123
1780130055,53.91440677965629
1780130070,53.69237288135653
1780130085,53.981355932201815
1780130100,53.90423728813618
1780130115,53.7466101694933
1780130130,53.58983050846846
1780130145,53.47372881356347
1780130160,53.40169491525542
1780130175,53.18644067796906
1780130190,53.494915254241434
1780130205,53.55508474575876
1780130220,53.5194915254261
1780130235,53.808474576276325
1780130250,53.747457627116276
1780130265,53.95169491524969
1780130280,53.71779661016416
1780130295,54.18220338982853
1780130310,54.05508474576074
1780130325,54.40677966101695
1780130340,54.725190166917926
1780130355,54.99406779660958
1780130370,55.14661016948994
1780130385,55.18983050847379
1780130400,55.37627118644581
1780130415,55.685593220341154
1780130430,55.86101694914544
1780130445,56.018644067793254
1780130460,56.02372881356563
1780130475,55.89067796610249
1780130490,55.59322033898799
1780130505,55.51610169491743
1780130520,55.55338983050591
1780130535,55.583050847453094
1780130550,55.28474576270575
1780130565,55.133898305081196
1780130580,54.82372881356288
1780130595,54.7805084745741
1780130610,54.67966101695172
1780130625,54.08782432423684
1780130640,53.98559322034628
1780130655,53.82288135593102
1780130670,53.70762711863913
1780130685,53.78728813559835
1780130700,53.405932203394954
1780130715,53.06101694915215
1780130730,53.053389830505914
1780130745,52.93305084745644
1780130760,53.043220338985805
1780130775,52.91779661016397
1780130790,52.92881355932184
1780130805,52.42796610170182
1780130820,52.29237288135494
1780130835,52.415254237288146
1780130850,52.38220338982933
1780130865,52.40084745762357
1780130880,52.632203389825385
1780130895,52.46355932203449
1780130910,52.65677966101991
1780130925,52.75726009565748
1780130940,52.67372881355834
1780130955,52.50338983051657
1780130970,52.60508474576193
1780130985,52.462711864406586
1780131000,52.59406779661392
1780131015,52.58135593220516
1780131030,52.453389830514396
1780131045,52.756779661014384
1780131060,52.76694915253941
1780131075,52.8898305084726
1780131090,52.91101694915057
1780131105,53.23644067796136
1780131120,53.158474576267835
1780131135,53.02881355931631
1780131150,52.82881355932243
1780131165,52.732203389829714
1780131180,52.825423728810804
1780131195,52.51440677965964
1780131210,52.57796610169847
1780131225,52.5669491525406
1780131240,52.843220338982064
1780131255,52.970338983044925
1780131270,53.1406779661015
1780131285,53.39491525424202
1780131300,53.471186440679745
1780131315,53.49576271186935
1780131330,53.150847457626526
1780131345,53.0313559322099
1780131360,53.17966101695566
1780131375,53.31610169491565
1780131390,53.30084745762811
1780131405,53.17457627119315
1780131420,53.37203389830331
1780131435,53.76101694915294
1780131450,53.93898305085574
1780131465,54.046610169496454
1780131480,53.745762711860465
1780131495,54.019803255570565
1780131510,54.03644067796649
1780131525,53.96440677965846
1780131540,53.49661016949232
1780131555,53.57881355932046
1780131570,53.64999999999566
1780131585,53.32118644067816
1780131600,53.065254237286766
1780131615,54.028813559320255
1780131630,54.163559322029364
1780131645,54.32966101694146
1780131660,54.0516949152491
1780131675,54.04152542372408
1780131690,54.24745762712318
1780131705,54.23389830508653
1780131720,54.268644067786354
1780131735,54.150847457630476
1780131750,54.02542372880863
1780131765,54.24152542372289
1780131780,54.20677966101813
1780131795,54.23389830508653
1780131810,54.28474576271167
1780131825,54.375423728813956
1780131840,54.41641073620216
1780131855,54.05593220338864
1780131870,54.38613143140032
1780131885,54.489521962859186
1780131900,54.56949152542234
1780131915,53.89745762711292
1780131930,53.90762711864782
1780131945,53.8838983050812
1780131960,53.90932203390364
1780131975,53.68220338983149
1780131990,53.64915254237762
1780132005,53.588983050845485
1780132020,53.361016949150375
1780132035,53.32457627118487
1780132050,53.259322033900084
1780132065,53.386440677962945
1780132080,53.40900616274713
1780132095,53.5974576271147
1780132110,53.82627118643772
1780132125,54.244915254239466
1780132140,54.252232218527865
1780132155,54.2838983050887
1780132170,54.12627118644582
1780132185,54.06271186440205
1780132200,54.33220338983011
1780132215,54.259322033899096
1780132230,54.80762711864742
1780132245,54.68220338982558
1780132260,54.781896826423505
1780132275,54.995762711865396
1780132290,55.26355932203272
1780132305,55.24630675462483
1780132320,55.128422422828535
1780132335,55.36864406779958
1780132350,55.45169491525562
1780132365,55.47966101694699
1780132380,55.26016949152108
1780132395,55.386500613550794
1780132410,55.30000000000809
1780132425,54.97796610169412
1780132440,55.09745762711569
1780132455,55.216101694919196
1780132470,55.18220338983249
1780132485,55.24576271186146
1780132500,54.98983050847497
1780132515,54.98050847457292
1780132530,54.71779661017304
1780132545,54.81016949152622
1780132560,54.548305084744385
1780132575,54.501386450072296
1780132590,54.488135593217194
1780132605,54.538983050842326
1780132620,54.56186440677611
1780132635,54.41355932203529
1780132650,54.443220338977525
1780132665,54.79237288135494
1780132680,54.61355932203903
1780132695,54.55254237288392
1780132710,54.528351135774464
1780132725,54.31355932203095
1780132740,54.23305084745862
1780132755,54.28644067796255
1780132770,54.65932203389673
1780132785,54.74745762712022
1780132800,54.478813559325005
1780132815,54.34915254237841
1780132830,54.21271186440856
1780132845,54.29322033898087
1780132860,54.19915254236696
1780132875,54.23135593220281
1780132890,54.275423728824414
1780132905,54.20593220338036
1780132920,53.940677966096764
1780132935,53.91610169491703
1780132950,53.77711864406346
1780132965,53.46016949153174
1780132980,53.39237288135337
1780132995,53.100847457634224
1780133010,53.20338983050748
1780133025,53.27796610170419
1780133040,53.24915254237506
1780133055,53.36355932202424
1780133070,52.900847457630476
1780133085,53.138983050850605
1780133100,53.477650695940085
1780133115,53.47966101694402
1780133130,53.86779661017561
1780133145,53.918644067790886
1780133160,54.262711864410726
1780133175,54.107627118646626
1780133190,54.2059322033853
1780133205,54.09237288135908
1780133220,54.4254237288112
1780133235,54.5779661016965
1780133250,54.58220338983111
1780133265,55.792372881353955
1780133280,56.32033898305223
1780133295,56.459322033900875
1780133310,56.29576271186756
1780133325,56.53220338982696
1780133340,56.71525423728735
1780133355,56.6186440678045
1780133370,56.823728813560905
1780133385,56.74491525423946
1780133400,56.84152542373218
1780133415,56.68559322034017
1780133430,56.63983050847754
1780133445,56.319491525419394
1780133460,56.22033898305282
1780133475,56.222033898308645
1780133490,56.55593220338865
1780133505,56.52288135592984
1780133520,56.409322033898704
1780133535,56.38161195406512
1780133550,56.109322033895545
1780133565,55.47372881356149
1780133580,54.94067796609578
1780133595,55.03050847457509
1780133610,55.16525423729406
1780133625,54.957627118649
1780133640,54.74152542372981
1780133655,54.8618644067842
1780133670,55.05169491524813
1780133685,55.00169491525089
1780133700,54.99661016949824
1780133715,54.91864406779483
1780133730,54.91610169492098
1780133745,55.020338983054984
1780133760,54.86949152542058
1780133775,54.71779661017304
1780133790,54.4194915254257
1780133805,54.099152542367555
1780133820,54.146610169500796
1780133835,54.247457627118244
1780133850,54.25084745762495
1780133865,53.93050847457667
1780133880,53.997457627107394
1780133895,53.617263611771534
1780133910,53.38358226157407
1780133925,53.058474576268424
1780133940,52.90593220339299
1780133955,52.5254237288175
1780133970,52.36101694915136
1780133985,52.38644067796887
1780134000,52.16864406779877
1780134015,52.36186440677433
1780134030,52.39322033898719
1780134045,52.243220338985616
1780134060,52.51271186439889
1780134075,52.38728813559676
1780134090,52.38644067796393
1780134105,52.629661016941654
1780134120,52.573407277342014
1780134135,52.51610169491545
1780134150,52.37966101695053
1780134165,52.49830508474419
1780134180,52.58898305084647
1780134195,52.834745762712856
1780134210,53.089830508481285
1780134225,53.59152542372427
1780134240,53.91779661016791
1780134255,53.91271186441033
1780134270,54.250000000001975
1780134285,54.338135593220535
1780134300,54.71694915254021
1780134315,54.86694915254178
1780134330,55.310169491523254
1780134345,55.501694915247924
1780134360,55.483050847458614
1780134375,55.79491525423275
1780134390,55.44322033898148
1780134405,55.34322033898207
1780134420,55.46186440678065
1780134435,55.53135593221483
1780134450,55.654237288133224
1780134465,55.626271186441855
1780134480,55.436440677968065
1780134495,55.39406779661215
1780134510,55.36101694915333
1780134525,54.9186440677899
1780134540,54.616949152545736
1780134555,54.72372881356347
1780134570,54.410169491528585
1780134585,54.21694915253823
1780134600,53.62372881356011
1780134615,53.3322033898311
1780134630,53.10932203389851
1780134645,52.83305084746197
1780134660,52.8152542372907
1780134675,52.89438715669922
1780134690,53.15932203390068
1780134705,52.92627118644304
1780134720,52.58050847457726
1780134735,52.4644067796624
1780134750,52.244915254241434
1780134765,52.40254237287938
1780134780,52.05932203389732
1780134795,52.27457627118861
1780134810,52.087288135593624
1780134825,52.175423728812184
1780134840,52.28474576270378
1780134855,52.44184785187878
1780134870,52.28135593220201
1780134885,52.0355932203455
1780134900,52.333050847459994
1780134915,52.19999999999685
1780134930,52.35084745762633
1780134945,52.508474576269215
1780134960,52.62796610168584
1780134975,52.65169491525247
1780134990,52.73559322033642
1780135005,52.92288135593635
1780135020,53.016949152540406
1780135035,53.44491525423927
1780135050,53.761864406780845
1780135065,53.47796610169807
1780135080,53.35508474576982
1780135095,53.51271186440283
1780135110,53.61355932203509
1780135125,53.50137967037124
1780135140,53.47118644067481
1780135155,53.59322033898996
1780135170,53.63559322033109
1780135185,53.58050847457627
1780135200,53.63050847457351
1780135215,54.17033898305262
1780135230,54.2949152542367
1780135245,54.09661016948877
1780135260,54.37288135593023
1780135275,54.32033898304927
1780135290,54.73559322033938
1780135305,54.75254237288274
1780135320,54.99491525423256
1780135335,54.89830508474478
1780135350,55.027118644068395
1780135365,55.23983050847103
1780135380,55.416949152540994
1780135395,55.389830508472606
1780135410,55.2686440678051
1780135425,55.33305084745703
1780135440,55.05338983050887
1780135455,55.12203389830035
1780135470,55.28135593219905
1780135485,55.09067796609736
1780135500,54.81440677966576
1780135515,54.66440677965431
1780135530,55.08983050847931
1780135545,55.11271186440323
1780135560,54.83813559321264
1780135575,54.34830508475051
1780135590,54.27118644067007
1780135605,54.154237288137175
1780135620,54.0511589751924
1780135635,54.25254237288076
1780135650,54.14915254236973
1780135665,54.2805084745672
1780135680,53.959322033891
1780135695,54.32966101695133
1780135710,54.05677966101655
1780135725,54.071186440676186
1780135740,53.95762711864506
1780135755,54.13135593219845
1780135770,54.06101694914622
1780135785,54.461864406776705
1780135800,54.67796610169591
1780135815,54.35847457627059
1780135830,54.134745762700234
1780135845,53.942372881357514
1780135860,53.78305084745881
1780135875,54.08644067796866
1780135890,53.933050847455455
1780135905,53.83135593220023
1780135920,53.41610169491506
1780135935,53.276271186443445
1780135950,53.19406779661531
1780135965,53.21779661017205
1780135980,53.20508474576331
1780135995,52.97542372881237
1780136010,53.03220338982302
1780136025,53.14067796610643
1780136040,53.283050847451904
1780136055,53.17966101695073
1780136070,53.137659027038396
1780136085,52.720338983043945
1780136100,52.52118644067797
1780136115,52.667796610177774
1780136130,52.58898305084154
1780136145,52.71779661016516
1780136160,52.82118644067619
1780136175,53.08728813559757
1780136190,53.44406779660642
1780136205,53.52033898304908
1780136220,53.59237288135219
1780136235,53.43135593220754
1780136250,53.1474576271149
1780136265,53.0483050847434
1780136280,53.23474576271542
1780136295,53.234745762710475
1780136310,53.05254237288294
1780136325,52.8957627118581
1780136340,52.77203389830193
1780136355,52.83135593220616
1780136370,53.02372881355873
1780136385,53.69830508474694
1780136400,54.01271186440481
1780136415,54.05254237288195
1780136430,54.489830508473005
1780136445,54.82372881356288
1780136460,55.01779661017127
1780136475,54.991525423725854
1780136490,55.08559322033977
1780136505,55.41949152541979
1780136520,55.6440677966082
1780136535,55.952542372880565
1780136550,56.42627118644206
1780136565,56.125423728815925
1780136580,56.0644067796559
1780136595,56.17881355931986
1780136610,56.3135593220191
1780136625,56.41779661017284
1780136640,56.44322033898541
1780136655,56.20762711864407
1780136670,55.80254237287898
1780136685,55.86525423728498
1780136700,55.86694915255066
1780136715,55.64661016948699
1780136730,55.198305084747936
1780136745,54.68728813559795
1780136760,54.549152542367366
1780136775,54.242372881355735
1780136790,54.020338983051055
1780136805,53.70847457627197
1780136820,53.52881355931829
1780136835,53.64406779660524
1780136850,53.388135593218756
1780136865,53.62966101695547
1780136880,53.57457627119078
1780136895,53.44491525423927
1780136910,53.456779661015176
1780136925,53.382519440543994
1780136940,53.166101694919
1780136955,53.342372881351196
1780136970,53.69491525423532
1780136985,52.62542372882678
1780137000,52.6313559322024
1780137015,53.150847457621595
1780137030,53.18135593221148
1780137045,52.95423728813441
1780137060,53.616101694918804
1780137075,53.700847457625734
1780137090,53.81016949152227
1780137105,53.60423728813303
1780137120,53.46525423727946
1780137135,53.53728813559243
1780137150,53.461864406782624
1780137165,53.730508474582784
1780137180,53.541525423731976
1780137195,53.467796610173046
1780137210,53.398305084738865
1780137225,53.25084745763087
1780137240,53.33644067795584
1780137255,53.25677966101636
1780137270,53.25254237288175
1780137285,53.188135593224885
1780137300,52.8262711864387
1780137315,53.02711864407037
1780137330,53.29576271186065
1780137345,53.167796610164956
1780137360,52.66016949152168
1780137375,52.64237288135041
1780137390,52.7161016949192
1780137405,52.910169491522666
1780137420,52.9533898305065
1780137435,53.08050847457923
1780137450,52.85847457627454
1780137465,53.11525423728399
1780137480,53.9652542372765
1780137495,54.08474576271285
1780137510,54.09067796609834
1780137525,54.334745762713844
1780137540,54.251694915247924
1780137555,54.15084745762554
1780137570,54.02796610169729
1780137585,54.31016949152424
1780137600,54.47881355932006
1780137615,54.11694915254376
1780137630,54.093220338982064
1780137645,53.99576271186145
1780137660,53.75423728812967
1780137675,53.743220338986596
1780137690,53.302542372874065
1780137705,53.266949152541386
1780137720,53.12171607943815
1780137735,53.13220338983229
1780137750,53.07033898304927
1780137765,52.88305084745921
1780137780,52.287288135597365
1780137795,52.182203389825574
1780137810,52.31016949152127
1780137825,52.35423728813796
1780137840,52.574576271181904
1780137855,52.40677966101399
1780137870,52.47881355932697
1780137885,52.40423728814013
1780137900,52.38220338982933
1780137915,52.316949152544545
1780137930,52.24798134224875
1780137945,52.34237288136205
1780137960,52.515254237292474
1780137975,52.627966101690774
1780137990,52.55169491525798
1780138005,52.45508474575541
1780138020,52.58050847457726
1780138035,52.24576271186934
1780138050,52.18559322034214
1780138065,52.22711864407017
1780138080,52.23474576270654
1780138095,52.17203389830548
1780138110,51.97118644067875
1780138125,51.96779661017699
1780138140,52.07627118643574
1780138155,52.194067796601495
1780138170,52.34661016948679
1780138185,52.25338983050571
1780138200,52.29152542372704
1780138215,52.232203389827745
1780138230,52.54406779660188
1780138245,52.56949152542432
1780138260,52.54152542373296
1780138275,52.53135593220299
1780138290,52.54406779660682
1780138305,52.76271186440974
1780138320,52.853757834814985
1780138335,52.887816188580786
1780138350,53.10762711864269
1780138365,52.79915254237032
1780138380,52.68135593219965
1780138395,52.7262711864393
1780138410,52.64915254237861
1780138425,52.668644067795825
1780138440,52.69745762712002
1780138455,52.602542372878204
1780138470,52.766101694911505
1780138485,52.775423728813564
1780138500,52.97510491596435
1780138515,52.82457627119276
1780138530,52.919491525424725
1780138545,52.803389830509865
1780138560,52.852542372879185
1780138575,52.93305084745644
1780138590,53.059322033896336
1780138605,52.99999999999705
1780138620,52.89915254237466
1780138635,52.79237288135199
1780138650,52.876271186440874
1780138665,52.91525423728518
1780138680,53.09237288136007
1780138695,53.06610169492453
1780138710,52.938983050846865
1780138725,52.77627118644147
1780138740,52.79406779661273
1780138755,52.582203389828145
1780138770,52.260169491524046
1780138785,52.07288135593397
1780138800,52.114406779657074
1780138815,52.6093220339064
1780138830,53.48983050847398
1780138845,53.54915254236834
1780138860,53.49237288135771
1780138875,53.43389830508632
1780138890,53.26689378145956
1780138905,53.294067796614705
1780138920,53.21949152541801
1780138935,53.327966101696504
1780138950,53.472881355930625
1780138965,53.677118644064045
1780138980,53.68559322033819
1780138995,53.86016949152443
1780139010,53.92118644067955
1780139025,54.23644067796531
1780139040,54.04322033898483
1780139055,54.0440677966078
1780139070,54.32203389830508
1780139085,54.3627118644052
1780139100,54.31101694915708
1780139115,53.30906157095233
1780139130,53.056779661017536
1780139145,53.15932203389574
1780139160,53.10847457627552
1780139175,53.03644067796749
1780139190,53.283898305089686
1780139205,53.44237288135061
1780139220,53.22711864406424
1780139235,53.045762711869536
1780139250,53.06530619163471
1780139265,53.02203389830784
1780139280,53.20000000000079
1780139295,53.23305084746453
1780139310,53.24152542372389
1780139325,53.15338983051026
1780139340,53.000000000001975
1780139355,53.21779661017205
1780139370,52.98474576271444
1780139385,52.911864406783415
1780139400,52.59438919058551
1780139415,52.45423728813737
1780139430,52.582203389828145
1780139445,52.459322033899895
1780139460,52.45217845242686
1780139475,52.13983050847951
1780139490,52.30169491525207
1780139505,52.3364406779667
1780139520,52.51610169491545
1780139535,52.497457627121214
1780139550,52.394067796615104
1780139565,52.094067796611945
1780139580,52.180508474574694
1780139595,51.94491525423335
1780139610,52.00338983050472
1780139625,51.8983050847428
1780139640,51.88050847457647
1780139655,51.794067796608786
1780139670,51.87203389830233
1780139685,52.03898305084233
1780139700,52.049999999995265
1780139715,52.210169491526806
1780139730,52.11101694916024
1780139745,52.2440677966086
1780139760,52.55302488449723
1780139775,52.44322033898443
1780139790,52.288659584133555
1780139805,52.23781178177755
1780139820,52.22966101694402
1780139835,52.155084745757186
1780139850,52.079985898403855
1780139865,52.425423728818096
1780139880,52.87542372880804
1780139895,53.42966101694678
1780139910,53.244915254240446
1780139925,53.31440677966477
1780139940,53.31016949152523
1780139955,53.21101694915373
1780139970,53.04152542372999
1780139985,53.08559322033681
1780140000,53.160169491518715
1780140015,53.226271186441274
1780140030,53.246610169486395
1780140045,53.112711864400275
1780140060,53.027966101688406
1780140075,53.09152542372231
1780140090,53.0313559322099
1780140105,53.265254237295444
1780140120,53.169491525425705
1780140135,53.27966101695014
1780140150,53.10932203389851
1780140165,53.22542372881336
1780140180,52.708474576268024
1780140195,52.32881355933032
1780140210,52.27542372881653
1780140225,52.34947559677325
1780140240,52.48305084745664
1780140255,52.43559322033819
1780140270,52.53135593220299
1780140285,52.47627118644817
1780140300,52.27881355932815
1780140315,52.14527605365538
1780140330,51.911864406774534
1780140345,51.9796610169529
1780140360,52.22796610169807
1780140375,52.2449152542365
1780140390,51.943220338982464
1780140405,51.88474576271107
1780140420,52.029661016955075
1780140435,52.11864406779168
1780140450,52.488135593214224
1780140465,52.12881355931671
1780140480,52.14999999999468
1780140495,53.27118644067599
1780140510,54.003389830507686
1780140525,54.080508474578245
1780140540,53.89745762712279
1780140555,53.779661016952105
1780140570,53.86186440677532
1780140585,53.885593220337014
1780140600,53.94745762711509
1780140615,53.7991525423644
1780140630,54.28728813559539
1780140645,54.69406779660642
1780140660,55.297457627124366
1780140675,55.00423728813955
1780140690,55.131355932202396
1780140705,55.1101694915195
1780140720,54.93050847457075
1780140735,54.90423728813026
1780140750,54.5508474576281
1780140765,54.72033898304197
1780140780,54.20254237287859
1780140795,53.25677966101636
1780140810,52.772881355934764
1780140825,53.044067796613724
1780140840,52.87711864406385
1780140855,52.88305084745427
1780140870,52.91440677965726
1780140885,52.994067796616484
1780140900,52.98135593220773
1780140915,52.976271186440286
1780140930,52.69745762712002
1780140945,51.89999999999863
1780140960,51.6957627118652
1780140975,51.81694915253764
1780140990,52.128813559326574
1780141005,51.8940677966082
1780141020,52.125423728814944
1780141035,51.98559322033839
1780141050,52.15762711864584
1780141065,52.14152542373039
1780141080,52.12457627119197
1780141095,52.33389830508297
1780141110,52.25508474576645
1780141125,52.41355932203232
1780141140,52.327966101692546
1780141155,52.74661016949429
1780141170,52.53135593219807
1780141185,52.596610169492706
1780141200,52.43389830508731
1780141215,52.585593220344705
1780141230,52.81525423728577
1780141245,52.830508474573314
1780141260,52.79237288135692
1780141275,52.716101694909334
1780141290,52.67796610169788
1780141305,52.70254237288747
1780141320,52.952542372888466
1780141335,53.09067796609439
1780141350,52.929661016954675
1780141365,52.76387956691701
1780141380,52.6915254237296
1780141395,52.74067796610387
1780141410,52.927966101693926
1780141425,52.96864406779898
1780141440,53.152542372877406
1780141455,53.155932203393974
1780141470,53.17542372881119
1780141485,53.180508474578644
1780141500,53.25169491524891
1780141515,53.25677966100649
1780141530,53.39406779661412
1780141545,53.102542372880166
1780141560,53.19237288135456
1780141575,53.144067796613136
1780141590,53.106779661014784
1780141605,53.13728813558987
1780141620,53.0813559322022
1780141635,52.87457627118013
1780141650,52.99067796610486
1780141665,52.91610169491802
1780141680,52.82033898305322
1780141695,52.79406779661766
1780141710,52.738135593220136
1780141725,52.685593220339186
1780141740,52.459322033899895
1780141755,52.415254237278276
1780141770,52.533898305091654
1780141785,52.428813559314925
1780141800,52.290677966109
1780141815,52.087288135593624
1780141830,52.16779661016594
1780141845,52.461864406788536
1780141860,52.480508474577846
1780141875,52.44576271186323
1780141890,52.43559322033819
1780141905,52.460169491522855
1780141920,52.615254237291886
1780141935,52.74322033898265
1780141950,52.844915254237876
1780141965,52.99322033898858
1780141980,52.93305084745644
1780141995,52.8677966101766
1780142010,52.95677966101814
1780142025,52.66610169490716
1780142040,52.824576271187816
1780142055,52.78728813559934
1780142070,52.76101694915393
1780142085,52.850847457628305
1780142100,52.74237288135475
1780142115,52.830508474573314
1780142130,52.70932203389593
1780142145,52.659322033893766
1780142160,52.81864406779739
1780142175,52.82966101695033
1780142190,52.69915254236598
1780142205,52.604237288134016
1780142220,52.56101694915017
1780142235,52.53563619721816
1780142250,52.58474576271186
1780142265,52.70338983051045
1780142280,52.80932203390027
1780142295,52.922881355931416
1780142310,52.93305084745644
1780142325,53.012711864405794
1780142340,53.07966101694146
1780142355,53.20847457627001
1780142370,53.39491525424202
1780142385,53.35370607656464
1780142400,53.68728813559894
1780142415,53.81016949152227
1780142430,53.86779661017067
1780142445,54.020338983051055
1780142460,53.8991525423786
1780142475,54.058474576272374
1780142490,54.1313559322034
1780142505,54.5000000000079
1780142520,54.67711864406799
1780142535,54.71694915254513
1780142550,54.664406779659245
1780142565,54.5644067796549
1780142580,54.48474576271048
1780142595,54.404237288138155
1780142610,54.454237288135396
1780142625,54.37372881356307
1780142640,54.460169491525825
1780142655,54.36271186441013
1780142670,54.444067796610376
1780142685,54.14152542373336
1780142700,54.0059322033914
1780142715,53.75423728813954
1780142730,53.55338983051281
1780142745,53.67457627118526
1780142760,53.60847457627257
1780142775,53.35254237288609
1780142790,53.18305084745742
1780142805,52.85593220339575
1780142820,52.91610169491802
1780142835,52.7330508474527
1780142850,52.78559322033366
1780142865,52.690677966101696
1780142880,52.624576271184075
1780142895,52.51610169491545
1780142910,52.599999999999405
1780142925,52.68559322033425
1780142940,52.82033898304829
1780142955,52.82118644067619
1780142970,52.745762711866384
1780142985,52.938983050846865
1780143000,52.951694915260546
1780143015,53.01949152541425
1780143030,53.1516949152495
1780143045,53.0703389830542
1780143060,52.76610169491644
1780143075,52.8466101694937
1780143090,52.748305084740245
1780143105,52.74576271186638
1780143120,52.92118644067067
1780143135,52.74915254237308
1780143150,52.73983050848089
1780143165,52.63813559322566
1780143180,52.68050847457666
1780143195,52.83898305084252
1780143210,52.7618644067769
1780143225,52.697824045665506
1780143240,52.35169491525424
1780143255,52.75593220338648
1780143270,53.012711864405794
1780143285,53.1050847457639
1780143300,53.456779661020114
1780143315,53.857627118645645
1780143330,53.82203389830311
1780143345,54.26525423729445
1780143360,54.51101694915097
1780143375,54.38983050847852
1780143390,55.021186440682904
1780143405,54.97457627118742
1780143420,55.17457627118625
1780143435,55.69237288135456
1780143450,55.941525423732564
1780143465,56.11610169491881
1780143480,56.12881355931769
1780143495,56.29237288135593
1780143510,56.45847457627296
1780143525,56.373728813561094
1780143540,56.50593220339142
1780143555,56.4491525423709
1780143570,56.62796610169669
1780143585,56.510169491521076
1780143600,56.04491525424854
1780143615,55.64322033898029
1780143630,55.31525423728577
1780143645,55.39237288135139
1780143660,55.69067796609873
1780143675,55.72118644068369
1780143690,55.66694915253705
1780143705,55.9881355932231
1780143720,55.530508474577054
1780143735,55.278813559325194
1780143750,55.22881355932302
1780143765,55.148305084745765
1780143780,55.04322033898384
1780143795,55.0559322033926
1780143810,55.26864406780017
1780143825,55.308474576272374
1780143840,55.1101694915195
1780143855,54.7593220338912
1780143870,54.49406779661254
1780143885,54.62657880285282
1780143900,54.88135593220142
1780143915,54.89152542372645
1780143930,54.835593220343725
1780143945,54.8652542372909
1780143960,54.611016949155314
1780143975,54.397457627114896
1780143990,54.222881355928656
1780144005,54.12203389830134
1780144020,54.070338983053226
1780144035,54.211016949152736
1780144050,54.316949152532715
1780144065,54.132203389831304
1780144080,53.868109368751234
1780144095,53.77457627118467
1780144110,53.80423728812691
1780144125,53.95847457626803
1780144140,53.8169491525406
1780144155,53.86610169491486
1780144170,53.66016949152068
1780144185,53.78389830508672
1780144200,53.450847457624754
1780144215,53.369491525434384
1780144230,53.43220338983051
1780144245,53.21610169491131
1780144260,53.28983050848011
1780144275,53.35000000000236
1780144290,53.4737288135536
1780144305,53.45338983050847
1780144320,53.38389830508415
1780144335,53.31694915253862
1780144350,53.10052949511246
1780144365,52.96271186440362
1780144380,52.89491525424005
1780144395,52.78220338983682
1780144410,52.64745762711293
1780144425,52.761384014071965
1780144440,52.90593220338806
1780144455,53.191525423726645
1780144470,53.13135593219944
1780144485,53.130508474571535
1780144500,53.193220338982464
1780144515,52.88389830508218
1780144530,52.75169491525187
1780144545,52.661016949144646
1780144560,52.59830508474852
1780144575,52.53983050847221
1780144590,52.62203389830529
1780144605,52.67033898305164
1780144620,52.78559322034353
1780144635,52.90847457627178
1780144650,53.276271186433576
1780144665,53.141525423729405
1780144680,53.22966101694797
1780144695,53.38644067796787
1780144710,53.58305084746
1780144725,53.57881355932539
1780144740,53.63559322033602
1780144755,53.531355932202004
1780144770,53.830508474577265
1780144785,53.87288135593813
1780144800,53.94915254237092
1780144815,54.008474576275134
1780144830,53.94322033898542
1780144845,53.990677966094005
1780144860,53.82033898305223
1780144875,53.34830508474655
1780144890,53.05762711864052
1780144905,52.563559322038834
1780144920,51.971708282769605
1780144920,51.971708282769605
1780144935,51.49661016948935
1780144950,51.03305084746276
1780144965,50.829661016947384
1780144980,50.00169491525088
1780144995,49.2466101695002
1780145010,48.419491525421755
1780145025,47.58305084746098
1780145040,46.46440677965352
1780145055,45.43644067796314
1780145070,44.45677966101419
1780145085,43.579661016948364
1780145100,42.70593220339417
1780145115,41.66610169491308
1780145130,40.82203389830114
1780145145,39.99576271187033
1780145160,39.34915254236855
1780145175,38.61186440678913
1780145190,38.209322033897905
1780145205,37.52966101695211
1780145220,37.02881355931731
1780145235,36.52457627118565
1780145250,36.137288135596776
1780145265,35.872033898303314
1780145280,35.51949152542413
1780145295,35.69830508474497
1780145310,35.52542372880961
1780145325,35.21779661017502
1780145340,35.16355932202837
1780145355,35.04491525423472
1780145370,34.877966101694724
1780145385,35.03983050848207
1780145400,34.97881355931217
1780145415,34.975423728815336
1780145430,34.983050847451715
1780145445,34.9779661016892
1780145460,35.0559322033926
1780145475,35.22118644068172
1780145490,35.261016949148996
1780145505,35.470338983044925
1780145520,35.411864406778484
1780145535,35.48898305084411
1780145550,35.41864406779681
1780145565,35.555084745756794
1780145580,35.44491525422742
1780145595,35.25677966101439
1780145610,35.453389830506495
1780145625,35.42796610169393
1780145640,35.72627118643634
1780145655,36.01864406779326
1780145670,36.16440677966516
1780145685,36.23728813559125
1780145700,36.48474576270851
1780145715,36.47711864406721
1780145730,36.694915254237294
1780145745,36.64237288136126
1780145760,36.733050847458614
1780145775,36.52627118644147
1780145790,36.55932203389535
1780145805,36.67118644067067
1780145820,36.80762711865037
1780145835,36.77118644067994
1780145850,36.812711864403035
1780145865,36.74322033898365
1780145880,36.744915254229596
1780145895,36.63389830508218
1780145910,36.57288135592708
1780145925,36.64406779661215
1780145940,36.44237288135258
1780145955,36.10000000000336
1780145970,35.82711864406859
1780145985,36.026271186439494
1780146000,35.76101694915096
1780146015,36.16694915254395
1780146030,36.271186440682904
1780146045,36.341525423725265
1780146060,36.39152542372743
1780146075,36.45338983051045
1780146090,36.412711864410326
1780146105,36.29152542373296
1780146120,36.18644067796117
1780146135,36.199152542374854
1780146150,36.23559322033544
1780146165,36.14576271186599
1780146180,36.179661016947776
1780146195,36.43898305084588
1780146210,36.24322033898167
1780146225,36.21864406780194
1780146240,36.20508474576034
1780146255,36.49237288135968
1780146270,36.69576271187507
1780146285,36.716949152543165
1780146300,36.8271186440676
1780146315,36.136440677959
1780146330,36.05338983051281
1780146345,35.88898305084174
1780146360,35.82711864407352
1780146375,35.8889830508516
1780146390,35.86016949152741
1780146405,35.87881355932164
1780146420,35.91525423728221
1780146435,36.00169491525976
1780146450,35.97372881356347
1780146465,36.02288135592786
1780146480,36.05677966101458
1780146495,35.939830508476746
1780146510,36.08813559321757
1780146525,36.190677966100715
1780146540,36.10508474576587
1780146555,36.184745762715224
1780146570,36.0618644067771
1780146585,36.249152542367156
1780146600,36.1338983050802
1780146615,36.23728813559618
1780146630,36.30000000000217
1780146645,36.33983050847438
1780146660,36.479661016946
1780146675,36.42881355932579
1780146690,36.60593220338588
1780146705,36.840677966104266
1780146720,36.80762711864052
1780146735,36.943220338982464
1780146750,37.01610169491841
1780146765,36.759322033889234
1780146780,36.928813559317895
1780146795,36.95847457627001
1780146810,37.067796610161594
1780146825,36.83559322033682
1780146840,36.95338983051242
1780146855,36.80932203390126
1780146870,36.80677966101754
1780146885,36.8313559322022
1780146900,36.89830508474281
1780146915,36.992372881351784
1780146930,36.92542372881613
1780146945,36.96779661016713
1780146960,36.869491525428465
1780146975,36.74661016949528
1780146990,36.64237288135632
1780147005,36.50762711863735
1780147020,36.516101694916436
1780147035,36.341525423725265
1780147050,36.552542372877014
1780147065,36.48559322033642
1780147080,36.43728813559499
1780147095,36.69067796609775
1780147110,36.71355932203153
1780147125,36.5186440677903
1780147140,36.64237288135632
1780147155,36.71355932203153
1780147170,36.727966101691166
1780147185,36.81610169491466
1780147200,36.68898305084194
1780147215,36.8550847457639
1780147230,36.86186440678223
1780147245,36.75762711863835
1780147260,36.866101694911904
1780147275,36.99576271186342
1780147290,37.07627118643575
1780147305,37.15084745762258
1780147320,37.00084745762593
1780147335,37.10593220338786
1780147350,36.94067796610368
1780147365,36.76779661017324
1780147380,36.65338983050434
1780147395,36.398305084740834
1780147410,36.206779661021095
1780147425,36.16864406779977
1780147440,36.264406779659645
1780147455,35.98389830509343
1780147470,35.87881355931671
1780147485,35.889830508474574
1780147500,35.894067796609185
1780147515,35.8279661016965
1780147530,35.81101694915314
1780147545,35.79322033899173
1780147560,35.66779661016495
1780147575,35.602542372875234
1780147590,35.58305084745802
1780147605,35.47372881355656
1780147620,35.41949152541979
1780147635,35.329661016945415
1780147650,35.424576271182296
1780147665,35.43728813559106
1780147680,35.42033898304769
1780147695,35.578813559328346
1780147710,35.73644067796631
1780147725,35.77457627119256
1780147740,35.71779661017206
1780147755,35.64745762711983
1780147770,35.53220338983781
1780147785,35.58474576269904
1780147800,35.411016949150564
1780147815,35.426271186443046
1780147830,35.46949152542196
1780147845,35.36949152542748
1780147860,35.50508474576449
1780147875,35.45762711864604
1780147890,35.46610169491527
1780147905,35.8677966101687
1780147920,36.10551792869517
1780147935,36.445762711859274
1780147950,36.76610169491743
1780147965,37.197457627118055
1780147980,37.51525423727769
1780147995,37.902542372876425
1780148010,38.384745762716996
1780148025,38.774576271189595
1780148040,39.664406779664176
1780148055,40.603389830508085
1780148070,41.64432180666028
1780148085,42.36525423729584
1780148100,43.24067796609597
1780148115,44.207627118636175
1780148130,45.249999999996064
1780148145,46.26271186440382
1780148160,47.44915254237485
1780148175,48.590677966106234
1780148190,49.9288135593248
1780148205,51.05677966100966
1780148220,52.15932203389673
1780148235,53.138135593217775
1780148250,54.14491525423513
1780148265,55.26694915253449
1780148280,56.21101694915076
1780148295,57.05593220338569
1780148310,57.974576271189406
1780148325,58.8788135593236
1780148340,58.96779661017008
1780148355,59.811864406782036
1780148370,60.09576271185987
1780148385,60.679661016950725
1780148400,61.150000000000595
1780148415,61.440677966101696
1780148430,61.733050847458614
1780148445,61.91864406779779
1780148460,62.07203389830607
1780148475,62.316949152539614
1780148490,62.71186440677966
1780148505,62.63389830508119
1780148520,62.900847457625545
1780148535,62.61440677966398
1780148550,62.04237288135397
1780148565,61.92966101695566
1780148580,62.018644067797204
1780148595,62.05254237287898
1780148610,62.005932203383516
1780148625,61.876271186436924
1780148640,61.988983050850024
1780148655,61.47457627118842
1780148670,61.650847457625545
1780148685,61.85508474575896
1780148700,62.21245567765949
1780148715,61.90338983051025
1780148730,61.86694915253981
1780148745,62.04576271186559
1780148760,61.71610169491526
1780148775,61.15847457627475
1780148790,60.953389830513416
1780148805,60.82033898305026
1780148820,60.90423728813421
1780148835,61.027966101705175
1780148850,61.60932203389752
1780148865,61.715254237292285
1780148880,61.456779661017144
1780148895,61.23813559322902
1780148910,61.639830508472606
1780148925,61.61075668309201
1780148940,61.66440677965726
1780148955,62.011016949150964
1780148970,61.867796610172654
1780148985,61.46101694915669
1780149000,61.48220338982973
1780149015,61.733050847458614
1780149030,62.1669491525479
1780149045,62.4720338983037
1780149060,62.644915254239066
1780149075,63.25084745762594
1780149090,63.574576271185855
1780149105,63.436440677960185
1780149120,63.7355932203305
1780149135,63.72966101695488
1780149150,63.72482220459621
1780149165,63.785593220327726
1780149180,64.24406779661649
1780149195,64.2245762711894
1780149210,63.93135593220458
1780149225,64.0703389830532
1780149240,64.2389830508441
1780149255,63.991525423726834
1780149270,64.24382538186345
1780149285,64.40084745763146
1780149300,64.4194915254257
1780149315,64.09152542372625
1780149330,63.727118644076086
1780149345,63.315254237287746
1780149360,63.37033898305242
1780149375,63.106779661009845
1780149390,63.189830508480696
1780149405,62.92627118643812
1780149420,62.366949152541785
1780149435,62.14830508474872
1780149450,62.12033898303763
1780149465,61.98220338983169
1780149480,62.106779661015764
1780149495,62.614406779659035
1780149510,62.611016949152344
1780149525,62.21779661016811
1780149540,61.72118644067284
1780149555,61.98220338983662
1780149570,61.76186440677789
1780149585,61.658474576266855
1780149600,61.08898305084549
1780149615,61.388983050843706
1780149630,61.591525423736115
1780149645,61.14465182814385
1780149660,61.125423728811
1780149675,60.99745762712022
1780149690,60.90084745762751
1780149705,61.270338983055
1780149720,61.91271186441231
1780149735,61.80932203389633
1780149750,61.55958264689436
1780149765,61.50084745762889
1780149780,61.572881355936936
1780149795,61.82033898304433
1780149810,62.97203389830568
1780149825,63.44576271186717
1780149840,63.45254237288056
1780149855,63.81610169491763
1780149870,63.77796610169631
1780149885,64.14406779661215
1780149900,64.49661016949133
1780149915,64.6042372881419
1780149930,64.58389830508197
1780149945,64.7042372881364
1780149960,64.40762711863992
1780149975,64.57033898304533
1780149990,64.62033898305735
1780150005,64.63813559321876
1780150020,64.49152542373375
1780150035,64.8194915254184
1780150050,65.1940677966084
1780150065,64.73947192682763
1780150080,64.78898305084331
1780150095,64.03813559322231
1780150110,63.60338983050512
1780150125,63.35423728814191
1780150140,63.67627118643614
1780150155,63.650000000000595
1780150170,63.11525423728399
1780150185,63.248305084737275
1780150200,63.212113816184434
1780150215,62.93050847457765
1780150230,63.09067796609933
1780150245,63.45423728814132
1780150260,63.664406779665164
1780150275,63.139830508478525
1780150290,63.10593220338687
1780150305,62.88728813558888
1780150320,63.083898305081
1780150335,62.65084745761962
1780150350,62.838135593209685
1780150365,63.05338983051578
1780150380,62.70762711864013
1780150395,62.729661016950935
1780150410,62.7505949192943
1780150425,62.778813559315324
1780150440,62.7864406779665
1780150455,62.67457627118625
1780150470,62.827966101684666
1780150485,62.478813559322035
1780150500,62.46016949152779
1780150515,62.56440677967168
1780150530,62.54237288135101
1780150545,62.65084745762455
1780150560,62.54576271186263
1780150575,62.760169491530945
1780150590,62.67627118644206
1780150605,63.31101694915313
1780150620,63.74999999999507
1780150635,63.84067796610229
1780150650,63.659322033897716
1780150665,63.814406779661816
1780150680,63.8271186440607
1780150695,63.43220338982558
1780150710,63.30508474575778
1780150725,63.33813559321166
1780150740,63.01271186441073
1780150755,63.265503284720936
1780150770,63.43728813558809
1780150785,63.36949152542453
1780150800,63.19067796610367
1780150815,62.84830508474458
1780150830,62.795762711863624
1780150845,64.02203389830686
1780150860,64.99237288135869
1780150875,65.67796610168999
1780150890,66.96779661016711
1780150905,67.04322033898187
1780150920,67.81355932203489
1780150935,68.56271186440502
1780150950,69.58728813559361
1780150965,70.92203389830054
1780150980,71.71186440678066
1780150995,72.76186440678183
1780151010,73.91610169491702
1780151025,75.06525423729464
1780151040,75.51271186441073
1780151055,77.0398305084801
1780151070,77.51440677966457
1780151085,77.90847457627179
1780151100,78.39322033898128
1780151115,78.25932203389515
1780151130,77.8991525423796
1780151145,76.29661016949055
1780151160,76.156779661014
1780151175,74.90271252397598
1780151190,73.81186440678303
1780151205,72.68559322033919
1780151220,72.38474576271305
1780151235,70.70000000000573
1780151250,69.69406779660643
1780151265,68.28644067796354
1780151280,67.85508474576292
1780151295,67.04067796610308
1780151310,66.14344987491532
1780151325,64.7449152542365
1780151340,65.2211864406817
1780151355,65.14915254237368
1780151370,66.3491525423715
1780151385,66.59152542372131
1780151400,67.3720338983043
1780151415,68.96016949152384
1780151430,70.30423728813777
1780151445,70.7296610169529
1780151460,70.90423728813423
1780151475,72.32627118644166
1780151490,73.22033898305085
1780151505,74.26440677966161
1780151520,74.76355932202581
1780151535,75.76694915254139
1780151550,75.87033898305737
1780151565,75.94745762711806
1780151580,76.04830508474537
1780151595,75.74067796611077
1780151610,75.26355932203765
1780151625,75.64555383060681
1780151640,74.00423728813065
1780151655,72.84406779660996
1780151670,71.89152542372447
1780151685,71.54830508475227
1780151700,70.6144067796561
1780151715,68.91271186440046
1780151730,67.65593220338707
1780151745,67.80254237287701
1780151760,66.82542372881673
1780151775,65.69661016949408
1780151790,64.61610169491783
1780151805,64.11186440678124
1780151820,62.77372881355281
1780151835,62.29381216143403
1780151850,62.315254237288734
1780151865,62.23559322034924
1780151880,61.94999999999587
1780151895,62.06694915254356
1780151910,61.994915254240446
1780151925,61.84830508474557
1780151940,61.46440677965352
1780151955,61.6220338983112
1780151970,61.554237288137756
1780151985,61.52033898305105
1780152000,61.59915254238235
1780152015,61.84322033899292
1780152030,61.5296610169531
1780152045,61.382203389830316
1780152060,61.433050847450524
1780152075,61.38813559322074
1780152090,61.73389830508159
1780152105,61.64067796609558
1780152120,62.06864406779937
1780152135,62.097457627118644
1780152150,61.62881355931966
1780152165,61.880508474576466
1780152180,62.22855748173972
1780152195,62.50423728813461
1780152210,63.062711864403035
1780152225,63.25508474575561
1780152240,63.22372881355754
1780152255,62.96016949152483
1780152270,64.38728813558494
1780152285,64.61016949152246
1780152300,64.95423728813243
1780152315,65.04237288135593
1780152330,64.812711864405
1780152345,64.90847457626981
1780152360,65.2542372881356
1780152375,66.00570173357067
1780152390,67.13050847457252
1780152405,67.61886360091684
1780152420,68.61355932202522
1780152435,69.81355932204278
1780152450,71.43050847457172
1780152465,71.32711864406562
1780152480,71.25084745762791
1780152495,70.98813559321324
1780152510,70.76610169491842
1780152525,70.91864406779878
1780152540,71.05423728814073
1780152555,70.46355932203646
1780152570,69.42203389830449
1780152585,68.66355932203724
1780152600,68.67288135592943
1780152615,68.49152542372488
1780152630,68.90677966101497
1780152645,68.7711864406829
1780152660,68.39661016949292
1780152675,67.37288135592728
1780152690,66.17288135592945
1780152705,65.6372881355948
1780152720,64.49830508475208
1780152735,63.224576271190394
1780152750,62.136440677962945
1780152765,62.428813559324794
1780152780,62.43813559322191
1780152795,61.990677966100904
1780152810,61.742372881355735
1780152825,61.84576271186677
1780152840,61.85508474576389
1780152855,62.00169491524892
1780152870,62.22881355932105
1780152885,62.25169491525483
1780152900,61.80254237288294
1780152915,61.68898305084687
1780152930,61.772033898302915
1780152945,61.77372881355873
1780152960,61.82627118643968
1780152975,61.935593220336216
1780152990,61.80593220339456
1780153005,61.5105609095556
1780153020,61.694915254237294
1780153035,62.20932203389397
1780153050,62.24322033897576
1780153065,62.24406779660859
1780153080,61.97033898304591
1780153095,62.27033898303921
1780153110,62.348305084742606
1780153125,61.95000000000079
1780153140,61.66949152541979
1780153155,61.73983050846707
1780153170,62.02118644067599
1780153185,62.14322033897635
1780153200,62.475423728815336
1780153215,63.28050847458297
1780153230,62.91271186441132
1780153245,63.094067796606026
1780153260,62.948305084743986
1780153275,62.89237288135633
1780153290,62.86864406779957
1780153305,63.20847457627
1780153320,62.97372881355656
1780153335,62.497457627121214
1780153350,62.68050847457667
1780153365,62.96694915254316
1780153380,63.18389830509027
1780153395,63.347457627123575
1780153410,63.625423728815925
1780153425,63.72203389831357
1780153440,63.36525423728499
1780153455,62.795762711863624
1780153470,62.37627118642904
1780153485,62.76224309583509
1780153500,62.298305084750304
1780153515,61.59322033898207
1780153530,61.701694915255615
1780153545,61.70762711864604
1780153560,61.509322033898115
1780153575,61.69067796610268
1780153590,61.53474576270575
1780153605,61.988983050840154
1780153620,61.994915254235515
1780153635,61.82711864406267
1780153650,61.270338983055
1780153665,61.45000000000375
1780153680,60.848305084746556
1780153695,60.76610169491347
1780153710,61.08813559321757
1780153725,61.17796610169689
1780153740,61.466949152532315
1780153755,61.639830508472606
1780153770,61.849152542378405
1780153785,61.64322033898917
1780153800,61.7957627118646
1780153815,61.80169491525503
1780153830,62.19067796609971
1780153845,62.37711864406188
1780153860,62.52372881355676
1780153875,62.450847457625734
1780153890,61.990677966100904
1780153905,62.02711864406641
1780153920,62.031355932205955
1780153935,62.19576271186224
1780153950,62.156779661017936
1780153965,62.32881355932045
1780153980,62.631355932207335
1780153995,62.550847457625146
1780154010,62.230508474581804
1780154025,62.2838983050808
1780154040,62.68305084745053
1780154055,62.81440677966279
1780154070,62.51101694915293
1780154085,63.08474576271384
1780154100,62.92627118643812
1780154115,62.91779661017384
1780154130,62.69661016948719
1780154145,62.722033898299756
1780154160,62.6472043878305
1780154175,62.527118644063464
1780154190,62.98050847457489
1780154205,62.66016949152661
1780154220,62.78813559321739
1780154235,62.611016949152344
1780154250,62.71101694915669
1780154265,62.66779661016297
1780154280,62.53728813558849
1780154295,63.103389830508085
1780154310,62.80762711863953
1780154325,62.81101694915117
1780154340,62.79830508474241
1780154355,63.19491525423828
1780154370,62.98813559322607
1780154385,62.90423728813717
1780154400,63.18559322033622
1780154415,63.1127118644052
1780154430,62.924576271187235
1780154445,62.769491525423135
1780154460,62.85847457627454
1780154475,62.655932203392005
1780154490,62.70847457628284
1780154505,63.04999999999921
1780154520,62.742372881359685
1780154535,62.453389830509465
1780154550,62.56186440677809
1780154565,62.42457627118032
1780154580,62.44745762711904
1780154595,62.06525423728281
1780154610,62.37033898305342
1780154625,62.471186440685656
1780154640,61.94915254237288
1780154655,61.77627118644246
1780154670,61.61949152542747
1780154685,62.02457627118763
1780154700,61.95169491525168
1780154715,62.20932203389891
1780154730,62.26101694915689
1780154745,61.928813559317895
1780154760,62.061016949148204
1780154775,62.01949152542511
1780154790,62.14237288135337
1780154805,62.558474576276325
1780154820,62.57033898305223
1780154835,62.688983050855754
1780154850,62.2211864406748
1780154865,62.27881355932322
1780154880,62.44745762712397
1780154895,62.65847457627572
1780154910,62.51440677966457
1780154925,62.334745762710874
1780154940,62.824576271182885
1780154955,62.664406779656275
1780154970,62.50932203389712
1780154985,62.50338983050669
1780155000,62.673728813563265
1780155015,62.747457627117264
1780155030,63.01271186440086
1780155045,63.619491525425495
1780155060,63.372033898308246
1780155075,62.94406779660938
1780155090,62.68474576270634
1780155105,62.52966101694718
1780155120,62.89237288136126
1780155135,63.2754237288106
1780155150,63.63983050847063
1780155165,63.42966101694185
1780155180,63.381355932205366
1780155195,63.31610169491565
1780155210,63.529661016956055
1780155225,63.78898305084923
1780155240,63.9093220338987
1780155255,64.07457627118289
1780155270,64.29745762712042
1780155285,63.80169491525799
1780155300,63.8881355932158
1780155315,63.678813559329726
1780155330,63.49322033898561
1780155345,63.428813559313944
1780155360,63.99322033898759
1780155375,64.0966101694789
1780155390,64.09491525423294
1780155405,63.929661016943825
1780155420,63.83728813559559
1780155435,63.59745762711964
1780155450,63.486440677967295
1780155465,63.97966101695093
1780155480,63.91440677965628
1780155495,63.78135593220793
1780155510,63.315254237287746
1780155525,63.091525423727234
1780155540,62.99237288135573
1780155555,62.931355932205555
1780155570,62.74623131761432
1780155585,63.131355932199455
1780155600,62.9822033898307
1780155615,62.67457627119117
1780155630,62.512711864403826
1780155645,62.204237288136376
1780155660,62.018644067797204
1780155675,61.86864406780056
1780155690,62.17372881355636
1780155705,62.200847457624754
1780155720,62.02542372881553
1780155735,61.802542372878
1780155750,62.11271186440619
1780155765,62.23004511818504
1780155780,62.288983050848245
1780155795,62.34237288135712
1780155810,62.73983050847103
1780155825,62.526271186435544
1780155840,62.42288135593438
1780155855,62.405084745763105
1780155870,62.36779661016969
1780155885,62.18983050847675
1780155900,61.977118644069186
1780155915,62.425423728818096
1780155930,62.53474576271463
1780155945,62.33983050847339
1780155960,62.472881355936536
1780155975,62.41864406779977
1780155990,62.41186440677651
1780156005,62.654237288131256
1780156020,63.07203389831002
1780156035,63.108474576265664
1780156050,63.00084745762496
1780156065,62.52203389830587
1780156080,62.55169491524812
1780156095,62.733050847452695
1780156110,63.622033898309226
1780156125,65.16101694915452
1780156140,65.72033898305578
1780156155,66.80169491525503
1780156170,67.96949152541703
1780156185,69.25338983051361
1780156200,70.36694915253882
1780156215,71.04132909375973
1780156230,71.94576271186618
1780156245,72.55254237289083
1780156260,72.63559322033701
1780156275,72.93305084745644
1780156290,72.89661016949094
1780156305,72.3906779660936
1780156320,72.29943424303706
1780156335,72.29576271186657
1780156350,72.10169491525325
1780156365,72.42118644067857
1780156380,72.42033898305064
1780156395,72.22711864406523
1780156410,71.02118644068192
1780156425,69.53559322033563
1780156440,69.10677966101379
1780156455,67.81016949152819
1780156470,67.08644067796571
1780156485,65.61525423728399
1780156500,65.05169491524812
1780156515,63.636440677968864
1780156530,62.97203389830075
1780156545,63.01949152542412
1780156560,62.62966101695152
1780156575,62.67398187130343
1780156590,62.93305084745151
1780156605,63.17033898305361
1780156620,63.4813559322097
1780156635,63.05593220338963
1780156650,63.67118644068349
1780156665,63.879661016946585
1780156680,63.77542372881258
1780156695,63.598305084747544
1780156710,64.0677966101695
1780156725,64.03474576271562
1780156740,64.15338983050927
1780156755,64.08389830508987
1780156770,64.08898305084746
1780156785,64.13389830508711
1780156800,64.23983050847201
1780156815,64.63135593220537
1780156830,64.60762711864368
1780156845,64.17288135593142
1780156860,64.19491525424715
1780156875,64.23498823736058
1780156890,64.36864406780549
1780156905,64.14830508474182
1780156920,64.29661016948758
1780156935,63.7432203389866
1780156950,62.97881355932401
1780156965,62.54067796610505
1780156980,62.622881355928264
1780156995,62.357627118649596
1780157010,62.25932203389613
1780157025,62.64474968812477
1780157040,62.73728813559223
1780157055,62.429661016947776
1780157070,62.40084745762358
1780157085,62.59406779661391
1780157100,62.59745762711568
1780157115,62.70508474576133
1780157130,62.79067796610603
1780157145,62.8533898305071
1780157160,62.76949152543301
1780157175,62.461016949150775
1780157190,62.44999999999783
1780157205,62.07796610169649
1780157220,62.14491525423216
1780157235,62.47796610169413
1780157250,62.93644067796315
1780157265,62.73983050847596
1780157280,62.69491525423631
1780157295,62.78474576271068
1780157310,62.63559322033701
1780157325,62.54745762711844
1780157340,62.40423728814013
1780157355,62.58050847457726
1780157370,62.32711864406957
1780157385,61.92711864406208
1780157400,61.99745762712416
1780157415,62.06525423728281
1780157430,62.2169491525402
1780157445,62.2974576271224
1780157460,62.32881355932539
1780157475,62.45847457627198
1780157490,62.241525423729804
1780157505,62.357627118649596
1780157520,62.02457627118763
1780157535,61.772033898302915
1780157550,61.78220338982794
1780157565,62.25084745763185
1780157580,61.97627118644127
1780157595,61.803389830510845
1780157610,61.87796610169768
1780157625,61.919491525425705
1780157640,61.8618644067773
1780157655,62.186440677970054
1780157670,62.63813559322566
1780157685,62.77118644067896
1780157700,62.62372881355617
1780157715,62.383050847462165
1780157730,62.44661016949114
1780157745,62.480508474577846
1780157760,62.36694915254672
1780157775,62.588135593213636
1780157790,62.47033898305282
1780157805,62.39406779661017
1780157820,62.005932203393385
1780157835,61.89915254237071
1780157850,61.89322033898029
1780157865,62.97542372882224
1780157880,64.11610169491586
1780157895,64.41779661016989
1780157910,65.46949152542196
1780157925,66.81694915253765
1780157940,68.11779661016773
1780157955,68.43559322033721
1780157970,69.61949152542452
1780157985,70.86864406780154
1780158000,71.33559322033977
1780158015,71.15593220339102
1780158030,71.17203389830154
1780158045,71.2466101694933
1780158060,71.08050847457135
1780158075,71.1279661016898
1780158090,71.53305084745487
1780158105,72.23220338982775
1780158120,72.7906779661011
1780158135,72.61271186440817
1780158150,72.40932203389772
1780158165,71.3423728813581
1780158180,70.9406779660948
1780158195,70.73728813558928
1780158210,69.9923728813587
1780158225,68.69322033898443
1780158240,67.17118644067756
1780158255,66.7567796610203
1780158270,65.96949152542393
1780158285,65.06610169491762
1780158300,64.95677966101124
1780158315,64.95254237287662
1780158330,65.57033898304434
1780158345,65.65084745762653
1780158360,65.55338983050099
1780158375,65.6483050847428
1780158390,65.58898305084846
1780158405,65.4076271186488
1780158420,65.54237288136284
1780158435,65.89152542373039
1780158450,66.26610169491545
1780158465,65.86186440677828
1780158480,65.71525423728339
1780158495,65.59491525423394
1780158510,65.60762711864268
1780158525,65.94661016949016
1780158540,66.05932203388845
1780158555,65.89406779661411
1780158570,65.50084745762494
1780158585,65.48983050847694
1780158600,65.81016949152523
1780158615,65.55169491525996
1780158630,65.3779661016967
1780158645,66.02542372881159
1780158660,65.85254237287623
1780158675,65.39745762711884
1780158690,65.27457627119058
1780158705,65.1940677966084
1780158720,65.00169491526076
1780158735,64.90762711864684
1780158750,64.62711864406583
1780158765,64.41016949152365
1780158780,64.05423728813282
1780158795,64.10762711865156
1780158810,64.03220338983189
1780158825,64.19406779660939
1780158840,64.4228813559324
1780158855,64.70593220338728
1780158870,64.70508474575935
1780158885,64.27881355932125
1780158900,63.93389830507843
1780158915,63.8415254237302
1780158930,63.56864406780036
1780158945,63.47372881356347
1780158960,63.24152542373375
1780158975,63.401694915250495
1780158990,63.41610169491999
1780159005,63.20677966102406
1780159020,63.12881355932065
1780159035,63.323728813556954
1780159050,63.697457627114105
1780159065,63.5898305084734
1780159080,63.979905220988265
1780159095,63.771186440677965
1780159110,63.37118644067541
1780159125,63.35254237288116
1780159140,62.938983050846865
1780159155,63.303389830511826
1780159170,63.399152542371695
1780159185,64.03135593219905
1780159200,63.97118644067186
1780159215,63.323728813561885
1780159230,63.235593220343326
1780159245,63.003389830508674
1780159260,63.053389830510845
1780159275,63.13305084746019
1780159290,63.345762711867756
1780159305,62.89067796610052
1780159320,62.88728813559381
1780159335,62.88644067796591
1780159350,62.577118644065635
1780159365,61.86355932203804
1780159380,61.266101694915456
1780159395,61.58389830508495
1780159410,62.35046458099003
1780159425,62.25000000000394
1780159440,61.698305084743986
1780159455,61.25508474576251
1780159470,60.60338983050808
1780159485,60.27627118644146
1780159500,60.07203389830311
1780159515,59.90000000000553
1780159530,59.72203389830272
1780159545,59.56864406779938
1780159560,59.357192977706234
1780159575,59.13050847458041
1780159590,58.911016949164384
1780159605,58.38983050846964
1780159620,58.04915254237131
1780159635,57.698305084743005
1780159650,57.418644067799775
1780159665,57.40254237287938
1780159680,57.2025423728855
1780159695,56.219491525424914
1780159710,55.14915254237367
1780159725,54.64406779660425
1780159740,54.28728813559539
1780159755,53.92966101695369
1780159770,53.70508474576528
1780159785,53.378813559321635
1780159800,52.89067796610052
1780159815,52.71440677965352
1780159830,52.357627118639726
1780159845,51.82744523765428
1780159860,51.433050847465324
1780159875,50.79067796610308
1780159890,50.35254237288412
1780159905,49.9432203389795
1780159920,49.19152542373553
1780159935,48.63474576271305
1780159950,48.26610169491347
1780159965,47.764406779665556
1780159980,47.21864406780095
1780159995,46.83135593219727
1780160010,46.48305084745763
1780160025,45.9669491525402
1780160040,45.27796610169234
1780160055,44.80847457626547
1780160070,44.39237288135731
1780160085,44.03220338983189
1780160100,43.69915254236992
1780160115,43.169491525425705
1780160130,42.61694915253783
1780160145,42.31975240426708
1780160160,41.844067796610965
1780160175,41.43728813559993
1780160190,41.09322033898503
1780160205,41.009322033901064
1780160220,40.52796610169334
1780160235,40.211016949151755
1780160250,39.74999999999902
1780160265,39.49915254237506
1780160280,38.981355932211684
1780160295,38.82711864407548
1780160310,38.49661016948739
1780160325,38.24576271186342
1780160340,38.2330508474596
1780160355,37.9491525423719
1780160370,37.70338983051538
1780160385,37.53389830507685
1780160400,37.63644067796492
1780160415,38.47542372881928
1780160430,38.837288135590654
1780160445,38.95847457626803
1780160460,38.729661016945016
1780160475,38.86779661016574
1780160490,38.78813559322133
1780160505,38.83687347032605
1780160520,39.05677966101162
1780160535,38.99322033898759
1780160550,39.28474576271166
1780160565,39.16864406779188
1780160580,39.606779661015764
1780160595,39.644067796609185
1780160610,39.818644067795425
1780160625,39.94322033898443
1780160640,40.30084745763107
1780160655,40.88559322033998
1780160670,41.48728813559224
1780160685,42.21525423728932
1780160700,42.7127118644125
1780160715,42.69237288135751
1780160730,43.527966101700244
1780160745,44.67288135593339
1780160760,46.18389830508238
1780160775,47.577966101698465
1780160790,48.949999999998816
1780160805,50.22796610169511
1780160820,51.856779661014784
1780160835,53.48305084745072
1780160850,55.04915254237426
1780160865,57.07033898304532
1780160880,58.55677966101458
1780160895,59.76440677965865
1780160910,61.33559322033977
1780160925,63.185593220331285
1780160940,64.68389830508139
1780160955,65.90847457627376
1780160970,67.15508474576212
1780160985,67.60084745762731
1780161000,68.58644067796176
1780161015,69.23644067797025
1780161030,70.09715353037194
1780161045,70.354237288135
1780161060,71.03644067796453
1780161075,70.739830508473
1780161090,71.32881355932143
1780161105,71.4822033898297
1780161120,71.72966101695192
1780161135,71.75697113918207
1780161150,71.53559322033858
1780161165,71.15084745762357
1780161180,71.20423728813738
1780161195,71.98898305084509
1780161210,72.10677966101578
1780161225,72.13728813560071
1780161240,71.6499999999927
1780161255,71.40762711864288
1780161270,71.35084745762732
1780161285,71.96186440678657
1780161300,72.17711864406799
1780161315,72.28220338982992
1780161330,71.84322033898798
1780161345,71.43983050847379
1780161360,71.7669491525404
1780161375,72.07203389830607
1780161390,72.16440677965925
1780161405,72.11186440678321
1780161420,71.66610169491308
1780161435,71.68050847457272
1780161450,72.50489833829363
1780161465,72.52203389830586
1780161480,72.69152542372467
1780161495,72.92542372882008
1780161510,72.16016949152957
1780161525,72.20932203388904
1780161540,73.12354660031475
1780161555,73.49661016948245
1780161570,73.99406779661057
1780161585,73.44915254236894
1780161600,73.51016949151912
1780161615,73.54237288135495
1780161630,74.27966101694916
1780161645,74.1923728813585
1780161660,74.217796610176
1780161675,73.34067796610032
1780161690,73.27033898304809
1780161705,73.39406779660919
1780161720,74.03050847457115
1780161735,73.70508474576035
1780161750,73.58135593220419
1780161765,73.22796610169216
1780161780,72.40423728813519
1780161795,72.07372881355202
1780161810,72.73220338982972
1780161825,72.30677966100964
1780161840,71.76355932203865
1780161855,71.27457627117974
1780161870,70.79237288134902
1780161885,70.43050847458258
1780161900,70.31779661017443
1780161915,70.00000000000493
1780161930,69.82033898305124
1780161945,69.80932203389831
1780161960,69.19152542373553
1780161975,69.57711864407845
1780161990,68.9415254237296
1780162005,68.68305084745447
1780162020,68.27149612705675
1780162035,68.27372881356465
1780162050,67.99745762711825
1780162065,68.26949152541523
1780162080,68.21694915254415
1780162095,68.07033898304927
1780162110,67.8194915254253
1780162125,67.33644067797162
1780162140,67.01440677965766
1780162155,66.75254237288077
1780162170,66.99067796610584
1780162185,66.81779661017542
1780162200,66.23305084745664
1780162215,66.03305084746769
1780162230,65.60362302627925
1780162245,65.26101694914405
1780162260,64.85084745763126
1780162275,64.37288135593023
1780162290,63.79406779660188
1780162305,63.164406779663196
1780162320,62.577118644065635
1780162335,61.935593220341154
1780162350,61.281355932203
1780162365,60.65338983051025
1780162380,59.85932203390541
1780162395,59.2355932203374
1780162410,58.84915254236657
1780162425,58.17881355931789
1780162440,57.47372881355952
1780162455,56.6991525423719
1780162470,55.92288135592845
1780162485,55.118644067798584
1780162500,54.391525423724474
1780162515,53.611016949151356
1780162530,52.91779661016397
1780162545,52.22203389830272
1780162560,51.65338983050434
1780162575,51.40932203388884
1780162590,51.51440677966062
1780162605,51.0262711864395
1780162620,50.66355932204021
1780162635,50.09999999999941
1780162650,49.8974576271218
1780162665,49.40423728813816
1780162680,48.97711864406721
1780162695,48.46525423728932
1780162710,48.22457627118052
1780162725,47.80254237287702
1780162740,47.51101694915294
1780162755,47.10254237288116
1780162770,47.00338983050473
1780162785,46.71779661017107
1780162800,46.477118644067204
1780162815,46.40338983050335
1780162830,46.07796610169748
1780162845,45.71779661016713
1780162860,45.68135593220162
1780162875,44.90169491524654
1780162890,44.69237288135554
1780162905,44.44745762711213
1780162920,44.14067796610544
1780162935,44.38135593220438
1780162950,44.42203389830449
1780162965,44.286440677962545
1780162980,44.647457627120815
1780162995,44.58559322034274
1780163010,44.56186440678105
1780163025,44.407627118644854
1780163040,44.25847457627119
1780163055,44.56779661016653
1780163070,44.306779661022475
1780163085,44.54152542373099
1780163100,44.60762711864368
1780163115,44.84661016949173
1780163130,44.967796610169096
1780163145,45.23559322034135
1780163160,45.17627118644699
1780163175,45.470338983049864
1780163190,45.69915254237288
1780163205,46.046610169494485
1780163220,45.954237288146246
1780163235,45.82711864406859
1780163250,45.59406779661096
1780163265,45.73728813557941
1780163280,45.81816394465814
1780163295,45.526271186437526
1780163310,45.69152542373158
1780163325,45.91271186440342
1780163340,45.81355932203193
1780163355,45.972881355935556
1780163370,46.0728813559399
1780163385,45.984745762711476
1780163400,45.99406779661352
1780163415,45.9593220338989
1780163430,45.72288135592964
1780163445,45.577118644062665
1780163460,45.63050847457153
1780163475,45.407627118648804
1780163490,45.260169491526014
1780163505,45.17457627118131
1780163520,45.244067796610565
1780163535,45.339830508470435
1780163550,45.192372881362445
1780163565,45.280508474581005
1780163580,45.30593220339358
1780163595,45.2686440677903
1780163610,45.17711864406997
1780163625,45.054237288136775
1780163640,45.34067796610327
1780163655,45.04661016949547
1780163670,44.80254237287997
1780163685,44.81186440677709
1780163700,44.866949152546724
1780163715,44.82881355932539
1780163730,44.90847457626981
1780163745,44.805932203391606
1780163760,44.822033898307055
1780163775,44.75254237288274
1780163790,45.013559322031725
1780163805,44.917796610171855
1780163820,44.794915254233736
1780163835,44.794915254243605
1780163850,44.78728813559736
1780163865,44.3661016949119
1780163880,44.58305084745901
1780163895,44.4262711864391
1780163910,44.48135593219885
1780163925,44.66101694915254
1780163940,44.89576271187092
1780163955,45.01440677965963
1780163970,44.96694915254612
1780163985,45.129661016946585
1780164000,45.223728813555574
1780164015,45.30000000000316
1780164030,45.4211864406756
1780164045,45.62118644068922
1780164060,45.531355932209905
1780164075,45.82881355931947
1780164090,45.80338983050689
1780164105,46.01525423728656
1780164120,46.08389830509284
1780164135,46.19830508474695
1780164150,46.26271186440876
1780164165,46.304237288131844
1780164180,46.20254237288649
1780164195,46.17627118644108
1780164210,45.96016949151694
1780164225,45.96610169491723
1780164240,45.64915254237072
1780164255,45.47203389831061
1780164270,45.33135593220615
1780164285,44.984745762707526
1780164300,44.8161016949117
1780164315,44.443220338992326
1780164330,44.372881355930225
1780164345,44.16440677965727
1780164360,43.93559322034412
1780164375,43.87542372880705
1780164390,43.79152542372309
1780164405,43.76016949152503
1780164420,43.62288135592727
1780164435,43.167796610164956
1780164450,43.07796610170045
1780164465,43.14491525424597
1780164480,43.09661016948482
1780164495,42.8999999999927
1780164510,43.00084745762495
1780164525,42.99067796609992
1780164540,43.078813559323414
1780164555,43.1449152542361
1780164570,43.27881355932224
1780164585,43.32796610170142
1780164600,43.54491525423867
1780164615,43.60847457627257
1780164630,43.585593220343725
1780164645,43.75338983051164
1780164660,43.80423728813678
1780164675,43.757627118646234
1780164690,43.68644067797104
1780164705,43.780508474575086
1780164720,43.861016949152344
1780164735,43.91864406780569
1780164750,44.00423728813559
1780164765,43.83983050847438
1780164780,44.14406779660228
1780164795,44.381355932199455
1780164810,44.72203389830766
1780164825,44.76949152542117
1780164840,44.60423728814191
1780164855,44.4864406779663
1780164870,44.32457627118881
1780164885,44.26610169491249
1780164900,44.27118644067994
1780164915,44.333050847458026
1780164930,44.1677966101689
1780164945,44.08898305084745
1780164960,44.09576271187565
1780164975,44.21949152542195
1780164990,44.16610169490816
1780165005,44.313559322035864
1780165020,44.13050847457548
1780165035,44.04237288135692
1780165050,43.965254237286366
1780165065,43.81440677966675
1780165080,43.69152542372369
1780165095,43.5474576271224
1780165110,42.98389830508652
1780165125,43.436440677965116
1780165140,44.108474576264676
1780165155,44.04067796610111
1780165170,44.108474576264676
1780165185,44.03474576271562
1780165200,44.21101694915768
1780165215,43.97203389830469
1780165230,44.003389830507686
1780165245,44.094915254232944
1780165260,44.03050847457114
1780165275,43.961016949146824
1780165290,44.01610169491644
1780165305,44.05762711864447
1780165320,44.02118644067402
1780165335,44.240208540961426
1780165350,44.29067796609716
1780165365,44.507627118644265
1780165380,44.29152542373001
1780165395,44.47542372881337
1780165410,44.3983050847576
1780165425,43.92288135593536
1780165440,43.511864406774926
1780165455,43.61987376356949
1780165470,43.89576271186204
1780165485,44.02796610169729
1780165500,44.10338983050709
1780165515,44.25593220338746
1780165530,44.21355932203153
1780165545,44.341525423732165
1780165560,44.533050847451904
1780165575,44.68135593219766
1780165590,44.55762711864644
1780165605,44.630508474582385
1780165620,44.48644067796137
1780165635,44.53474576271266
1780165650,44.48766449040629
1780165665,44.64067796610248
1780165680,44.80677966102444
1780165695,44.56016949151535
1780165710,44.65508474575719
1780165725,44.79067796610406
1780165740,44.66271186440343
1780165755,44.6025423728861
1780165770,44.28389830508377
1780165785,44.327966101695516
1780165800,44.155932203392986
1780165815,44.04999999999822
1780165830,44.09830508474458
1780165845,44.20254237288353
1780165860,44.121186440678365
1780165875,44.124576271189994
1780165890,44.038135593222314
1780165905,43.93644067796709
1780165920,43.997457627117264
1780165935,44.30046983369872
1780165950,44.05847457627237
1780165965,44.0830508474521
1780165980,44.16610169491801
1780165995,44.29406779660879
1780166010,44.28983050847418
1780166025,44.166949152540994
1780166040,44.259322033899096
1780166055,44.36525423728892
1780166070,44.327118644062665
1780166085,44.35847457627553
1780166100,44.413559322035276
1780166115,44.36779661016772
1780166130,44.31525423729169
1780166145,43.95423728813835
1780166160,44.08728813559164
1780166175,44.079661016955264
1780166190,44.29067796610209
1780166205,44.31355932203094
1780166220,44.17203389829858
1780166235,44.190677966097745
1780166250,44.1677966101689
1780166265,44.31016949152917
1780166280,44.17372881355932
1780166295,44.25169491525286
1780166310,44.44406779661036
1780166325,44.42711864407688
1780166340,44.26610169491249
1780166355,44.17796610169393
1780166370,44.14237288135633
1780166385,44.27881355933111
1780166400,44.13474576271502
1780166415,44.25084745762494
1780166430,44.371186440679345
1780166445,44.66186440677552
1780166460,44.31355932203588
1780166475,44.172881355936354
1780166490,44.09237288135416
1780166505,44.27288135593576
1780166520,44.50169491524891
1780166520,44.50169491524891
1780166535,44.377118644064836
1780166550,44.06525423728578
1780166565,43.77881355932913
1780166580,43.915254237289126
1780166595,43.67966101694284
1780166610,43.484745762721346
1780166625,43.69830508474695
1780166640,44.02372881356268
1780166655,43.99152542373177
1780166670,43.948305084743
1780166685,43.816949152540595
1780166700,43.67881355931986
1780166715,43.74152542372585
1780166730,43.61610169491881
1780166745,43.87796610168584
1780166760,44.141525423728424
1780166775,44.097457627116675
1780166790,43.91779661016791
1780166805,43.69152542373356
1780166820,43.732203389823795
1780166835,43.50169491524497
1780166850,43.500847457626925
1780166865,43.579661016948364
1780166880,43.78389830508179
1780166895,43.70084745763067
1780166910,43.95677966102208
1780166925,43.77542372881751
1780166940,43.705084745760345
1780166955,43.63220338983426
1780166970,43.68559322033819
1780166985,43.65084745762851
1780167000,44.00423728814052
1780167015,43.823728813554
1780167030,43.56271186440994
1780167045,43.52203389829996
1780167060,43.47881355932598
1780167075,42.7932203389799
1780167090,41.79406779661372
1780167105,40.71694915254416
1780167120,39.65254237287839
1780167135,38.58050847458121
1780167150,37.74067796610387
1780167165,36.619491525422546
1780167180,35.183050847455455
1780167195,34.03220338983682
1780167210,32.80508474576074
1780167225,31.803389830505914
1780167240,30.594067796610958
1780167255,29.630508474577454
1780167270,28.543220338987783
1780167285,27.36815164848181
1780167300,25.9983050847432
1780167315,24.894915254238082
1780167330,23.805084745759753
1780167345,22.631355932197472
1780167360,21.760169491527005
1780167375,21.47203389830963
1780167390,21.379661016946592
1780167405,21.3805084745745
1780167420,21.469491525425898
1780167435,21.325423728819683
1780167450,21.22542372881534
1780167465,21.107627118639737
1780167480,21.199152542369927
1780167495,21.20254237288155
1780167510,21.220338983052823
1780167525,21.29830508474635
1780167540,21.108474576272563
1780167555,21.11779661016968
1780167570,21.007627118645257
1780167585,21.155932203391014
1780167600,21.176271186441078
1780167615,21.73220338983071
1780167630,21.840785058133815
1780167645,21.803389830520704
1780167660,21.69745762712595
1780167675,21.746610169490342
1780167690,21.832203389825178
1780167705,21.88135593220437
1780167720,21.84322033898798
1780167735,21.872033898302323
1780167750,22.00508474576055
1780167765,22.004237288137574
1780167780,22.080508474570347
1780167795,22.0711864406831
1780167810,22.076271186435747
1780167825,22.120338983052424
1780167840,22.254237288138555
1780167855,22.26440677966359
1780167870,22.135593220339977
1780167885,22.0644067796549
1780167900,22.22372881355854
1780167915,21.488135593220136
1780167930,21.414406779656282
1780167945,21.406779661010045
1780167960,21.23728813558632
1780167975,21.362711864413097
1780167990,21.298305084741422
1780168005,21.31949152542432
1780168020,21.32542372881474
1780168035,21.172033898301535
1780168050,21.183050847459405
1780168065,21.123728813560117
1780168080,21.00677966101734
1780168095,21.204237288142302
1780168110,21.23474576271246
1780168125,21.249152542372094
1780168140,21.08644067797163
1780168155,20.993220338980677
1780168170,20.922033898305482
1780168185,20.939830508471815
1780168200,20.823728813561893
1780168215,20.84745762711372
1780168230,20.816949152538623
1780168245,20.830508474580224
1780168260,20.834745762709893
1780168275,20.71694915254415
1780168290,20.789830508470242
1780168305,20.783898305084747
1780168320,20.71949152541801
1780168335,20.625423728813953
1780168350,20.761864406783804
1780168365,20.788983050847264
1780168380,20.74915254237505
1780168395,20.492372881360666
1780168410,20.46864406779898
1780168425,20.377966101696686
1780168440,20.538135593228233
1780168455,20.504237288136583
1780168470,20.800847457618243
1780168485,20.563559322030944
1780168500,20.708474576270007
1780168515,20.75169491525385
1780168530,20.698305084744973
1780168545,20.78813559322429
1780168560,20.722881355934575
1780168575,20.55508474575679
1780168590,20.624576271190985
1780168605,20.5983050847505
1780168620,20.640677966096565
1780168635,20.68305084745743
1780168650,20.82457627118487
1780168665,20.79915254237229
1780168680,20.861864406773357
1780168695,20.957627118638158
1780168710,20.83305084744914
1780168725,20.800847457628112
1780168740,20.871186440680333
1780168755,21.007627118645257
1780168770,20.794067796614712
1780168785,20.728813559315128
1780168800,20.757627118634403
1780168815,20.71694915254415
1780168830,20.657627118649792
1780168845,20.650000000008497
1780168860,20.629661016948564
1780168875,20.672033898299556
1780168890,20.72372881356248
1780168905,20.683898305085336
1780168920,20.715254237288338
1780168935,20.711864406776705
1780168950,20.432203389833468
1780168965,20.433050847456446
1780168980,20.572033898310018
1780168995,20.620338983046505
1780169010,20.694915254233347
1780169025,20.831355932203188
1780169040,20.836440677965705
1780169055,20.823728813552023
1780169070,20.768644067797204
1780169085,20.875423728810016
1780169100,20.942372881355542
1780169115,20.977966101698076
1780169130,21.00423728813856
1780169145,21.089830508473394
1780169160,21.22796610169413
1780169175,21.205932203388254
1780169190,21.24576271186539
1780169205,21.67627118643811
1780169220,21.842372881355143
1780169235,21.77711864406543
1780169250,21.769491525419195
1780169265,21.632203389826365
1780169280,21.624576271189998
1780169295,21.605084745757974
1780169310,21.645762711858097
1780169325,21.602542372884116
1780169340,21.710169491524834
1780169355,21.58389830508002
1780169370,21.695762711865196
1780169385,21.587288135586714
1780169400,21.593220338982068
1780169415,21.5262711864464
1780169430,21.523728813557742
1780169445,21.46949152542097
1780169460,21.480508474573913
1780169475,21.573728813554983
1780169490,21.322881355926093
1780169505,21.144915254243013
1780169520,21.131355932201412
1780169535,21.13898305084766
1780169550,21.38220338982538
1780169565,21.405084745764103
1780169580,21.441525423724674
1780169595,21.425423728814152
1780169610,21.405932203387067
1780169625,21.323728813554
1780169640,21.265254237297416
1780169655,21.22796610169413
1780169670,21.513559322037644
1780169685,21.341525423725262
1780169700,21.372033898305286
1780169715,21.435593220334248
1780169730,21.360169491524438
1780169745,21.440677966111565
1780169760,21.487288135587303
1780169775,21.45338983050058
1780169790,21.65847457627672
1780169805,21.637288135583944
1780169820,21.594067796609973
1780169835,21.593220338991937
1780169850,21.463559322040414
1780169865,21.435593220334248
1780169880,21.293220338978912
1780169895,21.238983050852
1780169910,21.1932203389795
1780169925,21.25677966101833
1780169940,21.55084745763106
1780169955,21.426271186442058
1780169970,21.393220338988183
1780169985,21.479661016955866
1780170000,21.246610169488367
1780170015,21.296610169495466
1780170030,21.359322033896532
1780170045,21.26864406778931
1780170060,21.10254237287721
1780170075,21.272033898300947
1780170090,20.907627118645845
1780170105,21.014406779663585
1780170120,20.955932203387274
1780170135,20.90593220339003
1780170150,21.037288135592437
1780170165,20.93559322034214
1780170180,20.960169491536675
1780170195,20.918644067803715
1780170210,20.915254237292082
1780170225,21.00423728813362
1780170240,20.892372881358302
1780170255,20.779661016945205
1780170270,20.699999999995853
1780170285,20.727966101702023
1780170300,20.763559322029757
1780170315,20.856779661010837
1780170330,20.875423728810006
1780170345,20.847457627118647
1780170360,20.939830508481684
1780170375,20.978813559316123
1780170390,21.04915254237327
1780170405,20.973728813563465
1780170420,20.930508474579625
1780170435,20.96271186440559
1780170450,20.977966101693134
1780170465,21.023728813550836
1780170480,20.910169491524645
1780170495,20.879661016949548
1780170510,20.94322033897852
1780170525,20.899999999999608
1780170540,20.99322033898562
1780170555,20.841525423733152
1780170570,20.955084745764296
1780170585,20.975423728809417
1780170600,20.78050847457311
1780170615,20.81525423728774
1780170630,20.7355932203384
1780170645,20.693220338977536
1780170660,20.68050847456877
1780170675,20.701694915261537
1780170690,20.638983050850612
1780170705,20.718644067795033
1780170720,20.7677966101693
1780170735,20.724576271190386
1780170750,20.87288135592629
1780170765,20.783050847456842
1780170780,20.83983050846747
1780170795,20.755084745765473
1780170810,20.807627118646433
1780170825,20.95423728813639
1780170840,20.786440677973406
1780170855,20.871186440675405
1780170870,21.0974576271147
1780170885,21.11610169491387
1780170900,21.22711864407115
1780170915,21.221186440675798
1780170930,21.388135593220735
1780170945,21.395762711857103
1780170960,21.36694915254771
1780170975,21.302542372876033
1780170990,21.3872881355879
1780171005,21.41949152542373
1780171020,21.474576271183487
1780171035,21.665254237285183
1780171050,21.547457627109566
1780171065,21.613559322037055
1780171080,21.600847457633243
1780171095,21.513559322037644
1780171110,21.748305084751095
1780171125,21.64406779661214
1780171140,21.53813559322725
1780171155,21.69745762711608
1780171170,21.69523183207608
1780171185,21.719491525426893
1780171200,21.643220338979308
1780171215,21.67881355931691
1780171230,21.694067796609385
1780171245,21.687288135591054
1780171260,21.757627118643285
1780171275,21.827966101695505
1780171290,21.77457627118664
1780171305,21.892372881357314
1780171320,21.861864406777297
1780171335,21.86864406779563
1780171350,21.87966101694363
1780171365,21.896610169491915
1780171380,21.972033898301735
1780171395,21.90932203390561
1780171410,22.075423728812773
1780171425,21.958474576274934
1780171440,22.156779661017932
1780171455,22.00254237287682
1780171470,21.976271186436346
1780171485,22.097457627118644
1780171500,22.05423728813973
1780171515,22.127118644070755
1780171530,21.89830508474281
1780171545,22.001694915253843
1780171560,21.912711864407374
1780171575,21.97542372880843
1780171590,21.960169491515956
1780171605,21.855932203381943
1780171620,22.026271186443445
1780171635,21.788983050851208
1780171650,21.79745762712535
1780171665,21.876271186441866
1780171680,21.780508474581993
1780171695,21.854237288131053
1780171710,21.6288135593246
1780171725,21.737288135598153
1780171740,21.810169491524245
1780171755,21.876271186441866
1780171770,21.864406779656086
1780171785,21.87542372881396
1780171800,21.92288135593241
1780171815,21.8313559322022
1780171830,21.961016949153734
1780171845,21.99152542372882
1780171860,22.092372881351196
1780171875,21.91186440677947
1780171890,21.87203389830725
1780171905,22.088983050849432
1780171920,22.00254237288668
1780171935,22.11864406780154
1780171950,22.2347457627164
1780171965,22.329661016953306
1780171980,22.239830508469048
1780171995,22.224576271181505
1780172010,22.238135593223106
1780172025,22.206779661015176
1780172040,22.19661016949015
1780172055,22.066101694920583
1780172070,21.855084745773766
1780172085,22.000847457625937
1780172100,21.988135593217184
1780172115,22.123728813564057
1780172130,21.963559322027592
1780172145,21.95254237288945
1780172160,22.085593220337806
1780172175,22.07966101695231
1780172190,22.161016949152547
1780172205,22.10508474576488
1780172220,22.031355932201024
1780172235,21.860169491526417
1780172250,21.847457627127532
1780172265,21.910169491528585
1780172280,21.744067796601684
1780172295,22.030508474573118
1780172310,21.86864406780056
1780172325,21.794067796608797
1780172340,21.828813559328353
1780172355,21.8771186440599
1780172370,22.085593220337806
1780172385,22.21440677966141
1780172400,22.10254237288116
1780172415,22.22203389830272
1780172430,22.02288135593674
1780172445,22.20508474576922
1780172460,21.949152542372886
1780172475,21.94999999999586
1780172490,21.928813559322823
1780172505,21.851694915252274
1780172520,22.047457627116472
1780172535,21.83644067795979
1780172550,21.821186440672246
1780172565,21.800847457632056
1780172580,21.699999999999807
1780172595,21.739830508472014
1780172610,21.703389830506502
1780172625,21.648305084746756
1780172640,21.672881355936347
1780172655,21.548305084742413
1780172670,21.390677966104455
1780172685,21.527966101692353
1780172700,21.699152542376833
1780172715,21.63305084745427
1780172730,21.755084745759557
1780172745,21.807627118645456
1780172760,21.77966101694916
1780172775,21.86525423728399
1780172790,21.9822033898317
1780172805,21.90254237288235
1780172820,22.074576271184863
1780172835,22.001694915248905
1780172850,22.03220338982893
1780172865,22.02372881354986
1780172880,22.079661016947384
1780172895,21.996610169491326
1780172910,22.042372881353955
1780172925,22.045762711865592
1780172940,22.058474576274346
1780172955,22.14406779660918
1780172970,22.053389830511826
1780172985,21.788983050846277
1780173000,21.831355932207142
1780173015,21.68135593220557
1780173030,21.97118644067383
1780173045,21.90677966101695
1780173060,21.788983050846277
1780173075,21.79237288135297
1780173090,21.822033898305083
1780173105,21.960169491525818
1780173120,21.99406779660761
1780173135,21.999999999998032
1780173150,21.91101694914662
1780173165,21.923728813560306
1780173180,21.91440677966319
1780173195,21.89152542372941
1780173210,21.841525423737107
1780173225,21.85508474575897
1780173240,21.77457627118664
1780173255,21.89745762710996
1780173270,21.611864406781244
1780173285,21.71101694915274
1780173300,21.759322033899096
1780173315,21.698305084753855
1780173330,21.627966101691765
1780173345,21.586440677968668
1780173360,21.52881355932026
1780173375,21.365254237291886
1780173390,21.343220338981084
1780173405,21.214406779662397
1780173420,21.185593220333267
1780173435,21.20254237288648
1780173450,21.281355932198064
1780173465,21.254237288134604
1780173480,21.233898305089483
1780173495,21.333050847456047
1780173510,21.33220338982814
1780173525,21.340677966102284
1780173540,21.375423728816912
1780173555,21.379661016956454
1780173570,21.479661016950935
1780173585,21.416101694912104
1780173600,21.41440677966122
1780173615,21.382203389835254
1780173630,21.294915254234724
1780173645,21.47118644067185
1780173660,21.50338983050275
1780173675,21.497457627122195
1780173690,21.625423728812976
1780173705,21.52627118644147
1780173720,21.6567796610209
1780173735,21.659322033899684
1780173750,21.87966101694856
1780173765,21.72881355932401
1780173780,21.853389830513017
1780173795,21.905932203389046
1780173810,21.84576271186185
1780173825,21.977118644069183
1780173840,21.97033898305085
1780173855,21.978813559320066
1780173870,22.080508474580217
1780173885,22.005932203393385
1780173900,22.05932203390225
1780173915,22.1847457627093
1780173930,22.050847457623178
1780173945,21.99152542372882
1780173960,21.966949152544156
1780173975,22.015254237285575
1780173990,22.033898305079813
1780174005,22.073728813556958
1780174020,22.170338983054606
1780174035,21.94576271186618
1780174050,21.96186440678164
1780174065,21.88644067796196
1780174080,21.949152542382745
1780174095,21.924576271188222
1780174110,21.901694915249504
1780174125,21.758474576266252
1780174140,21.66525423729011
1780174155,21.607627118651564
1780174170,21.55762711864446
1780174185,21.64067796610545
1780174200,21.45762711864505
1780174215,21.521186440678953
1780174230,21.602542372884127
1780174245,21.59237288135416
1780174260,21.58305084745704
1780174275,21.51694915254928
1780174290,21.58135593220122
1780174305,21.548305084742413
1780174320,21.54915254238019
1780174335,21.670338983052627
1780174350,21.633898305082177
1780174365,21.537288135584543
1780174380,21.44406779660839
1780174395,21.623728813557154
1780174410,21.69067796610269
1780174425,21.757627118643285
1780174440,21.936440677964132
1780174455,21.78135593220497
1780174470,21.848305084750496
1780174485,21.944067796615307
1780174500,21.86101694914939
1780174515,21.905932203389046
1780174530,21.871186440679345
1780174545,22.179661016951723
1780174560,22.041525423730988
1780174575,21.955932203386286
1780174590,21.950847457628697
1780174605,21.773728813558733
1780174620,21.71949152542195
1780174635,21.64745762711391
1780174650,21.60847457627454
1780174665,21.541525423733944
1780174680,21.51949152541821
1780174695,21.31440677966181
1780174710,21.411864406777493
1780174725,21.33728813558573
1780174740,21.311016949150186
1780174755,21.290677966105054
1780174770,21.12711864407175
1780174785,21.263559322026794
1780174800,21.085593220338783
1780174815,21.87033898305637
1780174830,22.305932203386682
1780174845,22.202542372885503
1780174860,22.3084745762704
1780174875,22.317796610172458
1780174890,22.345762711863813
1780174905,22.356779661016756
1780174920,22.44067796609578
1780174935,22.527966101696293
1780174950,22.49915254238196
1780174965,22.553389830508873
1780174980,22.380508474583383
1780174995,22.53813559322626
1780175010,22.505084745762517
1780175025,22.466101694908346
1780175040,22.539830508477145
1780175055,22.58813559321856
1780175070,22.772033898301935
1780175085,22.861864406776313
1780175100,22.928813559316907
1780175115,21.8203389830542
1780175130,21.526271186436542
1780175145,21.510169491530952
1780175160,21.57372881355991
1780175175,21.52881355931533
1780175190,21.519491525423142
1780175205,21.38898305085357
1780175220,21.446610169482263
1780175235,21.450847457626733
1780175250,21.470338983053804
1780175265,21.47372881355557
1780175280,21.461864406784592
1780175295,21.502542372879784
1780175310,21.491525423731773
1780175325,21.441525423724674
1780175340,21.506779661019326
1780175355,21.425423728804283
1780175370,21.2669491525483
1780175385,21.134745762708118
1780175400,21.297457627118455
1780175415,21.13389830508514
1780175430,21.183898305082383
1780175445,21.146610169493897
1780175460,21.08898305085042
1780175475,20.888983050846676
1780175490,20.95677966101518
1780175505,20.90169491525049
1780175520,20.90593220339496
1780175535,20.943220338978506
1780175550,20.722881355944434
1780175565,20.6805084745737
1780175580,20.508474576266256
1780175595,20.561016949152155
1780175610,20.572881355932992
1780175625,20.560169491529166
1780175640,20.551694915255027
1780175655,20.48220338983564
1780175670,20.460169491524837
1780175685,20.43389830508435
1780175700,20.28813559322231
1780175715,20.34576271187072
1780175730,20.3500000000004
1780175745,20.360169491525426
1780175760,20.30508474576567
1780175775,20.230508474578833
1780175790,20.41186440677848
1780175805,20.540677966107022
1780175820,20.374576271189994
1780175835,20.323728813559917
1780175850,20.440677966097752
1780175865,20.443220338981472
1780175880,20.71271186440461
1780175895,20.58898305085831
1780175910,20.695762711861253
1780175925,20.761864406773945
1780175940,20.68135593220162
1780175955,20.7991525423723
1780175970,20.84322033897911
1780175985,20.89915254237663
1780176000,20.96101694915965
1780176015,20.713559322037455
1780176030,21.007627118635387
1780176045,21.019491525435964
1780176060,21.016949152552243
1780176075,21.13474576271305
1780176090,21.247457627121214
1780176105,21.238135593219166
1780176120,21.390677966104455
1780176135,21.581355932206158
1780176150,21.513559322042575
1780176165,21.470338983043945
1780176180,21.42118644068448
1780176195,21.386440677969855
1780176210,21.35593220339477
1780176225,21.442372881347648
1780176240,21.360169491524438
1780176255,21.392372881360277
1780176270,21.326318572734028
1780176285,21.36186440678025
1780176300,21.397457627112924
1780176315,21.339830508479317
1780176330,21.25932203389712
1780176345,21.358474576268627
1780176360,21.35762711864565
1780176375,21.402542372885303
1780176390,21.379661016951523
1780176405,21.189830508472806
1780176420,21.02457627118861
1780176435,20.922881355933388
1780176450,20.86355932204397
1780176465,21.14576271186599
1780176480,20.90677966101794
1780176495,21.004237288128692
1780176510,20.918644067803715
1780176525,20.91610169492
1780176540,21.05169491525207
1780176555,21.01355932203568
1780176570,20.9728813559257
1780176585,20.76271186440678
1780176600,20.78983050848011
1780176615,20.677118644062077
1780176630,20.69915254237289
1780176645,20.662711864407378
1780176660,20.613559322033115
1780176675,20.661016949156497
1780176690,20.761864406778873
1780176705,20.72118644068369
1780176720,20.784745762712653
1780176735,20.741525423733755
1780176750,20.59999999999644
1780176765,20.65593220338904
1780176780,20.494915254234524
1780176795,20.608474576265667
1780176810,20.580508474574298
1780176825,20.586440677964724
1780176840,20.58898305084844
1780176855,20.536440677967484
1780176870,20.537288135590458
1780176885,20.649152542370718
1780176900,20.6694915254257
1780176915,20.667796610174815
1780176930,20.648305084742802
1780176945,20.459322033901863
1780176960,20.73559322033346
1780176975,20.60338983050809
1780176990,20.442372881353567
1780177005,20.555084745761732
1780177020,20.505084745764492
1780177035,20.55762711864051
1780177050,20.688983050842925
1780177065,20.663559322040214
1780177080,20.891525423730396
1780177095,20.704237288135396
1780177110,20.64661016948699
1780177125,20.53220338982794
1780177140,20.643220338980296
1780177155,20.633898305083164
1780177170,20.602542372885104
1780177185,20.551694915255037
1780177200,20.552542372882932
1780177215,20.400847457630476
1780177230,20.576271186439698
1780177245,20.536440677962553
1780177260,20.654237288133224
1780177275,20.659322033900672
1780177290,20.97457627119137
1780177305,21.00932203389614
1780177320,21.023728813560705
1780177335,20.944067796611353
1780177350,21.07966101694837
1780177365,20.861864406778285
1780177380,20.950000000006707
1780177395,20.878813559321642
1780177410,21.124576271188023
1780177425,20.953389830503543
1780177440,20.97203389830765
1780177455,21.046610169489554
1780177470,21.02542372881159
1780177485,21.177118644068983
1780177500,21.213559322039423
1780177515,21.157627118641898
1780177530,21.165254237288146
1780177545,21.141525423731377
1780177560,21.13050847457845
1780177575,20.97881355932598
1780177590,20.66271186440244
1780177605,20.58728813559263
1780177620,20.66186440677946
1780177635,20.643220338980296
1780177650,20.55338983051085
1780177665,20.44576271187013
1780177680,20.533050847455858
1780177695,20.643220338985223
1780177710,20.771186440685863
1780177725,20.777966101699253
1780177740,20.78983050847517
1780177755,20.774576271177757
1780177770,20.801694915256018
1780177785,20.65084745763146
1780177800,20.62372881355321
1780177815,20.61949152542847
1780177830,20.633898305088106
1780177845,20.646610169491918
1780177860,20.694915254233347
1780177875,20.809322033902255
1780177890,20.694915254233347
1780177905,20.622881355935164
1780177920,20.570338983049275
1780177935,20.584745762708913
1780177950,20.54406779661373
1780177965,20.44406779661432
1780177980,20.63305084745526
1780177995,20.47118644067777
1780178010,20.52796610169334
1780178025,20.4847457627095
1780178040,20.56186440678005
1780178055,20.52542372881948
1780178070,20.405624368645793
1780178085,20.65338983050532
1780178100,20.77796610169432
1780178115,20.656779661016955
1780178130,20.85593220339279
1780178145,20.83559322033287
1780178160,20.588135593215608
1780178175,20.73559322034333
1780178190,20.699152542377817
1780178205,20.819491525417423
1780178220,20.84067796610032
1780178235,20.755084745760545
1780178250,20.766101694908546
1780178265,20.754237288132636
1780178280,20.7677966101693
1780178295,20.84491525423492
1780178310,20.816101694915655
1780178325,20.841525423728225
1780178340,20.841525423733152
1780178355,20.876271186442853
1780178370,20.986440677967288
1780178385,20.909322033891797
1780178400,20.816949152538623
1780178415,20.878813559321642
1780178430,20.98898305084115
1780178445,21.023728813560705
1780178460,21.172033898301535
1780178475,21.244067796609578
1780178490,21.22118644068073
1780178505,21.144067796610166
1780178520,21.10762711864467
1780178535,21.135593220336023
1780178550,21.027966101700247
1780178565,21.164406779665157
1780178580,21.053389830507886
1780178595,21.227118644066223
1780178610,21.030508474579037
1780178625,21.029661016951128
1780178640,21.027966101695306
1780178655,20.935593220332272
1780178670,20.891525423725465
1780178685,20.89491525423709
1780178700,20.764406779662604
1780178715,20.833050847459013
1780178730,20.864406779657074
1780178745,20.765254237285568
1780178760,20.74491525423552
1780178775,20.736440677966307
1780178790,20.648305084747744
1780178805,20.6830508474525
1780178820,20.6694915254257
1780178835,20.718644067799964
1780178850,20.78559322034056
1780178865,20.918644067803715
1780178880,20.76016949152799
1780178895,20.73474576272035
1780178910,20.748305084747145
1780178925,20.759322033895145
1780178940,20.795762711870523
1780178955,20.800847457623174
1780178970,20.822881355938915
1780178985,20.784745762707722
1780179000,20.771186440671062
1780179015,20.6694915254257
1780179030,20.743220338979697
1780179045,20.834745762709893
1780179060,21.058474576275334
1780179075,20.94322033898838
1780179090,20.82118644067816
1780179105,20.907627118640914
1780179120,20.99999999999902
1780179135,20.943220338983448
1780179150,20.980508474576865
1780179165,20.875423728814944
1780179180,20.888983050836806
1780179195,21.040677966099132
1780179210,21.07033898305124
1780179225,21.072033898302124
1780179240,21.149152542372683
1780179255,21.072033898297192
1780179270,21.032203389839786
1780179285,21.126271186433975
1780179300,21.154237288130272
1780179315,21.149152542372683
1780179330,21.00000000000395
1780179345,20.992372881357714
1780179360,20.95169491524773
1780179375,21.08644067796177
1780179390,21.29830508475129
1780179405,21.333898305088894
1780179420,21.39406779661116
1780179435,21.265254237287547
1780179450,21.338135593218567
1780179465,21.287288135593418
1780179480,21.235593220335435
1780179495,21.038135593220343
1780179510,21.154237288130272
1780179525,21.09322033898009
1780179540,21.135593220336023
1780179555,21.154237288135203
1780179570,21.015254237286562
1780179585,21.181355932203584
1780179600,21.131355932206354
1780179615,21.21864406779701
1780179630,21.083050847455066
1780179645,21.374576271189007
1780179660,21.146610169488966
1780179675,21.361016949147416
1780179690,21.100847457626326
1780179705,21.188135593221922
1780179720,21.291525423728032
1780179735,21.249152542367167
1780179750,21.379661016956454
1780179765,21.471186440681713
1780179780,21.626271186435943
1780179795,21.533898305082776
1780179810,21.531355932199048
1780179825,21.561864406784004
1780179840,21.546610169486602
1780179855,21.34406779660899
1780179870,21.431355932199647
1780179885,21.477966101695113
1780179900,21.477118644077077
1780179915,21.451694915249696
1780179930,21.545762711858686
1780179945,21.46016949152385
1780179960,21.48050847457884
1780179975,21.494915254233536
1780179990,21.431355932204575
1780180005,21.464406779663392
1780180020,21.40338983051322
1780180035,21.461016949156686
1780180050,21.33728813559066
1780180065,21.26864406779424
1780180080,21.112711864402243
1780180095,21.217796610169092
1780180110,21.287288135593418
1780180125,21.37203389830036
1780180140,21.25254237288372
1780180155,21.23728813559125
1780180170,21.253389830511637
1780180185,21.12966101695054
1780180200,21.122033898299364
1780180215,21.17966101694777
1780180230,21.13474576271305
1780180245,20.9449152542294
1780180260,20.939830508476753
1780180275,20.946610169490143
1780180290,20.984745762716408
1780180305,20.963559322043366
1780180320,21.01610169490953
1780180335,21.07711864406957
1780180350,21.019491525426105
1780180365,21.03898305084825
1780180380,21.029661016951128
1780180395,20.9906779661019
1780180410,21.029661016941258
1780180425,21.003389830510642
1780180440,20.945762711862237
1780180455,21.088983050840547
1780180470,20.81694915254355
1780180485,20.927966101686035
1780180500,20.95423728813639
1780180515,20.772881355936747
1780180530,20.761016949150967
1780180545,20.709322033902843
1780180560,20.720338983050844
1780180575,20.74237288136166
1780180590,20.718644067790105
1780180605,20.57118644068211
1780180620,20.533050847455858
1780180635,20.315254237290702
1780180650,20.52680998772576
1780180665,20.54322033898581
1780180680,20.48898305084904
1780180695,20.551694915255027
1780180710,20.396610169486006
1780180725,20.439830508479705
1780180740,20.357627118646636
1780180755,20.320338983053222
1780180770,20.400000000007502
1780180785,20.389830508467675
1780180800,20.39576271186796
1780180815,20.389830508472606
1780180830,20.339830508480294
1780180845,20.48644067797025
1780180860,20.238135593220143
1780180875,20.334745762712856
1780180890,20.27457627118565
1780180905,20.3296610169454
1780180920,20.499152542374066
1780180935,20.478813559319075
1780180950,20.30677966101162
1780180965,20.380508474575485
1780180980,20.360169491525426
1780180995,20.21101694915669
1780181010,20.531355932204974
1780181025,20.42033898304276
1780181040,20.415254237290114
1780181055,20.447457627116084
1780181070,20.30932203389535
1780181085,20.29322033898976
1780181100,20.465254237287343
1780181115,20.481355932202796
1780181130,20.45254237287859
1780181145,20.520338983047104
1780181160,20.42288135593141
1780181175,20.605084745763904
1780181190,20.355932203390815
1780181205,20.440986040580178
1780181220,20.490677966104855
1780181235,20.44745762712101
1780181250,20.66440677966812
1780181265,20.605084745763904
1780181280,20.609322033898504
1780181295,20.481355932202796
1780181310,20.590677966109194
1780181325,20.528813559331116
1780181340,20.69491525423828
1780181355,20.659322033895744
1780181370,20.733898305087518
1780181385,20.624576271186047
1780181400,20.668644067797803
1780181415,20.789830508470242
1780181430,20.80593220338569
1780181445,20.7788135593173
1780181460,20.501694915252855
1780181475,20.740677966100908
1780181490,20.667796610164956
1780181505,20.75338983050473
1780181520,20.66186440677946
1780181535,20.698305084744973
1780181550,20.655932203393977
1780181565,20.60762711864762
1780181580,20.675423728811193
1780181595,20.57118644068211
1780181610,20.43644067796314
1780181625,20.599152542373478
1780181640,20.4499999999998
1780181655,20.433898305089283
1780181670,20.616101694916832
1780181685,20.350847457623367
1780181700,20.36101694915333
1780181715,20.247457627122202
1780181730,20.15847457627079
1780181745,20.29745762711943
1780181760,20.324576271187823
1780181775,20.301694915254043
1780181790,20.294067796617664
1780181805,20.093220338981077
1780181820,20.257627118642297
1780181835,20.18389830508336
1780181850,20.314406779662797
1780181865,20.221186440676785
1780181880,20.23559322033148
1780181895,20.305932203393585
1780181910,20.175423728809218
1780181925,20.412711864401455
1780181940,20.43474576270733
1780181955,20.392372881356337
1780181970,20.54406779660386
1780181985,20.540677966102095
1780182000,20.52288135593082
1780182015,21.472881355932603
1780182030,21.617796610176597
1780182045,21.778813559321254
1780182060,21.655084745765084
1780182075,21.522033898301927
1780182090,21.56949152542531
1780182105,21.49915254237308
1780182120,21.49661016948936
1780182135,21.538135593222318
1780182150,21.43050847457667
1780182165,21.36525423728696
1780182180,21.39830508475563
1780182195,21.329661016954283
1780182210,21.207627118649008
1780182225,21.22966101695487
1780182240,21.127966101694717
1780182255,20.969491525428865
1780182270,20.98644067796236
1780182285,20.982203389822818
1780182300,21.033050847462764
1780182315,19.901694915256407
1780182330,20.055084745764685
1780182345,20.038983050844305
1780182360,19.990677966102876
1780182375,20.08135593220024
1780182390,20.049152542374273
1780182405,20.13135593220734
1780182420,20.298305084747348
1780182435,20.31779661016949
1780182450,20.502542372885703
1780182465,20.505084745764492
1780182480,20.500000000001982
1780182495,20.460169491524827
1780182510,20.72881355932006
1780182525,20.716101694911316
1780182540,20.811864406781044
1780182555,20.860169491522463
1780182570,20.91101694915255
1780182585,20.998305084748136
1780182600,20.82457627118486
1780182615,20.918644067793846
1780182630,20.78813559322429
1780182645,20.795762711865596
1780182660,20.820338983055187
1780182675,20.898305084738855
1780182690,20.89661016948797
1780182705,20.86525423728498
1780182720,20.82118644067816
1780182735,20.76016949152799
1780182750,20.788983050847264
1780182765,20.764406779652735
1780182780,20.794067796609774
1780182795,20.850847457630284
1780182810,20.750847457625945
1780182825,20.721186440673822
1780182840,20.576271186449556
1780182855,20.59661016948975
1780182870,20.62881355932066
1780182885,20.665254237296026
1780182900,20.659322033900672
1780182915,20.73813559322212
1780182930,20.687288135596972
1780182945,20.61016949152641
1780182960,20.54661016948758
1780182975,20.533050847455858
1780182990,20.496610169495277
1780183005,20.415254237290114
1780183020,20.48474576271443
1780183035,20.357627118651568
1780183050,20.255932203391414
1780183065,20.210169491523857
1780183080,20.228813559323022
1780183095,19.988983050837206
1780183110,19.959322033894956
1780183125,19.94661016949113
1780183140,19.817796610167527
1780183155,19.987288135591253
1780183170,19.95847457627198
1780183185,19.93728813559401
1780183200,19.924576271190197
1780183215,20.092372881358102
1780183230,20.038983050849236
1780183245,20.094067796613924
1780183260,20.072881355935955
1780183275,19.979661016949947
1780183290,19.909322033897713
1780183305,20.106779661022678
1780183320,20.0533898305138
1780183335,20.063559322033896
1780183350,20.106779661022678
1780183365,20.235593220336423
1780183380,20.223728813555574
1780183395,20.22711864406228
1780183410,20.173728813558345
1780183425,20.300847457631065
1780183440,20.331355932201223
1780183455,20.277118644069382
1780183470,20.24322033898266
1780183485,20.35169491526114
1780183500,20.218644067802927
1780183515,20.322033898304102
1780183530,20.37118644067837
1780183545,20.465254237292285
1780183560,20.290677966106042
1780183575,20.388135593221723
1780183590,20.552542372878
1780183605,20.35084745762831
1780183620,20.504237288141514
1780183635,20.51440677966161
1780183650,20.427118644066024
1780183665,20.473728813566428
1780183680,20.417796610173834
1780183695,20.32711864407155
1780183710,20.26779661017226
1780183725,20.241525423736707
1780183740,20.173728813553403
1780183755,20.186440677967088
1780183770,20.116949152537835
1780183785,19.96694915254119
1780183800,20.064406779661816
1780183815,20.07627118643278
1780183830,19.861016949156294
1780183845,19.988983050847065
1780183860,19.91949152542274
1780183875,19.9076271186419
1780183890,19.893220338987195
1780183905,19.872033898309226
1780183920,19.897457627121806
1780183935,19.680508474574697
1780183950,19.746610169492318
1780183965,19.68389830509126
1780183980,19.65677966102287
1780183995,19.67288135592846
1780184010,19.63728813559579
1780184025,19.715254237284384
1780184040,19.797457627122395
1780184055,19.818644067795432
1780184070,19.728813559321047
1780184085,19.70762711864802
1780184100,19.657627118640917
1780184115,19.499999999998032
1780184130,19.5500000000002
1780184145,19.627118644060893
1780184160,19.573728813556958
1780184175,19.544067796609777
1780184190,19.553389830511826
1780184205,19.533050847456845
1780184220,19.576271186445616
1780184235,19.61864406780154
1780184250,19.626271186442846
1780184265,19.518644067792266
1780184280,19.63389830507922
1780184295,19.751694915249896
1780184310,19.645762711865
1780184325,19.559322033902248
1780184340,19.360169491526413
1780184355,19.56864406779938
1780184370,19.576271186445602
1780184385,19.67966101695665
1780184400,19.690677966099724
1780184415,19.669491525421755
1780184430,19.653389830511237
1780184445,19.687288135597957
1780184460,19.507627118639338
1780184475,19.67288135593339
1780184490,19.711016949149784
1780184505,19.699152542373866
1780184520,19.706779661010245
1780184535,19.742372881352775
1780184550,19.746610169492318
1780184565,19.799999999996253
1780184580,19.724576271186443
1780184595,19.788983050853183
1780184610,19.844915254235907
1780184625,19.80338983050789
1780184640,19.81186440676723
1780184655,19.692372881360477
1780184670,19.767796610165345
1780184685,19.743220338980684
1780184700,19.807627118637562
1780184715,19.72796610168328
1780184730,19.789830508476157
1780184745,19.756779661012413
1780184760,19.855932203383908
1780184775,19.83220338983209
1780184790,20.00084745762297
1780184805,20.023728813551834
1780184820,20.04745762711351
1780184835,20.20254237287761
1780184850,20.221186440676785
1780184865,20.08135593220024
1780184880,20.036440677970447
1780184895,20.213559322030548
1780184910,20.095762711864793
1780184925,20.182203389827546
1780184940,20.082203389828145
1780184955,20.182203389832488
1780184970,20.251694915246944
1780184985,20.277966101697288
1780185000,20.171186440679545
1780185015,20.230508474578833
1780185030,20.031355932203
1780185045,20.15677966101498
1780185060,20.260169491526014
1780185075,20.226271186444233
1780185090,20.02796610170123
1780185105,20.022881355933787
1780185120,19.956779661016167
1780185135,19.849152542365587
1780185150,19.833050847459997
1780185165,19.797457627107594
1780185180,19.776271186439498
1780185195,19.847457627119635
1780185210,19.829661016948364
1780185225,19.947457627114108
1780185240,19.91949152542275
1780185255,20.041525423728025
1780185270,20.08305084746098
1780185285,20.070338983047296
1780185300,20.092372881358102
1780185315,20.148305084735895
1780185330,20.152542372880376
1780185345,20.229661016950928
1780185360,20.445762711860272
1780185375,20.57118644067718
1780185390,20.813559322026997
1780185405,20.76694915254632
1780185420,20.801694915256007
1780185435,20.955932203387274
1780185450,20.894067796614113
1780185465,21.016949152542374
1780185480,20.994067796603666
1780185495,21.080508474576277
1780185510,20.986440677967288
1780185525,21.028813559328153
1780185540,21.064406779655886
1780185555,21.050847457629096
1780185570,21.032203389829917
1780185585,21.107627118639726
1780185600,21.023728813560705
1780185615,21.1932203389795
1780185630,21.038135593220343
1780185645,20.822881355938915
1780185660,20.814406779659834
1780185675,20.7330508474596
1780185690,20.759322033895145
1780185705,20.81101694915314
1780185720,20.975423728814356
1780185735,20.68305084745743
1780185750,20.71694915254415
1780185765,20.73305084745467
1780185780,20.661864406784403
1780185795,20.670338983048676
1780185810,20.63050847457647
1780185825,20.489830508472018
1780185840,20.669491525420767
1780185855,20.636440677976765
1780185870,20.555084745751863
1780185885,20.578813559323418
1780185900,20.554237288133812
1780185915,20.320338983053222
1780185930,20.454237288134415
1780185945,20.3322033898242
1780185960,20.300847457626137
1780185975,20.166101694921966
1780185990,20.095762711869735
1780186005,20.06694915254059
1780186020,19.983898305084548
1780186035,19.955084745765284
1780186050,19.876271186443837
1780186065,19.87118644067145
1780186080,19.872881355927273
1780186095,19.817796610167516
1780186110,19.790677966099125
1780186125,19.679661016946792
1780186140,19.675423728817123
1780186155,19.472033898306663
1780186170,19.70932203390383
1780186185,19.80762711864743
1780186200,19.740677966096964
1780186215,19.717796610173043
1780186230,19.76610169492433
1780186245,19.819491525423338
1780186260,19.797457627117467
1780186275,19.74406779661846
1780186290,19.76440677966358
1780186305,19.82542372881869
1780186320,19.679661016951723
1780186335,19.782203389829924
1780186350,19.753389830505718
1780186365,19.706779661015172
1780186380,19.711864406787562
1780186395,19.77796610169531
1780186410,19.677118644067992
1780186425,19.906779661013996
1780186440,19.770338983054003
1780186455,19.9745762711825
1780186470,19.69576271186224
1780186485,19.894067796605242
1780186500,19.93050847458061
1780186515,19.906779661013996
