timestamp,error_rate
1779734520,0.025323910482921087
1779734535,0.02591792656587473
1779734550,0.025914634146341466
1779734565,0.025728155339805825
1779734580,0.026484018264840186
1779734595,0.02586938083121289
1779734610,0.027158492095662748
1779734625,0.02776691435275714
1779734640,0.03028009084027252
1779734655,0.0314176245210728
1779734670,0.03211351755041076
1779734685,0.032744665194996324
1779734700,0.033236994219653176
1779734715,0.03330919623461259
1779734730,0.03330919623461259
1779734745,0.03363471971066908
1779734760,0.03326023391812866
1779734775,0.032398980706224975
1779734790,0.031636363636363636
1779734805,0.030559646539027985
1779734820,0.03140007388252678
1779734835,0.03139013452914798
1779734850,0.030873493975903613
1779734865,0.03181137724550898
1779734880,0.030892448512585814
1779734895,0.03161141094834233
1779734910,0.029988465974625143
1779734925,0.028257456828885398
1779734940,0.02614124073351541
1779734955,0.02453271028037383
1779734970,0.023663810689514484
1779734985,0.022443890274314218
1779735000,0.02165605095541401
1779735015,0.021464646464646468
1779735030,0.021376656690893545
1779735045,0.020338983050847456
1779735060,0.020596889449348465
1779735075,0.0208768267223382
1779735090,0.02169378389653734
1779735105,0.021839563208735827
1779735120,0.02039117769454848
1779735135,0.020589422688736377
1779735150,0.020675944333996023
1779735165,0.019786307874950535
1779735180,0.019661816751867876
1779735195,0.020023557126030624
1779735210,0.019238319591676482
1779735225,0.01891998423334647
1779735240,0.01968503937007874
1779735255,0.02177293934681182
1779735270,0.023882896764252693
1779735285,0.023984526112185687
1779735300,0.024739080015461927
1779735315,0.02561117578579744
1779735330,0.027939464493597202
1779735345,0.026457055214723923
1779735360,0.027286702536510377
1779735375,0.028352490421455937
1779735390,0.027543993879112473
1779735405,0.027526395173453996
1779735420,0.028344671201814057
1779735435,0.02871556072953046
1779735450,0.02959262106072252
1779735465,0.029683885890516574
1779735480,0.029548989113530325
1779735495,0.029319781078967943
1779735510,0.028037383177570093
1779735525,0.029002320185614845
1779735540,0.02639873916469661
1779735555,0.026283865750101092
1779735570,0.027103559870550162
1779735585,0.025889967637540454
1779735600,0.024796747967479677
1779735615,0.02486963497793823
1779735630,0.024193548387096777
1779735645,0.024600246002460024
1779735660,0.02548294286888615
1779735675,0.023246329526916805
1779735690,0.024430641821946167
1779735705,0.025052192066805843
1779735720,0.024957698815566833
1779735735,0.024573094543940025
1779735750,0.02564102564102564
1779735765,0.025273799494524008
1779735780,0.026282853566958694
1779735795,0.02753801890669955
1779735810,0.02742529676627098
1779735825,0.028818443804034585
1779735840,0.02939975500204165
1779735855,0.028618152085036794
1779735870,0.02768729641693811
1779735885,0.029590595865423588
1779735900,0.02859477124183007
1779735915,0.027937551355792935
1779735930,0.02845528455284553
1779735945,0.029149797570850206
1779735960,0.02938808373590982
1779735975,0.03128712871287129
1779735990,0.031176006314127865
1779736005,0.0320919175911252
1779736020,0.030158730158730156
1779736035,0.030144694533762055
1779736050,0.02923508209851822
1779736065,0.029952076677316294
1779736080,0.02922077922077922
1779736095,0.027856277755349212
1779736110,0.028594771241830064
1779736125,0.028443722064201548
1779736140,0.027586206896551724
1779736155,0.0285829307568438
1779736170,0.028003246753246756
1779736185,0.02854845195014073
1779736200,0.029008863819500404
1779736215,0.029778672032193157
1779736230,0.028675282714054926
1779736245,0.028491171749598716
1779736260,0.02765351769011793
1779736275,0.02522746071133168
1779736290,0.02488593944421402
1779736305,0.02486531288852051
1779736320,0.026037428803905614
1779736335,0.025995125913891148
1779736350,0.027577937649880098
1779736365,0.027037617554858933
1779736380,0.027734375
1779736395,0.029171528588098013
1779736410,0.02857142857142857
1779736425,0.029268292682926828
1779736440,0.02929027412692452
1779736455,0.02911905639513454
1779736470,0.02951763858891289
1779736485,0.028441011235955056
1779736500,0.028825622775800714
1779736515,0.02775850104094379
1779736530,0.028521739130434782
1779736545,0.027988942639944715
1779736560,0.029840623940318754
1779736575,0.030831099195710452
1779736590,0.032441471571906355
1779736605,0.031804486106461326
1779736620,0.03137651821862348
1779736635,0.03210544102737411
1779736650,0.03238866396761133
1779736665,0.033568311513930846
1779736680,0.03331067301155676
1779736695,0.033390705679862305
1779736710,0.03525305410122164
1779736725,0.03409490333919156
1779736740,0.0341235632183908
1779736755,0.03488372093023256
1779736770,0.03687315634218289
1779736785,0.037285607755406416
1779736800,0.03683035714285714
1779736815,0.03862173419159409
1779736830,0.03727171077152441
1779736845,0.037467216185837385
1779736860,0.03717899578382522
1779736875,0.03483920367534456
1779736890,0.03271205781666033
1779736905,0.03310502283105023
1779736920,0.0338274420372482
1779736935,0.03203396372057121
1779736950,0.03309692671394799
1779736965,0.03110236220472441
1779736980,0.030943987465726595
1779736995,0.030895580758701604
1779737010,0.02909231962761831
1779737025,0.029896512073591414
1779737040,0.029177718832891247
1779737055,0.027850959729017688
1779737070,0.02611657834973505
1779737085,0.02840909090909091
1779737100,0.028147584632940283
1779737115,0.026475037821482604
1779737130,0.027484939759036143
1779737145,0.027672479150871874
1779737160,0.027293404094010616
1779737175,0.02986725663716814
1779737190,0.029922423346878464
1779737205,0.02925243770314193
1779737220,0.030542579949694573
1779737235,0.02982902873772281
1779737250,0.02977487291212782
1779737265,0.03179824561403509
1779737280,0.029097605893186006
1779737295,0.03012490815576782
1779737310,0.031496062992125984
1779737325,0.031082118188795086
1779737340,0.02986811481768813
1779737355,0.02992615623785464
1779737370,0.02712127082526153
1779737385,0.02658326817826427
1779737400,0.02610759493670886
1779737415,0.027676027676027674
1779737430,0.027991886409736308
1779737445,0.02684294871794872
1779737460,0.026305139619587213
1779737475,0.025020850708924104
1779737490,0.02441077441077441
1779737505,0.025365434221840066
1779737520,0.02552105487026797
1779737535,0.025726141078838173
1779737550,0.024076380240763803
1779737565,0.02285002077274616
1779737580,0.023070469798657723
1779737595,0.02231578947368421
1779737610,0.022660511959714646
1779737625,0.02457002457002457
1779737640,0.02466639708855641
1779737655,0.02665589660743134
1779737670,0.029317269076305223
1779737685,0.029165001997602878
1779737700,0.028819581523884724
1779737715,0.027624309392265196
1779737730,0.028241845664280032
1779737745,0.028973843058350098
1779737760,0.028605482717520857
1779737775,0.02889944576405384
1779737790,0.028799999999999996
1779737805,0.029376736800317584
1779737820,0.028011204481792718
1779737835,0.028386050283860504
1779737850,0.029493822239936227
1779737865,0.029106858054226473
1779737880,0.03009630818619583
1779737895,0.029095257074531682
1779737910,0.029411764705882353
1779737925,0.028317152103559874
1779737940,0.027664768104149712
1779737955,0.0270495214315439
1779737970,0.024758707511540072
1779737985,0.02418682235195997
1779738000,0.02413649604660841
1779738015,0.022793203481143803
1779738030,0.021576763485477178
1779738045,0.02085070892410342
1779738060,0.020764119601328904
1779738075,0.02085070892410342
1779738090,0.01959114139693356
1779738105,0.020202020202020204
1779738120,0.021603656003323642
1779738135,0.02116182572614108
1779738150,0.020712510356255178
1779738165,0.020675944333996023
1779738180,0.022153128643606683
1779738195,0.023264683447749807
1779738210,0.022632968691059976
1779738225,0.021986075485525832
1779738240,0.022230320699708456
1779738255,0.022447501810282402
1779738270,0.022564469914040115
1779738285,0.023843930635838152
1779738300,0.024793388429752067
1779738315,0.025125628140703522
1779738330,0.02575107296137339
1779738345,0.026732325008793526
1779738360,0.02596491228070175
1779738375,0.028980446927374302
1779738390,0.02935082872928177
1779738405,0.028551771585827314
1779738420,0.02981494174091844
1779738435,0.029239766081871347
1779738450,0.029031129765652326
1779738465,0.0288496213487198
1779738480,0.029105282069708947
1779738495,0.02824228911185433
1779738510,0.028763541277549494
1779738525,0.028298279158699806
1779738540,0.030892448512585814
1779738555,0.03138155376961347
1779738570,0.03161904761904762
1779738585,0.03243037008775277
1779738600,0.03175803402646503
1779738615,0.03333333333333334
1779738630,0.03212551363466567
1779738645,0.03393665158371041
1779738660,0.03236607142857143
1779738675,0.03176382660687593
1779738690,0.031423290203327174
1779738705,0.03158281307381565
1779738720,0.030481087036356963
1779738735,0.03154459753444525
1779738750,0.03202328966521106
1779738765,0.0318494390155628
1779738780,0.030258302583025837
1779738795,0.03205828779599272
1779738810,0.03305178112376056
1779738825,0.03365384615384615
1779738840,0.03111111111111111
1779738855,0.03226963069200431
1779738870,0.034359341445955614
1779738885,0.03308694121788103
1779738900,0.033604527767951885
1779738915,0.0333569907735983
1779738930,0.03192982456140351
1779738945,0.030534351145038174
1779738960,0.03276992066229734
1779738975,0.03343782654127482
1779738990,0.03378839590443686
1779739005,0.03469181542606938
1779739020,0.035618279569892476
1779739035,0.035246727089627394
1779739050,0.03537190082644628
1779739065,0.036148537627341444
1779739080,0.036387264457439894
1779739095,0.035633300939423386
1779739110,0.03630573248407643
1779739125,0.037037037037037035
1779739140,0.038232528987778125
1779739155,0.038510502864417574
1779739170,0.039367537915456594
1779739185,0.039008264462809916
1779739200,0.03843582887700535
1779739215,0.036911615306468
1779739230,0.0387517146776406
1779739245,0.037370242214532876
1779739260,0.03695955369595537
1779739275,0.03556338028169014
1779739290,0.03443276549474447
1779739305,0.032520325203252036
1779739320,0.030984876429361864
1779739335,0.03236607142857143
1779739350,0.03252647503782148
1779739365,0.030943396226415096
1779739380,0.02983339790778768
1779739395,0.029007633587786262
1779739410,0.027058368766911478
1779739425,0.027111984282907665
1779739440,0.026587301587301587
1779739455,0.023848019401778494
1779739470,0.02264456126162556
1779739485,0.024750499001996006
1779739500,0.024652087475149107
1779739515,0.024496246542868434
1779739530,0.024439102564102564
1779739545,0.026041666666666668
1779739560,0.025216706067769896
1779739575,0.02572096648480125
1779739590,0.025196850393700787
1779739605,0.02713330711757767
1779739620,0.02635658914728682
1779739635,0.025058731401722784
1779739650,0.0265625
1779739665,0.026761117670208577
1779739680,0.02647175029632556
1779739695,0.027479091995221028
1779739710,0.025733815842380377
1779739725,0.025280898876404497
1779739740,0.025109605420486247
1779739755,0.026035502958579884
1779739770,0.02586206896551724
1779739785,0.02575107296137339
1779739800,0.026120857699805065
1779739815,0.02670278637770898
1779739830,0.026120857699805072
1779739845,0.02482544608223429
1779739860,0.025396825396825397
1779739875,0.025199999999999997
1779739890,0.024438312968072525
1779739905,0.023694779116465864
1779739920,0.025578562728380026
1779739935,0.023567655424624138
1779739950,0.021483583299554115
1779739965,0.02131081624447125
1779739980,0.02181818181818182
1779739995,0.02117459049141031
1779740010,0.021973631642029565
1779740025,0.023496614894464352
1779740040,0.023534104507379337
1779740055,0.022946859903381644
1779740070,0.02196014640097601
1779740085,0.021562245728234335
1779740100,0.022672064777327937
1779740115,0.022857142857142854
1779740130,0.023625254582484725
1779740145,0.025413473174667203
1779740160,0.025702811244979917
1779740175,0.02741935483870968
1779740190,0.02665026650266503
1779740205,0.029505582137161084
1779740220,0.0289912629070691
1779740235,0.02979737783075089
1779740250,0.030254777070063698
1779740265,0.030726256983240222
1779740280,0.03241106719367589
1779740295,0.03255260023818976
1779740310,0.031114612051988972
1779740325,0.0300990099009901
1779740340,0.03137410643367752
1779740355,0.03307086614173228
1779740370,0.03620621802439984
1779740385,0.034482758620689655
1779740400,0.03384030418250951
1779740415,0.03426204819277108
1779740430,0.03424657534246575
1779740445,0.03372489579386131
1779740460,0.033648393194707
1779740475,0.03427265803503427
1779740490,0.03568716780561883
1779740505,0.034508911642017435
1779740520,0.03368660105980318
1779740535,0.03330838323353294
1779740550,0.034005979073243646
1779740565,0.03361972357116175
1779740580,0.032003012048192774
1779740595,0.03212396069538927
1779740610,0.031680954155795756
1779740625,0.03225806451612903
1779740640,0.03128491620111732
1779740655,0.02825923134890731
1779740670,0.027977315689981096
1779740685,0.028760202098717446
1779740700,0.028007889546351084
1779740715,0.026963657678780773
1779740730,0.02580140734949179
1779740745,0.0245136186770428
1779740760,0.02714067278287462
1779740775,0.02536510376633359
1779740790,0.02500961908426318
1779740805,0.024371373307543517
1779740820,0.023264831329972858
1779740835,0.023497688751926038
1779740850,0.023583111449220238
1779740865,0.02476547842401501
1779740880,0.026335311572700294
1779740895,0.02707715133531157
1779740910,0.027922561429635145
1779740925,0.029357116313638056
1779740940,0.028814185445142224
1779740955,0.02863518036444775
1779740970,0.028771670970121725
1779740985,0.029357116313638056
1779741000,0.03015814637734461
1779741015,0.03025884068538097
1779741030,0.030172413793103446
1779741045,0.031080592699674742
1779741060,0.030036630036630037
1779741075,0.02904411764705882
1779741090,0.029039463886820552
1779741105,0.02858203414996288
1779741120,0.02843247287691732
1779741135,0.029680365296803655
1779741150,0.02933230412967966
1779741165,0.02958349552355002
1779741180,0.028007889546351087
1779741195,0.027733118971061094
1779741210,0.027397260273972605
1779741225,0.02734217933252915
1779741240,0.027921818907060234
1779741255,0.02827140549273021
1779741270,0.026283865750101092
1779741285,0.026347790839075805
1779741300,0.026031237484981977
1779741315,0.027481542247744056
1779741330,0.027227722772277228
1779741345,0.02702702702702703
1779741360,0.026993355481727578
1779741375,0.026519787841697267
1779741390,0.026390580592773043
1779741405,0.02836596084698362
1779741420,0.029738302934179218
1779741435,0.029272151898734177
1779741450,0.028956763189210626
1779741465,0.02882663418595209
1779741480,0.02853697749196141
1779741495,0.028927280032141418
1779741510,0.029529130087789304
1779741525,0.028846153846153844
1779741540,0.028063241106719365
1779741555,0.028639618138424822
1779741570,0.029423303256178892
1779741585,0.028785488958990538
1779741600,0.02919132149901381
1779741615,0.029388714733542317
1779741630,0.030118185284025923
1779741645,0.030519969856819894
1779741660,0.03092399403874814
1779741675,0.032559880239520965
1779741690,0.030681818181818185
1779741705,0.029736942432329393
1779741720,0.029155622870124954
1779741735,0.029657794676806085
1779741750,0.029924242424242426
1779741765,0.03102803738317757
1779741780,0.030348445110528293
1779741795,0.028744326777609682
1779741810,0.029445073612684027
1779741825,0.029051987767584102
1779741840,0.03160700685453161
1779741855,0.031131359149582385
1779741870,0.030751708428246014
1779741885,0.02910762160091919
1779741900,0.030612244897959183
1779741915,0.03019877675840979
1779741930,0.029042386185243328
1779741945,0.02893890675241157
1779741960,0.028328611898017
1779741975,0.026283865750101092
1779741990,0.02574581119738455
1779742005,0.024999999999999998
1779742020,0.022681247468610777
1779742035,0.023857662757784066
1779742050,0.023491292021061153
1779742065,0.022535211267605635
1779742080,0.02445759368836292
1779742095,0.026315789473684213
1779742110,0.02525651144435675
1779742125,0.024554455445544555
1779742140,0.023034154090548053
1779742155,0.02195217561740494
1779742170,0.022379269729093054
1779742185,0.022691082802547773
1779742200,0.021730382293762576
1779742215,0.022
1779742230,0.020899053627760254
1779742245,0.019883040935672513
1779742260,0.020606531881804044
1779742275,0.02213592233009709
1779742290,0.023157082207641837
1779742305,0.02471042471042471
1779742320,0.025831702544031308
1779742335,0.025246548323471403
1779742350,0.024647887323943664
1779742365,0.023706045041485577
1779742380,0.022792022792022793
1779742395,0.021544715447154472
1779742410,0.021686746987951807
1779742425,0.023076923076923075
1779742440,0.022956101490132906
1779742455,0.023067583974099554
1779742470,0.025159744408945688
1779742485,0.024859663191659984
1779742500,0.02530644523527086
1779742515,0.02702702702702703
1779742530,0.02739182215164748
1779742545,0.027124052652572797
1779742560,0.026799999999999997
1779742575,0.025382755842062853
1779742590,0.02466091245376079
1779742605,0.023500810372771477
1779742620,0.024187153053132432
1779742635,0.02513747054202671
1779742650,0.024273776362912853
1779742665,0.025380710659898477
1779742680,0.027047913446676973
1779742695,0.027628549501151192
1779742710,0.02847248941900731
1779742725,0.029844961240310077
1779742740,0.02910762160091919
1779742755,0.02925531914893617
1779742770,0.02717795979151154
1779742785,0.02702702702702703
1779742800,0.026435045317220542
1779742815,0.026276276276276277
1779742830,0.02656191545080434
1779742845,0.0273921200750469
1779742860,0.027464258841234008
1779742875,0.027651515151515153
1779742890,0.02774610414291144
1779742905,0.028647822765469826
1779742920,0.027512418800152844
1779742935,0.027192646495595555
1779742950,0.026143790849673203
1779742965,0.02572964669738863
1779742980,0.026185958254269448
1779742995,0.02523900573613767
1779743010,0.024511681348142474
1779743025,0.023606811145510834
1779743040,0.02524271844660194
1779743055,0.02591283863368669
1779743070,0.026597856292179436
1779743085,0.025550314465408803
1779743100,0.02609034267912773
1779743115,0.027483313702394978
1779743130,0.02619233776387803
1779743145,0.025600630169358013
1779743160,0.025242718446601944
1779743175,0.025541795665634675
1779743190,0.026173979984603545
1779743205,0.023965983764978736
1779743220,0.024464831804281342
1779743235,0.025983951089033248
1779743250,0.02517428350116189
1779743265,0.024686520376175546
1779743280,0.02572096648480125
1779743295,0.02616165560327997
1779743310,0.027799227799227798
1779743325,0.028648857917150602
1779743340,0.028059236165237724
1779743355,0.027604976671850696
1779743370,0.027721976697468863
1779743385,0.026742301458670986
1779743400,0.026703866082104427
1779743415,0.026010404161664665
1779743430,0.02580645161290323
1779743445,0.02613590671491757
1779743460,0.027446300715990458
1779743475,0.027799841143764895
1779743490,0.02828685258964143
1779743505,0.02906742026645135
1779743520,0.02877106452938759
1779743535,0.02851239669421488
1779743550,0.02995008319467554
1779743565,0.02971137521222411
1779743580,0.02949852507374632
1779743595,0.03005008347245409
1779743610,0.028716216216216218
1779743625,0.027719445611087776
1779743640,0.025844101709045435
1779743655,0.02755741127348643
1779743670,0.02777777777777778
1779743685,0.027720314439387668
1779743700,0.029224904701397714
1779743715,0.0284876413908672
1779743730,0.02961082910321489
1779743745,0.02998310810810811
1779743760,0.029249682068673167
1779743775,0.03095843935538592
1779743790,0.02993254637436762
1779743805,0.029995775242923534
1779743820,0.028764805414551613
1779743835,0.028985507246376812
1779743850,0.028548123980424146
1779743865,0.026720647773279354
1779743880,0.028652138821630344
1779743895,0.02798880447820872
1779743910,0.027897838899803535
1779743925,0.027197477335435555
1779743940,0.02713487629688747
1779743955,0.026761117670208577
1779743970,0.026656213249705997
1779743985,0.02872884691066509
1779744000,0.0273972602739726
1779744015,0.028213166144200625
1779744030,0.026211278792692614
1779744045,0.026888098062475288
1779744060,0.02735923869944489
1779744075,0.026837806301050177
1779744090,0.028782574873590042
1779744105,0.02838258164852255
1779744120,0.028604561267877852
1779744135,0.02866117000392619
1779744150,0.028015564202334628
1779744165,0.027580772261623327
1779744180,0.02540690750297737
1779744195,0.025301204819277112
1779744210,0.02525050100200401
1779744225,0.025059665871121718
1779744240,0.023647294589178355
1779744255,0.023255813953488372
1779744270,0.022789783889980354
1779744285,0.022370486656200943
1779744300,0.02150117279124316
1779744315,0.0218153486560187
1779744330,0.022541780023319084
1779744345,0.024015748031496063
1779744360,0.023346303501945526
1779744375,0.022402471996910003
1779744390,0.022196261682242993
1779744405,0.0238553289726818
1779744420,0.02572964669738863
1779744435,0.02457757296466974
1779744450,0.02497118709181714
1779744465,0.0253016738030362
1779744480,0.025380710659898477
1779744495,0.025078369905956112
1779744510,0.025390625
1779744525,0.02710133542812255
1779744540,0.02674007078254031
1779744555,0.027721976697468863
1779744570,0.02743041549011698
1779744585,0.027653517690117937
1779744600,0.027687296416938116
1779744615,0.026498165511618425
1779744630,0.025588952071486596
1779744645,0.023586823912159417
1779744660,0.02296964725184578
1779744675,0.02185567010309278
1779744690,0.02268976897689769
1779744705,0.021074380165289258
1779744720,0.020601565718994644
1779744735,0.02033195020746888
1779744750,0.02051926298157454
1779744765,0.022064945878434637
1779744780,0.023602484472049694
1779744795,0.023524556335121752
1779744810,0.02299794661190965
1779744825,0.022643062988884317
1779744840,0.02247191011235955
1779744855,0.02099841521394612
1779744870,0.02119460500963391
1779744885,0.021292775665399243
1779744900,0.024833209785025945
1779744915,0.025920360631104436
1779744930,0.02613890963405527
1779744945,0.025887573964497045
1779744960,0.028687017285766826
1779744975,0.030897855325336242
1779744990,0.03027027027027027
1779745005,0.029664045746962117
1779745020,0.030561478322672354
1779745035,0.031851592579628975
1779745050,0.03287671232876712
1779745065,0.0333555703802535
1779745080,0.033234616650213884
1779745095,0.03473132372214941
1779745110,0.03447175231407597
1779745125,0.0356111645813282
1779745140,0.037025215448451956
1779745155,0.03848600508905853
1779745170,0.03891547049441786
1779745185,0.03844941695556255
1779745200,0.037641154328732745
1779745215,0.03955154157583307
1779745230,0.041372969659822255
1779745245,0.04071710726223032
1779745260,0.03873873873873874
1779745275,0.03720238095238095
1779745290,0.03748169838945827
1779745305,0.03797838153666375
1779745320,0.038750722961249276
1779745335,0.0390851187029531
1779745350,0.03869653767820774
1779745365,0.04026050917702783
1779745380,0.04109589041095891
1779745395,0.04066985645933015
1779745410,0.0398671096345515
1779745425,0.041716328963051254
1779745440,0.040440083258994945
1779745455,0.04077442065121737
1779745470,0.040353460972017675
1779745485,0.04142011834319527
1779745500,0.040785948198868716
1779745515,0.03856502242152467
1779745530,0.03671641791044776
1779745545,0.0382660687593423
1779745560,0.038204972710733774
1779745575,0.03992628992628992
1779745590,0.03836556456643792
1779745605,0.038730158730158726
1779745620,0.03940260565618049
1779745635,0.03875476493011436
1779745650,0.0363234365129501
1779745665,0.03455859252277725
1779745680,0.033458411507192
1779745695,0.033312769895126465
1779745710,0.033489827856025035
1779745725,0.031911532385466033
1779745740,0.03190460844344183
1779745755,0.03271784904437965
1779745770,0.030888030888030885
1779745785,0.031027795733678087
1779745800,0.03165374677002584
1779745815,0.03319368353206575
1779745830,0.03287141475990977
1779745845,0.03389293633196072
1779745860,0.034799114204365704
1779745875,0.03336480956877558
1779745890,0.03598247809762203
1779745905,0.03560371517027864
1779745920,0.03348837209302326
1779745935,0.032489846922836615
1779745950,0.03233908948194663
1779745965,0.0321875
1779745980,0.03266331658291457
1779745995,0.035148828372387586
1779746010,0.03502682234143263
1779746025,0.034375
1779746040,0.034547738693467334
1779746055,0.03309171131421368
1779746070,0.03433343643674606
1779746085,0.03405185879412684
1779746100,0.0347179169249845
1779746115,0.0344297571472487
1779746130,0.03384518959573801
1779746145,0.033647798742138364
1779746160,0.03182686187141948
1779746175,0.031938677738741615
1779746190,0.029759999999999998
1779746205,0.029373789541639765
1779746220,0.0296010296010296
1779746235,0.029926774912448263
1779746250,0.03139013452914798
1779746265,0.0332687338501292
1779746280,0.0334714695569015
1779746295,0.032391235312797716
1779746310,0.03261557948068398
1779746325,0.0335336918696615
1779746340,0.03509891512444161
1779746355,0.03601557430240104
1779746370,0.03401818794206803
1779746385,0.03391537944929483
1779746400,0.031983667914256546
1779746415,0.032809295967190705
1779746430,0.0328719723183391
1779746445,0.0322354590049054
1779746460,0.033131457071606696
1779746475,0.03221188260558339
1779746490,0.03134005763688761
1779746505,0.03137541043414812
1779746520,0.03258052573121066
1779746535,0.03320754716981133
1779746550,0.033409263477600606
1779746565,0.033943554538520215
1779746580,0.033577769201080666
1779746595,0.0315955766192733
1779746610,0.030460921843687375
1779746625,0.03337403337403338
1779746640,0.03037869330004161
1779746655,0.029979466119096507
1779746670,0.030699959066721245
1779746685,0.030692658647863955
1779746700,0.02900326797385621
1779746715,0.029327902240325863
1779746730,0.02950687146321746
1779746745,0.028920570264765782
1779746760,0.029158110882956875
1779746775,0.028925619834710748
1779746790,0.029182079736950264
1779746805,0.029979466119096507
1779746820,0.029508196721311476
1779746835,0.029060509554140128
1779746850,0.02685624012638231
1779746865,0.024960380348652934
1779746880,0.025933202357563852
1779746895,0.024854368932038837
1779746910,0.024202842873607376
1779746925,0.02328201276755539
1779746940,0.024673439767779394
1779746955,0.024963289280469893
1779746970,0.026788990825688072
1779746985,0.027057079318013343
1779747000,0.027180067950169872
1779747015,0.02657555049354594
1779747030,0.027703984819734344
1779747045,0.02861503243037009
1779747060,0.03073463268365817
1779747075,0.03052866716306776
1779747090,0.02935711631363805
1779747105,0.028496437945256848
1779747120,0.02932216298552932
1779747135,0.0292169848071679
1779747150,0.0297922383379067
1779747165,0.02881619937694704
1779747180,0.028493364558938326
1779747195,0.028861154446177845
1779747210,0.0298804780876494
1779747225,0.02845528455284553
1779747240,0.028021748222501044
1779747255,0.029678483099752677
1779747270,0.028383381324557796
1779747285,0.030463038180341188
1779747300,0.03106091165792658
1779747315,0.031065670467951244
1779747330,0.0317092034029389
1779747345,0.03056603773584906
1779747360,0.028246515040352166
1779747375,0.031170714026821315
1779747390,0.03208363374188897
1779747405,0.03237156931738212
1779747420,0.03259762308998302
1779747435,0.031239502855223377
1779747450,0.03173045469414458
1779747465,0.033485045513654096
1779747480,0.03423137876386688
1779747495,0.034341524889729046
1779747510,0.03476354525524585
1779747525,0.035330261136712754
1779747540,0.03528347406513872
1779747555,0.03355106888361045
1779747570,0.03333333333333334
1779747585,0.03197004608294931
1779747600,0.03162393162393163
1779747615,0.031714285714285716
1779747630,0.03334283271587347
1779747645,0.03418557885665039
1779747660,0.034130688448074674
1779747675,0.03341288782816229
1779747690,0.03293051359516616
1779747705,0.03323076923076923
1779747720,0.03403718878033407
1779747735,0.03437301082113303
1779747750,0.03346328784925276
1779747765,0.03341051935163745
1779747780,0.03272604588394062
1779747795,0.03239004432321854
1779747810,0.030700241462573302
1779747825,0.0314026517794836
1779747840,0.03186537773003938
1779747855,0.031181217901687458
1779747870,0.02948960302457467
1779747885,0.029514563106796114
1779747900,0.030194676201827572
1779747915,0.028698464025869036
1779747930,0.026862026862026867
1779747945,0.027446300715990458
1779747960,0.028910891089108912
1779747975,0.028059236165237724
1779747990,0.029560482302605988
1779748005,0.03042121684867395
1779748020,0.03060829135993801
1779748035,0.03078137332280979
1779748050,0.032561788936837976
1779748065,0.03132341425215348
1779748080,0.029262582910651584
1779748095,0.031065670467951244
1779748110,0.03139904610492846
1779748125,0.029827315541601257
1779748140,0.030976965845909452
1779748155,0.03178386968613429
1779748170,0.030854430379746837
1779748185,0.030640668523676882
1779748200,0.031065670467951237
1779748215,0.0303508080409933
1779748230,0.030207924676343662
1779748245,0.028259991925716592
1779748260,0.02738095238095238
1779748275,0.027386541471048517
1779748290,0.026397515527950312
1779748305,0.025690930323082912
1779748320,0.02426614481409002
1779748335,0.025502318392581144
1779748350,0.025068546807677245
1779748365,0.0253016738030362
1779748380,0.025346534653465348
1779748395,0.024218749999999997
1779748410,0.024628616106333073
1779748425,0.0245136186770428
1779748440,0.024643819792067773
1779748455,0.0252486610558531
1779748470,0.026033690658499236
1779748485,0.025229357798165136
1779748500,0.02760968229954614
1779748515,0.028044563964656165
1779748530,0.02962677953058869
1779748545,0.030291109362706528
1779748560,0.031617349006890956
1779748575,0.03294021960146402
1779748590,0.0320097244732577
1779748605,0.03286573146292585
1779748620,0.03353293413173653
1779748635,0.031663326653306616
1779748650,0.03134920634920635
1779748665,0.03170254403131116
1779748680,0.03215686274509804
1779748695,0.03296703296703297
1779748710,0.0324853228962818
1779748725,0.03442940038684719
1779748740,0.03297129557796742
1779748755,0.03209782193351166
1779748770,0.0338274420372482
1779748785,0.0332823259372609
1779748800,0.033521657250470814
1779748815,0.0318636532048907
1779748830,0.03212551363466567
1779748845,0.031746031746031744
1779748860,0.03258508327299058
1779748875,0.03378132945877225
1779748890,0.033756805807622504
1779748905,0.0344954128440367
1779748920,0.035311248634874406
1779748935,0.03620386643233743
1779748950,0.036389582590082056
1779748965,0.035563380281690135
1779748980,0.03494809688581315
1779748995,0.03360488798370672
1779749010,0.03486365205384881
1779749025,0.036269430051813475
1779749040,0.03690927906174543
1779749055,0.0368809272918862
1779749070,0.03629316420014094
1779749085,0.0355603448275862
1779749100,0.037776193870277974
1779749115,0.03736654804270463
1779749130,0.03686302855077701
1779749145,0.034905310063126624
1779749160,0.03444402845376263
1779749175,0.03263757115749526
1779749190,0.03100189035916824
1779749205,0.030681818181818185
1779749220,0.031261913839115515
1779749235,0.030757097791798107
1779749250,0.031640625
1779749265,0.03320158102766799
1779749280,0.0318676885841065
1779749295,0.03181076672104405
1779749310,0.029638652050345108
1779749325,0.028629032258064516
1779749340,0.029161603888213854
1779749355,0.029197080291970802
1779749370,0.027867528271405494
1779749385,0.026101141924959218
1779749400,0.026348291477974475
1779749415,0.027182866556836906
1779749430,0.0270495214315439
1779749445,0.026446280991735537
1779749460,0.02618453865336658
1779749475,0.02625
1779749490,0.02736318407960199
1779749505,0.026090501426824297
1779749520,0.02487562189054726
1779749535,0.025402201524132088
1779749550,0.024733475479744138
1779749565,0.02557544757033248
1779749580,0.026406926406926406
1779749595,0.02600170502983802
1779749610,0.026992830029523407
1779749625,0.027893422148209824
1779749640,0.026959767731231855
1779749655,0.02753801890669955
1779749670,0.027136492507087894
1779749685,0.02859412231930103
1779749700,0.0267175572519084
1779749715,0.025311673592746504
1779749730,0.027665068240501658
1779749745,0.030556566024008733
1779749760,0.03145103645461044
1779749775,0.03390422929045788
1779749790,0.03529411764705883
1779749805,0.033771773906861
1779749820,0.033807829181494664
1779749835,0.033401499659168374
1779749850,0.033143622363575494
1779749865,0.033063427800269905
1779749880,0.031051752921535895
1779749895,0.031632653061224494
1779749910,0.03163686382393397
1779749925,0.0325119780971937
1779749940,0.033584647018505824
1779749955,0.0356401384083045
1779749970,0.035302341838518
1779749985,0.03572704537334762
1779750000,0.035311248634874406
1779750015,0.03718854592785423
1779750030,0.03449597546952855
1779750045,0.03288201160541586
1779750060,0.03209590100541377
1779750075,0.028796844181459568
1779750090,0.02745552977571539
1779750105,0.027487417731320168
1779750120,0.027504911591355603
1779750135,0.029083665338645415
1779750150,0.02874251497005988
1779750165,0.029246794871794872
1779750180,0.029802658074909383
1779750195,0.027912621359223302
1779750210,0.027777777777777783
1779750225,0.024927295388450354
1779750240,0.02392947103274559
1779750255,0.02295918367346939
1779750270,0.023295944779982744
1779750285,0.022943722943722943
1779750300,0.022135416666666668
1779750315,0.020364870598218072
1779750330,0.020877716233489562
1779750345,0.019438444924406047
1779750360,0.019734019734019732
1779750375,0.02050610820244328
1779750390,0.0206097037355088
1779750405,0.01988997037663986
1779750420,0.02043369474562135
1779750435,0.01907922024056408
1779750450,0.01757972199509403
1779750465,0.016693163751987282
1779750480,0.01580403002765705
1779750495,0.01605324980422866
1779750510,0.01653210303729335
1779750525,0.0172349194454852
1779750540,0.016489556614144373
1779750555,0.01679171132547338
1779750570,0.0168008400420021
1779750585,0.01820680178632772
1779750600,0.018317503392130258
1779750615,0.01999333555481506
1779750630,0.02078596947060734
1779750645,0.021995537137392416
1779750660,0.021276595744680854
1779750675,0.021911138161898963
1779750690,0.023395320935812838
1779750705,0.02431791221826809
1779750720,0.024599881446354478
1779750735,0.024382991376746956
1779750750,0.02406103286384977
1779750765,0.024511234315728044
1779750780,0.02440441603718768
1779750795,0.02464589235127479
1779750810,0.025524673851389675
1779750825,0.025210084033613443
1779750840,0.02517482517482517
1779750855,0.025298860161245478
1779750870,0.025379310344827582
1779750885,0.025047644976858154
1779750900,0.02422427871529668
1779750915,0.024410312671420735
1779750930,0.024563318777292575
1779750945,0.024581307401404646
1779750960,0.025389025389025387
1779750975,0.024610336341263327
1779750990,0.024523160762942777
1779751005,0.024403619413216348
1779751020,0.02385470317159122
1779751035,0.023325196636832114
1779751050,0.023526230394808004
1779751065,0.023725115898554677
1779751080,0.024197933659597607
1779751095,0.0241029854834292
1779751110,0.02418478260869565
1779751125,0.025120256547300907
1779751140,0.02601156069364162
1779751155,0.026905829596412557
1779751170,0.026811786567560395
1779751185,0.02707774798927614
1779751200,0.027510683760683764
1779751215,0.028722002635046116
1779751230,0.027320954907161802
1779751245,0.02738255033557047
1779751260,0.027468044601577372
1779751275,0.028438610883237625
1779751290,0.02754295064085083
1779751305,0.027135948414830736
1779751320,0.02857142857142857
1779751335,0.029063509149623253
1779751350,0.029110512129380053
1779751365,0.029286474973375935
1779751380,0.029490616621983913
1779751395,0.030042918454935622
1779751410,0.02778534459275402
1779751425,0.027522935779816515
1779751440,0.025934188510875623
1779751455,0.02539771141501535
1779751470,0.025456557830658547
1779751485,0.02595967964650649
1779751500,0.02466057079523414
1779751515,0.024742841256602723
1779751530,0.02554845876145515
1779751545,0.025375170532060027
1779751560,0.024766977363515314
1779751575,0.024266666666666666
1779751590,0.025443943811290747
1779751605,0.02652519893899204
1779751620,0.025721784776902883
1779751635,0.025835073068893526
1779751650,0.026606954689146468
1779751665,0.026729559748427674
1779751680,0.026711618257261413
1779751695,0.026113671274961597
1779751710,0.02583781018163213
1779751725,0.02528735632183908
1779751740,0.02609819121447028
1779751755,0.02771362586605081
1779751770,0.027116909695574315
1779751785,0.027587952417109592
1779751800,0.02723833543505675
1779751815,0.028232921603226623
1779751830,0.02724032586558045
1779751845,0.027556013391707445
1779751860,0.02840909090909091
1779751875,0.028645833333333336
1779751890,0.027508514540214826
1779751905,0.026599947326836976
1779751920,0.027229044313934865
1779751935,0.02727272727272727
1779751950,0.025928896017107725
1779751965,0.024731182795698924
1779751980,0.025820333512641205
1779751995,0.026902173913043476
1779752010,0.029009304871373837
1779752025,0.02924296255807598
1779752040,0.028378378378378376
1779752055,0.026880260657073038
1779752070,0.02795115332428765
1779752085,0.026768642447418736
1779752100,0.02550596063210424
1779752115,0.02477973568281938
1779752130,0.02523313219967087
1779752145,0.024772914946325348
1779752160,0.02466740576496674
1779752175,0.023902167871039465
1779752190,0.02380952380952381
1779752205,0.02339664189375172
1779752220,0.024
1779752235,0.023763470571981214
1779752250,0.024836244541484715
1779752265,0.027063236870310824
1779752280,0.025864344154130376
1779752295,0.025329280648429583
1779752310,0.023715415019762848
1779752325,0.023044863937239517
1779752340,0.02506502719318988
1779752355,0.026364053186611648
1779752370,0.02598546575644131
1779752385,0.02673456397199236
1779752400,0.026586102719033236
1779752415,0.027574238333976087
1779752430,0.02772130844575864
1779752445,0.027174872066349037
1779752460,0.02715842414082146
1779752475,0.028007638446849142
1779752490,0.02824943651389932
1779752505,0.0276781872938477
1779752520,0.028043775649794798
1779752535,0.028474399164054337
1779752550,0.028542433083851324
1779752565,0.026868588177821204
1779752580,0.02700461921118086
1779752595,0.0269084189860261
1779752610,0.027478689995513686
1779752625,0.027422702938927127
1779752640,0.026620002121115708
1779752655,0.027021494370522006
1779752670,0.028153709374691294
1779752685,0.029425860251126236
1779752700,0.02956128789305215
1779752715,0.029872901011225528
1779752730,0.02988735465116279
1779752745,0.029432943294329435
1779752760,0.029841494731249446
1779752775,0.02923253554711649
1779752790,0.028967909800520383
1779752805,0.029100752897386013
1779752820,0.028429222203475622
1779752835,0.028326964612061807
1779752850,0.028658486370748585
1779752865,0.02907496142288638
1779752880,0.02977627555126348
1779752895,0.030231459612659425
1779752910,0.030174778587663608
1779752925,0.03068102579995351
1779752940,0.030671520408953608
1779752955,0.030403837227293826
1779752970,0.030222569308863724
1779752985,0.02917771883289125
1779753000,0.02926486655220852
1779753015,0.029101973940859793
1779753030,0.02869996897300651
1779753045,0.02906841901816776
1779753060,0.02935526012449089
1779753075,0.029924038977978972
1779753090,0.030340557275541795
1779753105,0.030307716097108396
1779753120,0.03109250213227882
1779753135,0.030649552703228312
1779753150,0.030401990513956922
1779753165,0.031035558328134743
1779753180,0.030575539568345318
1779753195,0.030938279301745635
1779753210,0.030615457264284583
1779753225,0.030141561953236834
1779753240,0.030079949339032692
1779753255,0.029754913475843706
1779753270,0.029336038074432393
1779753285,0.03070513809597284
1779753300,0.030101612040644814
1779753315,0.029336156056252834
1779753330,0.02962460425146992
1779753345,0.02954614681693573
1779753360,0.02970523269098941
1779753375,0.02937809996184662
1779753390,0.030066646470766432
1779753405,0.03037612120298485
1779753420,0.02961411905474125
1779753435,0.030068472759749925
1779753450,0.03068578646259009
1779753465,0.030949362368558424
1779753480,0.030318793193133686
1779753495,0.030465150839649274
1779753510,0.03089598352214212
1779753525,0.0312752961954522
1779753540,0.0313394495412844
1779753555,0.03246274162608824
1779753570,0.03239613312670651
1779753585,0.031638926375768484
1779753600,0.032553561965326674
1779753615,0.033231707317073166
1779753630,0.03382807202591727
1779753645,0.033023813089710946
1779753660,0.033483483483483484
1779753675,0.034203556564510025
1779753690,0.0337746351737626
1779753705,0.03379706638439437
1779753720,0.03394196530040154
1779753735,0.03392397395123428
1779753750,0.033647990255785624
1779753765,0.03327548479589527
1779753780,0.032723700120918985
1779753795,0.032077470116507786
1779753810,0.03224338062362492
1779753825,0.032201045189056254
1779753840,0.032659290347195724
1779753855,0.03133139267657423
1779753870,0.031146403515534653
1779753885,0.030827474310438075
1779753900,0.030717785208803174
1779753915,0.030310132020935864
1779753930,0.03082218571540327
1779753945,0.030894691445150158
1779753960,0.030120952009364023
1779753975,0.029750254442965626
1779753990,0.030134191320725104
1779754005,0.029595138505248204
1779754020,0.029863614986675027
1779754035,0.03005807565531314
1779754050,0.03003685985412909
1779754065,0.03080066001414316
1779754080,0.031115291167019356
1779754095,0.03137133095201118
1779754110,0.03143921751280857
1779754125,0.030191004313000615
1779754140,0.030130356724689715
1779754155,0.03072668612690121
1779754170,0.03092862624712202
1779754185,0.031113124905603376
1779754200,0.03092090522070356
1779754215,0.03141361256544503
1779754230,0.030895014832501264
1779754245,0.03141740263500796
1779754260,0.031494920174165456
1779754275,0.03122070805393323
1779754290,0.031223328591749644
1779754305,0.0323592302209551
1779754320,0.03156628211479935
1779754335,0.03129222672640637
1779754350,0.03194050991501417
1779754365,0.03180060163300387
1779754380,0.03174260418916001
1779754395,0.03175399612930972
1779754410,0.032676495605330313
1779754425,0.03241559912237243
1779754440,0.033193546094249765
1779754455,0.0331340133661625
1779754470,0.032798133662686975
1779754485,0.032648043166450376
1779754500,0.033064126458203905
1779754515,0.03238724181537165
1779754530,0.03243167680156567
1779754545,0.03245065673948163
1779754560,0.032454361054766734
1779754575,0.032850309510410805
1779754590,0.03247851204734395
1779754605,0.032376166547020815
1779754620,0.03310117038845409
1779754635,0.03347220226978882
1779754650,0.0329542985442167
1779754665,0.03295831530362037
1779754680,0.032888635228650924
1779754695,0.0335295807007467
1779754710,0.03297895422000434
1779754725,0.03227447844733591
1779754740,0.03268352779186898
1779754755,0.032019522295348664
1779754770,0.031219585236205733
1779754785,0.03147461602481653
1779754800,0.031522720433343365
1779754815,0.0323456231621805
1779754830,0.03185921262231662
1779754845,0.031697653154526065
1779754860,0.03151051625239006
1779754875,0.03144365389029148
1779754890,0.031029946606825044
1779754905,0.030680948737566955
1779754920,0.03037878787878788
1779754935,0.030762338535055625
1779754950,0.030923248053392655
1779754965,0.03096842583478459
1779754980,0.03078196733649432
1779754995,0.030978466188137516
1779755010,0.03138946742041059
1779755025,0.03164509613226603
1779755040,0.032347022434225235
1779755055,0.032296740352191836
1779755070,0.03201563204569367
1779755085,0.031296683597251275
1779755100,0.030669710806697108
1779755115,0.031003039513677815
1779755130,0.031599637133353495
1779755145,0.031580537926866124
1779755160,0.03142814281428143
1779755175,0.030986964618249527
1779755190,0.03148189790870249
1779755205,0.03100007616726331
1779755220,0.031123035645841318
1779755235,0.030082746887325037
1779755250,0.029475142373403106
1779755265,0.0288439171900442
1779755280,0.028593448940269748
1779755295,0.02825255599781472
1779755310,0.02811276429130775
1779755325,0.02829368529202561
1779755340,0.028127723635211155
1779755355,0.028255722178374115
1779755370,0.0288751388227828
1779755385,0.028108961705487562
1779755400,0.02762734479240248
1779755415,0.02692577850620463
1779755430,0.02794719370030109
1779755445,0.028018730329316035
1779755460,0.027767124338421413
1779755475,0.028628139552637606
1779755490,0.028630483043711245
1779755505,0.02883664307996652
1779755520,0.028878950958841812
1779755535,0.0286368843069874
1779755550,0.02849503437738732
1779755565,0.02867715078630897
1779755580,0.029129964456807295
1779755595,0.029464355127108766
1779755610,0.029516303507958586
1779755625,0.028383094222566883
1779755640,0.028055490971091994
1779755655,0.02859785708779773
1779755670,0.02882224984462399
1779755685,0.029236599891716297
1779755700,0.028953922789539233
1779755715,0.029312905495192686
1779755730,0.029469858576281895
1779755745,0.02958395129185856
1779755760,0.028985507246376812
1779755775,0.028580451602715932
1779755790,0.028539892778303374
1779755805,0.02849389416553596
1779755820,0.029734456988392433
1779755835,0.030617088607594937
1779755850,0.030669512291518455
1779755865,0.030409631019387116
1779755880,0.03017779164067374
1779755895,0.029149734291966236
1779755910,0.02949040578798364
1779755925,0.029188014283496357
1779755940,0.03001934235976789
1779755955,0.029470915841584157
1779755970,0.0287681713848508
1779755985,0.029188109685843764
1779756000,0.029348161878282358
1779756015,0.029162166332356115
1779756030,0.02884909703091521
1779756045,0.02912172573189522
1779756060,0.029021302871256562
1779756075,0.029226272881095212
1779756090,0.029409517989458404
1779756105,0.029073335378950595
1779756120,0.02834972341733251
1779756120,0.02834972341733251
1779756135,0.028076923076923076
1779756150,0.02819505431014559
1779756165,0.028159340659340656
1779756180,0.028710280373831772
1779756195,0.029154518950437313
1779756210,0.029291502490521145
1779756225,0.029968454258675073
1779756240,0.029879879879879875
1779756255,0.030244482425503448
1779756270,0.030369584974250224
1779756285,0.03052172605623215
1779756300,0.030234657039711194
1779756315,0.03019095780813646
1779756330,0.030561046069636614
1779756345,0.030504079920689396
1779756360,0.030916117299386224
1779756375,0.03057800823547354
1779756390,0.030614576193740004
1779756405,0.030176662370156947
1779756420,0.030093472148339538
1779756435,0.029814420444174018
1779756450,0.029673590504451036
1779756465,0.030419715055833647
1779756480,0.030305373018940856
1779756495,0.030459195446504116
1779756510,0.030029800565446626
1779756525,0.02959081451799337
1779756540,0.029065743944636676
1779756555,0.02835670566359339
1779756570,0.028006206361520555
1779756585,0.027803593556381657
1779756600,0.027497851730333565
1779756615,0.02796014520738395
1779756630,0.027794982966862804
1779756645,0.028095020557332113
1779756660,0.027852581364930372
1779756675,0.027622189825826742
1779756690,0.027835288704853918
1779756705,0.027959136646439817
1779756720,0.027935569216403392
1779756735,0.02833944882504489
1779756750,0.028090317642556446
1779756765,0.028324274668912193
1779756780,0.028126685674655157
1779756795,0.028101226517621487
1779756810,0.028114621147756234
1779756825,0.02871699861046781
1779756840,0.02925857843137255
1779756855,0.029736682808716705
1779756870,0.03027991762642056
1779756885,0.030229928382962682
1779756900,0.030298381529492983
1779756915,0.03035205300053925
1779756930,0.03014497200276137
1779756945,0.031032885595182955
1779756960,0.03116254443688072
1779756975,0.03172205438066466
1779756990,0.03268171182730772
1779757005,0.03315459557435239
1779757020,0.03321887130486712
1779757035,0.033118605532398634
1779757050,0.03234644950148413
1779757065,0.031627765528776705
1779757080,0.03183989083466
1779757095,0.0320096632945795
1779757110,0.0323877427184466
1779757125,0.031801317483152874
1779757140,0.031588516021513524
1779757155,0.031489426907753595
1779757170,0.03188756233942874
1779757185,0.03203678576812905
1779757200,0.032742565334935414
1779757215,0.03268511593118923
1779757230,0.03240601503759399
1779757245,0.03164318541399834
1779757260,0.031184091593853568
1779757275,0.030541871921182264
1779757290,0.02923217829339032
1779757305,0.02951945080091533
1779757320,0.028680981595092025
1779757335,0.029154297023673593
1779757350,0.02962794574524513
1779757365,0.0290626902008521
1779757380,0.0291605755174271
1779757395,0.02845904673762147
1779757410,0.028405175713957582
1779757425,0.029900839054157136
1779757440,0.03014920781418243
1779757455,0.029432000611574038
1779757470,0.028341631558789736
1779757485,0.02866883620021695
1779757500,0.027732336215626704
1779757515,0.028349909938131405
1779757530,0.029023952563002258
1779757545,0.028262741720817344
1779757560,0.02888086642599278
1779757575,0.028395061728395066
1779757590,0.028971028971028972
1779757605,0.02883735123588648
1779757620,0.029414005943762856
1779757635,0.029391504018369687
1779757650,0.029530305379011006
1779757665,0.029459396930670165
1779757680,0.03033544739054023
1779757695,0.030120481927710843
1779757710,0.029359165424739198
1779757725,0.029455519190717046
1779757740,0.029190067986993796
1779757755,0.030174307895122314
1779757770,0.030880561725299134
1779757785,0.03039854311129789
1779757800,0.030705105939562348
1779757815,0.03055400890868597
1779757830,0.030369507095358877
1779757845,0.03032178217821782
1779757860,0.030428197714443068
1779757875,0.03026967528893781
1779757890,0.029852780806979288
1779757905,0.03062755798090041
1779757920,0.03055689075053217
1779757935,0.030144528561596697
1779757950,0.02976312376271418
1779757965,0.02948656265035398
1779757980,0.02914890691599065
1779757995,0.029375086601080784
1779758010,0.02879543834640057
1779758025,0.028989626261190848
1779758040,0.029560871117458046
1779758055,0.02868110378793366
1779758070,0.02823615694902824
1779758085,0.027850369596057644
1779758100,0.02644266988097032
1779758115,0.026453819840364882
1779758130,0.026732673267326736
1779758145,0.026267422269872876
1779758160,0.027089425888871786
1779758175,0.027209320150226105
1779758190,0.02743599541459687
1779758205,0.027754155392346345
1779758220,0.027983790809694934
1779758235,0.02840308203656141
1779758250,0.02809715982639153
1779758265,0.028336661035171243
1779758280,0.02866389274156264
1779758295,0.02864363942712721
1779758310,0.02868978214176128
1779758325,0.028253424657534245
1779758340,0.027946916471506635
1779758355,0.027856025039123634
1779758370,0.027969288624255722
1779758385,0.027873473222674597
1779758400,0.027614800907455217
1779758415,0.027457098283931357
1779758430,0.026685393258426966
1779758445,0.027916796997184863
1779758460,0.02699557831044915
1779758475,0.027435780513755885
1779758490,0.027236784302240448
1779758505,0.026449716866174464
1779758520,0.026034997865983782
1779758535,0.026076072595786103
1779758550,0.02580162026005855
1779758565,0.026446280991735537
1779758580,0.026028547439126783
1779758595,0.025908035882316043
1779758610,0.02649410902875282
1779758625,0.027307191091102953
1779758640,0.027386272487681905
1779758655,0.02780393242869011
1779758670,0.02794964796244933
1779758685,0.027804953400957722
1779758700,0.028377974708752363
1779758715,0.02832317219528587
1779758730,0.02857942095202574
1779758745,0.02777903452020088
1779758760,0.027991850473912658
1779758775,0.02768496420047733
1779758790,0.02745081192542315
1779758805,0.02779532533164877
1779758820,0.027772097018282958
1779758835,0.02779335202242692
1779758850,0.027815092848676413
1779758865,0.02754831670822943
1779758880,0.02768685740690824
1779758895,0.027558157214535504
1779758910,0.026745802186243943
1779758925,0.027084578601315006
1779758940,0.026798567790040972
1779758955,0.026667638165324782
1779758970,0.026827045744486966
1779758985,0.027223494348126338
1779759000,0.027277313346785816
1779759015,0.027501525867949593
1779759030,0.02778873390942666
1779759045,0.028328000862781755
1779759060,0.028345724907063198
1779759075,0.02833589093893865
1779759090,0.028510334996436206
1779759105,0.028417214755504717
1779759120,0.028447939915683566
1779759135,0.02823654768247203
1779759150,0.028753090780642882
1779759165,0.02816404319898355
1779759180,0.028385508265916282
1779759195,0.028662195552417932
1779759210,0.02872145475049338
1779759225,0.028783821871476892
1779759240,0.02893800007049452
1779759255,0.029325822918500267
1779759270,0.02903969807100923
1779759285,0.028831350594821552
1779759300,0.02829890942244977
1779759315,0.028432854180578497
1779759330,0.027804007973979646
1779759345,0.027734060784108
1779759360,0.027767078679225465
1779759375,0.02786107817839459
1779759390,0.027973984194698927
1779759405,0.027982532751091704
1779759420,0.028010314012221402
1779759435,0.027916180783773278
1779759450,0.027892379844141193
1779759465,0.02864592509072972
1779759480,0.02884953264459906
1779759495,0.028712001405728344
1779759510,0.029003383140682265
1779759525,0.0288068767094093
1779759540,0.028598868850709638
1779759555,0.028020211299954065
1779759570,0.028004253810705426
1779759585,0.02826579767639558
1779759600,0.02891421291053228
1779759615,0.028741712512343066
1779759630,0.02901156232374507
1779759645,0.02918570467183792
1779759660,0.02927246180691571
1779759675,0.029545778157482556
1779759690,0.029176587654145495
1779759705,0.028797645739910317
1779759720,0.028443850643414665
1779759735,0.028774211593594858
1779759750,0.02885891971210957
1779759765,0.02824142545249666
1779759780,0.027986130767053495
1779759795,0.028022870050116472
1779759810,0.027444253859348195
1779759825,0.027394857764214808
1779759840,0.027307463105128472
1779759855,0.027256336833174247
1779759870,0.026650194140487114
1779759885,0.026834010959872725
1779759900,0.026566273618411705
1779759915,0.026556192904185257
1779759930,0.026189715745768123
1779759945,0.026029982551721682
1779759960,0.025564231468606265
1779759975,0.02511594719942918
1779759990,0.02516286061994416
1779760005,0.025811315336013788
1779760020,0.02629884070416488
1779760035,0.0262000864927202
1779760050,0.02589684483503818
1779760065,0.026006323942160795
1779760080,0.026208400759867724
1779760095,0.026193165772380685
1779760110,0.02652960293909849
1779760125,0.02632416940876765
1779760140,0.026927698070535022
1779760155,0.02676519463988969
1779760170,0.02696052209265005
1779760185,0.02645727221279004
1779760200,0.027045205140004958
1779760215,0.02698395835546585
1779760230,0.02724477896745468
1779760245,0.02734484695310306
1779760260,0.02763300570149358
1779760275,0.028122270742358076
1779760290,0.02790600083927822
1779760305,0.02744310575635877
1779760320,0.0273436134130564
1779760335,0.027000593803485972
1779760350,0.02684752433496152
1779760365,0.02708827591090967
1779760380,0.026768980515576926
1779760395,0.02662575821695585
1779760410,0.02646945697402007
1779760425,0.02685979468429194
1779760440,0.02714391195808867
1779760455,0.02742966074769654
1779760470,0.02706623266345881
1779760485,0.027265608314942694
1779760500,0.027002126151665484
1779760515,0.026835099739499695
1779760530,0.027172354459420706
1779760545,0.027064912659046793
1779760560,0.026399799131963123
1779760575,0.025955068181009008
1779760590,0.02650619671896268
1779760605,0.026973636951368434
1779760620,0.026836922410994477
1779760635,0.026870428043745925
1779760650,0.026531718778239653
1779760665,0.02651378137886132
1779760680,0.026631399688394508
1779760695,0.0268693271862844
1779760710,0.026984705025491627
1779760725,0.02673076222732074
1779760740,0.02656925816886563
1779760755,0.026603841971728888
1779760770,0.026469089055559603
1779760785,0.02643766181672319
1779760800,0.02652694830176236
1779760815,0.026202466973213635
1779760830,0.026190650376764945
1779760845,0.026551258171724917
1779760860,0.027101263504852594
1779760875,0.027294739159145934
1779760890,0.027276388532933037
1779760905,0.02701021117739633
1779760920,0.02709108145555313
1779760935,0.02726675427069645
1779760950,0.02758469305626692
1779760965,0.027929680331779647
1779760980,0.02819328347264995
1779760995,0.0277727023570254
1779761010,0.028169528681037632
1779761025,0.028223737262664025
1779761040,0.02824508265518374
1779761055,0.02806011325686075
1779761070,0.02828231354420704
1779761085,0.02831890331890332
1779761100,0.02793417063663924
1779761115,0.028055176377613334
1779761130,0.02794033685412503
1779761145,0.027581025971238463
1779761160,0.027432398731696894
1779761175,0.02753866485694896
1779761190,0.027030897569009345
1779761205,0.026873811488644105
1779761220,0.027377573384112387
1779761235,0.02699016581724212
1779761250,0.027090060997488338
1779761265,0.02669256781063386
1779761280,0.026853431070145515
1779761295,0.02678216928352283
1779761310,0.026397793617249903
1779761325,0.0263308324401572
1779761340,0.02653257729752862
1779761355,0.026725978647686836
1779761370,0.026520784646979677
1779761385,0.026678476527900796
1779761400,0.02682479175490612
1779761415,0.027357659086902877
1779761430,0.027436976275501186
1779761445,0.027370788095991003
1779761460,0.027410774054892013
1779761475,0.027712160208722632
1779761490,0.028293297849989494
1779761505,0.02830420009107787
1779761520,0.02839557980137082
1779761535,0.02877672625306695
1779761550,0.028994598362083988
1779761565,0.028947093084086075
1779761580,0.028425400826156966
1779761595,0.02893258426966292
1779761610,0.029148689887403975
1779761625,0.029128270310348477
1779761640,0.029230553805222992
1779761655,0.029420045045045043
1779761670,0.029830245826583078
1779761685,0.029964000847038895
1779761700,0.029891686594457727
1779761715,0.029175014939013668
1779761730,0.02967306949467992
1779761745,0.030489304155397096
1779761760,0.02990126939351199
1779761775,0.02963172005079723
1779761790,0.02987691552407336
1779761805,0.029980013324450366
1779761820,0.029438437391001042
1779761835,0.029433253313850324
1779761850,0.02899360743354176
1779761865,0.029052734375
1779761880,0.028845148928758058
1779761895,0.028206567499298344
1779761910,0.028122473371533025
1779761925,0.02837204384450005
1779761940,0.028143119785037474
1779761955,0.027778760748787996
1779761970,0.027931572969903465
1779761985,0.02749893962957727
1779762000,0.028327705704638353
1779762015,0.028648706359656925
1779762030,0.027526529449469407
1779762045,0.027426010244735344
1779762060,0.02714867471601057
1779762075,0.027317317675700833
1779762090,0.02729234088457389
1779762105,0.02754890019345131
1779762120,0.027933161216293745
1779762135,0.02847039295637426
1779762150,0.028594122319301033
1779762165,0.029000724112961625
1779762180,0.0287751556392066
1779762195,0.02902679118739408
1779762210,0.02866980790141356
1779762225,0.028848599353268178
1779762240,0.028368794326241138
1779762255,0.028685839097196943
1779762270,0.02858803443641251
1779762285,0.02867513611615245
1779762300,0.02834771260784456
1779762315,0.028221570119189947
1779762330,0.02814653608995285
1779762345,0.02773653908824275
1779762360,0.02821633729542252
1779762375,0.02795288354165916
1779762390,0.027956833490258563
1779762405,0.02793153678077203
1779762420,0.02740827364420406
1779762435,0.0274300642211821
1779762450,0.026998508168686097
1779762465,0.026597493697709255
1779762480,0.027321214759986938
1779762495,0.027500182361951998
1779762510,0.02789192334266701
1779762525,0.027695315328361454
1779762540,0.027628466996344872
1779762555,0.027893902263226175
1779762570,0.027971776225790196
1779762585,0.028298155406134264
1779762600,0.028071823404024712
1779762615,0.027780784356171297
1779762630,0.02805436441601861
1779762645,0.02797379944269533
1779762660,0.02804204525209335
1779762675,0.027830957952208753
1779762690,0.028072783913905407
1779762705,0.02790600083927822
1779762720,0.02795638803466592
1779762735,0.02763006985715775
1779762750,0.028371510130195638
1779762765,0.028248783877692838
1779762780,0.027900400055180023
1779762795,0.02734143707986486
1779762810,0.02755726525616366
1779762825,0.027245101121240695
1779762840,0.02733237430265605
1779762855,0.026835071023721218
1779762870,0.02643141083757584
1779762885,0.02633322869798751
1779762900,0.026327719078006764
1779762915,0.02614537521210652
1779762930,0.025837086693900356
1779762945,0.02626970227670753
1779762960,0.02612768055213212
1779762975,0.02570043487559706
1779762990,0.0254004495023367
1779763005,0.02542861259184555
1779763020,0.02531462983664491
1779763035,0.02514750323787595
1779763050,0.025171135196805472
1779763065,0.02476702508960573
1779763080,0.024645364665424847
1779763095,0.02470504111548087
1779763110,0.025372604684173173
1779763125,0.02514671883336297
1779763140,0.025580982792265387
1779763155,0.025381617988774887
1779763170,0.02521611248610065
1779763185,0.02511194698190937
1779763200,0.025287851070698378
1779763215,0.02526648243189893
1779763230,0.02557137165417074
1779763245,0.0248642779587405
1779763260,0.02468868435300487
1779763275,0.024768919699595604
1779763290,0.02482167303119821
1779763305,0.0243482626313336
1779763320,0.02428375550263405
1779763335,0.024511764919809435
1779763350,0.024128881761189682
1779763365,0.024434719183078046
1779763380,0.024396396396396396
1779763395,0.024437506728388413
1779763410,0.02400457911494294
1779763425,0.023924132480781665
1779763440,0.024068074198027558
1779763455,0.02473686075769926
1779763470,0.025231375585037127
1779763485,0.02525198561099833
1779763500,0.025628318584070796
1779763515,0.025976320904753488
1779763530,0.026117704722893258
1779763545,0.02616258679946693
1779763560,0.026599468010639785
1779763575,0.026497937495630286
1779763590,0.02690677223837718
1779763605,0.0267741370247065
1779763620,0.027055296004462725
1779763635,0.026980163684283534
1779763650,0.026509213780611
1779763665,0.026815915193360535
1779763680,0.027170264636257643
1779763695,0.027620774234829906
1779763710,0.027931376719126613
1779763725,0.0277560037055512
1779763740,0.0278432212465196
1779763755,0.027389402738940274
1779763770,0.027319864115859113
1779763785,0.027000756021168592
1779763800,0.026601481055431735
1779763815,0.026118596440665755
1779763830,0.025897988505747125
1779763845,0.02590710914135409
1779763860,0.026082889624406393
1779763875,0.026672922832599436
1779763890,0.02671329175529039
1779763905,0.026540971718636695
1779763920,0.02650779101741521
1779763935,0.026490788182710126
1779763950,0.027089022392135446
1779763965,0.02691898632046063
1779763980,0.02630999559665346
1779763995,0.026380390576338255
1779764010,0.0263109677892191
1779764025,0.02607713879884911
1779764040,0.02607272727272727
1779764055,0.026135452358387407
1779764070,0.02562623896197513
1779764085,0.025765817348983682
1779764100,0.02569677097441015
1779764115,0.025817678184594624
1779764130,0.02616589533641866
1779764145,0.02555028664449006
1779764160,0.025489708130399233
1779764175,0.02498053923996886
1779764190,0.025130594380912048
1779764205,0.024838164931044193
1779764220,0.024883631400272988
1779764235,0.024582172701949862
1779764250,0.02455566762895204
1779764265,0.024346069450733164
1779764280,0.02451234248230623
1779764295,0.02467309015829319
1779764310,0.02474939509160041
1779764325,0.02517762295647375
1779764340,0.025006035939709584
1779764355,0.025214164325599142
1779764370,0.025540750994981827
1779764385,0.02576640310722708
1779764400,0.025666957279860503
1779764415,0.02632779864499596
1779764430,0.026501704685248317
1779764445,0.026627218934911243
1779764460,0.026744921627890633
1779764475,0.027118762684582548
1779764490,0.027673397717295878
1779764505,0.02775633377780897
1779764520,0.02787346221441125
1779764535,0.02787921348314607
1779764550,0.027556022408963585
1779764565,0.027503133268347028
1779764580,0.027432371583942364
1779764595,0.02717334721499219
1779764610,0.027071823204419893
1779764625,0.026981392143349416
1779764640,0.02680596604577634
1779764655,0.026411594999313094
1779764670,0.0263040417568078
1779764685,0.026360048052170924
1779764700,0.026331107687039897
1779764715,0.02551752408280385
1779764730,0.025469487553910413
1779764745,0.025534501975884083
1779764760,0.025511237092528855
1779764775,0.025219484085285248
1779764790,0.025372423644650022
1779764805,0.02570624342930783
1779764820,0.025390758310012966
1779764835,0.025076222123257167
1779764850,0.02529996571820363
1779764865,0.024957829873661744
1779764880,0.024887814981014843
1779764895,0.025235496541416106
1779764910,0.02519542155220547
1779764925,0.02528453860970058
1779764940,0.025758001122964627
1779764955,0.026516220028208744
1779764970,0.026722529310284123
1779764985,0.026747956019171133
1779765000,0.026642297283048046
1779765015,0.0272242492281785
1779765030,0.02770727580372251
1779765045,0.027662957074721786
1779765060,0.027547719759712794
1779765075,0.027354339024819575
1779765090,0.02700336228635472
1779765105,0.027497644554559098
1779765120,0.027615062761506277
1779765135,0.02763898109647437
1779765150,0.027481455316142704
1779765165,0.027709489358713212
1779765180,0.027398220166771774
1779765195,0.027179829335955336
1779765210,0.02700137116337939
1779765225,0.026553334972428084
1779765240,0.026389035690378045
1779765255,0.026154879298766483
1779765270,0.02587813368025034
1779765285,0.025968992248062015
1779765300,0.026142401700318806
1779765315,0.026019939192533408
1779765330,0.025725174677112002
1779765345,0.02557653476920897
1779765360,0.025769148404597042
1779765375,0.026007941902479157
1779765390,0.025397280912580266
1779765405,0.02472968632908682
1779765420,0.024856049497514396
1779765435,0.025111150631335587
1779765450,0.0255556748630946
1779765465,0.02581565341415582
1779765480,0.026033250745089588
1779765495,0.026432824044186214
1779765510,0.026623538193580494
1779765525,0.026425442501513588
1779765540,0.02678254700248315
1779765555,0.026456155323234476
1779765570,0.026634382566585957
1779765585,0.02672082086361693
1779765600,0.026646269877975026
1779765615,0.026400996264009966
1779765630,0.026560377493386716
1779765645,0.026358850313033585
1779765660,0.026229160029733464
1779765675,0.02635504724017902
1779765690,0.026880955767316174
1779765705,0.02666809851088202
1779765720,0.026612587611626996
1779765735,0.026769252588285348
1779765750,0.026704545454545457
1779765765,0.026324192003405824
1779765780,0.026184182324783877
1779765795,0.02604371623797088
1779765810,0.025570318375532718
1779765825,0.02549076004889624
1779765840,0.026113892590858338
1779765855,0.026204321918299953
1779765870,0.025832644702331764
1779765885,0.026216420325817242
1779765900,0.026761018714752685
1779765915,0.02623151379943147
1779765930,0.025943650822208626
1779765945,0.02605626114487427
1779765960,0.026888140990844283
1779765975,0.026896901245293946
1779765990,0.02684294871794872
1779766005,0.02687509067169592
1779766020,0.026905665887850466
1779766035,0.02674537239469465
1779766050,0.027220056116313812
1779766065,0.027356841031618822
1779766080,0.027331714213216368
1779766095,0.027390293519325776
1779766110,0.027874564459930314
1779766125,0.028069283561494608
1779766140,0.027934782608695655
1779766155,0.028450693963790026
1779766170,0.02791152300619049
1779766185,0.028649635036496354
1779766200,0.028568313161051143
1779766215,0.029437323484683902
1779766230,0.02954668593100957
1779766245,0.029338529825700982
1779766260,0.029067668086950244
1779766275,0.02877956005310941
1779766290,0.028561059698784252
1779766305,0.028555049980294508
1779766320,0.028606251792371667
1779766335,0.028569375067380602
1779766350,0.027974024120459573
1779766365,0.027963287025463374
1779766380,0.028146989835809225
1779766395,0.02764024933214604
1779766410,0.027288920555753472
1779766425,0.027549575070821525
1779766440,0.027289825756769227
1779766455,0.026653469546466826
1779766470,0.026396801245532713
1779766485,0.02597494514827659
1779766500,0.025878923607408198
1779766515,0.025288991641472525
1779766530,0.025268836284913224
1779766545,0.025329460110528557
1779766560,0.024973281083006768
1779766575,0.0249194718771017
1779766590,0.02555684987115676
1779766605,0.025277413408019284
1779766620,0.025208288827173683
1779766635,0.02511010086660037
1779766650,0.02500533542007541
1779766665,0.025012399914972012
1779766680,0.024691797904938362
1779766695,0.024765067476860025
1779766710,0.02496276859797177
1779766725,0.02505485172340576
1779766740,0.025350209770319276
1779766755,0.025617338781311068
1779766770,0.02576616665470466
1779766785,0.025912670007158196
1779766800,0.02626313156578289
1779766815,0.02602323503127793
1779766830,0.02590636597202398
1779766845,0.025915836260663846
1779766860,0.02653310354732156
1779766875,0.02737949419987031
1779766890,0.02760614272809395
1779766905,0.02741655830082358
1779766920,0.02737422171330423
1779766935,0.02766912936404462
1779766950,0.02779688008976076
1779766965,0.027843901031522754
1779766980,0.027931335466977018
1779766995,0.027870639534883716
1779767010,0.0269414206138275
1779767025,0.02709082325598286
1779767040,0.027193078125568038
1779767055,0.02713768115942029
1779767070,0.02723609412103332
1779767085,0.027279616064662796
1779767100,0.026940044839806176
1779767115,0.027403203065688154
1779767130,0.027581713541101102
1779767145,0.0270634025681132
1779767160,0.02648910235418259
1779767175,0.026001097092704335
1779767190,0.0261653155761436
1779767205,0.026274552676651724
1779767220,0.0265367206891517
1779767235,0.02646930144378008
1779767250,0.0262590847668091
1779767265,0.026388888888888885
1779767280,0.026360513469535347
1779767295,0.0262195567907555
1779767310,0.026169939438429074
1779767325,0.026417171161254818
1779767340,0.026562899630969344
1779767355,0.02671252927400468
1779767370,0.026758297996783156
1779767385,0.02676906198573779
1779767400,0.02604091106920064
1779767415,0.025949045510633668
1779767430,0.025977806076041478
1779767445,0.02598861865236145
1779767460,0.025851426911625883
1779767475,0.025523042634265587
1779767490,0.02598106525981065
1779767505,0.026213349523231316
1779767520,0.02644568546207891
1779767535,0.026734312032239495
1779767550,0.02666138955852193
1779767565,0.02662625825305769
1779767580,0.026858461316605377
1779767595,0.027351161708373605
1779767610,0.027068804371270398
1779767625,0.026900836835111158
1779767640,0.02632527948070681
1779767655,0.026582872828403218
1779767670,0.026674398376340967
1779767685,0.026349449987209003
1779767700,0.026787343527608483
1779767715,0.026642984014209586
1779767730,0.026073730716303322
1779767745,0.02626614424611812
1779767760,0.026227961982151923
1779767775,0.02549119859761887
1779767790,0.025259326660600545
1779767805,0.025062930940133524
1779767820,0.024854227405247814
1779767835,0.024824373020784045
1779767850,0.025036603221083455
1779767865,0.025047258979206045
1779767880,0.025429578232281033
1779767895,0.025562001450326326
1779767910,0.025950621733645703
1779767925,0.025495852866931124
1779767940,0.025811554085631086
1779767955,0.02508622254492648
1779767970,0.025158136860264517
1779767985,0.025326032134880036
1779768000,0.02460665277677994
1779768015,0.024575902566333192
1779768030,0.02468422952002887
1779768045,0.024249882369973576
1779768060,0.024510332434860733
1779768075,0.024451025715111232
1779768090,0.024133328523502036
1779768105,0.024291351410056835
1779768120,0.023506827483791518
1779768135,0.02309418663577789
1779768150,0.022948917811695613
1779768165,0.022720652490533063
1779768180,0.022437531871494137
1779768195,0.022109275730622623
1779768210,0.02233041695647399
1779768225,0.02239784397989657
1779768240,0.02217932842887319
1779768255,0.022253582283977422
1779768270,0.02228633249188604
1779768285,0.022661766825190947
1779768300,0.023390759028328406
1779768315,0.02438849179267986
1779768330,0.024694934279610385
1779768345,0.025027007562117395
1779768360,0.025018926421284116
1779768375,0.02583718244803695
1779768390,0.02639590272554708
1779768405,0.026614078101126384
1779768420,0.02734501493181736
1779768435,0.02766741830416264
1779768450,0.02753288047405695
1779768465,0.028480899996439886
1779768480,0.028622412562455388
1779768495,0.028854374465659735
1779768510,0.02925302245250432
1779768525,0.029488197502346065
1779768540,0.029827542572038037
1779768555,0.03013915927608335
1779768570,0.03019879059999276
1779768585,0.030255063496060726
1779768600,0.03006161036753771
1779768615,0.030643299401826005
1779768630,0.030827569256697447
1779768645,0.03125441446531996
1779768660,0.0304950633709124
1779768675,0.030356388223693475
1779768690,0.030442254410268998
1779768705,0.030659225671433553
1779768720,0.030908275552795888
1779768735,0.03057604007235286
1779768750,0.030784231787156984
1779768765,0.03038318309957192
1779768780,0.03045508397797756
1779768795,0.030204024886170102
1779768810,0.029962676251036772
1779768825,0.029520550312834872
1779768840,0.029025210666851615
1779768855,0.029156349178669827
1779768870,0.0287069657120932
1779768885,0.029138469090781584
1779768900,0.028626023001766598
1779768915,0.027948634941189165
1779768930,0.02794496990541702
1779768945,0.028069170455765995
1779768960,0.027976763248868455
1779768975,0.028074436546772868
1779768990,0.027504208000573002
1779769005,0.027964487257826826
1779769020,0.027947973771901533
1779769035,0.02800200014286735
1779769050,0.027923585074093912
1779769065,0.02790398168354023
1779769080,0.027588433665781734
1779769095,0.02799137621272009
1779769110,0.027978566547991517
1779769125,0.02860932850535977
1779769140,0.028872147929207368
1779769155,0.0283808150018031
1779769170,0.0285486847342331
1779769185,0.028385698808234022
1779769200,0.028798842257597684
1779769215,0.028861379012523395
1779769230,0.02899173198754429
1779769245,0.028938791590559076
1779769260,0.029154414401491788
1779769275,0.029123767009863924
1779769290,0.029109096142774897
1779769305,0.02865360417041165
1779769320,0.028844765342960287
1779769335,0.028819068255687978
1779769350,0.02964940124080219
1779769365,0.02941281840002866
1779769380,0.03017749366094068
1779769395,0.02990138903615735
1779769410,0.02980589046423647
1779769425,0.0297047126315419
1779769440,0.02996530333298286
1779769455,0.030512739855300407
1779769470,0.030784197908342307
1779769485,0.030397236614853194
1779769500,0.029865292909603536
1779769515,0.029418958107683166
1779769530,0.029333890746934224
1779769545,0.029324477105709443
1779769560,0.029239149534352485
1779769575,0.0291520672740014
1779769590,0.029007633587786262
1779769605,0.028629364861149302
1779769620,0.02800947379260632
1779769635,0.027308906271442297
1779769650,0.026626715243964726
1779769665,0.026074245308675553
1779769680,0.02547275126010622
1779769695,0.02521608929422174
1779769710,0.024775313535864405
1779769725,0.02561058344640434
1779769740,0.025222097416522007
1779769755,0.025001710103290237
1779769770,0.025101463115173424
1779769785,0.025391021734714605
1779769800,0.0258235054900366
1779769815,0.026410850599781897
1779769830,0.026075619295958277
1779769845,0.025728753250307924
1779769860,0.025851456709068528
1779769875,0.026195666984602805
1779769890,0.025837941156392926
1779769905,0.02604984636394674
1779769920,0.02653986129231614
1779769935,0.02717241379310345
1779769950,0.027067616652696285
1779769965,0.027259280129604845
1779769980,0.02790285410388229
1779769995,0.028104783115918974
1779770010,0.028288442354282455
1779770025,0.027185787456570795
1779770040,0.02753798958407648
1779770055,0.027682403433476395
1779770070,0.02762529407571113
1779770085,0.027231952157197776
1779770100,0.027380698385605574
1779770115,0.027472137431674586
1779770130,0.027317383468212175
1779770145,0.028014184397163123
1779770160,0.02750017719186335
1779770175,0.0275259067357513
1779770190,0.02797379944269533
1779770205,0.028066867316967038
1779770220,0.028088267108963727
1779770235,0.028313382553221987
1779770250,0.028403772769817842
1779770265,0.027991930254341088
1779770280,0.02833949929959412
1779770295,0.028140161725067385
1779770310,0.02800517018526497
1779770325,0.027869796917758892
1779770340,0.02771279467338492
1779770355,0.027775776352763168
1779770370,0.027872931165038042
1779770385,0.02744288765794142
1779770400,0.02693102323389757
1779770415,0.026212462735403185
1779770430,0.026561766934930894
1779770445,0.026260198135198136
1779770460,0.026427406199021206
1779770475,0.026124134932425085
1779770490,0.025798036160730464
1779770505,0.025938169796926654
1779770520,0.025952250774558042
1779770535,0.025920971765301323
1779770550,0.02591275313929012
1779770565,0.026062198861147613
1779770580,0.026009457984721714
1779770595,0.026037873270211214
1779770610,0.026378984136224717
1779770625,0.026640391212320265
1779770640,0.02702603727981836
1779770655,0.02645965449376777
1779770670,0.026230581729544875
1779770685,0.026768297088360673
1779770700,0.02698775925320548
1779770715,0.0276776284642558
1779770730,0.027491284137129573
1779770745,0.027610478194615776
1779770760,0.027936807015001088
1779770775,0.02823384436954079
1779770790,0.028173598553345388
1779770805,0.028053100511682832
1779770820,0.02839683680805176
1779770835,0.02785844896203076
1779770850,0.028136827822609446
1779770865,0.027943541182776487
1779770880,0.027512174314861554
1779770895,0.027634893043385716
1779770910,0.02729966139954853
1779770925,0.027259175126002698
1779770940,0.026991324217215895
1779770955,0.02719173200285103
1779770970,0.027537260468417313
1779770985,0.027632323804132466
1779771000,0.027613342313282052
1779771015,0.02761864346842068
1779771030,0.028149091166277673
1779771045,0.028101221022827822
1779771060,0.028057884867140784
1779771075,0.02746842198896993
1779771090,0.027544400723173455
1779771105,0.026995512526059154
1779771120,0.02659012467422695
1779771135,0.02647027806095546
1779771150,0.02651941474395048
1779771165,0.026749043423315903
1779771180,0.027002480176057567
1779771195,0.02740157480314961
1779771210,0.027129072856943087
1779771225,0.026870463428252375
1779771240,0.027110847823814337
1779771255,0.026841864877209007
1779771270,0.02642490688031485
1779771285,0.026136005325298674
1779771300,0.026147936709306836
1779771315,0.026015048268029525
1779771330,0.025966694891335032
1779771345,0.026224206418954548
1779771360,0.025929824561403508
1779771375,0.026407957411039504
1779771390,0.02673646488423567
1779771405,0.026694840640957913
1779771420,0.02689140959044489
1779771435,0.027310775342271405
1779771450,0.0274437685669826
1779771465,0.02699710745277292
1779771480,0.02666809851088202
1779771495,0.026504041776951145
1779771510,0.026446817722615097
1779771525,0.026888326707625594
1779771540,0.02730880230880231
1779771555,0.026590385722510074
1779771570,0.02649198364156201
1779771585,0.0264482708302933
1779771600,0.0267461298059452
1779771615,0.026623022367703215
1779771630,0.026350174216027873
1779771645,0.026476280904210635
1779771660,0.02669351885756133
1779771675,0.0266529229863054
1779771690,0.0269564577817005
1779771705,0.027659730363423212
1779771720,0.027529626253418413
1779771735,0.02704092879711955
1779771750,0.027083871443858158
1779771765,0.026839922997186433
1779771780,0.027142331739610153
1779771795,0.0269776283082322
1779771810,0.027681285280069478
1779771825,0.027536915430105578
1779771840,0.028012934636485846
1779771855,0.029219600725952817
1779771870,0.029743552540897382
1779771885,0.02979293368085723
1779771900,0.029452253296623675
1779771915,0.029417085790787712
1779771930,0.029847510298475103
1779771945,0.0298539751216874
1779771960,0.02967262763195846
1779771975,0.029437323484683902
1779771990,0.029821216590524842
1779772005,0.029088952654232426
1779772020,0.02943067361954425
1779772035,0.02976531196336577
1779772050,0.029616911685803198
1779772065,0.030092096808738488
1779772080,0.030359712230215826
1779772095,0.030081681119786978
1779772110,0.02952628163530175
1779772125,0.02956940897154574
1779772140,0.028704170568320968
1779772155,0.02781771132834962
1779772170,0.02760100107257776
1779772185,0.02774370445198066
1779772200,0.02812702061929736
1779772215,0.027771813041299834
1779772230,0.027213056590384952
1779772245,0.027050174862607954
1779772260,0.027180512893778132
1779772275,0.027138600710772877
1779772290,0.026483357452966715
1779772305,0.02689027034841695
1779772320,0.026684022128213476
1779772335,0.026862865613362742
1779772350,0.02607808857808858
1779772365,0.026364460562103356
1779772380,0.0260325770796975
1779772395,0.025682881706388074
1779772410,0.025535629842493905
1779772425,0.02572405763353224
1779772440,0.026419887497731803
1779772455,0.026717140465184
1779772470,0.02711085163832738
1779772485,0.026797481329623663
1779772500,0.026606076153479676
1779772515,0.026536464950811342
1779772530,0.026765146806098945
1779772545,0.02690893201762371
1779772560,0.0270643870498363
1779772575,0.02761405806592447
1779772590,0.027191101094187358
1779772605,0.027066462391478807
1779772620,0.027775750054748527
1779772635,0.02803397615836098
1779772650,0.02824363330775695
1779772665,0.02839704699948834
1779772680,0.02845632668009522
1779772695,0.02871143375680581
1779772710,0.028511087645195353
1779772725,0.028789316208129613
1779772740,0.02848297213622291
1779772755,0.02755777367907128
1779772770,0.027269426289034133
1779772785,0.02765194070960026
1779772800,0.027828634199926764
1779772815,0.028319490688229483
1779772830,0.02780324982577119
1779772845,0.028158183815452216
1779772860,0.02805121752645992
1779772875,0.027689463955637705
1779772890,0.02770022042615724
1779772905,0.02747212441314554
1779772920,0.026482314642086398
1779772935,0.026561587857559833
1779772950,0.02626848149099314
1779772965,0.026463571297485777
1779772980,0.026538886841135274
1779772995,0.02676934360102677
1779773010,0.027718091963902017
1779773025,0.02730242135908542
1779773040,0.027661177483586263
1779773055,0.02851820005732301
1779773070,0.028974102160537987
1779773085,0.02889904979638494
1779773100,0.028930772793672285
1779773115,0.029141049788549696
1779773130,0.029227557411273485
1779773145,0.02928692699490662
1779773160,0.02938501364304205
1779773175,0.029440766305113393
1779773190,0.029432156971503847
1779773205,0.02954255575855769
1779773220,0.030250767479562624
1779773235,0.030960287809602877
1779773250,0.03119190249948358
1779773265,0.03099343185550082
1779773280,0.031096112125073176
1779773295,0.030878364281243475
1779773310,0.030405405405405404
1779773325,0.030563078113459714
1779773340,0.030032980141744443
1779773355,0.03027542224402551
1779773370,0.029981871426579276
1779773385,0.029692880736524
1779773400,0.029890448356725344
1779773415,0.02953556896309808
1779773430,0.02962574326687653
1779773445,0.029701927465505745
1779773460,0.029079724581454684
1779773475,0.029171487675747693
1779773490,0.029542307282604836
1779773505,0.029627529503490804
1779773520,0.02947413061916879
1779773535,0.029022620571916347
1779773550,0.02946047855657751
1779773565,0.02894151695902305
1779773580,0.028957392776523698
1779773595,0.028947647121121196
1779773610,0.028834247302317356
1779773625,0.02884990253411306
1779773640,0.02831389183457052
1779773655,0.028517717163834992
1779773670,0.028786114932797122
1779773685,0.028732792093187434
1779773700,0.02852916314454776
1779773715,0.028760676311661144
1779773730,0.028668023596784765
1779773745,0.028481668162673474
1779773760,0.028624766645924078
1779773775,0.028584376198277965
1779773790,0.028261098808393965
1779773805,0.028421052631578944
1779773820,0.028339654445849134
1779773835,0.02809864644603501
1779773850,0.02765782805752828
1779773865,0.028108031373105725
1779773880,0.02816750943664981
1779773895,0.02763514477250036
1779773910,0.02809852357630572
1779773925,0.028648802736602048
1779773940,0.028314028314028312
1779773955,0.028381943949226274
1779773970,0.02801863131494088
1779773985,0.027883715909908617
1779774000,0.028192431416488955
1779774015,0.027925823172957578
1779774030,0.028343210512754447
1779774045,0.028568268947213215
1779774060,0.028484044513228682
1779774075,0.02811659358072005
1779774090,0.02812086457873842
1779774105,0.02764790339800464
1779774120,0.027637084342655802
1779774135,0.02778082793455584
1779774150,0.02751187431494337
1779774165,0.02677957514565918
1779774180,0.026938452119422335
1779774195,0.02765820060266896
1779774210,0.027283129514410354
1779774225,0.027457578578076895
1779774240,0.026773283832506337
1779774255,0.02665375233175491
1779774270,0.026513113048469844
1779774285,0.025918235841626693
1779774300,0.025882100597004257
1779774315,0.025431844784166283
1779774330,0.025038178783251056
1779774345,0.024900962082625922
1779774360,0.024959228532936254
1779774375,0.02501596763891846
1779774390,0.02454356040541018
1779774405,0.02442232492001422
1779774420,0.02422316384180791
1779774435,0.024361784880842945
1779774450,0.02417918951641621
1779774465,0.024061011851480543
1779774480,0.024005758502789274
1779774495,0.023875845602865105
1779774510,0.023754092397235357
1779774525,0.02387896463725848
1779774540,0.024027333847679935
1779774555,0.024319565695840366
1779774570,0.024383057090239413
1779774585,0.024192653423593388
1779774600,0.024428216628980245
1779774615,0.02495815510507718
1779774630,0.02523141236189908
1779774645,0.024661744312432066
1779774660,0.025029169332680946
1779774675,0.02532305515212453
1779774690,0.025976439109591583
1779774705,0.0261168644644342
1779774720,0.026557673472462892
1779774735,0.026701314352427223
1779774750,0.027135565230445875
1779774765,0.027401881770813808
1779774780,0.02797488575992867
1779774795,0.02706536752902528
1779774810,0.027004848936963817
1779774825,0.02680774695281538
1779774840,0.026975669734341817
1779774855,0.02737496300680675
1779774870,0.02777674625868023
1779774885,0.027749153540409244
1779774900,0.027596384430916804
1779774915,0.027731681233174762
1779774930,0.028137021432496793
1779774945,0.028698060941828255
1779774960,0.02841202985295204
1779774975,0.02817889721904199
1779774990,0.02783130744144678
1779775005,0.027833296320971205
1779775020,0.027366316101318323
1779775035,0.027091957421643994
1779775050,0.02720712760474192
1779775065,0.026865562234276497
1779775080,0.026879740776198535
1779775095,0.027160493827160494
1779775110,0.02765164100860191
1779775125,0.027916067411586826
1779775140,0.02756938541705163
1779775155,0.027440806781642797
1779775170,0.027489264873197052
1779775185,0.02760287011275443
1779775200,0.027549417223866418
1779775215,0.027349559287605647
1779775230,0.027510664449425206
1779775245,0.027471338957386973
1779775260,0.028198941189181398
1779775275,0.028678890456041373
1779775290,0.02886642914273249
1779775305,0.029079277379957108
1779775320,0.02966594045025418
1779775335,0.030202685491794334
1779775350,0.03018909250200774
1779775365,0.03064574972637723
1779775380,0.03064469499855449
1779775395,0.03098050583375607
1779775410,0.03085493893293336
1779775425,0.031027448734924665
1779775440,0.03136037675264904
1779775455,0.03190315114829981
1779775470,0.03182125930941097
1779775485,0.03194523673702225
1779775500,0.032254611624504936
1779775515,0.032365591397849454
1779775530,0.03258495362910445
1779775545,0.03243223914753629
1779775560,0.03203596018693589
1779775575,0.03167196889360198
1779775590,0.031943024362726086
1779775605,0.031622932823400264
1779775620,0.0312677657760091
1779775635,0.031327963504169935
1779775650,0.030942833824207802
1779775665,0.030588235294117645
1779775680,0.030622077875727183
1779775695,0.030092258901542455
1779775710,0.029818022363516775
1779775725,0.02979269858741515
1779775740,0.02977155490051584
1779775755,0.029547553093259463
1779775770,0.029452438796486635
1779775785,0.029250865245059727
1779775800,0.029840155363011656
1779775815,0.02947845804988662
1779775830,0.029526087606518165
1779775845,0.029791829590734738
1779775860,0.02991823354308753
1779775875,0.029946844351276484
1779775890,0.029875332260117547
1779775905,0.02991949073207265
1779775920,0.02949885677873983
1779775935,0.029354573330341787
1779775950,0.029231688195325917
1779775965,0.030050457858344235
1779775980,0.030162412993039442
1779775995,0.030611100728835734
1779776010,0.030345853477129044
1779776025,0.030384700583327175
1779776040,0.02990667940333603
1779776055,0.030100579986785118
1779776070,0.030060046865846516
1779776085,0.030359355638166042
1779776100,0.029668603164163837
1779776115,0.029723679864959086
1779776130,0.02970767936194344
1779776145,0.029661016949152543
1779776160,0.029495509965685916
1779776175,0.029550524814394907
1779776190,0.029561522400087914
1779776205,0.029761037447180536
1779776220,0.029931429815332148
1779776235,0.03045943588252399
1779776250,0.030363855333746945
1779776265,0.02972461022876293
1779776280,0.029909354471723736
1779776295,0.030367102912762935
1779776310,0.03066656942823804
1779776325,0.029911252328256824
1779776340,0.03012202719044304
1779776355,0.029667575735239923
1779776370,0.02960998784664678
1779776385,0.02992673992673993
1779776400,0.030066366003006637
1779776415,0.030073800738007386
1779776430,0.030352958406561218
1779776445,0.03035143769968051
1779776460,0.030145184528427352
1779776475,0.02983258352385869
1779776490,0.02979481280843011
1779776505,0.029721062052505968
1779776520,0.029188055003934205
1779776535,0.02947752850860848
1779776550,0.029488712812079532
1779776565,0.02938339393039994
1779776580,0.029422649888971135
1779776595,0.02901181963021972
1779776610,0.029144981412639402
1779776625,0.029649297488660256
1779776640,0.029531794909846407
1779776655,0.029877569358643153
1779776670,0.029749981452630015
1779776685,0.029531000111578092
1779776700,0.029944341372912804
1779776715,0.030107765803799577
1779776730,0.02998210023866348
1779776745,0.03006516587677725
1779776760,0.029815080327929122
1779776775,0.03018271387081357
1779776790,0.02984312294782926
1779776805,0.030024959624137426
1779776820,0.030080677545358304
1779776835,0.030322885952458956
1779776850,0.030023932119805644
1779776865,0.030330781347302105
1779776880,0.030623708911680498
1779776895,0.03043588535816515
1779776910,0.0306340967659976
1779776925,0.029499274310595062
1779776940,0.029841546103919647
1779776955,0.02998842425119375
1779776970,0.029646481060195715
1779776985,0.028946227233304422
1779777000,0.02916125306770608
1779777015,0.029219252883954727
1779777030,0.0292279345352072
1779777045,0.0291427741888655
1779777060,0.028718171296296297
1779777075,0.02918266593527153
1779777090,0.029461034231609614
1779777105,0.029886737303617097
1779777120,0.0297538742023701
1779777135,0.029719257201345228
1779777150,0.029700783924036654
1779777165,0.029861085791373466
1779777180,0.02960598723310588
1779777195,0.029473221159133395
1779777210,0.029988635113832162
1779777225,0.030904193360512523
1779777240,0.03052650889745001
1779777255,0.0307274860662951
1779777270,0.03170607122008173
1779777285,0.031825364742199845
1779777300,0.03137644375781652
1779777315,0.03130287648054146
1779777330,0.03186274509803922
1779777345,0.03208241353936719
1779777360,0.0325176121616611
1779777375,0.03192426243945398
1779777390,0.03191093238010128
1779777405,0.03213519710080615
1779777420,0.03253182461103253
1779777435,0.0330265696897729
1779777450,0.032700967003764674
1779777465,0.03261675315048184
1779777480,0.032951606944957516
1779777495,0.03287467460022313
1779777510,0.032024371215217146
1779777525,0.031300813008130084
1779777540,0.030909962745748955
1779777555,0.030353569046030687
1779777570,0.02955390334572491
1779777585,0.029430274312368117
1779777600,0.02879299469407444
1779777615,0.0287609799488529
1779777630,0.02880995862994298
1779777645,0.02865919904094706
1779777660,0.028500481802683268
1779777675,0.02863000931966449
1779777690,0.028461076946152696
1779777705,0.028248164243968227
1779777720,0.027979623941868304
1779777720,0.027979623941868304
1779777735,0.02794002753078611
1779777750,0.028249430906444755
1779777765,0.027893375323360704
1779777780,0.02807581591835209
1779777795,0.027754949570414647
1779777810,0.028002837620878913
1779777825,0.028444745049411944
1779777840,0.029207440053783524
1779777855,0.02939306682622191
1779777870,0.029364455915909176
1779777885,0.029032258064516127
1779777900,0.029337929484057102
1779777915,0.029105174668410234
1779777930,0.028963813943045317
1779777945,0.029101818863678977
1779777960,0.029059893572857303
1779777975,0.029013757169096974
1779777990,0.028623812018259368
1779778005,0.028583186800853005
1779778020,0.02867222097125272
1779778035,0.029080429656798534
1779778050,0.02860331039613167
1779778065,0.02901296482038709
1779778080,0.029641010267556025
1779778095,0.029777317452097364
1779778110,0.029586453683550375
1779778125,0.02934654050857481
1779778140,0.029228470425307046
1779778155,0.02975230836875275
1779778170,0.030219578468091358
1779778185,0.030289695636230296
1779778200,0.030568485870322182
1779778215,0.03036378216811256
1779778230,0.029620679554774453
1779778245,0.029667649521313386
1779778260,0.02933217880723022
1779778275,0.02943298225364305
1779778290,0.029155147032422533
1779778305,0.028823802882380293
1779778320,0.028830430145751866
1779778335,0.027898215935745256
1779778350,0.027889153035517866
1779778365,0.02761243968583806
1779778380,0.026928343222272933
1779778395,0.02660472972972973
1779778410,0.026587732511297153
1779778425,0.026324977306054043
1779778440,0.026176744828538868
1779778455,0.025778918881410033
1779778470,0.026051282051282047
1779778485,0.025860299651091195
1779778500,0.026103672726046342
1779778515,0.025711692938527205
1779778530,0.025914684988159957
1779778545,0.025778661365142477
1779778560,0.025873689055462404
1779778575,0.026076948372245973
1779778590,0.026067038745685063
1779778605,0.026319176319176317
1779778620,0.02608890024268744
1779778635,0.02644506826591808
1779778650,0.026474203410129533
1779778665,0.026714688380833074
1779778680,0.027193607334221197
1779778695,0.027707808564231735
1779778710,0.027584947022287178
1779778725,0.02920473266437023
1779778740,0.031232488866605717
1779778755,0.031496288653884735
1779778770,0.03160869816000462
1779778785,0.033664428015125016
1779778800,0.03367594217431269
1779778815,0.03399061557367892
1779778830,0.034070465804987404
1779778845,0.034184479747151296
1779778860,0.03412931464347055
1779778875,0.03440335155231252
1779778890,0.034273858921161825
1779778905,0.034396393387877776
1779778920,0.03458822220986488
1779778935,0.0346989966555184
1779778950,0.03496738430527171
1779778965,0.03458697112155809
1779778980,0.03429200417713302
1779778995,0.03405703357894145
1779779010,0.033515132675841414
1779779025,0.03292287379086656
1779779040,0.030957858869441128
1779779055,0.030619262625960587
1779779070,0.02939408511661457
1779779085,0.02843072088947973
1779779100,0.028674268775899094
1779779115,0.02834942026346142
1779779130,0.028435160589229652
1779779145,0.02834655167214499
1779779160,0.028123865973146246
1779779175,0.028342649947121924
1779779190,0.02839774995463618
1779779205,0.028660398464189617
1779779220,0.028986386101088505
1779779235,0.029173861674088884
1779779250,0.028780472995537206
1779779265,0.028792644568110332
1779779280,0.029456747828214853
1779779295,0.029079453548602065
1779779310,0.02885022053048154
1779779325,0.028960403561552252
1779779340,0.028895644583571627
1779779355,0.029256203342702573
1779779370,0.029058539529269765
1779779385,0.028823493866698892
1779779400,0.029724770642201834
1779779415,0.03400831513773816
1779779430,0.03634719710669078
1779779445,0.03954258200421306
1779779460,0.042297458482429585
1779779475,0.04734259037586785
1779779490,0.05187049051112594
1779779505,0.05494472751109919
1779779520,0.05530856975723896
1779779535,0.05836690287864977
1779779550,0.061563265062399244
1779779565,0.06649029982363315
1779779580,0.06830199764982374
1779779595,0.07037480646197891
1779779610,0.07031410689624777
1779779625,0.07000529007229765
1779779640,0.07003627141635457
1779779655,0.07043718607899664
1779779670,0.07030235030116924
1779779685,0.06996607344800905
1779779700,0.06571277159512454
1779779715,0.06456407360066586
1779779730,0.06239193942645919
1779779745,0.05913464411641666
1779779760,0.053525429820883
1779779775,0.051359607997338255
1779779790,0.04768375913510901
1779779805,0.04454581636714325
1779779820,0.04391150658215504
1779779835,0.03988011499174261
1779779850,0.03712104956625693
1779779865,0.03315747500153365
1779779880,0.029759528270016277
1779779895,0.030165250384120913
1779779910,0.03047278995321349
1779779925,0.030642382476002955
1779779940,0.030915061024719658
1779779955,0.031259671928195606
1779779970,0.03104104042696767
1779779985,0.03135085292761641
1779780000,0.03200438917337235
1779780015,0.03166925253262755
1779780030,0.03160787906550618
1779780045,0.031352177234530175
1779780060,0.03128265011369922
1779780075,0.031170943259848212
1779780090,0.030642704843131283
1779780105,0.0303951367781155
1779780120,0.030390081644995463
1779780135,0.02976616559293725
1779780150,0.029584738931844642
1779780165,0.029608804880966625
1779780180,0.029392417174979067
1779780195,0.029679893789644488
1779780210,0.029566457670935724
1779780225,0.02964840411423182
1779780240,0.0292774881446791
1779780255,0.029050411007336262
1779780270,0.029386699579770196
1779780285,0.028928529515315105
1779780300,0.029335281227173122
1779780315,0.02991290067157395
1779780330,0.030142257462686565
1779780345,0.03017216393252565
1779780360,0.03060271894509598
1779780375,0.030730463998146326
1779780390,0.031204332502363968
1779780405,0.03142766442526911
1779780420,0.03182434576877579
1779780435,0.03224688934438061
1779780450,0.03193962177518868
1779780465,0.03152155392741523
1779780480,0.031805929919137464
1779780495,0.031462585034013606
1779780510,0.032087986847326944
1779780525,0.03194165700879102
1779780540,0.0326254056824005
1779780555,0.03303746136176729
1779780570,0.033029775329013106
1779780585,0.03296827687692786
1779780600,0.03257867008400968
1779780615,0.03224158483283192
1779780630,0.031655821090619755
1779780645,0.03158194503773316
1779780660,0.03139828943255761
1779780675,0.030748663101604276
1779780690,0.03067206661191198
1779780705,0.030704257504851045
1779780720,0.030869651968189724
1779780735,0.030911636145473244
1779780750,0.031604191052616554
1779780765,0.031265336759144315
1779780780,0.03178239083750895
1779780795,0.03215600552231938
1779780810,0.031579248740265686
1779780825,0.03128843128843129
1779780840,0.030887041676155774
1779780855,0.03096715432344737
1779780870,0.030325359936515132
1779780885,0.0302360508940463
1779780900,0.03048937448159483
1779780915,0.030839390052729086
1779780930,0.03081746793966443
1779780945,0.030807094967325806
1779780960,0.031012154947177097
1779780975,0.03135238956050164
1779780990,0.03091960901655695
1779781005,0.030616336350097376
1779781020,0.03024153208517936
1779781035,0.0296086508753862
1779781050,0.029264094104145745
1779781065,0.028690991429963602
1779781080,0.028529521727876678
1779781095,0.02797403641794474
1779781110,0.027720266850701634
1779781125,0.028286045165026058
1779781140,0.02802183367874135
1779781155,0.027764788403086275
1779781170,0.027904227017440143
1779781185,0.03127322453105027
1779781200,0.03192058491351126
1779781215,0.03785470387377841
1779781230,0.04033801489856609
1779781245,0.04383993461953825
1779781260,0.04537844744030311
1779781275,0.04511035454332003
1779781290,0.045032333921222814
1779781305,0.0452062037363412
1779781320,0.04526527066295198
1779781335,0.04573462550849485
1779781350,0.04621016623657204
1779781365,0.04675011310511235
1779781380,0.046755437729710185
1779781395,0.04704074252651881
1779781410,0.046929890406845816
1779781425,0.046300160992188893
1779781440,0.046484883333837726
1779781455,0.046706012762515355
1779781470,0.04600876929545318
1779781485,0.04381694255111977
1779781500,0.039361509160166876
1779781515,0.036639425831549104
1779781530,0.033242175630507444
1779781545,0.029491597791942423
1779781560,0.02921869752389094
1779781575,0.029252636405318663
1779781590,0.029738641914997557
1779781605,0.02993993625888698
1779781620,0.030210923827945102
1779781635,0.03010987676804468
1779781650,0.02981742560934585
1779781665,0.029537540472845014
1779781680,0.02920514157744578
1779781695,0.02941902059948193
1779781710,0.02922360248447205
1779781725,0.02957423038728898
1779781740,0.029826276129520445
1779781755,0.029701441847540835
1779781770,0.02964726249729496
1779781785,0.029661800036961745
1779781800,0.029587254721043246
1779781815,0.029169875250269522
1779781830,0.028607618400321295
1779781845,0.028556401212796238
1779781860,0.0284534048521841
1779781875,0.028174603174603175
1779781890,0.0284440344403444
1779781905,0.028157463094587203
1779781920,0.02809548239128467
1779781935,0.027934828864976592
1779781950,0.027663810787981174
1779781965,0.027805422358937237
1779781980,0.02749151218339693
1779781995,0.02710563401397259
1779782010,0.027525131641933938
1779782025,0.027461387083308485
1779782040,0.027688903507460456
1779782055,0.027739664737815424
1779782070,0.02782947797571568
1779782085,0.027927954837360734
1779782100,0.027859806114839677
1779782115,0.027182498286191174
1779782130,0.027461447212336895
1779782145,0.027295359788835894
1779782160,0.027533138958189308
1779782175,0.027509361033941297
1779782190,0.027118027118027115
1779782205,0.026755547438590085
1779782220,0.026635994914946427
1779782235,0.027289156626506026
1779782250,0.02728529358735501
1779782265,0.027189064420396297
1779782280,0.029127379736952733
1779782295,0.030000900927955793
1779782310,0.02992541113740527
1779782325,0.02939124632230277
1779782340,0.02924582964837913
1779782355,0.028933808957590172
1779782370,0.028375973986134114
1779782385,0.028187549733733244
1779782400,0.028342065753592546
1779782415,0.02873774509803921
1779782430,0.028563556208670095
1779782445,0.02853552381536198
1779782460,0.02841847659834812
1779782475,0.028071465784070364
1779782490,0.028433705534199768
1779782505,0.028217882584131666
1779782520,0.02818503150453358
1779782535,0.027929493545183714
1779782550,0.02818612183879407
1779782565,0.028331978235036588
1779782580,0.02600428157662763
1779782595,0.025820637662949588
1779782610,0.02583538626744994
1779782625,0.02645552816233643
1779782640,0.026705296970460417
1779782655,0.027074898785425103
1779782670,0.027444253859348202
1779782685,0.027300303336703743
1779782700,0.027037319116527035
1779782715,0.02793721262089742
1779782730,0.02780768987141319
1779782745,0.028029756112872346
1779782760,0.027944550969729358
1779782775,0.028439758845996026
1779782790,0.028421816346487494
1779782805,0.028423446184941893
1779782820,0.028514068822735973
1779782835,0.028249827553771863
1779782850,0.028258973080757727
1779782865,0.028031574367580338
1779782880,0.02718697984094692
1779782895,0.02672179708713898
1779782910,0.02643158345046752
1779782925,0.02617817058625646
1779782940,0.026022418374515136
1779782955,0.025571190800423665
1779782970,0.025485620776387163
1779782985,0.025368821292775665
1779783000,0.025069469614594657
1779783015,0.02491502791939791
1779783030,0.02488090542221683
1779783045,0.024692482915717538
1779783060,0.02494130560722017
1779783075,0.024603823894797438
1779783090,0.02488818571819758
1779783105,0.02526156178923427
1779783120,0.024530587522713507
1779783135,0.024506819288845596
1779783150,0.024038608387550016
1779783165,0.024318529862174584
1779783180,0.025095991399170636
1779783195,0.025325770351065462
1779783210,0.025256902315216045
1779783225,0.02474513145851087
1779783240,0.02511005022010044
1779783255,0.025163065318866116
1779783270,0.02551303383250138
1779783285,0.02570458092352887
1779783300,0.025876486149542372
1779783315,0.026348541420028536
1779783330,0.02632454839783352
1779783345,0.026180698151950715
1779783360,0.02641203981292721
1779783375,0.02651253565530701
1779783390,0.026188400132295016
1779783405,0.02643171806167401
1779783420,0.027002700270027002
1779783435,0.027161162245082117
1779783450,0.027806909777364934
1779783465,0.028174874431598655
1779783480,0.028375907026134156
1779783495,0.029016814572629616
1779783510,0.02949948324228555
1779783525,0.029839281493736707
1779783540,0.030062544253009204
1779783555,0.030228854547599382
1779783570,0.030366338090333973
1779783585,0.031131516587677727
1779783600,0.03132322842820277
1779783615,0.031907007087151204
1779783630,0.03188242614595989
1779783645,0.032011967090501116
1779783660,0.03209905870475399
1779783675,0.031980027343517806
1779783690,0.03174086673568999
1779783705,0.032063238298250286
1779783720,0.031576455269154514
1779783735,0.03156704650263307
1779783750,0.031019290307216008
1779783765,0.030611024751883296
1779783780,0.03064746488931207
1779783795,0.030397040837633865
1779783810,0.03016352276464082
1779783825,0.030911579197905513
1779783840,0.030698228375762988
1779783855,0.02975958803628634
1779783870,0.03075174249902779
1779783885,0.03053890429751573
1779783900,0.030169129971049827
1779783915,0.030071110039773412
1779783930,0.03016641452344932
1779783945,0.02960645083644241
1779783960,0.02924870388684108
1779783975,0.029543743412136725
1779783990,0.02964391155028017
1779784005,0.03005981903988938
1779784020,0.029913377094385997
1779784035,0.029451771246081972
1779784050,0.029243747225099898
1779784065,0.029093588798820926
1779784080,0.029014844804318488
1779784095,0.02890122477751344
1779784110,0.029152979821679966
1779784125,0.028715024688455208
1779784140,0.02880658436213992
1779784155,0.028924410094267813
1779784170,0.028988063738460634
1779784185,0.02859575467543525
1779784200,0.029008392549054008
1779784215,0.02883424730231735
1779784230,0.028891700255965165
1779784245,0.029331981995409425
1779784260,0.029476371408216573
1779784275,0.029316637488501825
1779784290,0.029456126341939493
1779784305,0.02981794422500074
1779784320,0.03050938178357965
1779784335,0.030548333727251242
1779784350,0.03040250791115843
1779784365,0.030699025098527274
1779784380,0.0311587147030185
1779784395,0.031163988280209533
1779784410,0.030967818337922254
1779784425,0.03120078447686685
1779784440,0.03038641339724244
1779784455,0.03001664289110794
1779784470,0.029977123503372057
1779784485,0.029619726678550208
1779784500,0.0288370720188902
1779784515,0.029184549356223177
1779784530,0.029067348273197405
1779784545,0.029369755400821283
1779784560,0.029232424677187945
1779784575,0.028658297962009693
1779784590,0.02817888259306647
1779784605,0.027781162422322408
1779784620,0.02752857318422023
1779784635,0.027330692088646774
1779784650,0.026968247063940846
1779784665,0.027124203620765782
1779784680,0.026194242328377092
1779784695,0.026258832516391876
1779784710,0.02613229273285568
1779784725,0.025940915899168235
1779784740,0.0262204699169792
1779784755,0.02612819043981924
1779784770,0.026030919653344333
1779784785,0.02610548748002131
1779784800,0.026018240879560218
1779784815,0.025713312060472754
1779784830,0.02587113944420375
1779784845,0.025359412599494046
1779784860,0.02544771985968367
1779784875,0.02560337707625952
1779784890,0.025408017506002495
1779784905,0.025779738878143135
1779784920,0.02545257387270701
1779784935,0.025702046644455023
1779784950,0.02559767455656404
1779784965,0.025664142324798658
1779784980,0.026172591234399956
1779784995,0.025969805300322037
1779785010,0.025743217311723205
1779785025,0.0258681785967399
1779785040,0.026152665446602514
1779785055,0.026431066122062395
1779785070,0.026358607224210868
1779785085,0.02617152961980548
1779785100,0.026807906261095985
1779785115,0.02702303166484345
1779785130,0.02708112563287413
1779785145,0.027627222922098845
1779785160,0.02759023819962005
1779785175,0.027709126857209318
1779785190,0.028167381476759012
1779785205,0.028379084208693634
1779785220,0.028233256351039262
1779785235,0.028260119595216193
1779785250,0.02922274417130177
1779785265,0.029126778595745917
1779785280,0.02878626983899205
1779785295,0.02901700490469617
1779785310,0.029107111856952726
1779785325,0.028796649117193637
1779785340,0.028527688638973123
1779785355,0.028671410927483387
1779785370,0.028624601205246368
1779785385,0.028498937927779088
1779785400,0.02843475950039862
1779785415,0.028212331805411796
1779785430,0.028197501487209994
1779785445,0.028173642855008812
1779785460,0.028332934418382
1779785475,0.02804354998350379
1779785490,0.027741877310570765
1779785505,0.027562264150943396
1779785520,0.027432555319793876
1779785535,0.027241284319427014
1779785550,0.027185533630643292
1779785565,0.027725190839694658
1779785580,0.02840265662779665
1779785595,0.028535791427093792
1779785610,0.02836191745954791
1779785625,0.028648435843856943
1779785640,0.028756203940442173
1779785655,0.028947447855353314
1779785670,0.02899861337191777
1779785685,0.029099251388553488
1779785700,0.029451260452908502
1779785715,0.031092310016618822
1779785730,0.031059462722607907
1779785745,0.03145032654166792
1779785760,0.03152248823899559
1779785775,0.031744609687630654
1779785790,0.03188310524114026
1779785805,0.03193855460988702
1779785820,0.03218602989340797
1779785835,0.03311356177748869
1779785850,0.03294173209752642
1779785865,0.03298319945861653
1779785880,0.0327499414656989
1779785895,0.03254481125179099
1779785910,0.0329752090711586
1779785925,0.032779222296882765
1779785940,0.03268701306308945
1779785955,0.03294268555769343
1779785970,0.032582110412299095
1779785985,0.03259380192997289
1779786000,0.030922447083418025
1779786015,0.030604570436794907
1779786030,0.0321734568980591
1779786045,0.036074116965836706
1779786060,0.040190360117233974
1779786075,0.04475402699172834
1779786090,0.047588424437299034
1779786105,0.05393822964385991
1779786120,0.05381048210692099
1779786135,0.053323165366340124
1779786150,0.05326313931943178
1779786165,0.053100457156253666
1779786180,0.053547167582255306
1779786195,0.0528103044496487
1779786210,0.05247121553921425
1779786225,0.0519674434945544
1779786240,0.05211821225797059
1779786255,0.05142257462686567
1779786270,0.05178910471739448
1779786285,0.05193518302634647
1779786300,0.05221309302941956
1779786315,0.05096992774263184
1779786330,0.05041504614848784
1779786345,0.0433729959550031
1779786360,0.04086114723305881
1779786375,0.035004841407235705
1779786390,0.028401486988847584
1779786405,0.027917541186279864
1779786420,0.027654772448075883
1779786435,0.029901578780269576
1779786450,0.030409897670116204
1779786465,0.03028283296626869
1779786480,0.0301054705609643
1779786495,0.030490281404119524
1779786510,0.030971128608923888
1779786525,0.031137724550898208
1779786540,0.030943197755960734
1779786555,0.0312591465199321
1779786570,0.030503512880562064
1779786585,0.03031014348170535
1779786600,0.03008595988538682
1779786615,0.029767793749636267
1779786630,0.030157843684782925
1779786645,0.030389252295327213
1779786660,0.03050569048457116
1779786675,0.03111417523455532
1779786690,0.031703545086842734
1779786705,0.0316622691292876
1779786720,0.02999847258286238
1779786735,0.029674833228633818
1779786750,0.029945553539019964
1779786765,0.030062858704564085
1779786780,0.029776750410608916
1779786795,0.02982107355864811
1779786810,0.029771527926059235
1779786825,0.02968154807252781
1779786840,0.029443173150266972
1779786855,0.029417177914110432
1779786870,0.029437043403523853
1779786885,0.030207755378829908
1779786900,0.030465949820788527
1779786915,0.030602417124926215
1779786930,0.03021475719731011
1779786945,0.029876543209876545
1779786960,0.029380674045516728
1779786975,0.02851026866042067
1779786990,0.02848314262987212
1779787005,0.02866212875064864
1779787020,0.02895594190542886
1779787035,0.02817721907097961
1779787050,0.028072421360643744
1779787065,0.027694929697486152
1779787080,0.027915215930609003
1779787095,0.02808012439403641
1779787110,0.028333536659753567
1779787125,0.02885523629604802
1779787140,0.029183586884053578
1779787155,0.030098804586484507
1779787170,0.030488921442959165
1779787185,0.030613811527005864
1779787200,0.03065871924193795
1779787215,0.03051643192488263
1779787230,0.030513429563310802
1779787245,0.030585146973535607
1779787260,0.030431339100767642
1779787275,0.030415339377603524
1779787290,0.03042162228269178
1779787305,0.035276825085742286
1779787320,0.03831440888942862
1779787335,0.04027166920982557
1779787350,0.04336188436830835
1779787365,0.048460627590290115
1779787380,0.049740358247272305
1779787395,0.05270042439393059
1779787410,0.05667602010990296
1779787425,0.05807848604395929
1779787440,0.06401714168305499
1779787455,0.06598493949427174
1779787470,0.06852547854208547
1779787485,0.07195224434205569
1779787500,0.07243709561466571
1779787515,0.07240851457123877
1779787530,0.07277227722772277
1779787545,0.07274208566108008
1779787560,0.07279392511128567
1779787575,0.07302524901552004
1779787590,0.06992221261884182
1779787605,0.06568496724447793
1779787620,0.0626072789689582
1779787635,0.0621220128001879
1779787650,0.05609040211329616
1779787665,0.05350314724395552
1779787680,0.05079076318183152
1779787695,0.04759129193017223
1779787710,0.04419646779720587
1779787725,0.040050858232676415
1779787740,0.03562986451426924
1779787755,0.03231137451561432
1779787770,0.029245521779477514
1779787785,0.025840384175623142
1779787800,0.026150244012525036
1779787815,0.026611735886872285
1779787830,0.026474027058627028
1779787845,0.026043944031482285
1779787860,0.02626823808624828
1779787875,0.02612209940315285
1779787890,0.0259035500427716
1779787905,0.025705312607215435
1779787920,0.025777661110381937
1779787935,0.025512717467396095
1779787950,0.025677419354838707
1779787965,0.025770149790601476
1779787980,0.025927535861310698
1779787995,0.025833163991058727
1779788010,0.025745461859506213
1779788025,0.02551314503395905
1779788040,0.025356301896145742
1779788055,0.025214433599526766
1779788070,0.02567654479790234
1779788085,0.025308533807294663
1779788100,0.024364458868072973
1779788115,0.02462788875832354
1779788130,0.025252401789424794
1779788145,0.025171905697445967
1779788160,0.02538966767963925
1779788175,0.025315216060717353
1779788190,0.025367221907831607
1779788205,0.026129960878872132
1779788220,0.026368122560212124
1779788235,0.02663194359138147
1779788250,0.0267598724552367
1779788265,0.02727518228463408
1779788280,0.02762650752206888
1779788295,0.027807669731950695
1779788310,0.028428964798690184
1779788325,0.028747280996638324
1779788340,0.0297725466825586
1779788355,0.03039900249376559
1779788370,0.030194230433590145
1779788385,0.030724104501727606
1779788400,0.031008330225040407
1779788415,0.030536258683592384
1779788430,0.03030077056922694
1779788445,0.030666336388407232
1779788460,0.030794933173748252
1779788475,0.03065362892189794
1779788490,0.030822942643391523
1779788505,0.03019569422463386
1779788520,0.03072851020922612
1779788535,0.03060764062970019
1779788550,0.029803743733151936
1779788565,0.029511088709677422
1779788580,0.02984208667574795
1779788595,0.02935253247407109
1779788610,0.029373368146214104
1779788625,0.029204051370981927
1779788640,0.028508053336021976
1779788655,0.028023970188337192
1779788670,0.02869245121274772
1779788685,0.028877762605573256
1779788700,0.029422208694769955
1779788715,0.029855300968898605
1779788730,0.029354356257446323
1779788745,0.029382609358716928
1779788760,0.02915178684497125
1779788775,0.029332588378707846
1779788790,0.02949353012535382
1779788805,0.02914994339816816
1779788820,0.02915021021786215
1779788835,0.02949096037953584
1779788850,0.028998398861412564
1779788865,0.029080343607882763
1779788880,0.02944978077400715
1779788895,0.029789406509253352
1779788910,0.02912916719482824
1779788925,0.0288550086974317
1779788940,0.028551179507947763
1779788955,0.033506467053671454
1779788970,0.04298083673522452
1779788985,0.043101794766406354
1779789000,0.04350966399907549
1779789015,0.08060012046213655
1779789030,0.09760983507587608
1779789045,0.11493873962969066
1779789060,0.12066101250327883
1779789075,0.12673292002866132
1779789090,0.13316798941798944
1779789105,0.18932889434028388
1779789120,0.20642605633802816
1779789135,0.22664093828202728
1779789150,0.23736507936507936
1779789165,0.2647058823529411
1779789180,0.2830888228337648
1779789195,0.30064890710382514
1779789210,0.3366756652526032
1779789225,0.3489213364903973
1779789240,0.3720729134239562
1779789255,0.37767836119613846
1779789270,0.3815815815815816
1779789285,0.38158158158158156
1779789300,0.3815815815815816
1779789315,0.3867818907004408
1779789330,0.39102017618641655
1779789345,0.3818030743664313
1779789360,0.38180307436643124
1779789375,0.3818030743664312
1779789390,0.38180307436643124
1779789405,0.38039564347632804
1779789420,0.38173173173173175
1779789435,0.3808796758470844
1779789450,0.3981552948440877
1779789465,0.3964441788368879
1779789480,0.4016741735361604
1779789495,0.40163532297628785
1779789510,0.3998126288176878
1779789525,0.40545022803512865
1779789540,0.40621165644171786
1779789555,0.40752106998900695
1779789570,0.407521069989007
1779789585,0.4049603577963001
1779789600,0.4031748508132143
1779789615,0.40147535486755337
1779789630,0.39692307692307693
1779789645,0.3724602695634681
1779789660,0.3724602695634681
1779789675,0.37168369537219886
1779789690,0.3672388386634275
1779789705,0.36723883866342744
1779789720,0.36503255044419664
1779789735,0.36503255044419664
1779789750,0.3548430149144172
1779789765,0.3473151029596769
1779789780,0.3353721019597797
1779789795,0.33382745330566266
1779789810,0.31602248108260855
1779789825,0.29723978599221795
1779789840,0.29053899270216316
1779789855,0.2622050193532276
1779789870,0.25650568601388274
1779789885,0.24083723909056506
1779789900,0.22508130313231015
1779789915,0.2136528280858178
1779789930,0.19601447289074062
1779789945,0.16886328590963312
1779789960,0.1603232676240922
1779789975,0.14225387099445228
1779789990,0.12445143661505341
1779790005,0.11980767714983842
1779790020,0.09609280945605778
1779790035,0.09280402220592855
1779790050,0.08327911515940144
1779790065,0.07015596230910863
1779790080,0.05861774744027304
1779790095,0.05708672160672379
1779790110,0.05328214762177026
1779790125,0.044958968347010554
1779790140,0.04426206311023065
1779790155,0.039116682626737474
1779790170,0.03501068122478044
1779790185,0.03095245384686036
1779790200,0.02882035417784652
1779790215,0.02747917007024996
1779790230,0.026905074586658587
1779790245,0.027005531253389246
1779790260,0.02690962635744524
1779790275,0.026206007281553395
1779790290,0.02634915603455108
1779790305,0.02594214165882401
1779790320,0.0260038240917782
1779790335,0.026430946963066686
1779790350,0.025910237923576065
1779790365,0.02550925060736311
1779790380,0.025524965002333175
1779790395,0.026518758331746328
1779790410,0.026972255729794937
1779790425,0.02738798025742766
1779790440,0.027705124479318027
1779790455,0.027916203009337653
1779790470,0.027679822230810103
1779790485,0.02807879400857294
1779790500,0.028432598864620417
1779790515,0.02883783523983466
1779790530,0.02918297337778422
1779790545,0.029404675825500125
1779790560,0.029743343727512597
1779790575,0.02939770554493308
1779790590,0.030023314459723085
1779790605,0.030715433323882428
1779790620,0.031267579223701485
1779790635,0.031558739523341296
1779790650,0.031480961736364485
1779790665,0.03140849657996371
1779790680,0.03127194419736904
1779790695,0.030389094007384265
1779790710,0.03025440128380611
1779790725,0.030596271524121248
1779790740,0.030413567672556728
1779790755,0.030814730013356235
1779790770,0.030856273475015454
1779790785,0.03059952038369305
1779790800,0.03041291944686201
1779790815,0.03049844840961986
1779790830,0.03048341414238395
1779790845,0.02972002871500359
1779790860,0.02936362761143738
1779790875,0.029048830844576757
1779790890,0.028557599225556632
1779790905,0.027882589307590532
1779790920,0.027973059338282286
1779790935,0.027626478237401244
1779790950,0.0269356971448161
1779790965,0.026877008472100495
1779790980,0.02699422245958149
1779790995,0.027799453765119
1779791010,0.027569165172731232
1779791025,0.02752383280371547
1779791040,0.026843357118586476
1779791055,0.026720529543463448
1779791070,0.026815101645692157
1779791085,0.026701494703236104
1779791100,0.026518804243008676
1779791115,0.026456798392498326
1779791130,0.025969029527748388
1779791145,0.026248982133448288
1779791160,0.026852743022136673
1779791175,0.026814943192759483
1779791190,0.026508095715718584
1779791205,0.026279457272078078
1779791220,0.02628189840209874
1779791235,0.026241844072962806
1779791250,0.0269988137603796
1779791265,0.026859013904047834
1779791280,0.026477451307205108
1779791295,0.026678141135972458
1779791310,0.0262592504177608
1779791325,0.026125997038735253
1779791340,0.026023911269025785
1779791355,0.02538167938931298
1779791370,0.025876940770557796
1779791385,0.025898595572482745
1779791400,0.026266774917617842
1779791415,0.02668471429952625
1779791430,0.0269996625042187
1779791445,0.02669125497427934
1779791460,0.026627793974732746
1779791475,0.026972880527730267
1779791490,0.027052238805970148
1779791505,0.02745309890973382
1779791520,0.027234671263235654
1779791535,0.0275824502327424
1779791550,0.02741211852290095
1779791565,0.02720188207616527
1779791580,0.026787463271302648
1779791595,0.026682362173827738
1779791610,0.02705095416092858
1779791625,0.027643400138217002
1779791640,0.028114017961733694
1779791655,0.028715636791297107
1779791670,0.0288934829690884
1779791685,0.02874357961280127
1779791700,0.028287086969310715
1779791715,0.028213166144200625
1779791730,0.028447350444032397
1779791745,0.02831251530737203
1779791760,0.028398259934503147
1779791775,0.02886073472582302
1779791790,0.028366038469011076
1779791805,0.02807637559515044
1779791820,0.02809043750611726
1779791835,0.027883825448219206
1779791850,0.028146651270207854
1779791865,0.028291883555041447
1779791880,0.028365709867594468
1779791895,0.028338918142651985
1779791910,0.02795480880648899
1779791925,0.027330878077146736
1779791940,0.027373240465637327
1779791955,0.02658357271532207
1779791970,0.026087378170004363
1779791985,0.02636847502319449
1779792000,0.02583438746715968
1779792015,0.02551044919529186
1779792030,0.02496016994158258
1779792045,0.02496371552975326
1779792060,0.024644866050147773
1779792075,0.02465871947702365
1779792090,0.025099582473484667
1779792105,0.025140999904406842
1779792120,0.025187592601443386
1779792135,0.025170298082032947
1779792150,0.02495888555673793
1779792165,0.02461553341715833
1779792180,0.023825798261888485
1779792195,0.024351200582100413
1779792210,0.024103981764392064
1779792225,0.024155981366757912
1779792240,0.023647523433411047
1779792255,0.023682822762356778
1779792270,0.023608124253285546
1779792285,0.023340348192079585
1779792300,0.02322018480394504
1779792315,0.023879306202853987
1779792330,0.024125042473666324
1779792345,0.024199806013579052
1779792360,0.024090557275541796
1779792375,0.024064429012345682
1779792390,0.02409696735561136
1779792405,0.024358353510895884
1779792420,0.024024024024024024
1779792435,0.024298609416930957
1779792450,0.024480820913755193
1779792465,0.024998781735782856
1779792480,0.02527005229972139
1779792495,0.02465807147409187
1779792510,0.024807860686837237
1779792525,0.02502677962800662
1779792540,0.025567907201546638
1779792555,0.026168313069908813
1779792570,0.026451765821284664
1779792585,0.026940164476793645
1779792600,0.027069160997732423
1779792615,0.026644966286910016
1779792630,0.02618067440677182
1779792645,0.025586452597973437
1779792660,0.025352243233222098
1779792675,0.025010401738246032
1779792690,0.024553981975354053
1779792705,0.025024105789981172
1779792720,0.02487811545997175
1779792735,0.024827712108073566
1779792750,0.024724264705882352
1779792765,0.02456172388604821
1779792780,0.024590163934426226
1779792795,0.025139155032393466
1779792810,0.025047818562710624
1779792825,0.025103258375401557
1779792840,0.02485970038495431
1779792855,0.024470279392462026
1779792870,0.02454364891705287
1779792885,0.02490375932702818
1779792900,0.025044125363736104
1779792915,0.025301204819277112
1779792930,0.025999130140627262
1779792945,0.026787884680830376
1779792960,0.027294071610252397
1779792975,0.02764458361874939
1779792990,0.027726070343881654
1779793005,0.02744810744810745
1779793020,0.027886688884532444
1779793035,0.028183562048103884
1779793050,0.028308355372710352
1779793065,0.02847027585189556
1779793080,0.028770963458417353
1779793095,0.028367748279252702
1779793110,0.028527938721398412
1779793125,0.02884947883218891
1779793140,0.02912192969554346
1779793155,0.029332943526774836
1779793170,0.02928321678321678
1779793185,0.02947834882712779
1779793200,0.028949784930646177
1779793215,0.028654545454545457
1779793230,0.02863383826392516
1779793245,0.027857109415234796
1779793260,0.027282562679335813
1779793275,0.026545316647705732
1779793290,0.02616626080313231
1779793305,0.02585092632485997
1779793320,0.02570273392375818
1779793335,0.0255001205109665
1779793350,0.025785346610862563
1779793365,0.025908739365815933
1779793380,0.025743239998078864
1779793395,0.02542413154017963
1779793410,0.02516706952936158
1779793425,0.02485768500948766
1779793440,0.02469666571128308
1779793455,0.02490312824874775
1779793470,0.02469311341769752
1779793485,0.025075082232921767
1779793500,0.02524677296886864
1779793515,0.02553934759004862
1779793530,0.02529776083849452
1779793545,0.02561010899971062
1779793560,0.026241575450504276
1779793575,0.026700996519334382
1779793590,0.02669317052392446
1779793605,0.026950023353573098
1779793620,0.02710533694737826
1779793635,0.027298180121325247
1779793650,0.026900855095909403
1779793665,0.026849972319616163
1779793680,0.027353064945995226
1779793695,0.0272515165655623
1779793710,0.02762019901422859
1779793725,0.027252685398001776
1779793740,0.028114146249882666
1779793755,0.027267142384575397
1779793770,0.027258603643896234
1779793785,0.027493185449760316
1779793800,0.027503162629433538
1779793815,0.027589453860640302
1779793830,0.02789236827301706
1779793845,0.028259443246789764
1779793860,0.028770583832335335
1779793875,0.02856743405722808
1779793890,0.028798364996051838
1779793905,0.02890280677337045
1779793920,0.028821123094087017
1779793935,0.029097052750140788
1779793950,0.02995402405609994
1779793965,0.029543754674644727
1779793980,0.029763860851603215
1779793995,0.02990237892142925
1779794010,0.029219858156028365
1779794025,0.028662870052242672
1779794040,0.028638497652582164
1779794055,0.02900372439478585
1779794070,0.029229406554472984
1779794085,0.029092101564695966
1779794100,0.029059586350513512
1779794115,0.029118373551206535
1779794130,0.028170349995257513
1779794145,0.027866842700867596
1779794160,0.02860254771037552
1779794175,0.028552393642333678
1779794190,0.02864945144444976
1779794205,0.028311863103249377
1779794220,0.02813531747930523
1779794235,0.027714176683838965
1779794250,0.027422739412438002
1779794265,0.02748384007661001
1779794280,0.028231015838078376
1779794295,0.028869132970079335
1779794310,0.028978530855877534
1779794325,0.029522795469944824
1779794340,0.02925804718409612
1779794355,0.029660184639560005
1779794370,0.0286150512214342
1779794385,0.028919929175683656
1779794400,0.028757724684930173
1779794415,0.029182119851649424
1779794430,0.02951939497438399
1779794445,0.02949061662198392
1779794460,0.02902743623125513
1779794475,0.02908547173451669
1779794490,0.02898830804908687
1779794505,0.028647730031561056
1779794520,0.028677150786308975
1779794535,0.0287486462538151
1779794550,0.028464308618223074
1779794565,0.028157248157248158
1779794580,0.027647087355095308
1779794595,0.02781614670159562
1779794610,0.027771206888394757
1779794625,0.028073983202793244
1779794640,0.028262598848907406
1779794655,0.028455092088442782
1779794670,0.028105125327347553
1779794685,0.028042624789680313
1779794700,0.027653249020810722
1779794715,0.028069342199002614
1779794730,0.027871421110108728
1779794745,0.027154719862556076
1779794760,0.02712581762216237
1779794775,0.027473851641201138
1779794790,0.027699757869249393
1779794805,0.027921953094963477
1779794820,0.027906090766226965
1779794835,0.027543377263676873
1779794850,0.027472527472527472
1779794865,0.026972740315638448
1779794880,0.027241160072382257
1779794895,0.026295171873469785
1779794910,0.026331448973519786
1779794925,0.02588724446864327
1779794940,0.025496868373033485
1779794955,0.025922477581222132
1779794970,0.026410801721153367
1779794985,0.026178268586077698
1779795000,0.026744014551890273
1779795015,0.026803310997240835
1779795030,0.02744788843443552
1779795045,0.027701510100019613
1779795060,0.027142018779342723
1779795075,0.02665104700541807
1779795090,0.026519390783903463
1779795105,0.026709139916687087
1779795120,0.027086383601756952
1779795135,0.02780076926822143
1779795150,0.028140313424870212
1779795165,0.02877940609332819
1779795180,0.02841155757078771
1779795195,0.028653017762935
1779795210,0.028109729546664085
1779795225,0.02848517310220577
1779795240,0.028147141609240024
1779795255,0.027518885509663492
1779795270,0.027481662591687037
1779795285,0.027921857579136164
1779795300,0.027099236641221373
1779795315,0.026403584024401867
1779795330,0.02603171570500573
1779795345,0.02616489182286898
1779795360,0.02643214615421991
1779795375,0.026676384839650145
1779795390,0.026735641075227225
1779795405,0.02631198496458002
1779795420,0.02626233313987231
1779795435,0.025875411104662415
1779795450,0.025479252608590148
1779795465,0.02491379729007819
1779795480,0.025772191367046667
1779795495,0.025535817725429618
1779795510,0.025329135661133373
1779795525,0.025157232704402514
1779795540,0.02541617819460727
1779795555,0.025084238113066266
1779795570,0.025055991041433367
1779795585,0.024467282670186687
1779795600,0.024121657052962767
1779795615,0.02452303176632107
1779795630,0.024767216524081866
1779795645,0.024523287798964986
1779795660,0.024091919940696812
1779795675,0.024049579132365186
1779795690,0.023786519438693348
1779795705,0.023914238592633315
1779795720,0.02422066709079342
1779795735,0.024303363693750565
1779795750,0.024889530165028404
1779795765,0.024535450117265017
1779795780,0.024332987224053085
1779795795,0.024386945546339703
1779795810,0.024766544863987005
1779795825,0.025201386076234195
1779795840,0.02491874322860238
1779795855,0.02536493061812939
1779795870,0.025663037093932136
1779795885,0.02600704822233127
1779795900,0.02684114153007905
1779795915,0.026696973748718638
1779795930,0.026666666666666665
1779795945,0.026549466319849314
1779795960,0.02713819466177851
1779795975,0.02740710787617379
1779795990,0.02744694188233187
1779796005,0.026983270372369132
1779796020,0.026836222111598862
1779796035,0.026739179696351693
1779796050,0.02652232746955345
1779796065,0.0262728755209277
1779796080,0.026366966668174213
1779796095,0.026561085972850677
1779796110,0.026782862618059042
1779796125,0.026495804450930315
1779796140,0.026226080632698514
1779796155,0.02543221110100091
1779796170,0.02549252097774535
1779796185,0.025115091845571813
1779796200,0.025197853179295914
1779796215,0.02548031066902848
1779796230,0.025677213749146367
1779796245,0.026090519989072032
1779796260,0.02579880577966179
1779796275,0.02559672652875654
1779796290,0.025031743152548525
1779796305,0.0252715785646107
1779796320,0.025025025025025027
1779796335,0.0250463402504634
1779796350,0.025335927249694613
1779796365,0.025924925735889816
1779796380,0.026234360285214583
1779796395,0.025808780399765377
1779796410,0.02582477014602488
1779796425,0.02628745738381482
1779796440,0.026785714285714288
1779796455,0.027349290780141842
1779796470,0.02706438380595684
1779796485,0.027212717230230367
1779796500,0.02703664176449662
1779796515,0.026884365913665845
1779796530,0.026784117331425505
1779796545,0.026566910084673625
1779796560,0.026436832938864823
1779796575,0.026293431113893484
1779796590,0.02650765076507651
1779796605,0.027309128537364467
1779796620,0.027876895628902765
1779796635,0.02737275248233295
1779796650,0.027473506100276074
1779796665,0.02728904847396768
1779796680,0.02722695067064748
1779796695,0.027563642882753675
1779796710,0.02748139514032099
1779796725,0.026589543538696078
1779796740,0.026575244241283495
1779796755,0.026443581140738123
1779796770,0.027077085905803492
1779796785,0.02786700234395347
1779796800,0.027780189252539285
1779796815,0.028218163019128044
1779796830,0.028239415559448026
1779796845,0.02806068545831044
1779796860,0.027828370536659753
1779796875,0.027905626736327075
1779796890,0.027486965589155372
1779796905,0.026902669540706352
1779796920,0.02698781195589089
1779796935,0.027451306117363676
1779796950,0.02713530480753346
1779796965,0.0275890637945319
1779796980,0.0273553684386913
1779796995,0.026966104524962436
1779797010,0.027030388458189957
1779797025,0.027283313924471805
1779797040,0.026846483488782456
1779797055,0.02715883292693181
1779797070,0.026498715086152418
1779797085,0.02626681329836731
1779797100,0.026341546448785058
1779797115,0.026423376511597887
1779797130,0.026523605150214593
1779797145,0.026542511530763202
1779797160,0.027214163635566856
1779797175,0.026955251626610017
1779797190,0.028163374265883608
1779797205,0.02816838533994018
1779797220,0.02786570957242855
1779797235,0.028201695671575183
1779797250,0.028013962230376797
1779797265,0.027467075590835284
1779797280,0.028125696456429684
1779797295,0.02857653152348634
1779797310,0.02844638949671772
1779797325,0.028987455197132615
1779797340,0.028913931666142863
1779797355,0.02905514639841926
1779797370,0.029032981826340593
1779797385,0.0286202093723323
1779797400,0.029086991650956098
1779797415,0.029206179600195895
1779797430,0.029411764705882356
1779797445,0.02930935695711578
1779797460,0.02879500593484855
1779797475,0.028975948643538665
1779797490,0.028367239565064883
1779797505,0.028290016054150213
1779797520,0.02841326817454482
1779797535,0.02826285764055219
1779797550,0.028556705457980846
1779797565,0.02848374827109267
1779797580,0.02786056757807438
1779797595,0.028631979585658062
1779797610,0.028624551390150042
1779797625,0.028385034131167376
1779797640,0.02827752431781011
1779797655,0.02813453030368112
1779797670,0.028530854634650143
1779797685,0.028331081375582965
1779797700,0.027960598966385437
1779797715,0.028017527552781838
1779797730,0.0273785380477912
1779797745,0.0271813714639869
1779797760,0.026997317856043618
1779797775,0.026718558684624808
1779797790,0.02648165980915697
1779797805,0.026542887029288705
1779797820,0.027271935174697223
1779797835,0.027052846411046945
1779797850,0.027431956727054185
1779797865,0.027751605995717344
1779797880,0.02790058805854831
1779797895,0.02804497456286606
1779797910,0.02848904763954039
1779797925,0.028599690349217274
1779797940,0.02912621359223301
1779797955,0.029312191986286696
1779797970,0.028784648187633263
1779797985,0.0287867819273517
1779798000,0.029030740946598826
1779798015,0.029436860068259386
1779798030,0.029950295254683717
1779798045,0.030109450193773684
1779798060,0.031075731131071475
1779798075,0.03125677374604414
1779798090,0.03123779773525966
1779798105,0.031313967161708985
1779798120,0.03159215822045268
1779798135,0.031217481789802295
1779798150,0.03082784897817804
1779798165,0.03047079524483928
1779798180,0.030437377440532012
1779798195,0.03004511022214657
1779798210,0.03018237862830722
1779798225,0.029249754472863917
1779798240,0.02905237973169273
1779798255,0.02913867613709298
1779798270,0.02951760774569446
1779798285,0.029828517935407008
1779798300,0.029476724430852873
1779798315,0.029361337333904843
1779798330,0.029608682995799895
1779798345,0.028976521164021166
1779798360,0.028482328482328487
1779798375,0.028398490941503256
1779798390,0.02828459551778722
1779798405,0.02807883834790978
1779798420,0.027868990485812917
1779798435,0.02764898549491684
1779798450,0.027551980833404637
1779798465,0.028171440878742196
1779798480,0.028313253012048192
1779798495,0.027724214766251015
1779798510,0.027940110054173954
1779798525,0.027775385410386703
1779798540,0.027978378378378375
1779798555,0.028050002177795196
1779798570,0.02762671307374375
1779798585,0.02710345427651614
1779798600,0.027031778822908883
1779798615,0.027610619469026546
1779798630,0.027379458684352036
1779798645,0.027642130728909996
1779798660,0.02804573061807789
1779798675,0.028103463707151163
1779798690,0.02835555555555555
1779798705,0.028315813017222094
1779798720,0.02896933446413427
1779798735,0.02922048997772829
1779798750,0.0289738430583501
1779798765,0.028806584362139915
1779798780,0.02903616077429762
1779798795,0.028975074237379644
1779798810,0.029540827866998416
1779798825,0.02989929596292665
1779798840,0.030002690824289177
1779798855,0.030207313817955335
1779798870,0.03049459110537328
1779798885,0.030553702468312207
1779798900,0.030554070906823445
1779798915,0.03042623536770619
1779798930,0.030414869491751526
1779798945,0.03031388528186988
1779798960,0.030247438364132625
1779798975,0.030342300473679508
1779798990,0.030248306997742662
1779799005,0.029654036243822075
1779799020,0.02921830954405119
1779799035,0.029058834064654784
1779799050,0.02933679173561111
1779799065,0.0292909448115735
1779799080,0.029129678369094886
1779799095,0.0293604260842322
1779799110,0.029292614521657837
1779799125,0.02916778164302917
1779799140,0.02898422657181991
1779799155,0.029101588572954206
1779799170,0.0288
1779799185,0.029058383766464937
1779799200,0.028784030655438223
1779799215,0.02842861605748204
1779799230,0.02925860547219771
1779799245,0.02971873341588537
1779799260,0.029374032293740325
1779799275,0.029279379651499626
1779799290,0.029266337030602704
1779799305,0.029872040661643413
1779799320,0.03012616172046873
1779799320,0.03012616172046873
1779799335,0.0304421465501872
1779799350,0.030284080757548692
1779799365,0.031079341117968298
1779799380,0.030903116952313296
1779799395,0.031212854941668502
1779799410,0.03102667672777309
1779799425,0.03035179473425417
1779799440,0.029922308546059935
1779799455,0.029735143556643664
1779799470,0.029328496859240907
1779799485,0.02953529937444146
1779799500,0.02969498813096252
1779799515,0.030232349511079212
1779799530,0.02963230644141296
1779799545,0.02928284152017714
1779799560,0.029750953556203722
1779799575,0.029825903099554633
1779799590,0.030282607718919892
1779799605,0.030839002267573693
1779799620,0.030666787461496647
1779799635,0.03102420520231214
1779799650,0.03106568817252712
1779799665,0.0307587460245343
1779799680,0.030246857762908037
1779799695,0.030311255881288454
1779799710,0.030509853552702946
1779799725,0.031416473159404455
1779799740,0.03172082047558541
1779799755,0.03272989932734414
1779799770,0.0331969076853115
1779799785,0.03326553672316384
1779799800,0.033933675089597604
1779799815,0.03329412829096174
1779799830,0.03321561089007108
1779799845,0.032869503166532865
1779799860,0.03303195774773968
1779799875,0.032508707689559706
1779799890,0.031533747819474885
1779799905,0.03127091046973279
1779799920,0.03073138000447327
1779799935,0.02991529201961659
1779799950,0.03008720266630142
1779799965,0.030129944309581613
1779799980,0.03042433947157726
1779799995,0.03095238095238095
1779800010,0.03086145648312611
1779800025,0.030509858826274643
1779800040,0.03057364341085271
1779800055,0.029662711638448205
1779800070,0.02966554945446766
1779800085,0.028647214854111404
1779800100,0.02734181397654056
1779800115,0.02779030948299197
1779800130,0.02674441986728333
1779800145,0.027811366384522373
1779800160,0.029386236825790453
1779800175,0.029964664310954063
1779800190,0.030590887135726934
1779800205,0.03080160704036732
1779800220,0.03158650394831299
1779800235,0.03253012048192771
1779800250,0.03241812768772742
1779800265,0.03066884176182708
1779800280,0.02893368010403121
1779800295,0.027272727272727275
1779800310,0.02763496143958869
1779800325,0.02849905003166561
1779800340,0.028712565606668725
1779800355,0.027727546714888484
1779800370,0.02930622009569378
1779800385,0.02957872721840454
1779800400,0.03055721989215099
1779800415,0.030375223347230494
1779800430,0.029997029997029998
1779800445,0.02934131736526946
1779800460,0.028001191540065536
1779800475,0.027926322043969103
1779800490,0.02829907655644921
1779800505,0.02891708468574801
1779800520,0.03031194820482637
1779800535,0.03002040221509764
1779800550,0.030364372469635626
1779800565,0.030939871570344425
1779800580,0.032011747430249635
1779800595,0.03064903846153846
1779800610,0.030018192844147966
1779800625,0.02799377916018662
1779800640,0.0282574568288854
1779800655,0.02817803394172271
1779800670,0.027760051052967458
1779800685,0.02870662460567823
1779800700,0.030544066178810055
1779800715,0.031120990790727214
1779800730,0.030988534242330334
1779800745,0.03190519598906107
1779800760,0.031892057651027296
1779800775,0.033867553674024796
1779800790,0.0331225534477567
1779800805,0.03352289733612691
1779800820,0.03257918552036199
1779800835,0.032575291948371235
1779800850,0.032595325953259535
1779800865,0.03283132530120482
1779800880,0.03147482014388489
1779800895,0.03234501347708895
1779800910,0.03238265002970886
1779800925,0.03307276007215875
1779800940,0.03294399520814615
1779800955,0.032343428403410764
1779800970,0.0312035661218425
1779800985,0.02919273160560024
1779801000,0.02707581227436823
1779801015,0.027149321266968323
1779801030,0.026258881680568426
1779801045,0.0260950605778192
1779801060,0.025945608002500783
1779801075,0.024632117722328855
1779801090,0.02527191298784389
1779801105,0.024960505529225907
1779801120,0.025467934949370975
1779801135,0.02647412755716005
1779801150,0.02604964756359179
1779801165,0.026217228464419477
1779801180,0.026143790849673203
1779801195,0.02606267452683835
1779801210,0.026121696373693916
1779801225,0.02704363859864782
1779801240,0.026691495965238985
1779801255,0.027482823235477828
1779801270,0.027624309392265192
1779801285,0.026878436163714114
1779801300,0.02844175491679274
1779801315,0.02859750532400365
1779801330,0.027956989247311825
1779801345,0.027615833077631175
1779801360,0.026952526799387446
1779801375,0.027464144034177598
1779801390,0.027658266748617086
1779801405,0.028386300524529465
1779801420,0.029126213592233007
1779801435,0.028944911297852472
1779801450,0.03010948905109489
1779801465,0.030838323353293413
1779801480,0.030949519230769232
1779801495,0.030113297555158017
1779801510,0.028925619834710745
1779801525,0.029308323563892145
1779801540,0.029454651501895596
1779801555,0.029872818692694467
1779801570,0.029949086552860136
1779801585,0.02902453620586475
1779801600,0.02879192638765212
1779801615,0.02913478516774573
1779801630,0.028496656004652517
1779801645,0.02891844997108155
1779801660,0.029595902105862267
1779801675,0.02911249293386094
1779801690,0.028895184135977334
1779801705,0.028077141236528644
1779801720,0.027825588066551922
1779801735,0.026331187829139846
1779801750,0.02514792899408284
1779801765,0.024002400240024
1779801780,0.024478694469628286
1779801795,0.024397682220189083
1779801810,0.02501525320317267
1779801825,0.024737167594310452
1779801840,0.02548357384095794
1779801855,0.024867889337892447
1779801870,0.025233644859813085
1779801885,0.025608599430920018
1779801900,0.026257513445112308
1779801915,0.025732899022801306
1779801930,0.025049439683586024
1779801945,0.0242505894240485
1779801960,0.024712254570074473
1779801975,0.0249221183800623
1779801990,0.023997134670487107
1779802005,0.02290622763063708
1779802020,0.0223342939481268
1779802035,0.02201371346084446
1779802050,0.023088023088023088
1779802065,0.022824536376604847
1779802080,0.023525153818313427
1779802095,0.02495479204339964
1779802110,0.023479188900747065
1779802125,0.022451888809693517
1779802140,0.02260685270222536
1779802155,0.022559041240747268
1779802170,0.022499134648667356
1779802185,0.02195540308747856
1779802200,0.021774991751897066
1779802215,0.022890778286461744
1779802230,0.02340702210663199
1779802245,0.023158571888066904
1779802260,0.024033777200389735
1779802275,0.023450048185030513
1779802290,0.02281368821292776
1779802305,0.022857142857142857
1779802320,0.02397476340694006
1779802335,0.02352572145545797
1779802350,0.024367674275138803
1779802365,0.02647783251231527
1779802380,0.026196928635953028
1779802395,0.026105013349154556
1779802410,0.027569673359304762
1779802425,0.028437408384637937
1779802440,0.02775343266140812
1779802455,0.030037911927675708
1779802470,0.030644694998554493
1779802485,0.032392273402674594
1779802500,0.033273915626856804
1779802515,0.03298611111111111
1779802530,0.03303218520609825
1779802545,0.032939189189189186
1779802560,0.03149606299212599
1779802575,0.03187361419068736
1779802590,0.03238306116800443
1779802605,0.03217821782178217
1779802620,0.03210757409440176
1779802635,0.032108843537414965
1779802650,0.030973451327433628
1779802665,0.02866685221263568
1779802680,0.02879133409350057
1779802695,0.028735632183908042
1779802710,0.029086678301337984
1779802725,0.028520499108734405
1779802740,0.02794292508917955
1779802755,0.027267338470657973
1779802770,0.02672209026128266
1779802785,0.026323661381992224
1779802800,0.02527743526510481
1779802815,0.025657071339173967
1779802830,0.026281635301752107
1779802845,0.02734877734877735
1779802860,0.02787682333873582
1779802875,0.02796747967479675
1779802890,0.027140549273021005
1779802905,0.026623376623376625
1779802920,0.02653997378768021
1779802935,0.026502908855850035
1779802950,0.026019916479280435
1779802965,0.026718800912349298
1779802980,0.02629016553067186
1779802995,0.026939305420318083
1779803010,0.0267014001953761
1779803025,0.026333113890717574
1779803040,0.026465661641541037
1779803055,0.026262626262626262
1779803070,0.02596089008766015
1779803085,0.02600068422853233
1779803100,0.025224602626123013
1779803115,0.026512576478585993
1779803130,0.024991669443518827
1779803145,0.02464550979068197
1779803160,0.02270416807861742
1779803175,0.023565573770491805
1779803190,0.023670668953687822
1779803205,0.025382475660639777
1779803220,0.026223776223776224
1779803235,0.025983146067415728
1779803250,0.025522864232541652
1779803265,0.024956672443674176
1779803280,0.02356202356202356
1779803295,0.0240219629375429
1779803310,0.024096385542168676
1779803325,0.02364864864864865
1779803340,0.023849512932482365
1779803355,0.02359285473542299
1779803370,0.023113528212100613
1779803385,0.022612217347283158
1779803400,0.020490426603963722
1779803415,0.020136518771331057
1779803430,0.02283571915473756
1779803445,0.022972972972972974
1779803460,0.023461407684461068
1779803475,0.023752969121140145
1779803490,0.02379333786539769
1779803505,0.02242609582059123
1779803520,0.02268111035883548
1779803535,0.022161609273781115
1779803550,0.023672641190395673
1779803565,0.024949426837491566
1779803580,0.026128266033254157
1779803595,0.026324670941613233
1779803610,0.02661725067385445
1779803625,0.02700877785280216
1779803640,0.02714477211796247
1779803655,0.026737967914438502
1779803670,0.026359143327841845
1779803685,0.026773761713520753
1779803700,0.027522935779816512
1779803715,0.026172671651937457
1779803730,0.025482093663911846
1779803745,0.026206896551724135
1779803760,0.024618585298196948
1779803775,0.02451657458563536
1779803790,0.024246622791825424
1779803805,0.024759284731774415
1779803820,0.024457457802273513
1779803835,0.024092297251442147
1779803850,0.02552048354600403
1779803865,0.02512908777969019
1779803880,0.025255972696245733
1779803895,0.02467443454420836
1779803910,0.024415405777166443
1779803925,0.025826446280991736
1779803940,0.02491228070175439
1779803955,0.02532963219986121
1779803970,0.027681660899653977
1779803985,0.02682255845942228
1779804000,0.028688524590163935
1779804015,0.02723198896932092
1779804030,0.027494908350305502
1779804045,0.027263547627061596
1779804060,0.029332434254888736
1779804075,0.029431438127090304
1779804090,0.03067282321899736
1779804105,0.030564784053156144
1779804120,0.030173827484421118
1779804135,0.03165611462845718
1779804150,0.02973605078516539
1779804165,0.030585106382978722
1779804180,0.030394121576486303
1779804195,0.030712116098548767
1779804210,0.028455284552845527
1779804225,0.027155465037338768
1779804240,0.027294438758103036
1779804255,0.0273972602739726
1779804270,0.027036276522929503
1779804285,0.027673385719166384
1779804300,0.02619938754678462
1779804315,0.029431895961670094
1779804330,0.030962912555290916
1779804345,0.03125
1779804360,0.029820399864452733
1779804375,0.029025570145127855
1779804390,0.027564549895324492
1779804405,0.027583798882681566
1779804420,0.027416520210896307
1779804435,0.026213248317392843
1779804450,0.0262597586941093
1779804465,0.026516527424627675
1779804480,0.024557602022390757
1779804495,0.025107604017216647
1779804510,0.02536620221507681
1779804525,0.025352112676056342
1779804540,0.02530755711775044
1779804555,0.025524475524475527
1779804570,0.025400139178844816
1779804585,0.024066968957098013
1779804600,0.023255813953488372
1779804615,0.01931179775280899
1779804630,0.020322354590049052
1779804645,0.019414048711613133
1779804660,0.020258470136220747
1779804675,0.021107266435986156
1779804690,0.022336769759450176
1779804705,0.023809523809523808
1779804720,0.0255084453636677
1779804735,0.025273224043715847
1779804750,0.02676151761517615
1779804765,0.025380710659898477
1779804780,0.025925925925925925
1779804795,0.02540650406504065
1779804810,0.025077293026451387
1779804825,0.02542372881355932
1779804840,0.02545579635362917
1779804855,0.025797691785471828
1779804870,0.026209677419354836
1779804885,0.027581567440296002
1779804900,0.026872690628149145
1779804915,0.026590373611578594
1779804930,0.026262626262626262
1779804945,0.026764804282368687
1779804960,0.027036048064085445
1779804975,0.02602602602602603
1779804990,0.02569235902569236
1779805005,0.023737880307589432
1779805020,0.023138832997987926
1779805035,0.021592442645074227
1779805050,0.022162525184687712
1779805065,0.021056149732620322
1779805080,0.02249076871433367
1779805095,0.02385685884691849
1779805110,0.024167210973220117
1779805125,0.023391812865497075
1779805140,0.02574831026713872
1779805155,0.024663677130044845
1779805170,0.025288791757727132
1779805185,0.025186567164179108
1779805200,0.02471066624960901
1779805215,0.026595744680851064
1779805230,0.026014245896562406
1779805245,0.025808457711442787
1779805260,0.025600999063378083
1779805275,0.026858213616489695
1779805290,0.026774595267745956
1779805305,0.027244582043343655
1779805320,0.028155940594059403
1779805335,0.02866043613707165
1779805350,0.028785982478097622
1779805365,0.028999064546304958
1779805380,0.029290035020694043
1779805395,0.02797427652733119
1779805410,0.02838499184339315
1779805425,0.028136378682555446
1779805440,0.02676480428236868
1779805455,0.02600958247775496
1779805470,0.024836150396688517
1779805485,0.0250085645769099
1779805500,0.024464831804281346
1779805515,0.022742701968771217
1779805530,0.023980815347721823
1779805545,0.024398745207389338
1779805560,0.023487544483985767
1779805575,0.02235628105039035
1779805590,0.022206303724928364
1779805605,0.022540250447227194
1779805620,0.020721686316541622
1779805635,0.02112676056338028
1779805650,0.020093290276282743
1779805665,0.021006881564650488
1779805680,0.02101139601139601
1779805695,0.020611229566453445
1779805710,0.02067998597967052
1779805725,0.02029391182645206
1779805740,0.02054317548746518
1779805755,0.021602787456445994
1779805770,0.022900763358778626
1779805785,0.02412587412587413
1779805800,0.024859943977591035
1779805815,0.02476123098691192
1779805830,0.023784167554135607
1779805845,0.024822695035460994
1779805860,0.025204117855875046
1779805875,0.024079320113314446
1779805890,0.02404526166902405
1779805905,0.02393712040014291
1779805920,0.02271920482783103
1779805935,0.022451888809693517
1779805950,0.023336816440264713
1779805965,0.02268760907504363
1779805980,0.024964838255977496
1779805995,0.02599227256761503
1779806010,0.02505292872265349
1779806025,0.025969405905371754
1779806040,0.02587734845799362
1779806055,0.023197715917202
1779806070,0.024240231548480467
1779806085,0.022637441609773625
1779806100,0.023117338003502626
1779806115,0.024305555555555556
1779806130,0.02464065708418891
1779806145,0.026237130521421455
1779806160,0.026675341574495772
1779806175,0.02777777777777778
1779806190,0.028298782494241524
1779806205,0.027696318018898665
1779806220,0.027586206896551724
1779806235,0.027275714755175814
1779806250,0.027419887677568554
1779806265,0.026220911176663392
1779806280,0.02559894978667542
1779806295,0.025448613376835235
1779806310,0.02609262883235486
1779806325,0.02632423756019262
1779806340,0.025936599423631128
1779806355,0.026573869028788357
1779806370,0.026600680482523974
1779806385,0.025990099009900992
1779806400,0.025897035881435257
1779806415,0.02603174603174603
1779806430,0.024531956100710135
1779806445,0.023094688221709007
1779806460,0.022794846382556987
1779806475,0.02130406714009038
1779806490,0.02137161084529506
1779806505,0.0221224751522924
1779806520,0.023772286518611196
1779806535,0.02442118617189978
1779806550,0.025236593059936908
1779806565,0.025117739403453687
1779806580,0.0254957507082153
1779806595,0.024020227560050567
1779806610,0.02295918367346939
1779806625,0.02387867053888351
1779806640,0.024983776768332255
1779806655,0.026533996683250415
1779806670,0.026066350710900476
1779806685,0.027560394692072134
1779806700,0.028733711994654194
1779806715,0.03075428941404985
1779806730,0.03089430894308943
1779806745,0.03085001640958319
1779806760,0.03155097974094985
1779806775,0.032408954226528564
1779806790,0.03265993265993266
1779806805,0.03185360894611996
1779806820,0.031940197077811754
1779806835,0.03061224489795918
1779806850,0.030436252959080146
1779806865,0.030717863105175287
1779806880,0.030795262267343484
1779806895,0.031621897313838826
1779806910,0.03184281842818428
1779806925,0.03154681139755766
1779806940,0.03063308373042886
1779806955,0.02983539094650206
1779806970,0.0301990391214825
1779806985,0.02903997266826102
1779807000,0.026601330066503323
1779807015,0.025204117855875046
1779807030,0.024778761061946902
1779807045,0.025849858356940508
1779807060,0.02509720749381407
1779807075,0.02443342776203966
1779807090,0.025026436376454
1779807105,0.024964838255977496
1779807120,0.02468265162200282
1779807135,0.02500893176134334
1779807150,0.0251979841612671
1779807165,0.02704652001442481
1779807180,0.025797205302758867
1779807195,0.024187725631768953
1779807210,0.025594808940158614
1779807225,0.025378921395840675
1779807240,0.024297119055883377
1779807255,0.024322446143154968
1779807270,0.02434782608695652
1779807285,0.024947294448348558
1779807300,0.025303292894280762
1779807315,0.024750773461670674
1779807330,0.024207296283668602
1779807345,0.02385008517887564
1779807360,0.024248633879781423
1779807375,0.024059640799728912
1779807390,0.02292165583304824
1779807405,0.02388963660834455
1779807420,0.02481556002682763
1779807435,0.02514058881905392
1779807450,0.025190586675505472
1779807465,0.024196221411998675
1779807480,0.02464332036316472
1779807495,0.026487900588620012
1779807510,0.026101141924959218
1779807525,0.024760647078243644
1779807540,0.024834437086092717
1779807555,0.025412541254125412
1779807570,0.025024695423114918
1779807585,0.024760647078243644
1779807600,0.026723853513691852
1779807615,0.026402640264026403
1779807630,0.027677100494233938
1779807645,0.02871287128712871
1779807660,0.029546946815495728
1779807675,0.0290603810138844
1779807690,0.029651352231997392
1779807705,0.028952504879635656
1779807720,0.028830579850988015
1779807735,0.028920308483290483
1779807750,0.029279279279279275
1779807765,0.03042071197411003
1779807780,0.03031280232183167
1779807795,0.030147530468248876
1779807810,0.030350438047559446
1779807825,0.03251015942482026
1779807840,0.03384518959573801
1779807855,0.03271469015413652
1779807870,0.03226817042606516
1779807885,0.03234924623115578
1779807900,0.031575623618566466
1779807915,0.03277655215884021
1779807930,0.031446540880503145
1779807945,0.029617834394904455
1779807960,0.03087586641461878
1779807975,0.03130990415335463
1779807990,0.030950861518825777
1779808005,0.03169014084507042
1779808020,0.0333975594091201
1779808035,0.03292046936114733
1779808050,0.032669062397909183
1779808065,0.03082978025582158
1779808080,0.03154362416107382
1779808095,0.03139013452914799
1779808110,0.031217116801122418
1779808125,0.029782761037140858
1779808140,0.029360363509262497
1779808155,0.029422066549912435
1779808170,0.02972692706533011
1779808185,0.02929155313351499
1779808200,0.02852233676975945
1779808215,0.02775850104094379
1779808230,0.0271105010295127
1779808245,0.025782055689240288
1779808260,0.026041666666666668
1779808275,0.02489481065918654
1779808290,0.023876404494382022
1779808305,0.022095509622238062
1779808320,0.023647438194195628
1779808335,0.023691654879773694
1779808350,0.025822426600636713
1779808365,0.02500880591757661
1779808380,0.024894810659186535
1779808395,0.024956672443674176
1779808410,0.024941017863161444
1779808425,0.024958402662229616
1779808440,0.025547445255474453
1779808455,0.025821596244131453
1779808470,0.02542372881355932
1779808485,0.027411167512690352
1779808500,0.026333113890717574
1779808515,0.02811376266753841
1779808530,0.02841280209013717
1779808545,0.02856204858831254
1779808560,0.028173575129533685
1779808575,0.02969657843770174
1779808590,0.03002610966057441
1779808605,0.0290603810138844
1779808620,0.028128031037827357
1779808635,0.027550016398819283
1779808650,0.0265660872417186
1779808665,0.026443082876491452
1779808680,0.024476650563607087
1779808695,0.025169409486931266
1779808710,0.025190586675505465
1779808725,0.02519893899204244
1779808740,0.025
1779808755,0.02532061821769155
1779808770,0.024300932090545936
1779808785,0.02427668772863319
1779808800,0.023728813559322035
1779808815,0.02316213494461229
1779808830,0.02271186440677966
1779808845,0.022734984730234137
1779808860,0.02224469160768453
1779808875,0.02122641509433962
1779808890,0.021176470588235293
1779808905,0.021688355021688355
1779808920,0.022134126197555334
1779808935,0.02173197234112611
1779808950,0.022024983563445105
1779808965,0.022621423819028607
1779808980,0.02237808951235805
1779808995,0.02166553825321598
1779809010,0.023549488054607513
1779809025,0.02354145342886387
1779809040,0.023613963039014373
1779809055,0.02547332185886403
1779809070,0.02558061258835409
1779809085,0.024498128615175228
1779809100,0.02601351351351351
1779809115,0.025719120135363788
1779809130,0.025675675675675674
1779809145,0.026788741946422515
1779809160,0.026612077789150458
1779809175,0.026485568760611203
1779809190,0.026005547850208043
1779809205,0.025925925925925925
1779809220,0.026439089692101743
1779809235,0.026791694574681852
1779809250,0.02694509936005389
1779809265,0.02857142857142857
1779809280,0.028862478777589136
1779809295,0.029
1779809310,0.02792553191489362
1779809325,0.027823782709506462
1779809340,0.025283630470016208
1779809355,0.0232258064516129
1779809370,0.022615535889872175
1779809385,0.023104458184184835
1779809400,0.023716699155295645
1779809415,0.023732119635890767
1779809430,0.023672424824056303
1779809445,0.023292916400765796
1779809460,0.023921938936103244
1779809475,0.02553060596739465
1779809490,0.025332097621254247
1779809505,0.0246367656348705
1779809520,0.024038461538461536
1779809535,0.025469595670168734
1779809550,0.02495321272613849
1779809565,0.026438569206842923
1779809580,0.026919547262159685
1779809595,0.026592455163883737
1779809610,0.027760449157829076
1779809625,0.02728682170542636
1779809640,0.02920854271356784
1779809655,0.030056355666875388
1779809670,0.031230674087816945
1779809685,0.030934343434343436
1779809700,0.030875866414618775
1779809715,0.03086223353483933
1779809730,0.03184713375796178
1779809745,0.03239255933290571
1779809760,0.03131052291801162
1779809775,0.030205655526992285
1779809790,0.029636711281070743
1779809805,0.029936305732484073
1779809820,0.029187817258883246
1779809835,0.028870558375634514
1779809850,0.0287746524409958
1779809865,0.026947091685836345
1779809880,0.026800670016750416
1779809895,0.02654569892473118
1779809910,0.025882352941176474
1779809925,0.02568435282189929
1779809940,0.02617267165193746
1779809955,0.026878015161957272
1779809970,0.024355806565478293
1779809985,0.02410901467505241
1779810000,0.02577319587628866
1779810015,0.026689774696707105
1779810030,0.02719665271966527
1779810045,0.0273972602739726
1779810060,0.026998223801065722
1779810075,0.02675704602211916
1779810090,0.029150373266974762
1779810105,0.028459622909996443
1779810120,0.02874595759971254
1779810135,0.027757750540735402
1779810150,0.027964601769911505
1779810165,0.028008298755186723
1779810180,0.02729693741677763
1779810195,0.02857142857142857
1779810210,0.028859060402684565
1779810225,0.02979011509817197
1779810240,0.02844564849305791
1779810255,0.02901934623082055
1779810270,0.029627163781624503
1779810285,0.02885268160217244
1779810300,0.028031070584262074
1779810315,0.028407169428474807
1779810330,0.026964047936085218
1779810345,0.0265660872417186
1779810360,0.02792553191489362
1779810375,0.02859960552268245
1779810390,0.02896642527978934
1779810405,0.02924559654370223
1779810420,0.0287300032647731
1779810435,0.029421379535796016
1779810450,0.03019363308171972
1779810465,0.029639609296059282
1779810480,0.02911646586345382
1779810495,0.031116934163118243
1779810510,0.02976774615636245
1779810525,0.02969004893964111
1779810540,0.02972884678209736
1779810555,0.03003591250408097
1779810570,0.029459901800327336
1779810585,0.02875816993464052
1779810600,0.02785971812520485
1779810615,0.028914879792072776
1779810630,0.02848818387827776
1779810645,0.03017521090201168
1779810660,0.02981205443940376
1779810675,0.029018584936419956
1779810690,0.029706167258637388
1779810705,0.029884318766066835
1779810720,0.030645161290322583
1779810735,0.031149646756583174
1779810750,0.029411764705882353
1779810765,0.03140019224607498
1779810780,0.02990897269180754
1779810795,0.029201817001946788
1779810810,0.02965135223199739
1779810825,0.031411917098445596
1779810840,0.03085001640958319
1779810855,0.03098220171390903
1779810870,0.032151143520053035
1779810885,0.03268405414328161
1779810900,0.03307138179436804
1779810915,0.03209794837855724
1779810930,0.0316622691292876
1779810945,0.030989670109963344
1779810960,0.029619656681252104
1779810975,0.030383091149273442
1779810990,0.03088042049934297
1779811005,0.031987075928917606
1779811020,0.032612205360025834
1779811035,0.03221649484536083
1779811050,0.032028469750889674
1779811065,0.03131052291801162
1779811080,0.030631780472239946
1779811095,0.029731457800511507
1779811110,0.029505076142131974
1779811125,0.027566539923954376
1779811140,0.026967701473816247
1779811155,0.02605147520401758
1779811170,0.02700156985871272
1779811185,0.02667085032946345
1779811200,0.02560050568900126
1779811215,0.026081424936386773
1779811230,0.02530844669408415
1779811245,0.02614173228346457
1779811260,0.026907249129471355
1779811275,0.025978191148171906
1779811290,0.024422012373819604
1779811305,0.022156084656084655
1779811320,0.022645224811289794
1779811335,0.022494211048627193
1779811350,0.022420046158918565
1779811365,0.0225613802256138
1779811380,0.023561090541905083
1779811395,0.02300405953991881
1779811410,0.022681110358835476
1779811425,0.022335025380710662
1779811440,0.023735810113519093
1779811455,0.024373730534867973
1779811470,0.024712254570074477
1779811485,0.02447314751869477
1779811500,0.024827586206896547
1779811515,0.02523332181126858
1779811530,0.02524735585124531
1779811545,0.026953258273626747
1779811560,0.026825127334465196
1779811575,0.027313076135199725
1779811590,0.026494565217391308
1779811605,0.025885558583106268
1779811620,0.026146010186757218
1779811635,0.025606008876749742
1779811650,0.025204359673024524
1779811665,0.02302742973247545
1779811680,0.023415977961432508
1779811695,0.024229837313949464
1779811710,0.026111503175723357
1779811725,0.027316735822959886
1779811740,0.026170798898071626
1779811755,0.02626970227670753
1779811770,0.025137741046831957
1779811785,0.02589779005524862
1779811800,0.02655771195097038
1779811815,0.027852348993288593
1779811830,0.028201725282017254
1779811845,0.026768010575016522
1779811860,0.025906735751295335
1779811875,0.02663284717818643
1779811890,0.027213012198936508
1779811905,0.027531645569620254
1779811920,0.026854219948849106
1779811935,0.028389154704944183
1779811950,0.030977734753146177
1779811965,0.033693579148124604
1779811980,0.034375
1779811995,0.03275109170305677
1779812010,0.034214618973561435
1779812025,0.03462385898646522
1779812040,0.03277655215884021
1779812055,0.03277655215884021
1779812070,0.03414479924122668
1779812085,0.03372573973910277
1779812100,0.03390914907229687
1779812115,0.03159609120521173
1779812130,0.03233256351039261
1779812145,0.03217247097844112
1779812160,0.03331067301155676
1779812175,0.03259726603575184
1779812190,0.032994032994032994
1779812205,0.033575631706472826
1779812220,0.03311486719558468
1779812235,0.03070624360286591
1779812250,0.028816466552315612
1779812265,0.026014568158168574
1779812280,0.026866713189113746
1779812295,0.027444253859348202
1779812310,0.025815217391304345
1779812325,0.026181570894253655
1779812340,0.025170068027210883
1779812355,0.02655771195097038
1779812370,0.025440976933514246
1779812385,0.026530612244897958
1779812400,0.025745257452574524
1779812415,0.02487394957983193
1779812430,0.02563237774030354
1779812445,0.026146010186757218
1779812460,0.02589105581708137
1779812475,0.02551020408163265
1779812490,0.024556616643929063
1779812505,0.024804621134896367
1779812520,0.02585315408479835
1779812535,0.024810475534114404
1779812550,0.02618883528600965
1779812565,0.026388888888888885
1779812580,0.026462395543175487
1779812595,0.023962804005722465
1779812610,0.025432709290003533
1779812625,0.025901295064753235
1779812640,0.026545581557806498
1779812655,0.02541782729805014
1779812670,0.024730059212817828
1779812685,0.02464422075668171
1779812700,0.02485329651363479
1779812715,0.02576601671309192
1779812730,0.024558976132826007
1779812745,0.02494021182097711
1779812760,0.024166099387338325
1779812775,0.023769100169779286
1779812790,0.024381868131868132
1779812805,0.024720623095157466
1779812820,0.024890682811974433
1779812835,0.025320729237002022
1779812850,0.02553626149131767
1779812865,0.025606469002695417
1779812880,0.026192075218267295
1779812895,0.028286189683860232
1779812910,0.02652519893899204
1779812925,0.02645679839249833
1779812940,0.026755852842809364
1779812955,0.026881720430107524
1779812970,0.02744708994708995
1779812985,0.0262982689747004
1779813000,0.025537634408602152
1779813015,0.024890682811974433
1779813030,0.024439918533604887
1779813045,0.025230139788612344
1779813060,0.026057529610829105
1779813075,0.027036276522929503
1779813090,0.02694300518134715
1779813105,0.027900646478394013
1779813120,0.028078484438430314
1779813135,0.028263795423956933
1779813150,0.02863802863802864
1779813165,0.02861952861952862
1779813180,0.027448322602507624
1779813195,0.02661596958174905
1779813210,0.025614399446175145
1779813225,0.02619938754678462
1779813240,0.025894378194207836
1779813255,0.025508445363667698
1779813270,0.026243093922651933
1779813285,0.026306680512287985
1779813300,0.026306798770071745
1779813315,0.027350427350427354
1779813330,0.027269589230238176
1779813345,0.027472527472527476
1779813360,0.02719449225473322
1779813375,0.024914675767918087
1779813390,0.024872231686541738
1779813405,0.022390630382363073
1779813420,0.022799017888460192
1779813435,0.02244039270687237
1779813450,0.022664835164835168
1779813465,0.02227553118574366
1779813480,0.023576961940047155
1779813495,0.02413677505866577
1779813510,0.025008336112037347
1779813525,0.025384101536406144
1779813540,0.026078234704112337
1779813555,0.026150281363786828
1779813570,0.026806145799280815
1779813585,0.027275714755175814
1779813600,0.027888446215139445
1779813615,0.0274798927613941
1779813630,0.026622296173044922
1779813645,0.02616571620261657
1779813660,0.026043405676126875
1779813675,0.027208599261001006
1779813690,0.029646902065289808
1779813705,0.029627163781624506
1779813720,0.02899033655448184
1779813735,0.028399599064483794
1779813750,0.029321513808387323
1779813765,0.030075187969924814
1779813780,0.028202514441046555
1779813795,0.028164116828929067
1779813810,0.028492008339124398
1779813825,0.02803083391730904
1779813840,0.027719298245614032
1779813855,0.028272251308900525
1779813870,0.02700781805259417
1779813885,0.02624212736179146
1779813900,0.02677942212825934
1779813915,0.026732325008793526
1779813930,0.02749383151216073
1779813945,0.02821869488536155
1779813960,0.028361344537815126
1779813975,0.02500880591757661
1779813990,0.025114962858153515
1779814005,0.026019690576652602
1779814020,0.026361429066944157
1779814035,0.027673385719166384
1779814050,0.025517241379310343
1779814065,0.026487788097695218
1779814080,0.02860096485182633
1779814095,0.027146250424160166
1779814110,0.02658839779005525
1779814125,0.025218914185639228
1779814140,0.024884464984002843
1779814155,0.024390243902439025
1779814170,0.025204117855875043
1779814185,0.02490217004624689
1779814200,0.024053767244428727
1779814215,0.02428180574555404
1779814230,0.025
1779814245,0.0245520902455209
1779814260,0.024509803921568627
1779814275,0.02455795677799607
1779814290,0.025516795865633074
1779814305,0.024287564766839378
1779814320,0.023491027732463293
1779814335,0.0230794592812397
1779814350,0.023494374586366645
1779814365,0.02314659510231466
1779814380,0.022734984730234137
1779814395,0.024398508980006776
1779814410,0.024857238831037957
1779814425,0.025564409030544487
1779814440,0.025446133509583607
1779814455,0.025163398692810455
1779814470,0.02459016393442623
1779814485,0.024108322324966975
1779814500,0.023333333333333334
1779814515,0.022895622895622896
1779814530,0.024348422496570644
1779814545,0.024755927475592746
1779814560,0.024877365101611773
1779814575,0.02503526093088857
1779814590,0.02399435426958363
1779814605,0.024285714285714285
1779814620,0.024686940966010738
1779814635,0.024691358024691357
1779814650,0.023206751054852322
1779814665,0.02169421487603306
1779814680,0.022161609273781115
1779814695,0.020682523267838673
1779814710,0.020883259157822662
1779814725,0.01991074493649159
1779814740,0.022252653200958573
1779814755,0.024088093599449415
1779814770,0.024108658743633278
1779814785,0.023712737127371274
1779814800,0.024373730534867976
1779814815,0.025736539112766677
1779814830,0.024757443961191034
1779814845,0.0241773002014775
1779814860,0.023737880307589432
1779814875,0.023934426229508192
1779814890,0.024119947848761408
1779814905,0.02397149335924846
1779814920,0.02242152466367713
1779814935,0.02305475504322766
1779814950,0.024832855778414518
1779814965,0.025541545425153574
1779814980,0.025806451612903226
1779814995,0.0267014001953761
1779815010,0.027287319422150885
1779815025,0.026611093299134338
1779815040,0.026434558349451964
1779815055,0.026222078342505666
1779815070,0.02694805194805195
1779815085,0.027516995791518294
1779815100,0.029402261712439415
1779815115,0.028384991843393145
1779815130,0.02764227642276423
1779815145,0.027604337824515282
1779815160,0.02744310575635877
1779815175,0.026865671641791045
1779815190,0.027415580073553995
1779815205,0.028197381671701917
1779815220,0.029044241810199257
1779815235,0.02832764505119454
1779815250,0.027269589230238176
1779815265,0.027177700348432057
1779815280,0.028262386601535242
1779815295,0.02728226652675761
1779815310,0.027373527373527374
1779815325,0.027691242644513673
1779815340,0.02649006622516556
1779815355,0.026708289975719737
1779815370,0.025649913344887348
1779815385,0.02493074792243767
1779815400,0.024593003117422928
1779815415,0.024134312696747113
1779815430,0.02473005921281783
1779815445,0.02542668059909439
1779815460,0.02637972926067338
1779815475,0.026704146170063246
1779815490,0.027503526093088856
1779815505,0.02735882146615223
1779815520,0.028452463566967387
1779815535,0.028660220994475138
1779815550,0.0293015332197615
1779815565,0.028685790527018015
1779815580,0.028448561032087333
1779815595,0.02865612648221344
1779815610,0.028371161548731646
1779815625,0.029639609296059282
1779815640,0.029481531684174857
1779815655,0.027983816587997305
1779815670,0.027967257844474767
1779815685,0.02696163152436917
1779815700,0.02600958247775496
1779815715,0.026333789329685366
1779815730,0.02636986301369863
1779815745,0.027266530334015
1779815760,0.02846492714334124
1779815775,0.026937146657798474
1779815790,0.026052104208416835
1779815805,0.02512562814070352
1779815820,0.026154891304347828
1779815835,0.026440677966101694
1779815850,0.02701789935832489
1779815865,0.027388109552438214
1779815880,0.027424094025465234
1779815895,0.027850589777195286
1779815910,0.028201725282017254
1779815925,0.02901934623082055
1779815940,0.03015241882041086
1779815955,0.030342577487765088
1779815970,0.03022339027595269
1779815985,0.030403172504957034
1779816000,0.030917553191489363
1779816015,0.031373844121532365
1779816030,0.02975206611570248
1779816045,0.029845851098720892
1779816060,0.028361695028361694
1779816075,0.02876254180602007
1779816090,0.029048414023372292
1779816105,0.02798134576948701
1779816120,0.027529021558872303
1779816135,0.02518223989396951
1779816150,0.025395778364116096
1779816165,0.0250501002004008
1779816180,0.02358490566037736
1779816195,0.023904382470119525
1779816210,0.022402597402597403
1779816225,0.02220812182741117
1779816240,0.021175726927939318
1779816255,0.0209178894786138
1779816270,0.021205695243865494
1779816285,0.021479713603818614
1779816300,0.021681804863756225
1779816315,0.020138089758342925
1779816330,0.020361342127903644
1779816345,0.0195356738391846
1779816360,0.020792902689215412
1779816375,0.021739130434782608
1779816390,0.022174148188209845
1779816405,0.02329842931937173
1779816420,0.023225469728601254
1779816435,0.023852735286492094
1779816450,0.02245470783363103
1779816465,0.024
1779816480,0.024276606179499755
1779816495,0.024514563106796117
1779816510,0.025012141816415735
1779816525,0.02443154329946783
1779816540,0.02513291445142581
1779816555,0.026070318105716337
1779816570,0.02534395365677046
1779816585,0.02550529355149182
1779816600,0.025665859564164648
1779816615,0.02688555793480847
1779816630,0.02703343609200854
1779816645,0.027777777777777776
1779816660,0.028604923798358734
1779816675,0.026894293732460245
1779816690,0.026056338028169018
1779816705,0.02594951639537627
1779816720,0.026581118240146653
1779816735,0.02653854953099977
1779816750,0.027027027027027025
1779816765,0.024918490917559388
1779816780,0.024592102151808938
1779816795,0.024875621890547265
1779816810,0.024459078080903106
1779816825,0.024047619047619047
1779816840,0.023871425194989363
1779816855,0.023741690408357073
1779816870,0.0233325477256658
1779816885,0.02293144208037825
1779816900,0.02371916508538899
1779816915,0.022248803827751195
1779816930,0.022025377064879097
1779816945,0.02117930204572804
1779816960,0.021775949673360755
1779816975,0.022308438409311345
1779816990,0.022119591638308216
1779817005,0.02328461729006688
1779817020,0.022227835311947462
1779817035,0.02204205725867748
1779817050,0.02185380557648832
1779817065,0.021917808219178082
1779817080,0.02132463622679378
1779817095,0.02255825483391175
1779817110,0.02214566929133858
1779817125,0.02276064610866373
1779817140,0.023387493845396356
1779817155,0.024205378973105134
1779817170,0.024975984630163307
1779817185,0.024507448342143204
1779817200,0.02475601047369674
1779817215,0.02458820720935784
1779817230,0.02340577979460234
1779817245,0.02315035799522673
1779817260,0.023117254528122022
1779817275,0.023080546396608573
1779817290,0.021856639247943593
1779817305,0.021296512988532645
1779817320,0.022041763341067284
1779817335,0.021950092421441775
1779817350,0.022700949733611305
1779817365,0.023026315789473683
1779817380,0.023573785950023574
1779817395,0.024705882352941178
1779817410,0.02355410447761194
1779817425,0.023803912326184302
1779817440,0.022662889518413595
1779817455,0.02166666666666667
1779817470,0.022010271460014674
1779817485,0.022510398825544408
1779817500,0.02180376610505451
1779817515,0.021657953696788648
1779817530,0.023284617290066877
1779817545,0.023561507936507936
1779817560,0.02386934673366834
1779817575,0.025076765609007165
1779817590,0.026262626262626262
1779817605,0.02691823899371069
1779817620,0.02644170234197935
1779817635,0.027527527527527528
1779817650,0.026413231300913356
1779817665,0.025458996328029376
1779817680,0.02612942612942613
1779817695,0.02564102564102564
1779817710,0.024987751102400785
1779817725,0.025140346595069564
1779817740,0.025622254758418745
1779817755,0.024837231733783455
1779817770,0.024477186311787073
1779817785,0.025163094128611372
1779817800,0.02590919895412408
1779817815,0.025180694800652832
1779817830,0.02474900770487976
1779817845,0.023727251785302925
1779817860,0.024162297697743335
1779817875,0.022949329697795954
1779817890,0.0223728813559322
1779817905,0.02121350364963504
1779817920,0.02185294787161393
1779817935,0.021459227467811155
1779817950,0.02179899036255163
1779817965,0.022927281148679944
1779817980,0.0231077576043386
1779817995,0.02358490566037736
1779818010,0.024026125495684628
1779818025,0.023671385472267346
1779818040,0.023859649122807018
1779818055,0.02346316283435007
1779818070,0.02421984163949697
1779818085,0.0236165779115536
1779818100,0.023607609443043777
1779818115,0.024113146301878042
1779818130,0.023605646841009024
1779818145,0.022918615528531337
1779818160,0.023293733985557886
1779818175,0.024395910780669147
1779818190,0.024137153169411233
1779818205,0.024647098364328927
1779818220,0.024994370637243867
1779818235,0.02520451028078709
1779818250,0.025333042148940815
1779818265,0.025248165731549414
1779818280,0.025140245169333053
1779818295,0.02387813915191437
1779818310,0.025255562236921228
1779818325,0.025262339681305868
1779818340,0.025660520813533552
1779818355,0.02555616841331127
1779818370,0.02589748169315949
1779818385,0.025296580600139566
1779818400,0.02434077079107505
1779818415,0.024303305249513935
1779818430,0.023735165521549032
1779818445,0.023598376672177963
1779818460,0.023056844547563807
1779818475,0.022616222253245846
1779818490,0.023360655737704916
1779818505,0.02239000260348868
1779818520,0.022488755622188904
1779818535,0.02228808535862478
1779818550,0.021658986175115205
1779818565,0.02125055629728527
1779818580,0.02109114387173141
1779818595,0.021192603365884067
1779818610,0.020896122161944947
1779818625,0.021829824391190453
1779818640,0.02231889540382069
1779818655,0.022009132420091324
1779818670,0.022279885468861844
1779818685,0.022835807936094465
1779818700,0.023916929100348965
1779818715,0.024697497099287247
1779818730,0.025032722513089002
1779818745,0.025446713465220164
1779818760,0.025866123216805138
1779818775,0.026175995072753862
1779818790,0.02671726755218216
1779818805,0.02708177044261065
1779818820,0.027172290235891308
1779818835,0.027671192443919714
1779818850,0.028262133100842777
1779818865,0.02858377132982936
1779818880,0.029048916941615266
1779818895,0.028912050256996006
1779818910,0.02904176550930918
1779818925,0.028476305163986682
1779818940,0.028824991125310614
1779818955,0.029301701616889074
1779818970,0.029047385735283825
1779818985,0.029671322354249186
1779819000,0.029322687224669602
1779819015,0.029747351263243686
1779819030,0.02960996528486829
1779819045,0.02957486136783734
1779819060,0.02951748928522052
1779819075,0.029692762389167644
1779819090,0.029768845599835378
1779819105,0.02988007317568941
1779819120,0.029488232074438972
1779819135,0.029254590298711976
1779819150,0.029778534923339012
1779819165,0.029339182890046615
1779819180,0.029479377958079783
1779819195,0.029601905410003404
1779819210,0.02989690721649485
1779819225,0.029939312204989885
1779819240,0.02990254972633827
1779819255,0.029724844346254265
1779819270,0.029370253377243093
1779819285,0.029517055048969943
1779819300,0.029791323448654584
1779819315,0.029649595687331533
1779819330,0.029806659505907624
1779819345,0.029757555629359018
1779819360,0.029368964148696913
1779819375,0.02917137351319024
1779819390,0.028867357166722354
1779819405,0.028894806924101193
1779819420,0.029004701675385734
1779819435,0.029150823827629912
1779819450,0.028648285137861464
1779819465,0.029090421610027478
1779819480,0.028805479084133487
1779819495,0.028913058163885702
1779819510,0.029225589225589228
1779819525,0.02897164332080629
1779819540,0.02863586659376709
1779819555,0.02916723456453591
1779819570,0.028973566769653278
1779819585,0.028541953232462173
1779819600,0.027932184546970544
1779819615,0.02853097345132744
1779819630,0.027713957495692134
1779819645,0.028751448435689456
1779819660,0.02894334957457639
1779819675,0.02960668491571819
1779819690,0.030007230657989874
1779819705,0.029951055592081232
1779819720,0.02978444509175648
1779819735,0.030373831775700934
1779819750,0.03101055370825502
1779819765,0.031369992030717955
1779819780,0.031245489969692595
1779819795,0.030249110320284697
1779819810,0.030957985590983665
1779819825,0.03049725313424426
1779819840,0.03119423227924905
1779819855,0.030827014385940044
1779819870,0.030411826821541706
1779819885,0.030790665273423893
1779819900,0.03064870808136339
1779819915,0.030392425905598243
1779819930,0.030502270724598386
1779819945,0.029924192046814735
1779819960,0.030058029601617006
1779819975,0.029618440927300187
1779819990,0.02939642810585322
1779820005,0.02895566565858053
1779820020,0.027895344363216622
1779820035,0.0271103687524091
1779820050,0.026662404092071608
1779820065,0.026348238042702313
1779820080,0.026460148434979028
1779820095,0.026919307415877163
1779820110,0.026098991629868847
1779820125,0.026072497505819754
1779820140,0.02569921901074695
1779820155,0.02558001189767995
1779820170,0.025264002138751504
1779820185,0.024979908920439324
1779820200,0.02557390253725332
1779820215,0.025932696865055185
1779820230,0.02588647701226911
1779820245,0.026115342763873773
1779820260,0.02575107296137339
1779820275,0.02609240189256888
1779820290,0.026677840631329004
1779820305,0.027250849377123437
1779820320,0.027668549367269608
1779820335,0.02766093961645398
1779820350,0.02798053527980535
1779820365,0.028096698281394848
1779820380,0.027748283428895026
1779820395,0.027859856479527226
1779820410,0.028631284916201115
1779820425,0.028817234384835983
1779820440,0.02956181424278426
1779820455,0.029648454044896234
1779820470,0.030525202678886146
1779820485,0.030065636248147364
1779820500,0.028936410473569058
1779820515,0.02836528259178043
1779820530,0.028526712669844204
1779820545,0.028942619992782387
1779820560,0.029346503471476635
1779820575,0.029073505250375026
1779820590,0.02972566435069121
1779820605,0.029678599057598985
1779820620,0.02929728964687567
1779820635,0.030474989491382935
1779820650,0.030541871921182268
1779820665,0.030752840909090907
1779820680,0.030516268375949285
1779820695,0.03036134274107334
1779820710,0.030229051482731386
1779820725,0.03021582733812949
1779820740,0.030350751610594126
1779820755,0.0293288212069938
1779820770,0.0288562068725169
1779820785,0.029909065075305483
1779820800,0.030531659850514738
1779820815,0.030066736916051984
1779820830,0.02989712076227301
1779820845,0.029185658888359754
1779820860,0.028830826807124534
1779820875,0.028407122566341023
1779820890,0.028296665282966656
1779820905,0.02865109794353433
1779820920,0.028495968862941343
1779820920,0.028495968862941343
1779820935,0.028215998332059216
1779820950,0.028151348338094906
1779820965,0.02808594298553574
1779820980,0.02797500710025561
1779820995,0.028159049101457483
1779821010,0.027762198541783512
1779821025,0.02721279281806705
1779821040,0.027506025804622147
1779821055,0.02788420604512559
1779821070,0.02852648888253378
1779821085,0.02800623936471923
1779821100,0.028884672148429266
1779821115,0.029710767468499426
1779821130,0.029915771129828638
1779821145,0.029518950437317785
1779821160,0.02918653373789915
1779821175,0.029881353449538597
1779821190,0.029721045713451147
1779821205,0.029971765727937454
1779821220,0.02933737986848761
1779821235,0.029507958427211285
1779821250,0.029261629160974908
1779821265,0.029135872654917568
1779821280,0.02951486259113853
1779821295,0.029572370753847246
1779821310,0.02917958838455032
1779821325,0.030134086097388855
1779821340,0.029426398464709642
1779821355,0.029867974893586318
1779821370,0.030068666425731836
1779821385,0.029616597023678616
1779821400,0.029334308705193855
1779821415,0.02999635966508919
1779821430,0.03019473415505798
1779821445,0.031065842124408875
1779821460,0.031441110871285705
1779821475,0.03172533681008258
1779821490,0.032056861038584274
1779821505,0.03295668549905838
1779821520,0.033100165861397565
1779821535,0.033212472806381434
1779821550,0.03306024795185964
1779821565,0.032878501959645805
1779821580,0.033359866849989143
1779821595,0.034050966608084356
1779821610,0.034152316449311916
1779821625,0.034098313183233184
1779821640,0.03456139100691227
1779821655,0.033879003558718854
1779821670,0.03305726622779076
1779821685,0.03337120136324907
1779821700,0.033137435389081635
1779821715,0.03261252377262802
1779821730,0.03261098253734483
1779821745,0.03257650542941757
1779821760,0.03298403544553063
1779821775,0.032656478961691444
1779821790,0.03155102610638001
1779821805,0.030792917628945343
1779821820,0.031110481184891223
1779821835,0.031174377224199284
1779821850,0.031560157086754734
1779821865,0.03177449433366805
1779821880,0.030750656913571477
1779821895,0.029811454998221278
1779821910,0.029298270687437473
1779821925,0.029639633236193046
1779821940,0.028811777076761302
1779821955,0.02935999436738717
1779821970,0.02934759659370821
1779821985,0.02952003889699243
1779822000,0.029328937427021085
1779822015,0.029161771819501074
1779822030,0.02861350725857353
1779822045,0.02835195530726257
1779822060,0.02802962142708838
1779822075,0.028763982491488916
1779822090,0.028709136630343673
1779822105,0.02897644361058995
1779822120,0.02866485771933486
1779822135,0.028425202296147725
1779822150,0.02796482066785763
1779822165,0.027116768123962368
1779822180,0.028207964601769914
1779822195,0.0279705719044975
1779822210,0.027455637837082575
1779822225,0.026918469452469878
1779822240,0.02675114396339317
1779822255,0.02661279085969068
1779822270,0.02671384956980294
1779822285,0.026845162204278225
1779822300,0.025921454442156096
1779822315,0.026525573192239856
1779822330,0.02616809316683036
1779822345,0.025902335456475585
1779822360,0.025095703955763504
1779822375,0.024709819839065728
1779822390,0.025040904887244787
1779822405,0.024763395716217176
1779822420,0.02473323440039573
1779822435,0.024898302707252067
1779822450,0.02530307301945306
1779822465,0.02673834618377308
1779822480,0.026649923259383285
1779822495,0.02740105175754221
1779822510,0.027696793002915446
1779822525,0.028041924064690776
1779822540,0.027606298120274677
1779822555,0.027766208524226017
1779822570,0.026781411359724613
1779822585,0.026254295532646046
1779822600,0.026142459428261017
1779822615,0.026256869529818847
1779822630,0.02650734789177311
1779822645,0.027374872318692546
1779822660,0.027836098882492385
1779822675,0.02731944820124425
1779822690,0.02675767918088737
1779822705,0.027064157164445667
1779822720,0.026881720430107527
1779822735,0.026476150451775583
1779822750,0.026286509040333795
1779822765,0.025742988698200082
1779822780,0.026156658697792153
1779822795,0.02679071068830442
1779822810,0.026352288488210817
1779822825,0.026725444276071084
1779822840,0.027570685047123365
1779822855,0.027787648354772227
1779822870,0.027763755678950026
1779822885,0.027683900194146835
1779822900,0.027993892241692728
1779822915,0.027325162220620043
1779822930,0.02674956622325043
1779822945,0.02610221539811362
1779822960,0.02693823915900131
1779822975,0.02834771260784456
1779822990,0.02902011868577218
1779823005,0.02919655147431718
1779823020,0.029441624365482227
1779823035,0.029543484542039873
1779823050,0.02923076923076923
1779823065,0.028842669758678163
1779823080,0.02946286376140148
1779823095,0.029133284777858703
1779823110,0.029705882352941176
1779823125,0.029398826979472138
1779823140,0.028670721112076455
1779823155,0.02889760970388869
1779823170,0.030796586059743954
1779823185,0.031051466914126632
1779823200,0.0312588803637397
1779823215,0.03185253195847164
1779823230,0.03217325122811873
1779823245,0.03153555479216764
1779823260,0.031092436974789917
1779823275,0.030081470649676204
1779823290,0.02982383132195866
1779823305,0.029821897004003867
1779823320,0.029493903685035083
1779823335,0.029508196721311473
1779823350,0.029595438501221833
1779823365,0.03001007049345418
1779823380,0.029443617165290373
1779823395,0.029846714835572965
1779823410,0.029067041725269572
1779823425,0.029457574321121418
1779823440,0.030390640758421298
1779823455,0.03066908261190524
1779823470,0.029534165659820113
1779823485,0.029956243688993602
1779823500,0.0301098603010986
1779823515,0.030785922560520783
1779823530,0.030769230769230767
1779823545,0.03010309278350515
1779823560,0.030529637760702524
1779823575,0.030032688640697358
1779823590,0.029509757258448358
1779823605,0.029242925643276827
1779823620,0.029074773163785685
1779823635,0.029168309026409146
1779823650,0.02885380737596179
1779823665,0.028208369369968733
1779823680,0.02826620662198925
1779823695,0.028376769413943643
1779823710,0.02769612646155856
1779823725,0.027665405193788333
1779823740,0.02674464449993429
1779823755,0.026794445530999415
1779823770,0.026295133437990583
1779823785,0.025578802387354892
1779823800,0.02539805324566493
1779823815,0.02549703072553576
1779823830,0.025299515676777972
1779823845,0.025828615051848084
1779823860,0.02556476618363602
1779823875,0.0255790277424281
1779823890,0.02590973383052591
1779823905,0.026561891154695417
1779823920,0.02671957671957672
1779823935,0.026865671641791045
1779823950,0.026848767488341106
1779823965,0.027319103235333604
1779823980,0.027781514866137495
1779823995,0.027532964405274304
1779824010,0.028414550446122167
1779824025,0.028047687960857284
1779824040,0.028138827433628322
1779824055,0.02830383582397907
1779824070,0.028434371523915463
1779824085,0.028170988086895585
1779824100,0.027987787147426578
1779824115,0.028157799493304377
1779824130,0.028494779582366587
1779824145,0.02827391713066744
1779824160,0.028799195633438666
1779824175,0.029099770642201837
1779824190,0.02878831280435406
1779824205,0.028986544517606638
1779824220,0.028723027944817826
1779824235,0.02838214783821478
1779824250,0.02798858177261018
1779824265,0.02763385146804836
1779824280,0.027471010491441194
1779824295,0.027705870006296787
1779824310,0.02753956633898069
1779824325,0.027818346199318448
1779824340,0.02757238615161357
1779824355,0.027194756293145526
1779824370,0.028137467627913484
1779824385,0.027618112995934387
1779824400,0.027681415929203534
1779824415,0.027207068228034495
1779824430,0.026933895921237693
1779824445,0.027409938772604298
1779824460,0.027811280595956014
1779824475,0.02754999280679039
1779824490,0.027466647642148824
1779824505,0.02735409953455066
1779824520,0.028108657757117954
1779824535,0.027912800117837675
1779824550,0.0287441037735849
1779824565,0.028611356281259194
1779824580,0.029207847765157103
1779824595,0.029472902746844838
1779824610,0.028613569321533923
1779824625,0.028679026651216685
1779824640,0.0283609576427256
1779824655,0.02830949761642831
1779824670,0.028868105162383095
1779824685,0.02943748178373652
1779824700,0.029341620293416207
1779824715,0.029510591672753834
1779824730,0.02989743216701826
1779824745,0.029331416247304096
1779824760,0.028866127068261586
1779824775,0.029375940388335603
1779824790,0.02862061545082849
1779824805,0.028437387224828584
1779824820,0.028323071350959798
1779824835,0.028700581186769034
1779824850,0.02849408747684855
1779824865,0.02810927390366642
1779824880,0.028019880429302025
1779824895,0.028386454183266935
1779824910,0.028832429346274623
1779824925,0.02878212930478986
1779824940,0.02906350914962325
1779824955,0.029133078772450853
1779824970,0.028753541076487248
1779824985,0.029168449579232633
1779825000,0.02956697751753054
1779825015,0.029668034852739975
1779825030,0.029010733971569478
1779825045,0.02916574135761344
1779825060,0.029966703662597113
1779825075,0.02994575045207956
1779825090,0.03022196515074832
1779825105,0.03057724585857111
1779825120,0.03027050236152855
1779825135,0.030600544646696284
1779825150,0.030868577916548397
1779825165,0.031565477036826384
1779825180,0.030917529453766513
1779825195,0.0308883050486402
1779825210,0.030788876276958
1779825225,0.031116794543904515
1779825240,0.030976287118137148
1779825255,0.031258920924921496
1779825270,0.031015436906953686
1779825285,0.030277485072005617
1779825300,0.029608006672226853
1779825315,0.03009518477043673
1779825330,0.02986725663716814
1779825345,0.02969684471024954
1779825360,0.02907983106002908
1779825375,0.02928409012609385
1779825390,0.028549807374793613
1779825405,0.028538267221956713
1779825420,0.028465601207215856
1779825435,0.02802911762704946
1779825450,0.02727882037533512
1779825465,0.02679968701095461
1779825480,0.026624137482098686
1779825495,0.026020408163265306
1779825510,0.026026211671612263
1779825525,0.025463384989364936
1779825540,0.025482991584686497
1779825555,0.024989969622284634
1779825570,0.02517136756938982
1779825585,0.025467353020861554
1779825600,0.026111577181208052
1779825615,0.025712546911451466
1779825630,0.025549410209975035
1779825645,0.02549279757391963
1779825660,0.024871276204486942
1779825675,0.02522843770893693
1779825690,0.024880095923261396
1779825705,0.024753505013104797
1779825720,0.02472605808790582
1779825735,0.024310926036089628
1779825750,0.024406358089464068
1779825765,0.02477828949872493
1779825780,0.02505864392895707
1779825795,0.024734071920203174
1779825810,0.02474099833369558
1779825825,0.024781236551427343
1779825840,0.024575879361240532
1779825855,0.024312265045848994
1779825870,0.02468878225189513
1779825885,0.024556900558426693
1779825900,0.02406837606837607
1779825915,0.02393743624617477
1779825930,0.024042048151915903
1779825945,0.02396484705087037
1779825960,0.024613102262382412
1779825975,0.02505564173467323
1779825990,0.025455038470664004
1779826005,0.025499796001631988
1779826020,0.025711382113821138
1779826035,0.025692167269531118
1779826050,0.026144232393176828
1779826065,0.02611665438960691
1779826080,0.026500520605918114
1779826095,0.026413083302801187
1779826110,0.02612472234194211
1779826125,0.026170205717693042
1779826140,0.026287074694970734
1779826155,0.026256464659859435
1779826170,0.026039783001808318
1779826185,0.02613394465367611
1779826200,0.026459247440499933
1779826215,0.02705978705978706
1779826230,0.026577190126573867
1779826245,0.02660033167495854
1779826260,0.025705164072013953
1779826275,0.025387916804225818
1779826290,0.02568487519321209
1779826305,0.026018880957863227
1779826320,0.02610195350071308
1779826335,0.02605356374350316
1779826350,0.026236631016042778
1779826365,0.02599792551945662
1779826380,0.0258395334807963
1779826395,0.02630607656947287
1779826410,0.02682493377594474
1779826425,0.027214784338852726
1779826440,0.02703437033011819
1779826455,0.027444890794315228
1779826470,0.027308854998131855
1779826485,0.02775803121085948
1779826500,0.0276800054676554
1779826515,0.027435265104808874
1779826530,0.028004313540473138
1779826545,0.02865358592692828
1779826560,0.028502447857286565
1779826575,0.02849853982746467
1779826590,0.02812531278150335
1779826605,0.02783904819196578
1779826620,0.028180757045189263
1779826635,0.02772012052226314
1779826650,0.027421997792863594
1779826665,0.027171195199199867
1779826680,0.026807419494488664
1779826695,0.02644971206642561
1779826710,0.02613811083628585
1779826725,0.026250124762950394
1779826740,0.026288779260338378
1779826755,0.025968426638365617
1779826770,0.02569806434476576
1779826785,0.025820816163764457
1779826800,0.025553213909378297
1779826815,0.025362079227564317
1779826830,0.024965280074069177
1779826845,0.024745125210333563
1779826860,0.024537422903817305
1779826875,0.02446513801274991
1779826890,0.024337986676040306
1779826905,0.024061949549669316
1779826920,0.024251356602130368
1779826935,0.024500816693889794
1779826950,0.024935655313032726
1779826965,0.025013358268768365
1779826980,0.025463890001334935
1779826995,0.0253029697696098
1779827010,0.0256986613882645
1779827025,0.025678846798524974
1779827040,0.025436021995074724
1779827055,0.025884007500669704
1779827070,0.02608050204122946
1779827085,0.025747172859450725
1779827100,0.025190114068441065
1779827115,0.025322048876652733
1779827130,0.025666237200786604
1779827145,0.025789330430048992
1779827160,0.02571687901300972
1779827175,0.026505378145628793
1779827190,0.026757094172824507
1779827205,0.026408273923084646
1779827220,0.026066271317050287
1779827235,0.02632195056690859
1779827250,0.02578009910271863
1779827265,0.026135759829968117
1779827280,0.02616432918761577
1779827295,0.025987320036983223
1779827310,0.02611291539546632
1779827325,0.026222004250449567
1779827340,0.025620024244012714
1779827355,0.02507374631268437
1779827370,0.02535506937383147
1779827385,0.025511043813160408
1779827400,0.026002485772224766
1779827415,0.026360488665316525
1779827430,0.026326155462184874
1779827445,0.02617372812039915
1779827460,0.02618367949601339
1779827475,0.02549371633752244
1779827490,0.025158491825158488
1779827505,0.025561221111184692
1779827520,0.02597916391929315
1779827535,0.02577016155405847
1779827550,0.025318120540558313
1779827565,0.025603800976639828
1779827580,0.025323542002832024
1779827595,0.02503876224722066
1779827610,0.024391860542188636
1779827625,0.024392695593901826
1779827640,0.024573219525206722
1779827655,0.024796434674798112
1779827670,0.024945515507124896
1779827685,0.024704186638956863
1779827700,0.024678542727029202
1779827715,0.02475330322796454
1779827730,0.02429706089346158
1779827745,0.024493498639250075
1779827760,0.02487195795534429
1779827775,0.024994947113117293
1779827790,0.02512971818089328
1779827805,0.025007603663275996
1779827820,0.024696383743808944
1779827835,0.024761904761904763
1779827850,0.024639115448930143
1779827865,0.02475349219391948
1779827880,0.02432404576218779
1779827895,0.024610817714265994
1779827910,0.024923087559196654
1779827925,0.02483426647889259
1779827940,0.024937482634065016
1779827955,0.024673439767779394
1779827970,0.02450929483850867
1779827985,0.024645179333007063
1779828000,0.024767368641992582
1779828015,0.024201763321507606
1779828030,0.02410268931598591
1779828045,0.024000000000000004
1779828060,0.02376599634369287
1779828075,0.023732050647237747
1779828090,0.023383330974954014
1779828105,0.023505544090384415
1779828120,0.02363114409746534
1779828135,0.023433931771071215
1779828150,0.02372528616024974
1779828165,0.024212653288740248
1779828180,0.024603762928447882
1779828195,0.02476357267950963
1779828210,0.024719655829042952
1779828225,0.02515066011774132
1779828240,0.024969314395931967
1779828255,0.024851412881026037
1779828270,0.024916652044218283
1779828285,0.024636566955549343
1779828300,0.02453902192477953
1779828315,0.02481812802394793
1779828330,0.025481216211562963
1779828345,0.025458565062696465
1779828360,0.025187437376913244
1779828375,0.024950958460956046
1779828390,0.02504638218923933
1779828405,0.025421387123514782
1779828420,0.02594789961811238
1779828435,0.02621152087778116
1779828450,0.026051358392259024
1779828465,0.02619273515857956
1779828480,0.02683157610164909
1779828495,0.026817860627881152
1779828510,0.02666621717290901
1779828525,0.02640208241776816
1779828540,0.026511846432646487
1779828555,0.02647376230945636
1779828570,0.026748416655437274
1779828585,0.027243374142338222
1779828600,0.027339926418469638
1779828615,0.027299240368963647
1779828630,0.02689991202544495
1779828645,0.02690251202206006
1779828660,0.027302159473982845
1779828675,0.027301223499275343
1779828690,0.02709235572565213
1779828705,0.02720377549300523
1779828720,0.02694157613265615
1779828735,0.027044235924932977
1779828750,0.0271013484411755
1779828765,0.0270594508131165
1779828780,0.02671324018629408
1779828795,0.02653427205100957
1779828810,0.02690538438627263
1779828825,0.0270521151040976
1779828840,0.027198038825945802
1779828855,0.027027027027027032
1779828870,0.026840084723325393
1779828885,0.026608419380460685
1779828900,0.026932123099347404
1779828915,0.027423027423027425
1779828930,0.027462371270134674
1779828945,0.027431504566362248
1779828960,0.027280648837053424
1779828975,0.027221589767628743
1779828990,0.0268013468013468
1779829005,0.026633893397084076
1779829020,0.026425449740827323
1779829035,0.0263757180245403
1779829050,0.026188199945370118
1779829065,0.026154164653923125
1779829080,0.026237657943796174
1779829095,0.026238762283085932
1779829110,0.026101648162195706
1779829125,0.025696303765777667
1779829140,0.02551391825839775
1779829155,0.025527617190220796
1779829170,0.025216788067984736
1779829185,0.024884118077579898
1779829200,0.024770483284254286
1779829215,0.024261973213659638
1779829230,0.02432366219857908
1779829245,0.023665112365459456
1779829260,0.0240222284749578
1779829275,0.02486255559057324
1779829290,0.024754213483146072
1779829305,0.02509679690249912
1779829320,0.025205403147193984
1779829335,0.025233382466484173
1779829350,0.025020064905607705
1779829365,0.025543364316164652
1779829380,0.02596723597072151
1779829395,0.026113458474752372
1779829410,0.026186750130412103
1779829425,0.026368606824001658
1779829440,0.026754217456602985
1779829455,0.02722798198764268
1779829470,0.027403912862494797
1779829485,0.027808715021578726
1779829500,0.027788431365712494
1779829515,0.0278207641253138
1779829530,0.028109530238515597
1779829545,0.028739184177997527
1779829560,0.02873305508606119
1779829575,0.029031589133890926
1779829590,0.0290789927561228
1779829605,0.029569427632716583
1779829620,0.029709819112509948
1779829635,0.03019219488630482
1779829650,0.031076082823464343
1779829665,0.03034906604978766
1779829680,0.029966587776694975
1779829695,0.03011131853695637
1779829710,0.030143206426825008
1779829725,0.030272381683116516
1779829740,0.030868279102140246
1779829755,0.030690447989967253
1779829770,0.03082657006513637
1779829785,0.030629139072847682
1779829800,0.030613307417305894
1779829815,0.03069706480874694
1779829830,0.030718369033680006
1779829845,0.030696290143964564
1779829860,0.030791535779626494
1779829875,0.031129741616272674
1779829890,0.031130284728213973
1779829905,0.030595702114449314
1779829920,0.030405638863934766
1779829935,0.029683195592286504
1779829950,0.029120559114735003
1779829965,0.029326215652054885
1779829980,0.02876795879642179
1779829995,0.028879645598728482
1779830010,0.028821928852161643
1779830025,0.028008298755186723
1779830040,0.027646999899829713
1779830055,0.02688420635444877
1779830070,0.026418362927674317
1779830085,0.027001862197392923
1779830100,0.026630849335057865
1779830115,0.02710693286383417
1779830130,0.026307922272047833
1779830145,0.026085520884926532
1779830160,0.025988214262067138
1779830175,0.02554346027859577
1779830190,0.025195597400875215
1779830205,0.025095633821395593
1779830220,0.024868373124937913
1779830235,0.025192002118644065
1779830250,0.02484615893601535
1779830265,0.024643190609577162
1779830280,0.024370594159113797
1779830295,0.024581117688371627
1779830310,0.02493252361673414
1779830325,0.025290844714213452
1779830340,0.025623598178481612
1779830355,0.026099088063155033
1779830370,0.026279956427015253
1779830385,0.025655096721086568
1779830400,0.026335437453336052
1779830415,0.02578344647877666
1779830430,0.02568669086923762
1779830445,0.02603311439518336
1779830460,0.025549450549450552
1779830475,0.025212678375411635
1779830490,0.025443623558654975
1779830505,0.025106486130830767
1779830520,0.024884379098502104
1779830535,0.02546376710901133
1779830550,0.025383707201889018
1779830565,0.02561410875498635
1779830580,0.025412472035794186
1779830595,0.02537277119321539
1779830610,0.025033806040012485
1779830625,0.02474140341067934
1779830640,0.024247695251348064
1779830655,0.024482109227871945
1779830670,0.024800277874261898
1779830685,0.024975718051893993
1779830700,0.02531204239592776
1779830715,0.02562852566334703
1779830730,0.02631670553834372
1779830745,0.0261390389142778
1779830760,0.02670231605264072
1779830775,0.026594632276054374
1779830790,0.026428646142045258
1779830805,0.026718092566619916
1779830820,0.026726057906458794
1779830835,0.026727304530348082
1779830850,0.027946116286317827
1779830865,0.02797445508815771
1779830880,0.0285128846287421
1779830895,0.028394890308247708
1779830910,0.02860232306672713
1779830925,0.029046647532763925
1779830940,0.02939656063686804
1779830955,0.029399628636269857
1779830970,0.02940974133186571
1779830985,0.02905124653739612
1779831000,0.029172744321733696
1779831015,0.028790853049557457
1779831030,0.02903527942553856
1779831045,0.02915016329650476
1779831060,0.029202428302281765
1779831075,0.02961756962726895
1779831090,0.029908394859174188
1779831105,0.02970605546515251
1779831120,0.02980795799944736
1779831135,0.02906876146312766
1779831150,0.028086015576538705
1779831165,0.0280952706864691
1779831180,0.027658477924755197
1779831195,0.028190724121394804
1779831210,0.027828294959338428
1779831225,0.027943635060902795
1779831240,0.028269394714407498
1779831255,0.027876226826608504
1779831270,0.027913610431947837
1779831285,0.027606530722850752
1779831300,0.027607673309199176
1779831315,0.027470866776371023
1779831330,0.027315994101085934
1779831345,0.027110351529774472
1779831360,0.0270791749833666
1779831375,0.02702433848398435
1779831390,0.027081475610158855
1779831405,0.0269532809796353
1779831420,0.027141334754229383
1779831435,0.027594441312062613
1779831450,0.028230365099421426
1779831465,0.028258826688146062
1779831480,0.0284353877401525
1779831495,0.028139534883720927
1779831510,0.028240786402340796
1779831525,0.027915591717933456
1779831540,0.027439632807822793
1779831555,0.02730737365368683
1779831570,0.027769443611027764
1779831585,0.02825308396339037
1779831600,0.028128320935175342
1779831615,0.027893630509492506
1779831630,0.028183542408411803
1779831645,0.02834470932382906
1779831660,0.028002777134922475
1779831675,0.027957631902247905
1779831690,0.02787305604582237
1779831705,0.028096044634851047
1779831720,0.027548118261789798
1779831735,0.027362528811326968
1779831750,0.027174445569454878
1779831765,0.026978825513148938
1779831780,0.02681754259737711
1779831795,0.026806488612157953
1779831810,0.026890482398956975
1779831825,0.02655998950716464
1779831840,0.026708977918815283
1779831855,0.026344386999045014
1779831870,0.025938678471880635
1779831885,0.025858626198083063
1779831900,0.02579097808588231
1779831915,0.025595238095238095
1779831930,0.025553550926685254
1779831945,0.02552295750559137
1779831960,0.025363398562961492
1779831975,0.025510372894815208
1779831990,0.025266443109000957
1779832005,0.025088420983043
1779832020,0.024990135472839667
1779832035,0.025488051440124625
1779832050,0.025227242787511525
1779832065,0.025908278737343655
1779832080,0.026483439511690743
1779832095,0.02630967784745032
1779832110,0.02576855035214793
1779832125,0.02604253614236586
1779832140,0.026230911005792522
1779832155,0.02612818727411386
1779832170,0.026272252001852955
1779832185,0.026676754054142954
1779832200,0.02675343456254519
1779832215,0.027042050879602382
1779832230,0.027476500361532902
1779832245,0.027887794180223236
1779832260,0.027979105452171072
1779832275,0.027967436974789917
1779832290,0.027965631023555166
1779832305,0.028450343309569963
1779832320,0.02884235480047412
1779832335,0.028890563071178224
1779832350,0.029114090431125134
1779832365,0.028603293314964248
1779832380,0.028546203649205418
1779832395,0.028913940417790197
1779832410,0.029199909557802255
1779832425,0.02960239914868917
1779832440,0.0294686613360846
1779832455,0.03006667098194058
1779832470,0.029579437730071344
1779832485,0.029913845562566054
1779832500,0.029531928582917803
1779832515,0.029388174147390037
1779832530,0.029470304975922953
1779832545,0.029422122618857047
1779832560,0.029046046240528464
1779832575,0.02941648221217079
1779832590,0.029835390946502054
1779832605,0.0294325330594428
1779832620,0.029448722492508937
1779832635,0.028824200913242004
1779832650,0.02886703282667007
1779832665,0.029186801932985566
1779832680,0.029461575331522608
1779832695,0.029617732091230326
1779832710,0.029484107969972844
1779832725,0.029495871220640683
1779832740,0.029465575349061142
1779832755,0.029126525369299935
1779832770,0.029162898850277737
1779832785,0.028676824378508426
1779832800,0.028786265207990446
1779832815,0.028612950104957208
1779832830,0.028396778679776184
1779832845,0.027913287888088393
1779832860,0.02765362230296794
1779832875,0.027311329859100557
1779832890,0.027626259385227492
1779832905,0.02727185429403668
1779832920,0.027720673262238208
1779832935,0.027896512935883015
1779832950,0.027777777777777776
1779832965,0.027345637259638615
1779832980,0.026736760626975425
1779832995,0.026836523538541126
1779833010,0.02631832952607702
1779833025,0.026119523455913212
1779833040,0.02671582896694482
1779833055,0.026393533097425575
1779833070,0.026708537019651007
1779833085,0.02685024691761782
1779833100,0.026514779534518314
1779833115,0.026363189782217127
1779833130,0.0266535690897184
1779833145,0.027101348441175496
1779833160,0.027348394768133177
1779833175,0.027583947583947582
1779833190,0.027367034414622095
1779833205,0.027690391925547255
1779833220,0.027501733302519062
1779833235,0.027472706534137203
1779833250,0.027686485409819737
1779833265,0.027807702666307568
1779833280,0.02786490144937106
1779833295,0.02813172265431077
1779833310,0.02834261608937811
1779833325,0.02842914151907919
1779833340,0.028434305249663065
1779833355,0.02922088510582787
1779833370,0.029681475000810083
1779833385,0.02984590429845904
1779833400,0.029691822685453256
1779833415,0.029755816926617235
1779833430,0.029885786802030457
1779833445,0.030085043800754524
1779833460,0.029943736291681237
1779833475,0.029384639847352522
1779833490,0.029520177947251352
1779833505,0.029390568698104337
1779833520,0.02992274948762415
1779833535,0.02998832033839452
1779833550,0.029862487806413044
1779833565,0.030078260049658988
1779833580,0.029976056469417586
1779833595,0.029820824458087963
1779833610,0.029532967032967032
1779833625,0.029376369302928376
1779833640,0.02890027988301519
1779833655,0.028264132066033017
1779833670,0.02832073939923812
1779833685,0.02836184272931356
1779833700,0.028460174749905028
1779833715,0.028141632405902416
1779833730,0.028312606527365697
1779833745,0.027948150490041103
1779833760,0.028066495025587234
1779833775,0.028424101601044024
1779833790,0.028142469254112765
1779833805,0.02785792139514009
1779833820,0.027622366443940026
1779833835,0.027326988223907084
1779833850,0.027784915842220224
1779833865,0.027474474184301222
1779833880,0.027734577501296008
1779833895,0.02808132559421512
1779833910,0.02836304700162074
1779833925,0.02826362072881851
1779833940,0.028422764227642276
1779833955,0.028054740957966763
1779833970,0.028179050333614047
1779833985,0.027579525270466653
1779834000,0.027760621525858984
1779834015,0.027624309392265192
1779834030,0.027466276613034295
1779834045,0.027925836303587196
1779834060,0.027762462296889695
1779834075,0.027441694508417394
1779834090,0.0276049766718507
1779834105,0.028289686388619464
1779834120,0.028137328420983994
1779834135,0.027820710973724887
1779834150,0.02787859322306086
1779834165,0.02731780031757348
1779834180,0.027021772939346808
1779834195,0.026863840366794744
1779834210,0.02687071514442603
1779834225,0.027109793050093478
1779834240,0.026953917495894115
1779834255,0.026852089207895412
1779834270,0.02636781022828721
1779834285,0.026343452361991527
1779834300,0.02654727249715226
1779834315,0.026484598285169896
1779834330,0.026441631504922642
1779834345,0.026224218651145135
1779834360,0.026226707583283243
1779834375,0.02635810448655295
1779834390,0.026642255121689447
1779834405,0.026394532111247603
1779834420,0.026584673604541153
1779834435,0.026635454890547892
1779834450,0.02657470973456927
1779834465,0.026939757510525818
1779834480,0.02739423743774037
1779834495,0.027618205921343352
1779834510,0.02772760401812593
1779834525,0.027892528901271335
1779834540,0.028162674811123615
1779834555,0.028159999999999998
1779834570,0.028894591768843264
1779834585,0.029092515461315156
1779834600,0.0291442419664495
1779834615,0.029469980206729713
1779834630,0.029632443726849655
1779834645,0.02957978925987051
1779834660,0.02919846723881306
1779834675,0.02886007427456411
1779834690,0.029093198992443326
1779834705,0.02927212702405282
1779834720,0.02909307277965677
1779834735,0.02939040944533889
1779834750,0.029471386246686417
1779834765,0.02942933501021852
1779834780,0.029372204322937846
1779834795,0.029584155972359326
1779834810,0.02909339040352346
1779834825,0.029049241251161345
1779834840,0.028550309526009426
1779834855,0.028633137920394944
1779834870,0.028496683172942162
1779834885,0.029027621547306585
1779834900,0.029669336491413966
1779834915,0.029762837181615966
1779834930,0.030218662996214847
1779834945,0.03034736055776893
1779834960,0.03077161931377115
1779834975,0.030909263297620178
1779834990,0.031038374717832953
1779835005,0.031194268014142237
1779835020,0.0316852042246939
1779835035,0.03136392206159648
1779835050,0.03195743207077863
1779835065,0.03165332077249176
1779835080,0.031438442211055274
1779835095,0.03116964565694575
1779835110,0.031010189961001383
1779835125,0.03133921207891899
1779835140,0.03125993767092794
1779835155,0.031162924766998685
1779835170,0.03069773323638203
1779835185,0.030467969982930207
1779835200,0.02979718688923777
1779835215,0.02926131850675139
1779835230,0.028457489232732495
1779835245,0.028476779002357143
1779835260,0.028435261003070623
1779835275,0.02737927500960677
1779835290,0.026882922001213245
1779835305,0.0268074996789521
1779835320,0.02695340042304981
1779835335,0.02665268909431685
1779835350,0.026070226070226073
1779835365,0.026579022577879394
1779835380,0.026755745932295495
1779835395,0.026656923174683867
1779835410,0.026555145655768986
1779835425,0.026712719437226695
1779835440,0.026690167443031602
1779835455,0.026833575077252942
1779835470,0.027168928108296173
1779835485,0.026989488304555068
1779835500,0.02690611416061173
1779835515,0.027052621610530635
1779835530,0.027522068095838584
1779835545,0.02710018570394385
1779835560,0.02775059194948698
1779835575,0.027622047244094488
1779835590,0.02788379648613696
1779835605,0.027580772261623324
1779835620,0.02781456953642384
1779835635,0.028215140445899983
1779835650,0.02811967430410907
1779835665,0.027619769940589053
1779835680,0.027386839102320273
1779835695,0.02757090793852004
1779835710,0.02765413391419642
1779835725,0.027597402597402596
1779835740,0.028073882006466277
1779835755,0.027844301816904556
1779835770,0.027501593371574252
1779835785,0.02808147132884965
1779835800,0.028546768109455917
1779835815,0.02818920210224558
1779835830,0.027723781906249002
1779835845,0.027549974372116863
1779835860,0.027619381351342738
1779835875,0.02770233568712656
1779835890,0.027796436682340143
1779835905,0.02750316856780735
1779835920,0.02742831598441791
1779835935,0.027479870913061904
1779835950,0.027620419267082735
1779835965,0.02756803650033737
1779835980,0.028265510977980305
1779835995,0.02781769984989301
1779836010,0.028047533861487353
1779836025,0.02752177355502771
1779836040,0.02757161355525377
1779836055,0.027185079816658766
1779836070,0.027442267976719444
1779836085,0.02738291661378348
1779836100,0.027352469582167444
1779836115,0.02775327620967742
1779836130,0.02798990217734301
1779836145,0.028322303421886273
1779836160,0.02843481840347044
1779836175,0.028269551271972577
1779836190,0.02861635220125786
1779836205,0.02878811818612735
1779836220,0.028331287184814435
1779836235,0.028326126464874347
1779836250,0.028277634961439587
1779836265,0.028733659875830656
1779836280,0.028725654218883172
1779836295,0.028485475227977813
1779836310,0.028142059358724977
1779836325,0.02838510490832336
1779836340,0.028419962985037166
1779836355,0.028204324663115014
1779836370,0.028475973397445908
1779836385,0.0286108238538435
1779836400,0.028794335129715503
1779836415,0.028652482269503544
1779836430,0.028485614922541893
1779836445,0.028583172605685016
1779836460,0.028337669665527726
1779836475,0.028290516967967017
1779836490,0.028081369638006195
1779836505,0.027956176803928978
1779836520,0.02810964981777848
1779836535,0.02823198374237924
1779836550,0.02800783966618196
1779836565,0.027390295827905052
1779836580,0.027375868442858053
1779836595,0.02720112248477311
1779836610,0.027006369426751595
1779836625,0.02656240106376243
1779836640,0.026377677493167228
1779836655,0.02601831386169877
1779836670,0.025447064408925458
1779836685,0.024351924587588374
1779836700,0.024550020276382693
1779836715,0.024322230828814875
1779836730,0.02403772073099325
1779836745,0.023903632599284772
1779836760,0.023666052639795186
1779836775,0.0235158177446051
1779836790,0.02340405586976221
1779836805,0.02364675905785843
1779836820,0.023643034084851525
1779836835,0.023181102362204727
1779836850,0.023393822032045472
1779836865,0.02353751291120223
1779836880,0.023356973995271865
1779836895,0.023422291993720566
1779836910,0.02333343829706836
1779836925,0.02377249500111086
1779836940,0.023649187757316562
1779836955,0.024052781603305255
1779836970,0.024854932301740813
1779836985,0.02521722087933625
1779837000,0.024774700966737666
1779837015,0.02466050702002433
1779837030,0.024566140876609476
1779837045,0.0249571974186751
1779837060,0.025214823662121362
1779837075,0.0255361266908611
1779837090,0.025860360657903425
1779837105,0.02548547690481685
1779837120,0.025839793281653745
1779837135,0.026115342763873773
1779837150,0.02624628590293826
1779837165,0.026350374556446312
1779837180,0.026905681555577564
1779837195,0.027008378511582058
1779837210,0.02735121597574639
1779837225,0.027948058796387846
1779837240,0.027971572015387625
1779837255,0.02801477558759112
1779837270,0.027907129271332064
1779837285,0.028235217842323655
1779837300,0.028265233439098626
1779837315,0.028458729951753813
1779837330,0.028821728652380644
1779837345,0.028947113365425
1779837360,0.028789106824444806
1779837375,0.028808846352819453
1779837390,0.02890023921898235
1779837405,0.029140562248995982
1779837420,0.028738415835190028
1779837435,0.028678951466389827
1779837450,0.02832265164756911
1779837465,0.029171904715855977
1779837480,0.0292325641690433
1779837495,0.02922742181664664
1779837510,0.029221199948166385
1779837525,0.028791773778920313
1779837540,0.028522459011092068
1779837555,0.02861119202511571
1779837570,0.028924686057397425
1779837585,0.028834691839298945
1779837600,0.02884862503212542
1779837615,0.028677180560025748
1779837630,0.029475383373688456
1779837645,0.02933100752656911
1779837660,0.02890042899074283
1779837675,0.028774652440995797
1779837690,0.02899110939311944
1779837705,0.029124644427204548
1779837720,0.028787485395300533
1779837735,0.02879202187550265
1779837750,0.02829579918693941
1779837765,0.02766167884376097
1779837780,0.02741956077630235
1779837795,0.02756424688816699
1779837810,0.027596153846153847
1779837825,0.028064422798726976
1779837840,0.027927029374859236
1779837855,0.028092418586690693
1779837870,0.027784030613885586
1779837885,0.0277733286350386
1779837900,0.028001277139208174
1779837915,0.027689645226420537
1779837930,0.027397696175141602
1779837945,0.02810797029860735
1779837960,0.028657093261795802
1779837975,0.028204482498111305
1779837990,0.028040647824706253
1779838005,0.02797602055381102
1779838020,0.02842426554750095
1779838035,0.028678740809116084
1779838050,0.028658381942683237
1779838065,0.02879841112214498
1779838080,0.02842740005742909
1779838095,0.02864318413021363
1779838110,0.028412344893413936
1779838125,0.027672756155679108
1779838140,0.027613412228796843
1779838155,0.027534020094111666
1779838170,0.027432449575034882
1779838185,0.027621483375959075
1779838200,0.027316293929712458
1779838215,0.02714773343541647
1779838230,0.02724158903934185
1779838245,0.02710573476702509
1779838260,0.02659866361083315
1779838275,0.026496691947716637
1779838290,0.026730218028404883
1779838305,0.02657699893304019
1779838320,0.026053393374075265
1779838335,0.025675063135401154
1779838350,0.026187320164236527
1779838365,0.026073865274352157
1779838380,0.026125661205005805
1779838395,0.025899968142720612
1779838410,0.025912876361306854
1779838425,0.026404422979156076
1779838440,0.02625696565185908
1779838455,0.026381427475057558
1779838470,0.026352641629535326
1779838485,0.02602691781475707
1779838500,0.02599432271234013
1779838515,0.025620849202102548
1779838530,0.025312033537650457
1779838545,0.02508297166198621
1779838560,0.024864864864864864
1779838575,0.024787830264211365
1779838590,0.02461951656222023
1779838605,0.025022427271562217
1779838620,0.025308740978348034
1779838635,0.02545785166904793
1779838650,0.025491135601341638
1779838665,0.025735885475309635
1779838680,0.026180533247671053
1779838695,0.025997150997150994
1779838710,0.026381705214534337
1779838725,0.02602816161748777
1779838740,0.025889537971322357
1779838755,0.02565793813073016
1779838770,0.025620655412115195
1779838785,0.0257365165924054
1779838800,0.026011369645690112
1779838815,0.0260875344787478
1779838830,0.0256878904692277
1779838845,0.025907248096509444
1779838860,0.025733502290671607
1779838875,0.025581698494427426
1779838890,0.026090926880177417
1779838905,0.026094082937223408
1779838920,0.02564771060778882
1779838935,0.025772194521789804
1779838950,0.025433148087610328
1779838965,0.025228232060469223
1779838980,0.024862960062646825
1779838995,0.024611272288685336
1779839010,0.024245584305546505
1779839025,0.024299674267100977
1779839040,0.024205992027774206
1779839055,0.02420934339380318
1779839070,0.024234652989261102
1779839085,0.02388652300598764
1779839100,0.023853739754098362
1779839115,0.023992291633210212
1779839130,0.023896587118296123
1779839145,0.023842600071075498
1779839160,0.023588416113897427
1779839175,0.023297316590415
1779839190,0.023112780007769
1779839205,0.022838713923717377
1779839220,0.022716946842344387
1779839235,0.022710886806056235
1779839250,0.02284853841369603
1779839265,0.022669450061974038
1779839280,0.023058172475130114
1779839295,0.023602402915011655
1779839310,0.023881778598759732
1779839325,0.02357924226254002
1779839340,0.023869473260147045
1779839355,0.023669626761033586
1779839370,0.023859649122807018
1779839385,0.02447014775690312
1779839400,0.024818401937046007
1779839415,0.025070108456938203
1779839430,0.02514604176458739
1779839445,0.025581316864095035
1779839460,0.025984014981774405
1779839475,0.026199113260781944
1779839490,0.026517463546965072
1779839505,0.025980128893662725
1779839520,0.025874782142378334
1779839535,0.02598440935438737
1779839550,0.026281646096011177
1779839565,0.026481630463931347
1779839580,0.026522658211124324
1779839595,0.026293217207706523
1779839610,0.02623685685091796
1779839625,0.02654953954673111
1779839640,0.026320123859406394
1779839655,0.02653007617546625
1779839670,0.02595899470899471
1779839685,0.025641025641025644
1779839700,0.02570609366245922
1779839715,0.02540301268498943
1779839730,0.025126131845367373
1779839745,0.02510418403067178
1779839760,0.024720521692840034
1779839775,0.024975759804741048
1779839790,0.02459043631409298
1779839805,0.024766571750215217
1779839820,0.024016300354065066
1779839835,0.02413884825109722
1779839850,0.023868970338559874
1779839865,0.023847856711611996
1779839880,0.02373327040420726
1779839895,0.023517932844357714
1779839910,0.023490610486639297
1779839925,0.023979195514877233
1779839940,0.024204288187508326
1779839955,0.024342614726776873
1779839970,0.02481197958635509
1779839985,0.025358692025358693
1779840000,0.02536927866463536
1779840015,0.026102819237147596
1779840030,0.02662966266891334
1779840045,0.02653074777526896
1779840060,0.02682796773978538
1779840075,0.026864487988632984
1779840090,0.02744299402397089
1779840105,0.027918612408272182
1779840120,0.02865481560095516
1779840135,0.028819974765920707
1779840150,0.028828589458301503
1779840165,0.02879078694817658
1779840180,0.02873773490769998
1779840195,0.028473879607531154
1779840210,0.028362912589152432
1779840225,0.028278319954701394
1779840240,0.027861395411064284
1779840255,0.027660430496881914
1779840270,0.027407308615630833
1779840285,0.026654657058980517
1779840300,0.026641198351261688
1779840315,0.026078836790502238
1779840330,0.025961953454400586
1779840345,0.02592814770379257
1779840360,0.025590160682404283
1779840375,0.02525793916655501
1779840390,0.025354533734422
1779840405,0.02521707308959047
1779840420,0.025119737415011556
1779840435,0.02511181050190492
1779840450,0.025227983758237368
1779840465,0.025505775522467786
1779840480,0.025544276746360357
1779840495,0.025842622080679407
1779840510,0.025684252280840935
1779840525,0.025895754685740777
1779840540,0.026393831553973908
1779840555,0.026867929492238887
1779840570,0.026559543175857375
1779840585,0.026349100599600262
1779840600,0.026045281771607996
1779840615,0.025879164463246958
1779840630,0.02641534479325679
1779840645,0.02676592224979322
1779840660,0.026844750066120075
1779840675,0.027103109656301142
1779840690,0.026791297765197643
1779840705,0.02723390275952694
1779840720,0.02746465107187072
1779840735,0.027653851200629836
1779840750,0.02754126277181032
1779840765,0.027705656160646797
1779840780,0.027856624199617135
1779840795,0.027764999671420126
1779840810,0.028243774574049803
1779840825,0.02798650769795946
1779840840,0.027747425581934375
1779840855,0.02789927104042412
1779840870,0.028202771028957904
1779840885,0.028582718651211803
1779840900,0.028487197323528436
1779840915,0.028765862318364123
1779840930,0.02819094312121112
1779840945,0.028549613252332105
1779840960,0.028721575885774724
1779840975,0.028606923412685087
1779840990,0.028361661470381175
1779841005,0.027999866189408893
1779841020,0.027788897784894583
1779841035,0.027500836400133826
1779841050,0.027476187304336243
1779841065,0.02735674676524954
1779841080,0.027480049417342816
1779841095,0.026994520914071896
1779841110,0.027027027027027025
1779841125,0.027201383346634748
1779841140,0.02710883448642895
1779841155,0.027136681077485868
1779841170,0.026963307321932594
1779841185,0.0267179368183777
1779841200,0.026671948240575692
1779841215,0.026735133344376348
1779841230,0.026678141135972458
1779841245,0.02707771270645522
1779841260,0.02703956524620585
1779841275,0.026768326897052507
1779841290,0.026837691169215586
1779841305,0.026161553321764185
1779841320,0.02610957567875142
1779841335,0.026183970856102006
1779841350,0.02621184919210054
1779841365,0.026243228338793913
1779841380,0.02708890967138573
1779841395,0.027423778028714308
1779841410,0.027617026748971193
1779841425,0.027130044843049327
1779841440,0.027389800102511536
1779841455,0.02747726184777405
1779841470,0.028485757121439283
1779841485,0.02865439229075593
1779841500,0.0292319021547722
1779841515,0.029223685893336748
1779841530,0.029052969502407704
1779841545,0.028763457985602345
1779841560,0.02934782608695652
1779841575,0.030045930084205152
1779841590,0.03021655727829037
1779841605,0.031072900566718187
1779841620,0.030991276764472643
1779841635,0.03142647481096258
1779841650,0.031301534948623616
1779841665,0.030818650213090767
1779841680,0.030010614686866735
1779841695,0.02999324910791783
1779841710,0.030030512285209567
1779841725,0.02980196738286306
1779841740,0.029475313618626844
1779841755,0.029259451061626095
1779841770,0.028975196455712577
1779841785,0.02865181256669793
1779841800,0.0286677367576244
1779841815,0.02835782418149007
1779841830,0.028542140500368386
1779841845,0.02852338141129293
1779841860,0.027645193324150302
1779841875,0.0279120737446013
1779841890,0.027627337201805283
1779841905,0.02777420185375901
1779841920,0.028084252758274822
1779841935,0.027817450012983642
1779841950,0.02834984358706986
1779841965,0.028207729310514087
1779841980,0.02812409394027254
1779841995,0.027982611495733375
1779842010,0.027938715076606155
1779842025,0.028311263586520887
1779842040,0.028132092963779932
1779842055,0.027904309877998277
1779842070,0.0279624185095232
1779842085,0.028333226857471413
1779842100,0.028245882803523557
1779842115,0.02843919565911267
1779842130,0.028847375778370824
1779842145,0.029003862959913872
1779842160,0.029212277989841953
1779842175,0.02823069039411162
1779842190,0.02853107344632768
1779842205,0.028269212767949074
1779842220,0.027865698504313283
1779842235,0.02804284922735948
1779842250,0.02797287478808428
1779842265,0.028566207820684614
1779842280,0.02838992066628165
1779842295,0.028150093121240803
1779842310,0.02859512255052522
1779842325,0.028347847268741243
1779842340,0.02912442960830551
1779842355,0.02857318422022858
1779842370,0.028529176166122373
1779842385,0.028340956854988258
1779842400,0.02814276395489703
1779842415,0.027900920730384103
1779842430,0.02791814835610456
1779842445,0.02725660412582843
1779842460,0.027304287992994086
1779842475,0.028036208197133518
1779842490,0.02809517830236062
1779842505,0.028289036018627048
1779842520,0.028290282902829027
1779842520,0.028290282902829027
1779842535,0.02768662184981043
1779842550,0.027996807661612125
1779842565,0.028173104850421144
1779842580,0.028366038469011076
1779842595,0.027888190793691495
1779842610,0.02802303262955854
1779842625,0.027585094370059685
1779842640,0.027188584650983418
1779842655,0.027568680434922475
1779842670,0.027724049000644742
1779842685,0.027835318487830142
1779842700,0.027935867833100266
1779842715,0.027982422127439576
1779842730,0.027832424936304705
1779842745,0.027561374795417346
1779842760,0.02758485126457869
1779842775,0.02713980614424183
1779842790,0.027241548260656546
1779842805,0.027220911949685535
1779842820,0.02693811074918567
1779842835,0.02727871010200724
1779842850,0.02718253968253968
1779842865,0.02661343978709248
1779842880,0.026945711829663425
1779842895,0.026931581900392753
1779842910,0.02715125250336518
1779842925,0.027567532298055593
1779842940,0.027391899823909216
1779842955,0.02725366876310273
1779842970,0.027130044843049324
1779842985,0.02713314393334823
1779843000,0.027058711701150154
1779843015,0.02757352941176471
1779843030,0.027715379504540134
1779843045,0.027867464969750164
1779843060,0.027646428346258113
1779843075,0.027408111533586823
1779843090,0.02691569977675062
1779843105,0.026822212439469213
1779843120,0.02686557828235441
1779843135,0.026596918034853305
1779843150,0.02680619716539392
1779843165,0.02629933078991807
1779843180,0.026287688442211056
1779843195,0.026251930288991834
1779843210,0.02608833306949501
1779843225,0.0255542665635473
1779843240,0.025733648743686468
1779843255,0.025503960842403552
1779843270,0.025298733435353108
1779843285,0.02540475649719347
1779843300,0.025519384917389167
1779843315,0.02520458265139116
1779843330,0.024968911577982852
1779843345,0.02497371188222923
1779843360,0.025049180327868847
1779843375,0.024887098346275057
1779843390,0.025207057976233342
1779843405,0.025261780104712042
1779843420,0.02549649341285967
1779843435,0.02534766742282276
1779843450,0.025227310299223014
1779843465,0.025305468384856783
1779843480,0.025443510737628384
1779843495,0.024918490917559388
1779843510,0.024693005872931127
1779843525,0.024751815577320275
1779843540,0.024535390139299843
1779843555,0.02452842764780377
1779843570,0.024523342095631055
1779843585,0.024374812693549998
1779843600,0.02405339324654728
1779843615,0.023792815371762744
1779843630,0.023985796120732976
1779843645,0.024224579248502694
1779843660,0.024670224549390798
1779843675,0.02516918358502517
1779843690,0.025172310458495654
1779843705,0.0248681985476972
1779843720,0.02457410420748514
1779843735,0.024721263604990707
1779843750,0.02475937603717225
1779843765,0.024620150950858573
1779843780,0.02426700352370188
1779843795,0.02479311486262827
1779843810,0.02450335482173398
1779843825,0.024716516023007395
1779843840,0.02511363264772244
1779843855,0.02528946764194575
1779843870,0.02523784355179704
1779843885,0.024982764846853352
1779843900,0.025077644882045863
1779843915,0.02531314386630474
1779843930,0.02514139994115147
1779843945,0.024789860782768586
1779843960,0.023960350543210683
1779843975,0.02371307183084675
1779843990,0.023608432533085054
1779844005,0.023892907406801295
1779844020,0.023700609917793686
1779844035,0.02386273994215093
1779844050,0.02373137267773912
1779844065,0.023939920637523364
1779844080,0.02402117785476175
1779844095,0.024119473997224604
1779844110,0.024618608001047596
1779844125,0.02466551081160653
1779844140,0.024550975578240083
1779844155,0.024365680127351286
1779844170,0.024229577694439917
1779844185,0.024347143137639898
1779844200,0.023839890120671045
1779844215,0.0238760811655211
1779844230,0.024137249736564805
1779844245,0.02413724973656481
1779844260,0.024604453800861816
1779844275,0.02463054187192118
1779844290,0.02500329424166557
1779844305,0.02484430899695243
1779844320,0.024788191686523693
1779844335,0.024388627476969977
1779844350,0.02429701522302732
1779844365,0.024608279729506844
1779844380,0.024916779275567714
1779844395,0.024690538612152788
1779844410,0.024857930942806822
1779844425,0.024415497661990648
1779844440,0.024317321108232013
1779844455,0.024425239414061196
1779844470,0.024805479816452747
1779844485,0.024873609706774515
1779844500,0.025280992562452056
1779844515,0.025064245903280713
1779844530,0.0251936701317619
1779844545,0.02518356091564504
1779844560,0.025486206091336693
1779844575,0.0255646069276111
1779844590,0.025063819911812484
1779844605,0.025174640833003824
1779844620,0.025758026650795223
1779844635,0.02575595397377576
1779844650,0.025432520161964994
1779844665,0.024910430609071856
1779844680,0.02517596101786681
1779844695,0.02542911633820725
1779844710,0.02548389257250017
1779844725,0.025511577813677976
1779844740,0.026023184291459667
1779844755,0.0260148849797023
1779844770,0.025794921940857137
1779844785,0.02638372054041369
1779844800,0.02620263370061811
1779844815,0.02580344045872783
1779844830,0.026214469851685695
1779844845,0.026201457121850142
1779844860,0.025757982291387174
1779844875,0.02608666420143208
1779844890,0.026292930642790324
1779844905,0.026444399812546027
1779844920,0.026592742604827198
1779844935,0.027072983696195783
1779844950,0.026796752313809347
1779844965,0.026627710083336097
1779844980,0.026079734219269103
1779844995,0.026552505330490406
1779845010,0.02652554985943443
1779845025,0.026210807424746956
1779845040,0.025624917338976327
1779845055,0.02618813503769256
1779845070,0.025445629845603338
1779845085,0.026159645959678738
1779845100,0.02606002701545152
1779845115,0.02606658527732867
1779845130,0.0259407631181454
1779845145,0.02593036415684708
1779845160,0.02575364344180475
1779845175,0.025703956751019868
1779845190,0.02589428723972237
1779845205,0.02582695937220622
1779845220,0.025573310155779905
1779845235,0.025549156174658447
1779845250,0.02593322862012499
1779845265,0.02605621949166807
1779845280,0.02593116454502593
1779845295,0.025558137185574297
1779845310,0.025699986473691327
1779845325,0.026042898159094746
1779845340,0.02637703646237393
1779845355,0.026089604764482945
1779845370,0.02580116719565885
1779845385,0.02567162143733806
1779845400,0.025176302251899294
1779845415,0.025347198467537795
1779845430,0.02496986395729292
1779845445,0.024442920809050393
1779845460,0.024832398412915582
1779845475,0.024917676613368637
1779845490,0.02392784206943499
1779845505,0.024010138375119873
1779845520,0.02391451831750339
1779845535,0.024167760611262582
1779845550,0.023779639743546254
1779845565,0.02338311819963506
1779845580,0.023886788665484594
1779845595,0.023468145543081294
1779845610,0.023110303764254717
1779845625,0.02301919956733369
1779845640,0.022961176590469073
1779845655,0.0231982057376226
1779845670,0.02334551360129923
1779845685,0.023607851141272916
1779845700,0.024000268159420777
1779845715,0.023153879613209756
1779845730,0.02341825544120128
1779845745,0.023970765723481294
1779845760,0.023647414394367135
1779845775,0.02366114573266238
1779845790,0.02427559345935601
1779845805,0.02384123601491742
1779845820,0.023667659715326056
1779845835,0.02364977080980536
1779845850,0.023577720378833038
1779845865,0.024446218319696667
1779845880,0.024504588376113846
1779845895,0.02433444949109837
1779845910,0.024322261671699243
1779845925,0.02419728566699768
1779845940,0.024664879356568362
1779845955,0.02473217828329586
1779845970,0.024626443475656432
1779845985,0.024709398870807038
1779846000,0.025126794179069847
1779846015,0.02558840080770631
1779846030,0.02582028029678483
1779846045,0.025860643539799597
1779846060,0.025542741962131976
1779846075,0.025431034482758623
1779846090,0.02553942461374534
1779846105,0.025718557899983386
1779846120,0.025913621262458473
1779846135,0.026107568524020967
1779846150,0.026229399476075207
1779846165,0.025961474371792307
1779846180,0.025456723569931113
1779846195,0.025738201950962297
1779846210,0.02621093878626231
1779846225,0.02573335095137421
1779846240,0.025724210250360466
1779846255,0.025382532380672732
1779846270,0.02545748987854251
1779846285,0.025204911394045418
1779846300,0.02482637762056208
1779846315,0.024446841193581068
1779846330,0.024270413677901153
1779846345,0.02418902418902419
1779846360,0.024309537070405927
1779846375,0.024354923644023172
1779846390,0.024126373079348222
1779846405,0.023924075660713112
1779846420,0.02375061850569025
1779846435,0.0238103166938626
1779846450,0.02370582172424112
1779846465,0.02401775657589611
1779846480,0.024962406015037592
1779846495,0.02577840679336838
1779846510,0.025702972954835247
1779846525,0.025938152664555684
1779846540,0.0260559796437659
1779846555,0.026154056268779022
1779846570,0.026132165822958
1779846585,0.026666205513091
1779846600,0.026809559679517904
1779846615,0.026733245015115998
1779846630,0.026661634011597986
1779846645,0.02615673553013488
1779846660,0.026125415709534753
1779846675,0.02651423849041011
1779846690,0.026303187850595152
1779846705,0.026333023127563502
1779846720,0.02678080308030803
1779846735,0.026847248414195096
1779846750,0.026589555814112653
1779846765,0.02581193674545145
1779846780,0.02393525821274261
1779846795,0.023970497848801474
1779846810,0.023837861733600838
1779846825,0.02365737593473827
1779846840,0.02293484879236858
1779846855,0.022791345402669746
1779846870,0.02227496185794202
1779846885,0.022329143089485987
1779846900,0.022506289521996334
1779846915,0.022908770979967512
1779846930,0.023388457644279444
1779846945,0.023815161868678325
1779846960,0.023497715026260146
1779846975,0.023057100230571
1779846990,0.023334460601961447
1779847005,0.023011775820764583
1779847020,0.022875152501016675
1779847035,0.022746620356182107
1779847050,0.02256228485736683
1779847065,0.023281217996859425
1779847080,0.023084780388151177
1779847095,0.023212280044926994
1779847110,0.023690049496501105
1779847125,0.02387511478420569
1779847140,0.024133288455065634
1779847155,0.024208754208754207
1779847170,0.02454936776970675
1779847185,0.024994960693408588
1779847200,0.024760569960289656
1779847215,0.024952792015106556
1779847230,0.024571829199078556
1779847245,0.024699555142420823
1779847260,0.02545054798627536
1779847275,0.025367290251330277
1779847290,0.02569500133654103
1779847305,0.02585435380688787
1779847320,0.02593564241357553
1779847335,0.026120638283784674
1779847350,0.025770641292496777
1779847365,0.025803036818948688
1779847380,0.0255691191026064
1779847395,0.02581942887291433
1779847410,0.025598569394310693
1779847425,0.025064650885219815
1779847440,0.02486436108244849
1779847455,0.02479697891254219
1779847470,0.024786439765924533
1779847485,0.02425507167048681
1779847500,0.024408639012684263
1779847515,0.024642647007925792
1779847530,0.025058621775802332
1779847545,0.025173242822797343
1779847560,0.02491676511652884
1779847575,0.024811810275524374
1779847590,0.024727218560309835
1779847605,0.024279851175635768
1779847620,0.024483519949534772
1779847635,0.024446142093200916
1779847650,0.024413614964796066
1779847665,0.024388167695254308
1779847680,0.024749428521188676
1779847695,0.024419188461362908
1779847710,0.024303749586268856
1779847725,0.024662907575386125
1779847740,0.025102040816326533
1779847755,0.024476260659016744
1779847770,0.02504890241251902
1779847785,0.025710795202132385
1779847800,0.025810151993117293
1779847815,0.025243397656386637
1779847830,0.024185320770569525
1779847845,0.02417555169848748
1779847860,0.024422318241593088
1779847875,0.025085736059951735
1779847890,0.02506170495538257
1779847905,0.02478124800408763
1779847920,0.02510514396635393
1779847935,0.0255792762301484
1779847950,0.025577450084823174
1779847965,0.025382383966244725
1779847980,0.025559105431309903
1779847995,0.02523407928813334
1779848010,0.026008317380685195
1779848025,0.026158940397350994
1779848040,0.026070038910505838
1779848055,0.026331264292714797
1779848070,0.026020144628099175
1779848085,0.026007039499413374
1779848100,0.025557651037263443
1779848115,0.026056934401667644
1779848130,0.026608830765246668
1779848145,0.026482847066367422
1779848160,0.026330999935778046
1779848175,0.027117122892493108
1779848190,0.02672996878251821
1779848205,0.027403531720078485
1779848220,0.02740793661102812
1779848235,0.02761960861312913
1779848250,0.02790395846852693
1779848265,0.028711846870150028
1779848280,0.02901254422643937
1779848295,0.029024767801857584
1779848310,0.02912621359223301
1779848325,0.028803926633944717
1779848340,0.028510334996436206
1779848355,0.02815694032311243
1779848370,0.029201391167399438
1779848385,0.028934043532583678
1779848400,0.028976897689768976
1779848415,0.028236687948397288
1779848430,0.027695546345635154
1779848445,0.027695546345635154
1779848460,0.027841317560943726
1779848475,0.027364000262484416
1779848490,0.02700772576770759
1779848505,0.026960145871320656
1779848520,0.026533133901281133
1779848535,0.026960625848580846
1779848550,0.02663828689370485
1779848565,0.025665766113469702
1779848580,0.024641317634948208
1779848595,0.02440595015776933
1779848610,0.024710325843415912
1779848625,0.024543819069647907
1779848640,0.02426751592356688
1779848655,0.024295617884627616
1779848670,0.023488224061107572
1779848685,0.023276407337128397
1779848700,0.02313902485538109
1779848715,0.023088207156068626
1779848730,0.02323640798510816
1779848745,0.023175194196571866
1779848760,0.02304975922953451
1779848775,0.022661801421163818
1779848790,0.022881681835662093
1779848805,0.023627608346709468
1779848820,0.02303940444102169
1779848835,0.023049188771568377
1779848850,0.023489285024776367
1779848865,0.02415614532337026
1779848880,0.02458325225400532
1779848895,0.025226977950713356
1779848910,0.024983692106979778
1779848925,0.025314795383001045
1779848940,0.025358757617456255
1779848955,0.02517087276550999
1779848970,0.02525418169891768
1779848985,0.025713348638897997
1779849000,0.025418233692128128
1779849015,0.025687834137436433
1779849030,0.025175644028103045
1779849045,0.025062002349562726
1779849060,0.02452619843924192
1779849075,0.02428805237315876
1779849090,0.023831347387717694
1779849105,0.02353559923739399
1779849120,0.02382676232475482
1779849135,0.023740245999206457
1779849150,0.02319861738899229
1779849165,0.02332937920126532
1779849180,0.023208682008368203
1779849195,0.023442601541073527
1779849210,0.023216271009090312
1779849225,0.022999803420483585
1779849240,0.02304207969539815
1779849255,0.022381673359225855
1779849270,0.022283938372016133
1779849285,0.02190024704546972
1779849300,0.02206180002698691
1779849315,0.02157102157102157
1779849330,0.021739130434782608
1779849345,0.022578444747612548
1779849360,0.02274128364956504
1779849375,0.023326015367727767
1779849390,0.023812772925764194
1779849405,0.02304242842359434
1779849420,0.02340928035565435
1779849435,0.023194808780891894
1779849450,0.02268055365218583
1779849465,0.022662296910954605
1779849480,0.02203972766196392
1779849495,0.022419003443671377
1779849510,0.022288988261598662
1779849525,0.022838385249336502
1779849540,0.022941217488320204
1779849555,0.023259102156238953
1779849570,0.023318759108890277
1779849585,0.023617153511497825
1779849600,0.02419962980736272
1779849615,0.024423522990858235
1779849630,0.023311621528968117
1779849645,0.023847049955458097
1779849660,0.02376748607904387
1779849675,0.023719165085388995
1779849690,0.023584589614740366
1779849705,0.023659938510894263
1779849720,0.023672595960946903
1779849735,0.024311618535930155
1779849750,0.023920575692963752
1779849765,0.024063639376864433
1779849780,0.02374792703150912
1779849795,0.023777807379778873
1779849810,0.02440976390556222
1779849825,0.02453496899793319
1779849840,0.024729828283497974
1779849855,0.02494211048627191
1779849870,0.024625914245453934
1779849885,0.024595687331536383
1779849900,0.023791720481272517
1779849915,0.023919230248001078
1779849930,0.02422192151556157
1779849945,0.024628536535721553
1779849960,0.024718948936746574
1779849975,0.024009850194951773
1779849990,0.023991275899672843
1779850005,0.023565365025466894
1779850020,0.023293607800650054
1779850035,0.02303615112802392
1779850050,0.022822700799133143
1779850065,0.023233695652173914
1779850080,0.022920492416513637
1779850095,0.023376798864941557
1779850110,0.02242152466367713
1779850125,0.022078804347826088
1779850140,0.02222071675360748
1779850155,0.021975806451612904
1779850170,0.022159737564437308
1779850185,0.022217760824466307
1779850200,0.022453889334402562
1779850215,0.023217136774880257
1779850230,0.02287646707777999
1779850245,0.022701551161706943
1779850260,0.02261356814088453
1779850275,0.023070274582806992
1779850290,0.022869864399919042
1779850305,0.023844707146695322
1779850320,0.023815949264606666
1779850335,0.024272832056410603
1779850350,0.024709795668997357
1779850365,0.024888709024686363
1779850380,0.02543344801996897
1779850395,0.024750472079848932
1779850410,0.025649679379007768
1779850425,0.025856803529012557
1779850440,0.025973140636716886
1779850455,0.026149561909936832
1779850470,0.02619878240645735
1779850485,0.026057529610829105
1779850500,0.02665676879470914
1779850515,0.026619044410000674
1779850530,0.027217741935483875
1779850545,0.027882289707067992
1779850560,0.02893565358154593
1779850575,0.029120953541920635
1779850590,0.029061908623952422
1779850605,0.029411764705882353
1779850620,0.029811019430396594
1779850635,0.029884297520661154
1779850650,0.029593724089546525
1779850665,0.030477759472817133
1779850680,0.030804335424985736
1779850695,0.03094472805193168
1779850710,0.03066127196864332
1779850725,0.03038656725769062
1779850740,0.030040221216691802
1779850755,0.030507626906726686
1779850770,0.03034500125912868
1779850785,0.03041439614750982
1779850800,0.029527559055118106
1779850815,0.029434009832345894
1779850830,0.0292401370036788
1779850845,0.02843571880937302
1779850860,0.027432679573689854
1779850875,0.0274024024024024
1779850890,0.027125914711077465
1779850905,0.026843528006538
1779850920,0.026537997587454763
1779850935,0.025765520813102866
1779850950,0.02520952507649328
1779850965,0.024860579184304236
1779850980,0.024577987846049965
1779850995,0.0242440751838736
1779851010,0.024875286503977346
1779851025,0.02466535299313719
1779851040,0.024732574776861752
1779851055,0.024715469055155228
1779851070,0.024794493082937914
1779851085,0.024823884602482388
1779851100,0.025300315415072817
1779851115,0.024805055122344717
1779851130,0.0252487646381913
1779851145,0.025211792612673676
1779851160,0.02539208364451083
1779851175,0.025693450555441973
1779851190,0.026362038664323375
1779851205,0.026405104534347003
1779851220,0.02721869512359854
1779851235,0.028382213812677387
1779851250,0.02882348979729275
1779851265,0.02906199893105291
1779851280,0.029585006693440427
1779851295,0.02947283810034161
1779851310,0.029078726968174203
1779851325,0.030112923462986198
1779851340,0.02995175556151166
1779851355,0.02984974058351863
1779851370,0.03004638031861262
1779851385,0.030813257021163318
1779851400,0.030752916224814422
1779851415,0.030452784827033525
1779851430,0.030141014502439348
1779851445,0.02982689747003995
1779851460,0.02991822352237218
1779851475,0.02959089103667417
1779851490,0.028618857901726427
1779851505,0.02875250166777852
1779851520,0.028410222369731168
1779851535,0.027269704023944127
1779851550,0.02723735408560311
1779851565,0.027341399826191593
1779851580,0.027471438948689166
1779851595,0.027492088607594934
1779851610,0.027252282047889934
1779851625,0.027407308615630833
1779851640,0.026933101650738492
1779851655,0.026847439425464796
1779851670,0.026515151515151516
1779851685,0.026314013899197086
1779851700,0.026782118405155056
1779851715,0.026850937808489635
1779851730,0.027146670138662846
1779851745,0.027342256214149138
1779851760,0.027179997512128375
1779851775,0.02798016286046654
1779851790,0.026943252265140678
1779851805,0.026523339370216743
1779851820,0.026555599038407783
1779851835,0.02688286750586729
1779851850,0.027075534587969848
1779851865,0.02646634495796229
1779851880,0.026434034416826003
1779851895,0.0260731319554849
1779851910,0.026341164095371673
1779851925,0.026239067055393587
1779851940,0.025852867929003442
1779851955,0.0260594993532679
1779851970,0.026187112897968056
1779851985,0.028047055576637808
1779852000,0.03153958167858088
1779852015,0.035251591439813185
1779852030,0.04129450245313876
1779852045,0.04511759860895031
1779852060,0.048349825205901524
1779852075,0.051874708896134145
1779852090,0.05240632617198571
1779852105,0.05270735700976794
1779852120,0.05244208763605916
1779852135,0.05308181007579135
1779852150,0.05316448634626649
1779852165,0.053798263491443093
1779852180,0.05377444607341428
1779852195,0.053863908122688466
1779852210,0.05321483432082511
1779852225,0.053456602732165036
1779852240,0.053186825231544915
1779852255,0.05298901881315552
1779852270,0.05164732412958583
1779852285,0.05033246359734028
1779852300,0.04847468228470702
1779852315,0.04383670684557653
1779852330,0.03854184301111675
1779852345,0.03498608507979781
1779852360,0.03149921394883521
1779852375,0.029639776171601774
1779852390,0.02964990971049106
1779852405,0.029531568228105907
1779852420,0.029867609142790928
1779852435,0.0287318266877789
1779852450,0.028846703642289435
1779852465,0.028005268884943587
1779852480,0.028324380224641635
1779852495,0.02806457133078547
1779852510,0.028470971614784322
1779852525,0.02880718008106543
1779852540,0.028879830051099502
1779852555,0.02981864682631946
1779852570,0.030352177942539388
1779852585,0.03070302959818573
1779852600,0.030924526650523674
1779852615,0.03195121239531966
1779852630,0.03171560512329006
1779852645,0.03169249556595819
1779852660,0.03159035015809814
1779852675,0.030543765056785594
1779852690,0.030628354910009474
1779852705,0.03048815630223042
1779852720,0.03005151688609044
1779852735,0.030596226845905756
1779852750,0.030591688730286636
1779852765,0.03097471685161881
1779852780,0.03085574013815151
1779852795,0.03139256386861314
1779852810,0.031188528095333127
1779852825,0.031369308792523795
1779852840,0.033883554292013576
1779852855,0.039501628203313044
1779852870,0.03969244736991431
1779852885,0.040303771545594176
1779852900,0.040357847200388715
1779852915,0.03958416633346662
1779852930,0.03930031803725579
1779852945,0.039397250819577845
1779852960,0.0393529764796662
1779852975,0.03894803113553114
1779852990,0.03935655608667029
1779853005,0.03956371717644307
1779853020,0.03868305682111236
1779853035,0.03852185566422401
1779853050,0.039248853211009176
1779853065,0.039373718115376835
1779853080,0.03876304109746959
1779853095,0.039151571271485615
1779853110,0.03925103215677153
1779853125,0.03884502334159415
1779853140,0.03169003903426341
1779853155,0.030873102891107392
1779853170,0.03020873088101459
1779853185,0.0299349490530194
1779853200,0.02985286598875192
1779853215,0.029846479316161127
1779853230,0.031041684547821358
1779853245,0.03139284174213022
1779853260,0.031993390501695106
1779853275,0.03216694529313426
1779853290,0.03211301926200975
1779853305,0.033012379642365884
1779853320,0.03304838283246673
1779853335,0.03179696616102684
1779853350,0.03132565261776287
1779853365,0.03231008297416953
1779853380,0.032642793725954425
1779853395,0.03235774773436339
1779853410,0.03866133269644137
1779853425,0.03915616937319775
1779853440,0.037466145049653926
1779853455,0.03742991362327625
1779853470,0.03672169305687421
1779853485,0.03676289926289926
1779853500,0.03663442346077076
1779853515,0.03660138706425101
1779853530,0.035983696313420126
1779853545,0.03592268417213712
1779853560,0.036718301778542746
1779853575,0.03688388518306118
1779853590,0.03668985282264084
1779853605,0.0365341964874423
1779853620,0.036393713813068655
1779853635,0.03730723606168446
1779853650,0.03748357903955627
1779853665,0.036681781188233925
1779853680,0.03662951045736612
1779853695,0.0346949875475911
1779853710,0.030226557404939465
1779853725,0.029999152566311686
1779853740,0.03107071854586765
1779853755,0.0313702361895133
1779853770,0.031863778133692996
1779853785,0.032055097355667035
1779853800,0.03178158312542527
1779853815,0.03109083785750266
1779853830,0.030814997754827125
1779853845,0.030125570133453464
1779853860,0.029694594061081183
1779853875,0.029793735676088617
1779853890,0.029731031941728308
1779853905,0.02983574546289915
1779853920,0.029863529949180612
1779853935,0.029342620809751852
1779853950,0.02955879788408998
1779853965,0.029420366146107504
1779853980,0.02948849479701011
1779853995,0.029535245588796572
1779854010,0.02967764439147749
1779854025,0.03000610589364115
1779854040,0.02938687366854408
1779854055,0.029045399923796126
1779854070,0.029047340736411454
1779854085,0.029216235129461164
1779854100,0.029738256602009815
1779854115,0.02979765583999067
1779854130,0.030181263565436735
1779854145,0.031186560357762804
1779854160,0.031234316417205442
1779854175,0.031048245099190047
1779854190,0.03102086858432036
1779854205,0.031141363091934212
1779854220,0.030981067125645443
1779854235,0.031421083284799076
1779854250,0.031245437290115346
1779854265,0.031825064057768464
1779854280,0.031111886485229123
1779854295,0.031725477500809326
1779854310,0.031379951042557586
1779854325,0.030677185676159194
1779854340,0.030977106443238138
1779854355,0.031517849087245496
1779854370,0.031092862031003598
1779854385,0.030782373041121715
1779854400,0.03077385424492863
1779854415,0.03062686567164179
1779854430,0.03048708574124307
1779854445,0.03007384998665362
1779854460,0.030488522660388467
1779854475,0.030220753157832604
1779854490,0.030443589818865045
1779854505,0.03131930707906252
1779854520,0.031161305581835382
1779854535,0.031030881694763538
1779854550,0.03157675236080908
1779854565,0.032020809041169614
1779854580,0.03278101209135692
1779854595,0.03244035161155295
1779854610,0.03205396048468931
1779854625,0.03279226591872054
1779854640,0.03238588964366583
1779854655,0.03187815460904986
1779854670,0.03154389859220749
1779854685,0.03207270595133392
1779854700,0.03237567449321861
1779854715,0.032213007420340466
1779854730,0.03156528408755679
1779854745,0.031242727484291365
1779854760,0.031404085466071846
1779854775,0.03121175030599755
1779854790,0.03106027276726793
1779854805,0.029845526085689304
1779854820,0.02935295992582075
1779854835,0.02915417963862783
1779854850,0.028590464051908928
1779854865,0.02932348187485569
1779854880,0.028965397623796723
1779854895,0.029646522234891674
1779854910,0.030396105589522184
1779854925,0.030833284807546733
1779854940,0.03073422242705303
1779854955,0.031017008387698042
1779854970,0.03144051558961854
1779854985,0.03093024615564521
1779855000,0.03063520452316391
1779855015,0.03110699183224237
1779855030,0.030788177339901482
1779855045,0.03138045199366633
1779855060,0.031200846512426005
1779855075,0.03121506578381632
1779855090,0.03123575011399909
1779855105,0.0310850108698721
1779855120,0.030863678412244553
1779855135,0.03159929405832423
1779855150,0.030796539967879184
1779855165,0.030199000809400207
1779855180,0.029317145494726828
1779855195,0.02844910923905538
1779855210,0.027718729022152604
1779855225,0.027706040871322703
1779855240,0.027762932125678604
1779855255,0.027188720051681037
1779855270,0.027460920997042667
1779855285,0.02707141643540805
1779855300,0.027103651621682923
1779855315,0.026721802367032654
1779855330,0.027271695328906293
1779855345,0.027480045610034205
1779855360,0.02715509902956699
1779855375,0.027695014329899834
1779855390,0.027864219031033206
1779855405,0.02847518138892088
1779855420,0.029243957682273003
1779855435,0.029191445562671545
1779855450,0.02999481357690313
1779855465,0.030566178796330907
1779855480,0.03164667014432273
1779855495,0.03194823283616737
1779855510,0.03227195727698182
1779855525,0.03226542013453426
1779855540,0.0324001705272133
1779855555,0.03267955411316495
1779855570,0.033248873873873874
1779855585,0.03298156746869284
1779855600,0.0332063760756101
1779855615,0.03262092238470191
1779855630,0.03213879408418657
1779855645,0.03203127197052785
1779855660,0.032133167533348404
1779855675,0.03174469281597076
1779855690,0.03149783452387648
1779855705,0.0312587530110358
1779855720,0.03069439785306944
1779855735,0.030709691789403346
1779855750,0.030423354398523568
1779855765,0.03130517642442757
1779855780,0.031136408464594662
1779855795,0.030375880306587097
1779855810,0.030030030030030033
1779855825,0.03040251213245789
1779855840,0.030340116692756516
1779855855,0.030337919521040816
1779855870,0.029633900259440765
1779855885,0.029806728704366497
1779855900,0.030519110096976613
1779855915,0.030565693430656935
1779855930,0.031120095666533797
1779855945,0.03170251049610145
1779855960,0.03143755358673907
1779855975,0.03255894291389585
1779855990,0.032760503477211336
1779856005,0.031881159834309385
1779856020,0.031748746010031914
1779856035,0.03207838208409507
1779856050,0.03144870252620725
1779856065,0.030685767568025768
1779856080,0.030596086415563852
1779856095,0.03151862464183381
1779856110,0.031786627694556084
1779856125,0.03221145673975863
1779856140,0.032286920303021834
1779856155,0.032162101481814094
1779856170,0.0337978310951284
1779856185,0.0336786833413319
1779856200,0.0338419572073992
1779856215,0.03426136363636364
1779856230,0.0349126468990364
1779856245,0.03459443966752651
1779856260,0.034403014903214756
1779856275,0.03363032102955735
1779856290,0.03392439705798506
1779856305,0.033971359705090035
1779856320,0.03377494740433274
1779856335,0.03317522002514573
1779856350,0.03323530251548982
1779856365,0.03339607574720511
1779856380,0.032723911850504
1779856395,0.03176064441887227
1779856410,0.03153088061038698
1779856425,0.030718390804597703
1779856440,0.030944065952939834
1779856455,0.03093521062271062
1779856470,0.028907314856883234
1779856485,0.028660955556833206
1779856500,0.027756360832690827
1779856515,0.029132693033107972
1779856530,0.029536957146965772
1779856545,0.029396416768133586
1779856560,0.034159235483777264
1779856575,0.03501343301016236
1779856590,0.03487276154571159
1779856605,0.03433375466650989
1779856620,0.035357258706614374
1779856635,0.03511319189285291
1779856650,0.035777371934972005
1779856665,0.03572187965128642
1779856680,0.03618698110937312
1779856695,0.03634610168469908
1779856710,0.03694082822363851
1779856725,0.03712303980699638
1779856740,0.03765179715628242
1779856755,0.037360165369649805
1779856770,0.03782693717917379
1779856785,0.03822467615204927
1779856800,0.03782699845046031
1779856815,0.03590935151935786
1779856830,0.03555676394175578
1779856845,0.0334582602913619
1779856860,0.03055123759416477
1779856875,0.030615920278544845
1779856890,0.030371876121009205
1779856905,0.030450779216894496
1779856920,0.030565612202504602
1779856935,0.030326432411560283
1779856950,0.029764523034515118
1779856965,0.02996276642528365
1779856980,0.029392156294385345
1779856995,0.028968379788429942
1779857010,0.029033560143005423
1779857025,0.02958258232483621
1779857040,0.029325765393876848
1779857055,0.02877331825890334
1779857070,0.028224080363003338
1779857085,0.028416779431664412
1779857100,0.028755352635907325
1779857115,0.02889213976256119
1779857130,0.029308724258737075
1779857145,0.02856104854260403
1779857160,0.02804290902947884
1779857175,0.02849550517329112
1779857190,0.032778604102938286
1779857205,0.03535688616133134
1779857220,0.039580682635393036
1779857235,0.04271167526851723
1779857250,0.04857966241251544
1779857265,0.05456313376857897
1779857280,0.05977875865075473
1779857295,0.0664479307397502
1779857310,0.0705669976204152
1779857325,0.07420215662781832
1779857340,0.07956423945150537
1779857355,0.08058188950637463
1779857370,0.08046102286041253
1779857385,0.08164329427262
1779857400,0.08165777595404185
1779857415,0.08243727598566308
1779857430,0.0817729384915725
1779857445,0.0824006175221922
1779857460,0.08276070584354901
1779857475,0.08071317390689119
1779857490,0.0798614093863643
1779857505,0.07670478730951504
1779857520,0.07390326857669914
1779857535,0.06782923130759361
1779857550,0.060535334436303476
1779857565,0.057325395673007117
1779857580,0.05169994925524611
1779857595,0.04796532767096192
1779857610,0.04143049143925671
1779857625,0.03712494139709329
1779857640,0.032011747430249635
1779857655,0.032196580945957835
1779857670,0.031919609871434905
1779857685,0.031510332933851685
1779857700,0.03148004069663055
1779857715,0.03165841141015695
1779857730,0.03198891444070995
1779857745,0.031664363625672536
1779857760,0.03162887209129984
1779857775,0.031112407056422223
1779857790,0.03119645494830133
1779857805,0.030796946041005406
1779857820,0.03126250214322455
1779857835,0.03150240004598891
1779857850,0.03195052821437774
1779857865,0.03148639776198225
1779857880,0.03095352722947523
1779857895,0.030923159774382813
1779857910,0.03081620536597778
1779857925,0.031447970228118516
1779857940,0.031127416396218428
1779857955,0.03087618565115821
1779857970,0.03079792043399638
1779857985,0.03130375927127105
1779858000,0.03095861855263529
1779858015,0.03080441595843804
1779858030,0.0310788181534357
1779858045,0.03106834471471302
1779858060,0.030888907815915734
1779858075,0.030824895520713547
1779858090,0.030793891841727834
1779858105,0.030564131349985965
1779858120,0.030149473445815877
1779858135,0.02979059214791015
1779858150,0.030467182573803382
1779858165,0.030335330721364368
1779858180,0.030704030444559764
1779858195,0.031164175652626407
1779858210,0.03085904920767306
1779858225,0.030878244087910824
1779858240,0.032527498382448096
1779858255,0.03197337962962963
1779858270,0.031478310502283106
1779858285,0.031119368323269857
1779858300,0.031132999251195205
1779858315,0.03068204585134091
1779858330,0.03038134619802435
1779858345,0.03063400576368876
1779858360,0.030600965733899588
1779858375,0.030294220258169555
1779858390,0.030192850286512113
1779858405,0.030652224014749943
1779858420,0.031094527363184077
1779858435,0.03097154972351947
1779858450,0.029870798079121883
1779858465,0.029529401753042292
1779858480,0.030065804402087584
1779858495,0.029864304774882187
1779858510,0.030114491888974117
1779858525,0.02915176655700186
1779858540,0.028002631503675525
1779858555,0.029078647799648402
1779858570,0.029062199332163675
1779858585,0.028943518545079032
1779858600,0.02934248985499021
1779858615,0.029459714555387127
1779858630,0.03061282123693872
1779858645,0.030795358052646476
1779858660,0.030440159649221428
1779858675,0.030670872528586714
1779858690,0.030939195298372513
1779858705,0.030882894103660092
1779858720,0.03063519631011018
1779858735,0.030759217861286398
1779858750,0.030794673661999946
1779858765,0.031298727071697896
1779858780,0.03077882326266863
1779858795,0.031515530421438516
1779858810,0.03094277433653464
1779858825,0.03127262600946812
1779858840,0.031533697219944
1779858855,0.03138269452490088
1779858870,0.03172826725609244
1779858885,0.03163464531280948
1779858900,0.03214285714285714
1779858915,0.03269505573020863
1779858930,0.03210878946173064
1779858945,0.03206763146582605
1779858960,0.03211179238556966
1779858975,0.03234323432343234
1779858990,0.03191945771243886
1779859005,0.03201778445015446
1779859020,0.031808403843395956
1779859035,0.032118181029747624
1779859050,0.03201501154734411
1779859065,0.03217034079731528
1779859080,0.03196893612051851
1779859095,0.03185963292162069
1779859110,0.03262984141956022
1779859125,0.03303443642842539
1779859140,0.033199519442083984
1779859155,0.03394799331593914
1779859170,0.03342984996051592
1779859185,0.032351325565931364
1779859200,0.031135637525413887
1779859215,0.03108898280553465
1779859230,0.031101107830814646
1779859245,0.03214715994240545
1779859260,0.03535618514632156
1779859275,0.035314459879256785
1779859290,0.03593895619757689
1779859305,0.035381859823237514
1779859320,0.03516412849668236
1779859335,0.03485405790223066
1779859350,0.03462974395155363
1779859365,0.03460370796121083
1779859380,0.03436265183667496
1779859395,0.03386741143613112
1779859410,0.033703899770601724
1779859425,0.03344982526210684
1779859440,0.032810565414775075
1779859455,0.03289454396200417
1779859470,0.03321293278125275
1779859485,0.033931368781958446
1779859500,0.033754778006468686
1779859515,0.034168632075471696
1779859530,0.03378259595663639
1779859545,0.03235517624364295
1779859560,0.02960632699262047
1779859575,0.029307540374114094
1779859590,0.029445139515260843
1779859605,0.0299650359753807
1779859620,0.030186623856893035
1779859635,0.031130076178475286
1779859650,0.03127959365225127
1779859665,0.031046366822091574
1779859680,0.031154091145984136
1779859695,0.030653639584047543
1779859710,0.030471943515421776
1779859725,0.029997986712301188
1779859740,0.02956681182672473
1779859755,0.02937625754527163
1779859770,0.02875554919089217
1779859785,0.028692636225528135
1779859800,0.02847494491028246
1779859815,0.028238819732595666
1779859830,0.02797865013774105
1779859845,0.02773502080839177
1779859860,0.027996675932028543
1779859875,0.028219780219780218
1779859890,0.027494790460754807
1779859905,0.026713359573975456
1779859920,0.026745134599697004
1779859935,0.025560969916255723
1779859950,0.025836571362291942
1779859965,0.02573082489146165
1779859980,0.02625884554652319
1779859995,0.026364301389904903
1779860010,0.026638330082389586
1779860025,0.02711133137043407
1779860040,0.027142065828984575
1779860055,0.026798471991368502
1779860070,0.026973434811769163
1779860085,0.026827612667119208
1779860100,0.026769904864799975
1779860115,0.026325109196080748
1779860130,0.025810858975882145
1779860145,0.026388306475768286
1779860160,0.025973637803748097
1779860175,0.02677535477345075
1779860190,0.02688076122509664
1779860205,0.027454043013336538
1779860220,0.028010283391127586
1779860235,0.02824352192235273
1779860250,0.028242677824267783
1779860265,0.02794345699630204
1779860280,0.02783412887828162
1779860295,0.0280175632486036
1779860310,0.02838729016786571
1779860325,0.02816858976290182
1779860340,0.028722894453096916
1779860355,0.028551636900280092
1779860370,0.02926276893736218
1779860385,0.02963716920129326
1779860400,0.029184143675784247
1779860415,0.02982060116431032
1779860430,0.029762604301328006
1779860445,0.03002526587931136
1779860460,0.029724178403755866
1779860475,0.029840553460613435
1779860490,0.02990033222591362
1779860505,0.03000882612533098
1779860520,0.03028524474703604
1779860535,0.031007064526617598
1779860550,0.031177044238895946
1779860565,0.031497668997668996
1779860580,0.031641178777184566
1779860595,0.03219651800620081
1779860610,0.03283318623124448
1779860625,0.03352349585367288
1779860640,0.03337083974890442
1779860655,0.03248719142990219
1779860670,0.032708229718264537
1779860685,0.03339078612953171
1779860700,0.03381982298810152
1779860715,0.033498939539207996
1779860730,0.033108248802689116
1779860745,0.03379531842249935
1779860760,0.03372217558688164
1779860775,0.03437836579046954
1779860790,0.03462398698695791
1779860805,0.033877038895859475
1779860820,0.03329194698697774
1779860835,0.03286207797485993
1779860850,0.03374000350242251
1779860865,0.0329880524983815
1779860880,0.03274203766630191
1779860895,0.031691463238480426
1779860910,0.03161826446998871
1779860925,0.0313124583610926
1779860940,0.030881252518275483
1779860955,0.030874143983426368
1779860970,0.030841956590666703
1779860985,0.031020835758351763
1779861000,0.03092243186582809
1779861015,0.030897311875238184
1779861030,0.030651005142589994
1779861045,0.030407495801290554
1779861060,0.02961175050775616
1779861075,0.02942033207107486
1779861090,0.028599749278446693
1779861105,0.034354364836954934
1779861120,0.037883467160798844
1779861135,0.043438269590244195
1779861150,0.047177242888402623
1779861165,0.05078607765929928
1779861180,0.057721901222380294
1779861195,0.06270818247646633
1779861210,0.06812249869497129
1779861225,0.06863082931311738
1779861240,0.07080763582966226
1779861255,0.0706203095684803
1779861270,0.07020153410913758
1779861285,0.07032615026208501
1779861300,0.07199767374236697
1779861315,0.07222769694510463
1779861330,0.07271676300578035
1779861345,0.07348715716151501
1779861360,0.07348344524195416
1779861375,0.07442009371634797
1779861390,0.07370816291261018
1779861405,0.06864256420697479
1779861420,0.06212553080100052
1779861435,0.06071407701747209
1779861450,0.055947300055668954
1779861465,0.05398487835015151
1779861480,0.04628418549346016
1779861495,0.04123833506147238
1779861510,0.03637764019314513
1779861525,0.036308668582375477
1779861540,0.03563768839791991
1779861555,0.03600798872180451
1779861570,0.03567115378950779
1779861585,0.035146046069817145
1779861600,0.0345320314360562
1779861615,0.03388668673442017
1779861630,0.033649826824316255
1779861645,0.03312274901104092
1779861660,0.03297446758442169
1779861675,0.03259770388436143
1779861690,0.03206682047837388
1779861705,0.03153710247349823
1779861720,0.030932662198940624
1779861735,0.029546448884351754
1779861750,0.029147656272703496
1779861765,0.02947553472018752
1779861780,0.029127060259876165
1779861795,0.028756438557763064
1779861810,0.028374436488994962
1779861825,0.0280117881701545
1779861840,0.02745311225876597
1779861855,0.027202732256808172
1779861870,0.026793890874715662
1779861885,0.02588777046373646
1779861900,0.025671150795981906
1779861915,0.026358017354094855
1779861930,0.026160637572956478
1779861945,0.027412181174548425
1779861960,0.027342697133958253
1779861975,0.028666666666666667
1779861990,0.028818269695505078
1779862005,0.02884820422213422
1779862020,0.028884013104505425
1779862035,0.02875339514844994
1779862050,0.02872346858559594
1779862065,0.028985507246376812
1779862080,0.029264137742220062
1779862095,0.03014380530973451
1779862110,0.029890069955482875
1779862125,0.029863922798258696
1779862140,0.03141845063914985
1779862155,0.03241732650209595
1779862170,0.033172986818267004
1779862185,0.03335542301745085
1779862200,0.03342991556843318
1779862215,0.03337354242058705
1779862230,0.03256842170812965
1779862245,0.03269771610470686
1779862260,0.032246062259704826
1779862275,0.03145156336384299
1779862290,0.032169259797704845
1779862305,0.0322214728064259
1779862320,0.03242658423493045
1779862335,0.03310986022389476
1779862350,0.03282194328219432
1779862365,0.032994609331433174
1779862380,0.03308345207855771
1779862395,0.0323743223262691
1779862410,0.03268294177106625
1779862425,0.03300198807157058
1779862440,0.031860816944024206
1779862455,0.032732232156387334
1779862470,0.032941531042796866
1779862485,0.032482389066168946
1779862500,0.032052813956267176
1779862515,0.03203384708371109
1779862530,0.030813600485731632
1779862545,0.030902385342930223
1779862560,0.030653369811431765
1779862575,0.029873193748156886
1779862590,0.02940215615811826
1779862605,0.029390871958799504
1779862620,0.02878057384760113
1779862635,0.029062591830737585
1779862650,0.028398809176346972
1779862665,0.028137705109830644
1779862680,0.027949854672499337
1779862695,0.02807427986547741
1779862710,0.02887177535064859
1779862725,0.02892901107919573
1779862740,0.029589460964899356
1779862755,0.028179425766580918
1779862770,0.027945930061710256
1779862785,0.02783693793682695
1779862800,0.02804870839983449
1779862815,0.028031020601468153
1779862830,0.028692659189365612
1779862845,0.029321401938851605
1779862860,0.029862311497884004
1779862875,0.030153754291685323
1779862890,0.03067502898076866
1779862905,0.031213138553670267
1779862920,0.031679778992252716
1779862935,0.03097761715309624
1779862950,0.03074555713121926
1779862965,0.031208053691275165
1779862980,0.031463079039902156
1779862995,0.03054135936591486
1779863010,0.030265010098537243
1779863025,0.029853021894248946
1779863040,0.029114423631561373
1779863055,0.0283987915407855
1779863070,0.03023598820058997
1779863085,0.030513429563310795
1779863100,0.030692582113421085
1779863115,0.03120995789859052
1779863130,0.03055547016691771
1779863145,0.03060571915826659
1779863160,0.030674659931225465
1779863175,0.03087749097637174
1779863190,0.030802184209732405
1779863205,0.03046361626744996
1779863220,0.030662000059828293
1779863235,0.03132971221078534
1779863250,0.030770605582198924
1779863265,0.0315723941657773
1779863280,0.031189370333352926
1779863295,0.03208493069890888
1779863310,0.032285397066557586
1779863325,0.03303445021236432
1779863340,0.03340710611317143
1779863355,0.03281277417090718
1779863370,0.03231801155666541
1779863385,0.03271684419992977
1779863400,0.03239566520636385
1779863415,0.032153315357629525
1779863430,0.032195376627896864
1779863445,0.03277492411860845
1779863460,0.032593154562166264
1779863475,0.03260425780110819
1779863490,0.032936229852838124
1779863505,0.032603277919488666
1779863520,0.03334221669479731
1779863535,0.03373607869782281
1779863550,0.03394658753709199
1779863565,0.03379107699688175
1779863580,0.0335519980741454
1779863595,0.037548749886628166
1779863610,0.038056331971619006
1779863625,0.038730022656297845
1779863640,0.03838358641763587
1779863655,0.037680708845017875
1779863670,0.037583134646756174
1779863685,0.03816214163660528
1779863700,0.03757344767349531
1779863715,0.03825690397770459
1779863730,0.037349014621741894
1779863745,0.036757925530223536
1779863760,0.0367781923976978
1779863775,0.03627615460099396
1779863790,0.03623074751403745
1779863805,0.03636130026981884
1779863820,0.03628880231242931
1779863835,0.03710421638822593
1779863850,0.036665211697948494
1779863865,0.03640874554194449
1779863880,0.035681498255707204
1779863895,0.031273860061692575
1779863910,0.030220197418375092
1779863925,0.02991264448954381
1779863940,0.029810455429450523
1779863955,0.029977051061388413
1779863970,0.029893157535803593
1779863985,0.029190922129418716
1779864000,0.02980976662090606
1779864015,0.02965064530485091
1779864030,0.029595917804440767
1779864045,0.029781856145942084
1779864060,0.030061036272216395
1779864075,0.03008988947125438
1779864090,0.030392183324786094
1779864105,0.029898286937901503
1779864120,0.029508459626333094
1779864120,0.029508459626333094
1779864135,0.02861441807670987
1779864150,0.02891196913237665
1779864165,0.02863191320455147
1779864180,0.028722721437740694
1779864195,0.028885868841101073
1779864210,0.029159519725557463
1779864225,0.02887689042898971
1779864240,0.029168234851336093
1779864255,0.02926312357352462
1779864270,0.029513888888888888
1779864285,0.028991885572823548
1779864300,0.02911308571113196
1779864315,0.029213483146067417
1779864330,0.0289446506824462
1779864345,0.02888352957866364
1779864360,0.02816577570845548
1779864375,0.027944858548939477
1779864390,0.027408420378829762
1779864405,0.027510840267197936
1779864420,0.027538165110419444
1779864435,0.02768473782493998
1779864450,0.028023994986122305
1779864465,0.02778698652843495
1779864480,0.02809348243395594
1779864495,0.02759066162222017
1779864510,0.02727072795249615
1779864525,0.026767242751201497
1779864540,0.02664521319388576
1779864555,0.02636897001303781
1779864570,0.026441910428028424
1779864585,0.02637727288118376
1779864600,0.026025209798525465
1779864615,0.02602063705697622
1779864630,0.025813692480359147
1779864645,0.025896484720014126
1779864660,0.0260950605778192
1779864675,0.026605672461116194
1779864690,0.026957780995878353
1779864705,0.02643856920684292
1779864720,0.026419925512104283
1779864735,0.026085579701539796
1779864750,0.02544772845119859
1779864765,0.025544611108840477
1779864780,0.02628820594524339
1779864795,0.025922148563658
1779864810,0.026398114420398546
1779864825,0.026679412531502564
1779864840,0.02686132674664785
1779864855,0.026828174069089276
1779864870,0.026215182960131072
1779864885,0.02600156747037942
1779864900,0.026656010530769592
1779864915,0.027275337352856734
1779864930,0.027263547627061593
1779864945,0.027119139198597788
1779864960,0.02732778571076862
1779864975,0.026892331984604757
1779864990,0.026864775626594624
1779865005,0.026602116190856465
1779865020,0.02670742095505337
1779865035,0.026956119141931165
1779865050,0.02740725302209254
1779865065,0.026512013256006627
1779865080,0.02606410930110352
1779865095,0.026354550236717518
1779865110,0.02590950371280517
1779865125,0.026259147653895823
1779865140,0.02603202265548415
1779865155,0.02613404055472678
1779865170,0.026518297071361347
1779865185,0.026283686370189643
1779865200,0.02591336262025246
1779865215,0.025480931488356395
1779865230,0.02539183191955508
1779865245,0.025157942238267148
1779865260,0.025182090226412965
1779865275,0.025343425848051587
1779865290,0.0257459505541347
1779865305,0.025797184717035335
1779865320,0.025486909784430446
1779865335,0.025808711900035034
1779865350,0.026043772015938094
1779865365,0.026780594104828536
1779865380,0.027427508861642164
1779865395,0.027316395624746803
1779865410,0.02745120750564661
1779865425,0.027433577315428503
1779865440,0.02757279331846004
1779865455,0.0275151924375422
1779865470,0.027957951241333035
1779865485,0.02788755914277762
1779865500,0.028157997653500196
1779865515,0.028069783046298365
1779865530,0.028756853530267426
1779865545,0.028864584507836282
1779865560,0.029142053445850913
1779865575,0.028678092652299335
1779865590,0.02844998583168036
1779865605,0.0282889473082638
1779865620,0.02815296062004901
1779865635,0.02719343252950231
1779865650,0.026265437467385633
1779865665,0.026112241930793836
1779865680,0.025470717338569943
1779865695,0.025196486361534907
1779865710,0.025301135381246037
1779865725,0.02533540623020671
1779865740,0.024612736660929432
1779865755,0.024355945550680616
1779865770,0.023051108543764097
1779865785,0.023197360842017074
1779865800,0.022516082916368835
1779865815,0.022116366110922082
1779865830,0.022024801036461226
1779865845,0.021490606168025523
1779865860,0.02141436370561598
1779865875,0.022450393187466895
1779865890,0.022883382034837387
1779865905,0.023411734860290655
1779865920,0.025244469103266522
1779865935,0.02716422928223231
1779865950,0.02864438406390153
1779865965,0.03154824185928533
1779865980,0.032975483712202776
1779865995,0.03224944320712695
1779866010,0.032802437902483904
1779866025,0.03616479735966213
1779866040,0.036345613745250284
1779866055,0.03869631860596445
1779866070,0.03950808301765993
1779866085,0.040509320031504335
1779866100,0.042016152068347655
1779866115,0.04345549738219895
1779866130,0.04623689563448599
1779866145,0.04677025411838071
1779866160,0.04753089638629608
1779866175,0.049090624837146275
1779866190,0.04998168210603443
1779866205,0.05058054183904978
1779866220,0.05067735765007993
1779866235,0.05002497305538761
1779866250,0.04947584735842676
1779866265,0.047692150240507616
1779866280,0.04744856927906193
1779866295,0.048674388674388676
1779866310,0.04777893250193194
1779866325,0.04769639312140665
1779866340,0.04777234097347412
1779866355,0.04690998073618994
1779866370,0.0480495388393907
1779866385,0.04683152612008217
1779866400,0.046180618685228964
1779866415,0.04642356968722444
1779866430,0.046074996077611
1779866445,0.04706380053409481
1779866460,0.04732385449365586
1779866475,0.04637558957603226
1779866490,0.04632625680688186
1779866505,0.0460706730392541
1779866520,0.04519774011299435
1779866535,0.04380317017040312
1779866550,0.044511544368378585
1779866565,0.0459108973018197
1779866580,0.044057295665757626
1779866595,0.044060903118156226
1779866610,0.043794100033847996
1779866625,0.04499528845147105
1779866640,0.04413847364280094
1779866655,0.04348053715871311
1779866670,0.04222858630564957
1779866685,0.04338740433090406
1779866700,0.042469544525774
1779866715,0.04070094653364032
1779866730,0.04029813036887317
1779866745,0.039212736617776106
1779866760,0.038521381248745226
1779866775,0.03837598752332984
1779866790,0.03875930521091811
1779866805,0.03847490443330189
1779866820,0.038384189487797
1779866835,0.03854324734446131
1779866850,0.036783765768879456
1779866865,0.03677028980181769
1779866880,0.0367206676485027
1779866895,0.03659316861895855
1779866910,0.03580882352941177
1779866925,0.034322479634024024
1779866940,0.033623757516259664
1779866955,0.03334223106602927
1779866970,0.03345358345358346
1779866985,0.03229867803011961
1779867000,0.03308734281691508
1779867015,0.03290774601469619
1779867030,0.03318350404047846
1779867045,0.03237778971529033
1779867060,0.03215568567632732
1779867075,0.031966132630298114
1779867090,0.030799556486386593
1779867105,0.03048401144705736
1779867120,0.030604172846830813
1779867135,0.030901136477924165
1779867150,0.03011507995815274
1779867165,0.03059201445529149
1779867180,0.030116410063837782
1779867195,0.029584321557857948
1779867210,0.02987911503079145
1779867225,0.029003339778519956
1779867240,0.028741755454084222
1779867255,0.028978538165620567
1779867270,0.028789075437568472
1779867285,0.028459849915769057
1779867300,0.027916506594954538
1779867315,0.027636271013754456
1779867330,0.026688003303737353
1779867345,0.026543640639942103
1779867360,0.026219369591767797
1779867375,0.026009903570497785
1779867390,0.026150905325757978
1779867405,0.025734310630784872
1779867420,0.025445568727450286
1779867435,0.025355799116636674
1779867450,0.02491446860169959
1779867465,0.024595612674495896
1779867480,0.024632207880051857
1779867495,0.024675843948135035
1779867510,0.024613342566943672
1779867525,0.024312522129116016
1779867540,0.024118241836674003
1779867555,0.024262908531249055
1779867570,0.02425023789790343
1779867585,0.024153836564233623
1779867600,0.023970536876527924
1779867615,0.024073538392311897
1779867630,0.02403313115502511
1779867645,0.0245694527561673
1779867660,0.02409679158802912
1779867675,0.024128135802046615
1779867690,0.024245371496057523
1779867705,0.023785157214948654
1779867720,0.023850145731143812
1779867735,0.023953190711281772
1779867750,0.024541946120124395
1779867765,0.024350041207762043
1779867780,0.024473534433693794
1779867795,0.024513199415069655
1779867810,0.024096841308870815
1779867825,0.02420557531260755
1779867840,0.024536510798416497
1779867855,0.0245878957979207
1779867870,0.024779537927457004
1779867885,0.024754656519126783
1779867900,0.024514976865005277
1779867915,0.024716153625445752
1779867930,0.025145546884677322
1779867945,0.025327868852459016
1779867960,0.025487442167878387
1779867975,0.025447415627216224
1779867990,0.02596149813362412
1779868005,0.02594685080560787
1779868020,0.02573959552064182
1779868035,0.025685147102027114
1779868050,0.02579743296479858
1779868065,0.025500678886625935
1779868080,0.025692203159503987
1779868095,0.025804261098378748
1779868110,0.026469817419411203
1779868125,0.026475406207110287
1779868140,0.026438231073618302
1779868155,0.026291773499630612
1779868170,0.026815787200967268
1779868185,0.026654648467679627
1779868200,0.027327034698978944
1779868215,0.026961616847826084
1779868230,0.026299957026214012
1779868245,0.026462515011151138
1779868260,0.026432469304229197
1779868275,0.026163293547829102
1779868290,0.026331461630083375
1779868305,0.026650072955111147
1779868320,0.02593535580201096
1779868335,0.02602547173829706
1779868350,0.025828522557194786
1779868365,0.02523376457025746
1779868380,0.025500446257809513
1779868395,0.025192323949615354
1779868410,0.025171624713958812
1779868425,0.0250381938550331
1779868440,0.024990437332653322
1779868455,0.025185814397961352
1779868470,0.025450057454143082
1779868485,0.025296408851602965
1779868500,0.025222808687375614
1779868515,0.025112299465240642
1779868530,0.025239301197579087
1779868545,0.024984011937753143
1779868560,0.02468819408850162
1779868575,0.02484946145365109
1779868590,0.02488030095759234
1779868605,0.025405938048926775
1779868620,0.025809479117785077
1779868635,0.025864636065852722
1779868650,0.026042546007090998
1779868665,0.02622377622377622
1779868680,0.026363246028338342
1779868695,0.02640364188163884
1779868710,0.026237431493548527
1779868725,0.026202933356205507
1779868740,0.026865416648870283
1779868755,0.02651629288450777
1779868770,0.026552889196915886
1779868785,0.026975453204961405
1779868800,0.027497434143003766
1779868815,0.027744113573407198
1779868830,0.02711746555994959
1779868845,0.02743742342026956
1779868860,0.027963472713767642
1779868875,0.02744130731621372
1779868890,0.02685410863509749
1779868905,0.026698283054494357
1779868920,0.026611317456849467
1779868935,0.02650879208270743
1779868950,0.0264484188930021
1779868965,0.025952244339497728
1779868980,0.026908001937728455
1779868995,0.027244087500554643
1779869010,0.027455357142857146
1779869025,0.027421573412610374
1779869040,0.027634080558871642
1779869055,0.02702823047466382
1779869070,0.026565046918366444
1779869085,0.025660580503342155
1779869100,0.025582539469564826
1779869115,0.024835096728496174
1779869130,0.02534511074614941
1779869145,0.02534703918467756
1779869160,0.02510864316755191
1779869175,0.026143790849673203
1779869190,0.026066765968632263
1779869205,0.026582995598553188
1779869220,0.0270526406478849
1779869235,0.026761664784082023
1779869250,0.027439948063189785
1779869265,0.027094766864007604
1779869280,0.02626504991644886
1779869295,0.025980577626434607
1779869310,0.025909380982769622
1779869325,0.025763235862424322
1779869340,0.025866150204432968
1779869355,0.026490633974881047
1779869370,0.026590041600548956
1779869385,0.027011793270898376
1779869400,0.027639911004620914
1779869415,0.02759064578416649
1779869430,0.02794123872825029
1779869445,0.02756372258446947
1779869460,0.02745584398922294
1779869475,0.027877544039678473
1779869490,0.027466850353022217
1779869505,0.027070132333290232
1779869520,0.026919929362105355
1779869535,0.026388768524135544
1779869550,0.026000860955660787
1779869565,0.02623543073416198
1779869580,0.02618118768964023
1779869595,0.02668218457692142
1779869610,0.02593809441466367
1779869625,0.025705492218995193
1779869640,0.025800556909154195
1779869655,0.025444847636951866
1779869670,0.025687597301504935
1779869685,0.024979220438339386
1779869700,0.02467492122664536
1779869715,0.0247228183118741
1779869730,0.02489902800585859
1779869745,0.025387434323811207
1779869760,0.025236179146256123
1779869775,0.025167561809223665
1779869790,0.024825174825174823
1779869805,0.024826739187648036
1779869820,0.025031894769257844
1779869835,0.025589431783386556
1779869850,0.02586781634739322
1779869865,0.025676458788392104
1779869880,0.02541883304448296
1779869895,0.025118714773887184
1779869910,0.025504595224484408
1779869925,0.025508383874420264
1779869940,0.02557441662561025
1779869955,0.025603217158176945
1779869970,0.025604425015612452
1779869985,0.025676092998632376
1779870000,0.02598261943623451
1779870015,0.026207080353573494
1779870030,0.02622105684191814
1779870045,0.02613069800569801
1779870060,0.0261221972600326
1779870075,0.02604189931656765
1779870090,0.02628872893101444
1779870105,0.02640278770550393
1779870120,0.026534512645006447
1779870135,0.02611775121735281
1779870150,0.025955804980708524
1779870165,0.026912675564860853
1779870180,0.02703407510431154
1779870195,0.026785714285714284
1779870210,0.02651015563175943
1779870225,0.026210900268607572
1779870240,0.02604547212790648
1779870255,0.026154510142425553
1779870270,0.026016540317022743
1779870285,0.026111111111111113
1779870300,0.02626649638143891
1779870315,0.026261849859082753
1779870330,0.0259931132947006
1779870345,0.025716077775454736
1779870360,0.025731288240717458
1779870375,0.02615435629611208
1779870390,0.02558933640515078
1779870405,0.02560657873310536
1779870420,0.026405691089586434
1779870435,0.0263264315755419
1779870450,0.026409303828137623
1779870465,0.026247035652558384
1779870480,0.026531926886222724
1779870495,0.026693386773547094
1779870510,0.026866145481963574
1779870525,0.026465398941384045
1779870540,0.026578854521933433
1779870555,0.02671576308367283
1779870570,0.027103353598744852
1779870585,0.026810708512399955
1779870600,0.02677476764880364
1779870615,0.026690321308890205
1779870630,0.026567524115755626
1779870645,0.026715239829993923
1779870660,0.026588425738567376
1779870675,0.026390197926484445
1779870690,0.027248742682826285
1779870705,0.02690751324517125
1779870720,0.02661212095651807
1779870735,0.0265241825613079
1779870750,0.02634392507377154
1779870765,0.02668732782369146
1779870780,0.026885896771966164
1779870795,0.02661795407098121
1779870810,0.02647559963301149
1779870825,0.026861865822562208
1779870840,0.02641758241758242
1779870855,0.02714671626588725
1779870870,0.026257429255743814
1779870885,0.025736434108527134
1779870900,0.025243755843461998
1779870915,0.025122932498882432
1779870930,0.024633170297910182
1779870945,0.024592738859220035
1779870960,0.02495304534478133
1779870975,0.02454954954954955
1779870990,0.024282957044750662
1779871005,0.024640199616807024
1779871020,0.024658780709736122
1779871035,0.02483938105148855
1779871050,0.024116480346195453
1779871065,0.023945837877135584
1779871080,0.023539434156839886
1779871095,0.024612744433906875
1779871110,0.02468913317714904
1779871125,0.024827836172526277
1779871140,0.024494046271562455
1779871155,0.023574757977769808
1779871170,0.02359974826935179
1779871185,0.02381165517858741
1779871200,0.02454484153742414
1779871215,0.025308531568592384
1779871230,0.02601824769721046
1779871245,0.02643152623557588
1779871260,0.026631967035350243
1779871275,0.02733396666378789
1779871290,0.027237521514629947
1779871305,0.02679716215061117
1779871320,0.026251864479011292
1779871335,0.026727953694245826
1779871350,0.02697068958182669
1779871365,0.026688730482009506
1779871380,0.027302883388619543
1779871395,0.026851098454027663
1779871410,0.02712616224515909
1779871425,0.02672748198985464
1779871440,0.026271875401138164
1779871455,0.026570359860699083
1779871470,0.02656716417910448
1779871485,0.026683121967827052
1779871500,0.02613665013866712
1779871515,0.026225387515710092
1779871530,0.026003610418636636
1779871545,0.02541716841562016
1779871560,0.025390040606967302
1779871575,0.02470457270080493
1779871590,0.02448001369511256
1779871605,0.02477898673920435
1779871620,0.024797958315610377
1779871635,0.024554810607678185
1779871650,0.024193203675999142
1779871665,0.02422582683800295
1779871680,0.023675405531320148
1779871695,0.02385282300697822
1779871710,0.02409384362209376
1779871725,0.024272049218322024
1779871740,0.024753725688305125
1779871755,0.024830229554639004
1779871770,0.024689291542871486
1779871785,0.02447289156626506
1779871800,0.0239107556303936
1779871815,0.024061231393775365
1779871830,0.023618726275832978
1779871845,0.023535409320701813
1779871860,0.023603793466807164
1779871875,0.02304964539007092
1779871890,0.023175020124560436
1779871905,0.023156016315431682
1779871920,0.02323013547373338
1779871935,0.023363493479461366
1779871950,0.024200076690383876
1779871965,0.023885826603426908
1779871980,0.02401321362019312
1779871995,0.023602064123170625
1779872010,0.023357726344452007
1779872025,0.02345525492045796
1779872040,0.02433466615073735
1779872055,0.024048614403309916
1779872070,0.024656112120425646
1779872085,0.025214800742627694
1779872100,0.024925353758276
1779872115,0.025318643335493628
1779872130,0.02541531823085221
1779872145,0.025326762374116133
1779872160,0.024743069349684777
1779872175,0.024727650008646032
1779872190,0.025152898613144976
1779872205,0.025294525294525295
1779872220,0.024364042626332072
1779872235,0.024264326277749097
1779872250,0.02391928329129338
1779872265,0.023720076882753804
1779872280,0.023754218345970107
1779872295,0.024395528208683594
1779872310,0.02438490499956221
1779872325,0.024480389599095573
1779872340,0.02424110067700371
1779872355,0.02501512140326622
1779872370,0.02461005199306759
1779872385,0.02421171171171171
1779872400,0.024211170352241938
1779872415,0.024591241835795384
1779872430,0.02443387582355251
1779872445,0.025125190507293706
1779872460,0.025539584157545387
1779872475,0.025568433159338228
1779872490,0.02583922261484099
1779872505,0.026157917953242172
1779872520,0.027105390326406888
1779872535,0.02705223880597015
1779872550,0.027083241138204192
1779872565,0.02746788746166497
1779872580,0.027518057340364246
1779872595,0.02720755221089193
1779872610,0.026738678117667895
1779872625,0.027154924594224052
1779872640,0.026874496103198066
1779872655,0.02670424047235641
1779872670,0.026888888888888886
1779872685,0.0269945209140719
1779872700,0.026855534206175435
1779872715,0.026488597036116775
1779872730,0.02664306262447444
1779872745,0.02639933892923933
1779872760,0.02636150438634587
1779872775,0.02647071649731804
1779872790,0.026043259777146603
1779872805,0.02553340328786289
1779872820,0.025651127161304438
1779872835,0.025080274234140415
1779872850,0.02522955837341495
1779872865,0.02478076872736791
1779872880,0.025079048815350627
1779872895,0.025135663121337096
1779872910,0.024990187099306557
1779872925,0.025086467317543017
1779872940,0.024548422198041348
1779872955,0.02456216216216216
1779872970,0.02454360175187546
1779872985,0.02424665300248572
1779873000,0.024182324286708422
1779873015,0.023578302712160982
1779873030,0.023739794107206245
1779873045,0.023021708683473387
1779873060,0.02307897545357524
1779873075,0.022642174353552705
1779873090,0.022670357189930147
1779873105,0.022379840521608883
1779873120,0.02227181237420145
1779873135,0.022082018927444796
1779873150,0.02179039301310044
1779873165,0.022052067381317
1779873180,0.02181062835381686
1779873195,0.021780714720459088
1779873210,0.021481160675617148
1779873225,0.021535135135135136
1779873240,0.021341198924264768
1779873255,0.021796218487394957
1779873270,0.021719260065288355
1779873285,0.02189971321804119
1779873300,0.02221452388169575
1779873315,0.022808082560055502
1779873330,0.02293637988924257
1779873345,0.023217028746982664
1779873360,0.023819892004877198
1779873375,0.024150110375275938
1779873390,0.024326479971641262
1779873405,0.024367592428798865
1779873420,0.024337263941838817
1779873435,0.024238103724826238
1779873450,0.024235661682660118
1779873465,0.024104437711637852
1779873480,0.024206899637567676
1779873495,0.024487446309170616
1779873510,0.024430039246813952
1779873525,0.024434996643544413
1779873540,0.02480371163454675
1779873555,0.024372823855012944
1779873570,0.024169856672304816
1779873585,0.02410170389335217
1779873600,0.024063695400765056
1779873615,0.02419748701327532
1779873630,0.024007795889440114
1779873645,0.024010612425381384
1779873660,0.023989731332713673
1779873675,0.024107063724186827
1779873690,0.02410651096956829
1779873705,0.024283245446891474
1779873720,0.024372035833479713
1779873735,0.024381733327517776
1779873750,0.02481017128730355
1779873765,0.025144215949623495
1779873780,0.025341392433400493
1779873795,0.025210084033613443
1779873810,0.025228681026851576
1779873825,0.024674258746280906
1779873840,0.025383193825415807
1779873855,0.025945945945945948
1779873870,0.02629336579427876
1779873885,0.02577685897021771
1779873900,0.025849030661350195
1779873915,0.024965019515428233
1779873930,0.02488398143702993
1779873945,0.025308749347712645
1779873960,0.025239586298510294
1779873975,0.02511986658328122
1779873990,0.02498248890964277
1779874005,0.02529182879377432
1779874020,0.02624393203883495
1779874035,0.026571376214037015
1779874050,0.025680087051142542
1779874065,0.024691358024691357
1779874080,0.025499231950844855
1779874095,0.026033690658499236
1779874110,0.025497512437810947
1779874125,0.026258205689277902
1779874140,0.025399811853245535
1779874155,0.025500322788896062
1779874170,0.02492620531321745
1779874185,0.027338603425559948
1779874200,0.028466175485599467
1779874215,0.02880107166778299
1779874230,0.028169014084507043
1779874245,0.027544507893852873
1779874260,0.028733711994654194
1779874275,0.030090270812437314
1779874290,0.02969283276450512
1779874305,0.029952348536419336
1779874320,0.02878179384203481
1779874335,0.02853260869565218
1779874350,0.028183361629881158
1779874365,0.026590373611578594
1779874380,0.02522704339051463
1779874395,0.025554808338937456
1779874410,0.025812939993295342
1779874425,0.024782317481580707
1779874440,0.025363544132566793
1779874455,0.024414715719063545
1779874470,0.026038233355306525
1779874485,0.02587618735669833
1779874500,0.02749919120025882
1779874515,0.027193266429265135
1779874530,0.027428202646014845
1779874545,0.028228423101881898
1779874560,0.02921348314606741
1779874575,0.028173575129533678
1779874590,0.028115015974440896
1779874605,0.027331189710610933
1779874620,0.02924528301886792
1779874635,0.029512270891581236
1779874650,0.030817610062893082
1779874665,0.031592117610259624
1779874680,0.0330376261853778
1779874695,0.03257229832572298
1779874710,0.032578343158547934
1779874725,0.03185895453139499
1779874740,0.030721966205837174
1779874755,0.03011677934849416
1779874770,0.030405405405405404
1779874785,0.029384756657483933
1779874800,0.028121137206427685
1779874815,0.028703703703703703
1779874830,0.029593094944512944
1779874845,0.02887864823348694
1779874860,0.02792429413589823
1779874875,0.028963414634146336
1779874890,0.02953714981729598
1779874905,0.028623629719853837
1779874920,0.02710280373831776
1779874935,0.02691831683168317
1779874950,0.02573529411764706
1779874965,0.025751072961373394
1779874980,0.02506265664160401
1779874995,0.02519685039370079
1779875010,0.025705329153605017
1779875025,0.026151930261519303
1779875040,0.025641025641025644
1779875055,0.022848200312989043
1779875070,0.022955974842767294
1779875085,0.023086654016445284
1779875100,0.02241161616161616
1779875115,0.022123893805309738
1779875130,0.022748815165876776
1779875145,0.02263308893847625
1779875160,0.021351179094964947
1779875175,0.021187800963081864
1779875190,0.019766688269604666
1779875205,0.02044127190136275
1779875220,0.020494469746258945
1779875235,0.020669291338582675
1779875250,0.019529956967891424
1779875265,0.02100426649163111
1779875280,0.02099483204134367
1779875295,0.02037567653613499
1779875310,0.019776714513556618
1779875325,0.021235521235521235
1779875340,0.02185792349726776
1779875355,0.021550337729173367
1779875370,0.022966507177033493
1779875385,0.023817084788821847
1779875400,0.023518041237113402
1779875415,0.024788202070913087
1779875430,0.023794614902943018
1779875445,0.023328149300155518
1779875460,0.02418341708542714
1779875475,0.024757129426512064
1779875490,0.024216081962123565
1779875505,0.024528301886792454
1779875520,0.024961479198767334
1779875535,0.026567809700339822
1779875550,0.025390027531355153
1779875565,0.026430348258706472
1779875580,0.026315789473684213
1779875595,0.027769012306721366
1779875610,0.02815564694716862
1779875625,0.028089887640449434
1779875640,0.028287224121852656
1779875655,0.02742749054224464
1779875670,0.026992696093998098
1779875685,0.027269810715431508
1779875700,0.0270786874800892
1779875715,0.02614795918367347
1779875730,0.0268370607028754
1779875745,0.027488151658767772
1779875760,0.027969830295411693
1779875775,0.02806361085126286
1779875790,0.027665526888405352
1779875805,0.0295551492992078
1779875820,0.029564157269125268
1779875835,0.02877044215626893
1779875850,0.030529781502544148
1779875865,0.030994152046783626
1779875880,0.032295271049596314
1779875895,0.031367993029334885
1779875910,0.030671296296296297
1779875925,0.031241043278876474
1779875940,0.031036446469248292
1779875955,0.030883614526737203
1779875970,0.03171905975644294
1779875985,0.03221248940378638
1779876000,0.03143585386576041
1779876015,0.03238636363636364
1779876030,0.03199320498301246
1779876045,0.031839954916877994
1779876060,0.030760467103389352
1779876075,0.031330105383081744
1779876090,0.03175519630484989
1779876105,0.03008177570093458
1779876120,0.031010041346721792
1779876135,0.031446540880503145
1779876150,0.029447852760736196
1779876165,0.028490028490028487
1779876180,0.027865737808739712
1779876195,0.027422873169211597
1779876210,0.027349889971707012
1779876225,0.027586206896551727
1779876240,0.026332487309644673
1779876255,0.025632911392405065
1779876270,0.025689819219790678
1779876285,0.02650910252315554
1779876300,0.02668759811616955
1779876315,0.025941157861436255
1779876330,0.025875670558535818
1779876345,0.026023484608060934
1779876360,0.02624920936116382
1779876375,0.02567353407290016
1779876390,0.024375
1779876405,0.024914356898162567
1779876420,0.023883374689826303
1779876435,0.023875968992248062
1779876450,0.02421084891204413
1779876465,0.024251497005988023
1779876480,0.02355072463768116
1779876495,0.02515337423312884
1779876510,0.02448729721456994
1779876525,0.023853211009174313
1779876540,0.02484472049689441
1779876555,0.0254523152407237
1779876570,0.025068786303882606
1779876585,0.02478580171358629
1779876600,0.024479804161566705
1779876615,0.023677736777367776
1779876630,0.024883359253499222
1779876645,0.023522129371711546
1779876660,0.02280431432973806
1779876675,0.023529411764705882
1779876690,0.02361715351149782
1779876705,0.02253086419753086
1779876720,0.02282541640962369
1779876735,0.023284313725490197
1779876750,0.023845918679302962
1779876765,0.02360248447204969
1779876780,0.023514851485148515
1779876795,0.022593624264933457
1779876810,0.021522145976294448
1779876825,0.021562500000000002
1779876840,0.020395356134295578
1779876855,0.020044543429844096
1779876870,0.019504643962848296
1779876885,0.018096723868954757
1779876900,0.01826771653543307
1779876915,0.018623737373737372
1779876930,0.01886209029066172
1779876945,0.019441831295076827
1779876960,0.01974921630094044
1779876975,0.02018927444794953
1779876990,0.019663812242308912
1779877005,0.01981463726430169
1779877020,0.01934235976789168
1779877035,0.0187884677680596
1779877050,0.016905071521456438
1779877065,0.017258222077499188
1779877080,0.01764705882352941
1779877095,0.018886356235753823
1779877110,0.018645731108930325
1779877125,0.0187007874015748
1779877140,0.020381328073635765
1779877155,0.02013201320132013
1779877170,0.02059419311276165
1779877185,0.022849462365591402
1779877200,0.023525400613706105
1779877215,0.02247191011235955
1779877230,0.021582733812949638
1779877245,0.022506925207756233
1779877260,0.022641509433962266
1779877275,0.0215203054494967
1779877290,0.021670744494931844
1779877305,0.02182196051264288
1779877320,0.022600834492350487
1779877335,0.023809523809523808
1779877350,0.024872231686541738
1779877365,0.024869109947643978
1779877380,0.022831050228310504
1779877395,0.022764227642276424
1779877410,0.022236756049705694
1779877425,0.02150537634408602
1779877440,0.02127659574468085
1779877455,0.02212681638044914
1779877470,0.02103187643772593
1779877485,0.020321206161914126
1779877500,0.019556714471968707
1779877515,0.021379980563654033
1779877530,0.021816997720612175
1779877545,0.020785969470607343
1779877560,0.021838331160365057
1779877575,0.022604266157274754
1779877590,0.02228499686126805
1779877605,0.02171176840780365
1779877620,0.022044728434504796
1779877635,0.022328548644338118
1779877650,0.021324717285945073
1779877665,0.02080624187256177
1779877680,0.021311475409836068
1779877695,0.02142386288727752
1779877710,0.021087314662273475
1779877725,0.022085092562520302
1779877740,0.02197092084006462
1779877755,0.021208226221079693
1779877770,0.022683706070287538
1779877785,0.022742040285899934
1779877800,0.025008119519324454
1779877815,0.02561608300907912
1779877830,0.02527191298784389
1779877845,0.02603174603174603
1779877860,0.025024061597690085
1779877875,0.0247234873129473
1779877890,0.024445893089960886
1779877905,0.024262295081967214
1779877920,0.023739837398373983
1779877935,0.02369360597208698
1779877950,0.02447780678851175
1779877965,0.024531956100710135
1779877980,0.024864520242269685
1779877995,0.026754800125904945
1779878010,0.02704382965495804
1779878025,0.028940886699507385
1779878040,0.02900763358778626
1779878055,0.02895927601809955
1779878070,0.028894846589216563
1779878085,0.031030444964871194
1779878100,0.02954808806488992
1779878115,0.029276693455797934
1779878130,0.030461270670147953
1779878145,0.032515687393040504
1779878160,0.03413258110014104
1779878175,0.03375760929717764
1779878190,0.03385203385203385
1779878205,0.03387533875338754
1779878220,0.03398447952903399
1779878235,0.035143769968051124
1779878250,0.03644158628081458
1779878265,0.03693790149892934
1779878280,0.037756202804746494
1779878295,0.03742595584275714
1779878310,0.037493304767005894
1779878325,0.035959809624537285
1779878340,0.03823991618648507
1779878355,0.037789940057336456
1779878370,0.03717277486910995
1779878385,0.03691983122362869
1779878400,0.03610964681075382
1779878415,0.036128691983122366
1779878430,0.03597122302158273
1779878445,0.03467443091582848
1779878460,0.03371998920960345
1779878475,0.03562482605065405
1779878490,0.03584328980272298
1779878505,0.03656509695290859
1779878520,0.03643497757847534
1779878535,0.03471826977803073
1779878550,0.03266117580232889
1779878565,0.03260869565217391
1779878580,0.03264604810996564
1779878595,0.03129527673138221
1779878610,0.03227699530516432
1779878625,0.031927710843373494
1779878640,0.029905401281660055
1779878655,0.030077519379844958
1779878670,0.028840125391849526
1779878685,0.027689369828134944
1779878700,0.0275348234531908
1779878715,0.02747791952894995
1779878730,0.025237627007538514
1779878745,0.02487562189054726
1779878760,0.023355263157894737
1779878775,0.023494374586366645
1779878790,0.022340780260086696
1779878805,0.021447721179624662
1779878820,0.02222959522229595
1779878835,0.022674991784423268
1779878850,0.02355250245338567
1779878865,0.023210831721470017
1779878880,0.023908192540643927
1779878895,0.024640000000000002
1779878910,0.023589416640102008
1779878925,0.02342225113858165
1779878940,0.02219363139273078
1779878955,0.02193548387096774
1779878970,0.023619533992977972
1779878985,0.024783147459727387
1779879000,0.025843721495895408
1779879015,0.027340267459138187
1779879030,0.028912071535022354
1779879045,0.029895366218236175
1779879060,0.03260553129548763
1779879075,0.03183023872679045
1779879090,0.03224860744649663
1779879105,0.03376777251184834
1779879120,0.03411131059245961
1779879135,0.03570365962511158
1779879150,0.03614457831325302
1779879165,0.034261241970021415
1779879180,0.03416435826408126
1779879195,0.0343558282208589
1779879210,0.03501358285541806
1779879225,0.03522623747342849
1779879240,0.03493317132442285
1779879255,0.0364741641337386
1779879270,0.03314917127071824
1779879285,0.03360298693217175
1779879300,0.03138871274571972
1779879315,0.032413350449293964
1779879330,0.03172060237103492
1779879345,0.03147306943543154
1779879360,0.029335071707953065
1779879375,0.03147306943543154
1779879390,0.030185004868549168
1779879405,0.029821717990275526
1779879420,0.028265107212475635
1779879435,0.02899484536082474
1779879450,0.03010552451893234
1779879465,0.030707196029776673
1779879480,0.029179331306990883
1779879495,0.028545399331916185
1779879510,0.029223744292237442
1779879525,0.030106257378984654
1779879540,0.030498533724340176
1779879555,0.031395348837209305
1779879570,0.03194244604316547
1779879585,0.03148469093009821
1779879600,0.031131800989234796
1779879615,0.029820497973364217
1779879630,0.0291823172493499
1779879645,0.028939828080229223
1779879660,0.02891156462585034
1779879675,0.02760736196319018
1779879690,0.028822399121603073
1779879705,0.028977583378895576
1779879720,0.028525296017222822
1779879735,0.027490473598258028
1779879750,0.026652162088659233
1779879765,0.028423066411587865
1779879780,0.03134369037884982
1779879795,0.03188638799571275
1779879810,0.03192640692640693
1779879825,0.030986681163359613
1779879840,0.030161776802851658
1779879855,0.030278232405891982
1779879870,0.03016304347826087
1779879885,0.03148345784418356
1779879900,0.03196590303676079
1779879915,0.031945535480492275
1779879930,0.03197524497163486
1779879945,0.0332645693656524
1779879960,0.03365260160497023
1779879975,0.033523908523908526
1779879990,0.03402597402597402
1779880005,0.03417918177110306
1779880020,0.03427524856096285
1779880035,0.03517847904811174
1779880050,0.034392912975508075
1779880065,0.032526671870934165
1779880080,0.03176256183285603
1779880095,0.0330188679245283
1779880110,0.033578174186778595
1779880125,0.03338549817423057
1779880140,0.03379256563556018
1779880155,0.03474399164054336
1779880170,0.03428421879089244
1779880185,0.03383058071390516
1779880200,0.0335195530726257
1779880215,0.03409090909090909
1779880230,0.03388918773534158
1779880245,0.03264975715056665
1779880260,0.032353734160150985
1779880275,0.033560709413369715
1779880290,0.035035306898424774
1779880305,0.03501628664495114
1779880320,0.034787410270568746
1779880335,0.034358548074258796
1779880350,0.03435754189944134
1779880365,0.0339031339031339
1779880380,0.03232265446224256
1779880395,0.0319908597543559
1779880410,0.0311046511627907
1779880425,0.030760130139012125
1779880440,0.028726942848503172
1779880455,0.02684766214177979
1779880470,0.027409638554216863
1779880485,0.02810018326206475
1779880500,0.028065893837705917
1779880515,0.02747761654831738
1779880530,0.02708592777085928
1779880545,0.027769012306721366
1779880560,0.027777777777777776
1779880575,0.027555270746555595
1779880590,0.024238453979692105
1779880605,0.023255813953488375
1779880620,0.02274247491638796
1779880635,0.023650899400399734
1779880650,0.023378333882120513
1779880665,0.02280758111146804
1779880680,0.024838709677419354
1779880695,0.023994811932555125
1779880710,0.02432859399684044
1779880725,0.024081115335868188
1779880740,0.025284450063211124
1779880755,0.024367088607594935
1779880770,0.02508623392913139
1779880785,0.02491327656890571
1779880800,0.024397972116603297
1779880815,0.023644388398486763
1779880830,0.0234375
1779880845,0.023666771852319343
1779880860,0.022556390977443608
1779880875,0.022819631134729602
1779880890,0.023190222500783453
1779880905,0.024898848428260192
1779880920,0.02538389219680351
1779880935,0.024928999684443044
1779880950,0.02357008170961659
1779880965,0.02255154639175258
1779880980,0.02301790281329923
1779880995,0.024084778420038536
1779881010,0.024072869225764477
1779881025,0.025415444770283478
1779881040,0.02464332036316472
1779881055,0.023518041237113402
1779881070,0.022749118872156356
1779881085,0.021849271690943636
1779881100,0.02141732283464567
1779881115,0.022952853598014886
1779881130,0.022713130056004976
1779881145,0.023757424195060956
1779881160,0.02394278606965174
1779881175,0.024002493765586035
1779881190,0.023204766384446535
1779881205,0.022727272727272728
1779881220,0.020959902794653706
1779881235,0.022588522588522588
1779881250,0.023439878234398782
1779881265,0.023670458038733477
1779881280,0.022713321055862493
1779881295,0.022454629344816977
1779881310,0.022235948116121063
1779881325,0.02215980024968789
1779881340,0.02309612983770287
1779881355,0.025031289111389236
1779881370,0.02605147520401758
1779881385,0.027313624678663242
1779881400,0.027750887383026782
1779881415,0.02633289986996099
1779881430,0.02618816682832202
1779881445,0.026974325641858955
1779881460,0.02623056994818653
1779881475,0.026817447495961228
1779881490,0.027557808045612926
1779881505,0.028562259306803596
1779881520,0.028999674160964484
1779881535,0.028440666884602814
1779881550,0.029209058089924515
1779881565,0.028599285017874555
1779881580,0.029123140234251343
1779881595,0.029365823180256167
1779881610,0.029791154791154788
1779881625,0.02984165651644336
1779881640,0.02894088669950739
1779881655,0.02770859277708593
1779881670,0.027658266748617086
1779881685,0.02699386503067485
1779881700,0.026862026862026864
1779881715,0.028224582701062213
1779881730,0.027835977252319666
1779881745,0.02678834265528407
1779881760,0.027161214953271024
1779881775,0.026987811955890884
1779881790,0.026980971314967336
1779881805,0.02834689868088689
1779881820,0.02866593164277839
1779881835,0.029001367989056087
1779881850,0.027792915531335147
1779881865,0.027182866556836903
1779881880,0.027427931710047575
1779881895,0.02618243243243243
1779881910,0.025406794176420215
1779881925,0.025626584060827934
1779881940,0.02618243243243243
1779881955,0.025912510448592923
1779881970,0.02672732442422519
1779881985,0.027412906910336945
1779882000,0.02598152424942263
1779882015,0.02740937223695844
1779882030,0.027364663890541346
1779882045,0.026726726726726727
1779882060,0.025696594427244583
1779882075,0.024027821688270626
1779882090,0.023687580025608196
1779882105,0.022207917605407145
1779882120,0.021803766105054512
1779882135,0.021164021164021163
1779882150,0.02248322147651007
1779882165,0.023030707610146865
1779882180,0.02291597475921621
1779882195,0.023517721099701887
1779882210,0.022363150867823763
1779882225,0.021841397849462367
1779882240,0.02202643171806167
1779882255,0.021233569261880688
1779882270,0.0208955223880597
1779882285,0.022321428571428572
1779882300,0.02241161616161616
1779882315,0.021670854271356784
1779882330,0.02138364779874214
1779882345,0.022443890274314215
1779882360,0.02379480840543881
1779882375,0.024532352039251765
1779882390,0.025921299188007497
1779882405,0.02605147520401758
1779882420,0.025363439529848437
1779882435,0.024907749077490778
1779882450,0.024382810118866203
1779882465,0.02456778889899909
1779882480,0.025540865384615388
1779882495,0.025255562236921228
1779882510,0.025641025641025644
1779882525,0.025058962264150948
1779882540,0.025974025974025976
1779882555,0.026008968609865474
1779882570,0.025456723569931117
1779882585,0.023501054534498342
1779882600,0.0232487922705314
1779882615,0.024110910186859555
1779882630,0.02418379685610641
1779882645,0.022872827081427263
1779882660,0.022977941176470586
1779882675,0.02279026793963659
1779882690,0.02217431475207884
1779882705,0.022588522588522588
1779882720,0.023551286024171055
1779882735,0.024945431867789213
1779882750,0.025
1779882765,0.02335121489428842
1779882780,0.022151898734177215
1779882795,0.0225253807106599
1779882810,0.02384737678855326
1779882825,0.02516514627241271
1779882840,0.025149324111914492
1779882855,0.024811557788944723
1779882870,0.025859350362661623
1779882885,0.028164556962025317
1779882900,0.027927642018406855
1779882915,0.027978623074504876
1779882930,0.028313627878033598
1779882945,0.028733817492895483
1779882960,0.028124001278363696
1779882975,0.027052532242843663
1779882990,0.02581051306263771
1779883005,0.024683544303797468
1779883020,0.023255813953488372
1779883035,0.024328593996840443
1779883050,0.025143220878421385
1779883065,0.025175270873167625
1779883080,0.026709062003179653
1779883095,0.027689369828134944
1779883110,0.02777777777777778
1779883125,0.026537216828478965
1779883140,0.026383526383526385
1779883155,0.026679524268723886
1779883170,0.024614374794880208
1779883185,0.02380176067818715
1779883200,0.024295432458697763
1779883215,0.023480218719845607
1779883230,0.02447780678851175
1779883245,0.024413748795374238
1779883260,0.024936061381074168
1779883275,0.025791707476330396
1779883290,0.028822055137844613
1779883305,0.02969046114971573
1779883320,0.029812876625436094
1779883335,0.028562361155188825
1779883350,0.02904957372908115
1779883365,0.02807570977917981
1779883380,0.027681660899653984
1779883395,0.028040327662255834
1779883410,0.02606484424666243
1779883425,0.026619627966645285
1779883440,0.02668759811616955
1779883455,0.02844036697247706
1779883470,0.028424553976413667
1779883485,0.02832774901005178
1779883500,0.02743526510480888
1779883515,0.027202472952086554
1779883530,0.026030368763557483
1779883545,0.025897035881435257
1779883560,0.0249843847595253
1779883575,0.024285275130648633
1779883590,0.022647527910685805
1779883605,0.022777602024675735
1779883620,0.02269145918688938
1779883635,0.02250396196513471
1779883650,0.023010546500479383
1779883665,0.02291534054742202
1779883680,0.023123218245169466
1779883695,0.02413793103448276
1779883710,0.025766871165644176
1779883725,0.027710109622411692
1779883740,0.02620645573665708
1779883755,0.026349614395886893
1779883770,0.027424094025465234
1779883785,0.027255029201817004
1779883800,0.026817447495961228
1779883815,0.027615334632878498
1779883830,0.02720207253886011
1779883845,0.02802547770700637
1779883860,0.028097062579821204
1779883875,0.02835538752362949
1779883890,0.02687322162503952
1779883905,0.027301587301587302
1779883920,0.0285073670723895
1779883935,0.029215624007621465
1779883950,0.029062499999999998
1779883965,0.030284490669929644
1779883980,0.028869778869778866
1779883995,0.027457098283931357
1779884010,0.024984187223276406
1779884025,0.024305555555555556
1779884040,0.024506683640992996
1779884055,0.024897573274503627
1779884070,0.02653762098033094
1779884085,0.027422873169211597
1779884100,0.026632847178186432
1779884115,0.027620841180163218
1779884130,0.028331257783312577
1779884145,0.027734005672864798
1779884160,0.02822708531557247
1779884175,0.028489116517285536
1779884190,0.02917189460476788
1779884205,0.027743142144638407
1779884220,0.027035330261136713
1779884235,0.027941633033219494
1779884250,0.02798092209856916
1779884265,0.027715833067856008
1779884280,0.027956298200514144
1779884295,0.029765674477517413
1779884310,0.029917250159134306
1779884325,0.03102247546691991
1779884340,0.03181534622582658
1779884355,0.0308411214953271
1779884370,0.029420873335397956
1779884385,0.03009328919650918
1779884400,0.03134240094618569
1779884415,0.03088803088803089
1779884430,0.031613480465254994
1779884445,0.031148027291604864
1779884460,0.03076923076923077
1779884475,0.03125
1779884490,0.030258946755891768
1779884505,0.030966988022202747
1779884520,0.030723781388478585
1779884535,0.028256989886972037
1779884550,0.02868852459016393
1779884565,0.028495887191539362
1779884580,0.02833530106257379
1779884595,0.02755790090882439
1779884610,0.026445800639349024
1779884625,0.0254088785046729
1779884640,0.025421223765888266
1779884655,0.025451316957679788
1779884670,0.02456560814859197
1779884685,0.022769230769230767
1779884700,0.02193388940376892
1779884715,0.02169197396963124
1779884730,0.02196102690999072
1779884745,0.02316244595429277
1779884760,0.0225
1779884775,0.021426287176207228
1779884790,0.02249357326478149
1779884805,0.022929936305732482
1779884820,0.023764853033145718
1779884835,0.026959247648902823
1779884850,0.025790604851089964
1779884865,0.027198549410698093
1779884880,0.027752363525465076
1779884895,0.027598896044158227
1779884910,0.0279126213592233
1779884925,0.026962252846015576
1779884940,0.02719665271966527
1779884955,0.026674749924219466
1779884970,0.026395631067961167
1779884985,0.027059896625114023
1779885000,0.025734181047532546
1779885015,0.025702331141661688
1779885030,0.024271844660194174
1779885045,0.023298033282904692
1779885060,0.02340425531914894
1779885075,0.024954351795496044
1779885090,0.02448609431680774
1779885105,0.023593466424682397
1779885120,0.02254035942735303
1779885135,0.020769700671960906
1779885150,0.021010962241169308
1779885165,0.020643594414086218
1779885180,0.021844660194174758
1779885195,0.023411371237458192
1779885210,0.023518631643249847
1779885225,0.023758099352051837
1779885240,0.023641387780165796
1779885255,0.02442002442002442
1779885270,0.0243535778713169
1779885285,0.025179856115107917
1779885300,0.026578073089700997
1779885315,0.027229204069419505
1779885330,0.028520499108734405
1779885345,0.029106029106029108
1779885360,0.028832009414533687
1779885375,0.028235294117647056
1779885390,0.02808819087888855
1779885405,0.028776978417266185
1779885420,0.029446757882212966
1779885435,0.028562746885445148
1779885450,0.028728606356968216
1779885465,0.02716887928372955
1779885480,0.025054129291679557
1779885495,0.026291653928462246
1779885510,0.026171637248934877
1779885525,0.02588801926550271
1779885540,0.025741974560872197
1779885555,0.026348039215686278
1779885570,0.025633106856084005
1779885585,0.024268823895457373
1779885600,0.023906888958792075
1779885615,0.023212045169385194
1779885630,0.02249614791987673
1779885645,0.023458646616541356
1779885660,0.024024024024024024
1779885675,0.024208009563658102
1779885690,0.023703703703703703
1779885705,0.02312312312312312
1779885720,0.02270663033605813
1779885720,0.02270663033605813
1779885735,0.023489932885906038
1779885750,0.022195196108239584
1779885765,0.022188449848024313
1779885780,0.023002421307506054
1779885795,0.021367521367521368
1779885810,0.02092951677439212
1779885825,0.02106918238993711
1779885840,0.021036106750392462
1779885855,0.0207286432160804
1779885870,0.02097683155917345
1779885885,0.020554344440984116
1779885900,0.020224019912881145
1779885915,0.02079453755431409
1779885930,0.021337579617834394
1779885945,0.01957637997432606
1779885960,0.0195364238410596
1779885975,0.019361413043478264
1779885990,0.019322033898305085
1779886005,0.020088525706503234
1779886020,0.021868787276341946
1779886035,0.02218543046357616
1779886050,0.021774991751897066
1779886065,0.023041474654377885
1779886080,0.024072869225764477
1779886095,0.02491216863621846
1779886110,0.025706125039669944
1779886125,0.025969962453066337
1779886140,0.02565707133917397
1779886155,0.02458761282290694
1779886170,0.024891101431238332
1779886185,0.025713389777359676
1779886200,0.025015634771732336
1779886215,0.02490542244640605
1779886230,0.025
1779886245,0.02485058194400755
1779886260,0.025116279069767447
1779886275,0.025665101721439754
1779886290,0.02534775888717156
1779886305,0.02575621443545972
1779886320,0.025934861278648975
1779886335,0.025289457647775748
1779886350,0.025664527956003668
1779886365,0.02677746999076639
1779886380,0.0254957507082153
1779886395,0.02712933753943218
1779886410,0.028694847269361307
1779886425,0.029057187017001544
1779886440,0.03035935563816605
1779886455,0.03114400246685168
1779886470,0.030256251929607906
1779886485,0.029846153846153845
1779886500,0.029932803909590713
1779886515,0.03073645769933049
1779886530,0.03288490284005979
1779886545,0.03244047619047619
1779886560,0.03365384615384615
1779886575,0.03271861986912552
1779886590,0.03358778625954199
1779886605,0.030499075785582253
1779886620,0.029420778424762487
1779886635,0.030042918454935622
1779886650,0.029846153846153845
1779886665,0.02952029520295203
1779886680,0.027786167321051037
1779886695,0.02652439024390244
1779886710,0.025856697819314645
1779886725,0.02427637721755369
1779886740,0.024156085475379372
1779886755,0.02301710730948678
1779886770,0.024474427361154693
1779886785,0.025149324111914492
1779886800,0.024564676616915426
1779886815,0.0231105559025609
1779886830,0.02071563088512241
1779886845,0.021645021645021644
1779886860,0.021719457013574663
1779886875,0.022168963451168363
1779886890,0.022036926742108397
1779886905,0.02345159350571257
1779886920,0.024052916416115455
1779886935,0.02390317700453858
1779886950,0.02408912978018669
1779886965,0.02341343191620456
1779886980,0.024039962535123322
1779886995,0.024860161591050343
1779887010,0.024808575803981624
1779887025,0.02485424976986806
1779887040,0.0249164387724096
1779887055,0.025377643504531727
1779887070,0.025104602510460254
1779887085,0.025548542230237455
1779887100,0.02559414990859232
1779887115,0.027128157156220772
1779887130,0.025467934949370975
1779887145,0.025792417650714734
1779887160,0.025131864722308408
1779887175,0.024945431867789213
1779887190,0.02542372881355932
1779887205,0.02646326276463263
1779887220,0.025888958203368687
1779887235,0.026633632703623417
1779887250,0.02582231786043652
1779887265,0.026009791921664627
1779887280,0.02561756633119854
1779887295,0.025903614457831327
1779887310,0.025328043942630454
1779887325,0.026812918951858625
1779887340,0.026894865525672374
1779887355,0.028316405047706987
1779887370,0.029850746268656716
1779887385,0.030778515389257695
1779887400,0.030213270142180098
1779887415,0.03123175715119673
1779887430,0.030991735537190084
1779887445,0.030176277263220794
1779887460,0.03069515498043936
1779887475,0.030102347983142683
1779887490,0.029589371980676328
1779887505,0.0299636803874092
1779887520,0.029384756657483926
1779887535,0.02987750224081267
1779887550,0.030579241399588356
1779887565,0.03200465522257783
1779887580,0.03069277988892137
1779887595,0.03103953147877013
1779887610,0.03163444639718805
1779887625,0.0314121037463977
1779887640,0.031141868512110732
1779887655,0.029137529137529136
1779887670,0.02821869488536155
1779887685,0.027161214953271024
1779887700,0.02662375658279696
1779887715,0.026377491207502934
1779887730,0.026639344262295077
1779887745,0.026179516685845797
1779887760,0.027349432644748328
1779887775,0.027320799059929495
1779887790,0.027066784348337744
1779887805,0.025686448184233837
1779887820,0.02602452886628777
1779887835,0.02540346682606097
1779887850,0.02406015037593985
1779887865,0.0231023102310231
1779887880,0.024472315692872438
1779887895,0.02362204724409449
1779887910,0.02359791602819491
1779887925,0.02301710730948678
1779887940,0.022699386503067485
1779887955,0.02310732745515354
1779887970,0.02409638554216868
1779887985,0.024181205999387816
1779888000,0.023712948517940716
1779888015,0.02520224019912881
1779888030,0.02520478890989288
1779888045,0.024497487437185928
1779888060,0.024047470331043097
1779888075,0.023226616446955426
1779888090,0.022159800249687892
1779888105,0.022325581395348834
1779888120,0.02247191011235955
1779888135,0.021453730387447967
1779888150,0.022222222222222223
1779888165,0.023352527191298784
1779888180,0.021573604060913704
1779888195,0.020602218700475437
1779888210,0.02132329883976168
1779888225,0.021779713752333542
1779888240,0.023506988564167726
1779888255,0.023062139654067906
1779888270,0.023997473950110516
1779888285,0.025316455696202535
1779888300,0.025269645608628658
1779888315,0.02542892156862745
1779888330,0.025914634146341466
1779888345,0.025068786303882606
1779888360,0.026139817629179336
1779888375,0.02652439024390244
1779888390,0.02750611246943765
1779888405,0.028857837181044958
1779888420,0.028968014484007237
1779888435,0.029272619751626254
1779888450,0.027470886831890116
1779888465,0.029210134128166917
1779888480,0.029569892473118278
1779888495,0.0294474802671524
1779888510,0.029892141756548533
1779888525,0.02855369335816263
1779888540,0.02761217445873863
1779888555,0.02685624012638231
1779888570,0.025467440361057383
1779888585,0.02524768296580377
1779888600,0.025689223057644112
1779888615,0.025426356589147287
1779888630,0.027334152334152335
1779888645,0.02712700369913687
1779888660,0.026600680482523974
1779888675,0.025758969641214356
1779888690,0.024898848428260192
1779888705,0.0251414204902577
1779888720,0.024984187223276406
1779888735,0.02503168567807351
1779888750,0.024335574767851424
1779888765,0.023794212218649517
1779888780,0.023407022106631988
1779888795,0.023145212428662014
1779888810,0.024043024359379942
1779888825,0.024498886414253896
1779888840,0.024328593996840443
1779888855,0.02494474265866751
1779888870,0.024024960998439936
1779888885,0.023809523809523808
1779888900,0.023128814648249275
1779888915,0.021945627251883395
1779888930,0.022010512483574246
1779888945,0.022883295194508012
1779888960,0.023187459177008492
1779888975,0.023940472339048852
1779888990,0.024405908798972385
1779889005,0.024366784225713367
1779889020,0.02368
1779889035,0.023801967629324024
1779889050,0.024757129426512064
1779889065,0.025856697819314645
1779889080,0.025094102885821833
1779889095,0.025407779171894608
1779889110,0.023809523809523808
1779889125,0.02322028719828903
1779889140,0.024059222702035782
1779889155,0.024778219639033344
1779889170,0.025269645608628658
1779889185,0.025483573840957938
1779889200,0.027059896625114016
1779889215,0.026411657559198547
1779889230,0.025694651927098897
1779889245,0.02523280264343647
1779889260,0.025112107623318388
1779889275,0.026362559241706166
1779889290,0.02763744427934621
1779889305,0.026690391459074734
1779889320,0.025943396226415096
1779889335,0.02665087355641102
1779889350,0.026196928635953028
1779889365,0.026394721055788842
1779889380,0.026355196166516923
1779889395,0.026157546602525557
1779889410,0.02770935960591133
1779889425,0.026760996616425715
1779889440,0.026033690658499236
1779889455,0.02683528685996299
1779889470,0.026504521359526037
1779889485,0.026691495965238985
1779889500,0.02626641651031895
1779889515,0.027349889971707012
1779889530,0.02751719824890557
1779889545,0.026554201811933773
1779889560,0.026612398246712587
1779889575,0.024605678233438486
1779889590,0.024180719058224623
1779889605,0.02530044275774826
1779889620,0.024761904761904763
1779889635,0.024035420619860845
1779889650,0.02371166613974075
1779889665,0.023599748269351795
1779889680,0.023661270236612703
1779889695,0.023277467411545624
1779889710,0.023234200743494426
1779889725,0.023816985271074897
1779889740,0.023255813953488372
1779889755,0.022291021671826627
1779889770,0.021078735275883446
1779889785,0.02006898714330511
1779889800,0.01854812919731372
1779889815,0.0194515306122449
1779889830,0.019545017622556875
1779889845,0.02076014053018205
1779889860,0.019120458891013385
1779889875,0.01907533139346912
1779889890,0.020618556701030927
1779889905,0.019999999999999997
1779889920,0.021221864951768487
1779889935,0.021351179094964947
1779889950,0.020434227330779056
1779889965,0.02032258064516129
1779889980,0.02039494982194885
1779889995,0.020499679692504807
1779890010,0.02148124398845784
1779890025,0.021543408360128618
1779890040,0.02261712439418417
1779890055,0.023961661341853034
1779890070,0.024663677130044845
1779890085,0.024660132785330385
1779890100,0.02408150663785119
1779890115,0.024156085475379376
1779890130,0.023794614902943018
1779890145,0.025215252152521527
1779890160,0.02534775888717156
1779890175,0.02386117136659436
1779890190,0.0226497052435619
1779890205,0.02288895762449737
1779890220,0.022284122562674095
1779890235,0.02295997517840521
1779890250,0.02301710730948678
1779890265,0.023048555623847573
1779890280,0.023957685127566897
1779890295,0.02362948960302457
1779890310,0.024297885768381194
1779890325,0.024769768180374723
1779890340,0.023514458214172227
1779890355,0.022400000000000003
1779890370,0.021066070858601977
1779890385,0.020893603342976536
1779890400,0.01986970684039088
1779890415,0.020175724048161404
1779890430,0.02178936942885441
1779890445,0.020969855832241154
1779890460,0.021547502448579826
1779890475,0.02250080360012858
1779890490,0.023609314359637777
1779890505,0.024467747060692723
1779890520,0.023529411764705882
1779890535,0.023929471032745588
1779890550,0.023617153511497825
1779890565,0.02390561937286557
1779890580,0.02343509096515572
1779890595,0.02394106813996317
1779890610,0.023367285799880167
1779890625,0.02360578341693715
1779890640,0.02271386430678466
1779890655,0.024007113218731474
1779890670,0.02511078286558346
1779890685,0.02523474178403756
1779890700,0.027293844367015097
1779890715,0.027066356228172293
1779890730,0.0261399941911124
1779890745,0.025882352941176474
1779890760,0.025694034258712348
1779890775,0.02632357290742384
1779890790,0.024985127900059488
1779890805,0.024587706146926538
1779890820,0.02418379685610641
1779890835,0.0243535778713169
1779890850,0.024865188735769924
1779890865,0.027165710836100206
1779890880,0.025911419102139198
1779890895,0.025946275946275948
1779890910,0.02556906766448394
1779890925,0.025769956002514142
1779890940,0.026357075619705055
1779890955,0.025897035881435257
1779890970,0.025077399380804954
1779890985,0.025336252736940883
1779891000,0.02324100604902897
1779891015,0.023631840796019904
1779891030,0.02303860523038605
1779891045,0.023198267862666253
1779891060,0.023503603885929175
1779891075,0.024551463644948066
1779891090,0.024613442726412117
1779891105,0.02480127186009539
1779891120,0.025492094223943208
1779891135,0.0254071661237785
1779891150,0.02489213408562894
1779891165,0.02477700693756194
1779891180,0.024204244031830236
1779891195,0.023668639053254437
1779891210,0.023840627041149576
1779891225,0.02420673863264638
1779891240,0.024679170779861793
1779891255,0.025090789039286895
1779891270,0.02568435282189929
1779891285,0.024793388429752063
1779891300,0.02449379490529066
1779891315,0.024543946932006636
1779891330,0.02388059701492537
1779891345,0.02375376380060221
1779891360,0.02303839732888147
1779891375,0.023627287853577372
1779891390,0.022621423819028614
1779891405,0.02313284864507601
1779891420,0.02522109400589584
1779891435,0.024358557973367976
1779891450,0.02328589909443726
1779891465,0.02474293059125964
1779891480,0.02589834898025251
1779891495,0.026154342912495965
1779891510,0.025881591717890652
1779891525,0.025218234723569353
1779891540,0.025426456388799486
1779891555,0.02617299712735397
1779891570,0.025763358778625952
1779891585,0.026722472633612365
1779891600,0.028031496062992132
1779891615,0.027482823235477828
1779891630,0.02848297213622291
1779891645,0.027514521553041883
1779891660,0.028412600370599134
1779891675,0.028316405047706984
1779891690,0.028615384615384612
1779891705,0.029878048780487807
1779891720,0.02990033222591362
1779891735,0.029654539896056247
1779891750,0.028081123244929798
1779891765,0.02719406674907293
1779891780,0.026078857497671533
1779891795,0.025038167938931297
1779891810,0.0245474071801166
1779891825,0.025159139133070628
1779891840,0.02537764350453172
1779891855,0.02517026946994374
1779891870,0.025118203309692676
1779891885,0.02452886628776548
1779891900,0.025462261291300393
1779891915,0.025223008305136883
1779891930,0.025784405094749926
1779891945,0.025562057283646442
1779891960,0.024549409571162216
1779891975,0.02280431432973806
1779891990,0.023291925465838508
1779892005,0.02215288611544462
1779892020,0.02198492462311558
1779892035,0.022070251787379546
1779892050,0.023599748269351795
1779892065,0.024085079762277136
1779892080,0.02556011360050489
1779892095,0.026231605886116446
1779892110,0.026465028355387523
1779892125,0.02658552210121717
1779892140,0.024703557312252964
1779892155,0.025008336112037347
1779892170,0.025666337611056265
1779892185,0.02494256645881195
1779892200,0.02361157299634187
1779892215,0.024021059559065482
1779892230,0.024283305227655986
1779892245,0.024092409240924092
1779892260,0.02396585686145765
1779892275,0.023378333882120513
1779892290,0.02278731836195509
1779892305,0.0230566534914361
1779892320,0.023003614853762736
1779892335,0.02223697311649519
1779892350,0.021782841823056297
1779892365,0.02122719734660033
1779892380,0.021283562540929928
1779892395,0.019801980198019802
1779892410,0.020341207349081365
1779892425,0.021388614675880227
1779892440,0.019659239842726082
1779892455,0.019536423841059598
1779892470,0.019372077488309953
1779892485,0.019038076152304614
1779892500,0.01886168100595632
1779892515,0.018211920529801327
1779892530,0.018327224258580473
1779892545,0.01896207584830339
1779892560,0.019692923898531372
1779892575,0.01975225979243388
1779892590,0.019063545150501675
1779892605,0.01858736059479554
1779892620,0.018791946308724834
1779892635,0.01843781428092524
1779892650,0.0197060788243153
1779892665,0.01926326461642447
1779892680,0.018620689655172412
1779892695,0.01828847481021394
1779892710,0.01683848797250859
1779892725,0.01738833958404364
1779892740,0.018461538461538463
1779892755,0.01875852660300137
1779892770,0.017844886753603295
1779892785,0.01898515705902658
1779892800,0.01798439090600611
1779892815,0.017705141300646918
1779892830,0.016863406408094438
1779892845,0.016398929049531455
1779892860,0.017607973421926913
1779892875,0.01792698826597132
1779892890,0.01833976833976834
1779892905,0.018267716535433073
1779892920,0.018414481897627965
1779892935,0.018092609628948174
1779892950,0.016806722689075633
1779892965,0.016257843696520252
1779892980,0.01659634317862166
1779892995,0.01627137341423056
1779893010,0.016852405544985048
1779893025,0.016445623342175066
1779893040,0.016158457127964553
1779893055,0.017575140091696383
1779893070,0.01834407535944472
1779893085,0.017917675544794186
1779893100,0.01807372175980975
1779893115,0.02072176949941793
1779893130,0.021218343600273783
1779893145,0.022737505628095452
1779893160,0.022536456031816175
1779893175,0.022812020179864004
1779893190,0.024453024453024455
1779893205,0.025121384842727464
1779893220,0.024786502811914184
1779893235,0.025303435507097304
1779893250,0.026288765660299855
1779893265,0.027594728171334435
1779893280,0.02869352869352869
1779893295,0.029192671632776324
1779893310,0.029281098546042002
1779893325,0.02916918125125729
1779893340,0.029862475442043224
1779893355,0.030243902439024386
1779893370,0.030588235294117645
1779893385,0.03241366004244646
1779893400,0.03274654552337687
1779893415,0.03254663113818044
1779893430,0.03216596878568709
1779893445,0.031185031185031183
1779893460,0.031773211567732114
1779893475,0.03055342044581091
1779893490,0.02945766679672259
1779893505,0.028971225857311784
1779893520,0.02952755905511811
1779893535,0.02952755905511811
1779893550,0.029176658673061552
1779893565,0.028525512253917234
1779893580,0.02900608519269777
1779893595,0.02930999389375127
1779893610,0.03035241393359136
1779893625,0.03035377852208499
1779893640,0.02968227424749164
1779893655,0.02877397831526272
1779893670,0.02832382160219827
1779893685,0.026149487905861843
1779893700,0.025567555653515543
1779893715,0.024368630926007977
1779893730,0.024499887615194428
1779893745,0.024226110363391656
1779893760,0.024737302977232926
1779893775,0.025416488680051256
1779893790,0.025436199285263823
1779893805,0.025497512437810944
1779893820,0.02615735935229396
1779893835,0.02628311258278146
1779893850,0.026598984771573606
1779893865,0.02749551703526599
1779893880,0.026564344746162927
1779893895,0.02657873701039169
1779893910,0.025538707102952914
1779893925,0.025296442687747035
1779893940,0.024545998802634205
1779893955,0.02557953637090328
1779893970,0.024511757672379432
1779893985,0.0264539972767944
1779894000,0.027016742770167423
1779894015,0.027570361860999423
1779894030,0.028126757922370148
1779894045,0.028372792183389707
1779894060,0.02825836216839677
1779894075,0.027463965718737826
1779894090,0.02663533098315707
1779894105,0.027161973237467548
1779894120,0.027021576930832833
1779894135,0.026590304765800776
1779894150,0.026185567010309278
1779894165,0.025518672199170124
1779894180,0.024283935242839352
1779894195,0.024576621230896323
1779894210,0.025253570689298285
1779894225,0.025922853587722935
1779894240,0.025995807127882603
1779894255,0.02552835321196903
1779894270,0.025820105820105816
1779894285,0.024311531841652325
1779894300,0.022806255430060818
1779894315,0.022149122807017543
1779894330,0.02291253580083719
1779894345,0.022742182374808663
1779894360,0.023296703296703296
1779894375,0.023513753327417924
1779894390,0.024749163879598662
1779894405,0.0241773002014775
1779894420,0.02561797752808989
1779894435,0.02491998171010517
1779894450,0.02417683628827999
1779894465,0.024867603039373704
1779894480,0.025576615665677097
1779894495,0.025034451079467158
1779894510,0.024407091871977895
1779894525,0.024096385542168676
1779894540,0.024554088487375492
1779894555,0.024751330094841546
1779894570,0.023534840793724043
1779894585,0.024009324009324012
1779894600,0.024752475247524754
1779894615,0.023871425194989363
1779894630,0.02266824085005903
1779894645,0.021894336030461682
1779894660,0.020529959417522083
1779894675,0.021072348396160148
1779894690,0.02025435704192181
1779894705,0.01972757162987318
1779894720,0.019176800748362956
1779894735,0.02026715799170889
1779894750,0.022060495792585854
1779894765,0.021669708029197078
1779894780,0.022609088853719195
1779894795,0.021862901389205193
1779894810,0.02286619877745076
1779894825,0.022317403065825067
1779894840,0.022058823529411763
1779894855,0.022737405260811413
1779894870,0.02274218237480866
1779894885,0.022928834090417478
1779894900,0.021120689655172414
1779894915,0.023025607919087584
1779894930,0.02373949579831933
1779894945,0.02418528386964542
1779894960,0.024573517465475224
1779894975,0.024177163754571313
1779894990,0.02412280701754386
1779895005,0.02407736333135978
1779895020,0.022718293164757014
1779895035,0.0216998191681736
1779895050,0.021276595744680854
1779895065,0.021046301864101023
1779895080,0.020379338175948343
1779895095,0.020672882042967165
1779895110,0.0208161582852432
1779895125,0.02046300124018189
1779895140,0.019816437213183147
1779895155,0.01983540831399029
1779895170,0.019308296201994483
1779895185,0.019374068554396422
1779895200,0.019662321008762553
1779895215,0.01878736122971819
1779895230,0.018534482758620692
1779895245,0.018122977346278317
1779895260,0.017911091929218817
1779895275,0.019025224454895257
1779895290,0.01925111064099852
1779895305,0.02102414654454621
1779895320,0.021638018200202225
1779895335,0.02247634069400631
1779895350,0.02240091901206203
1779895365,0.02314296379245987
1779895380,0.023201438848920862
1779895395,0.023074253990284527
1779895410,0.02385685884691849
1779895425,0.024257899776571976
1779895440,0.02412786230213616
1779895455,0.0239618990921268
1779895470,0.02532726237905521
1779895485,0.025979270426706155
1779895500,0.025769875016106173
1779895515,0.025998258489861918
1779895530,0.025499820423799828
1779895545,0.025529974925917482
1779895560,0.02505744611007769
1779895575,0.025984911986588435
1779895590,0.026101970343286613
1779895605,0.02624134230806751
1779895620,0.025660448821134364
1779895635,0.026045487894350697
1779895650,0.026059209360042544
1779895665,0.026234302425597798
1779895680,0.026460767946577632
1779895695,0.026189507930052865
1779895710,0.026512144784886487
1779895725,0.026136797860145205
1779895740,0.025721082366934288
1779895755,0.025844194312796203
1779895770,0.025315532209819795
1779895785,0.02541523482245132
1779895800,0.024966309667352297
1779895815,0.024422580420068382
1779895830,0.024518631389389114
1779895845,0.024801929038925252
1779895860,0.02499313375446306
1779895875,0.02455625250233551
1779895890,0.024902932119426964
1779895905,0.024420024420024423
1779895920,0.024469929323909855
1779895935,0.024956741647810463
1779895950,0.02501334044823906
1779895965,0.02494635193133047
1779895980,0.025766062602965406
1779895995,0.02576912963449908
1779896010,0.025240936209270308
1779896025,0.025712208341595613
1779896040,0.025785709599107674
1779896055,0.02627129665756275
1779896070,0.026595397953197313
1779896085,0.026158639491107357
1779896100,0.026180397264734614
1779896115,0.02645870169234655
1779896130,0.026487942534633144
1779896145,0.026463715025579482
1779896160,0.026767200754005654
1779896175,0.02711353794012427
1779896190,0.027045218136205102
1779896205,0.027412737111256465
1779896220,0.027271117407472994
1779896235,0.02723015551829797
1779896250,0.027278888512368687
1779896265,0.027685555117888696
1779896280,0.027503921129285232
1779896295,0.028348489951723364
1779896310,0.02829295460874408
1779896325,0.02908339845930557
1779896340,0.029710185548517294
1779896355,0.029202797202797198
1779896370,0.02937384382532653
1779896385,0.030124537192864356
1779896400,0.030575336272182656
1779896415,0.03134956759217114
1779896430,0.03117206982543641
1779896445,0.03060059374286367
1779896460,0.03011699293409012
1779896475,0.029673416832494443
1779896490,0.029694738092410026
1779896505,0.02989518818484993
1779896520,0.02988799610421232
1779896535,0.030020259070538402
1779896550,0.029527682202064434
1779896565,0.029123160145930305
1779896580,0.029674899193548387
1779896595,0.029498710610730235
1779896610,0.029342945677607032
1779896625,0.028436018957345974
1779896640,0.029038228348969304
1779896655,0.02930914166085136
1779896670,0.029972578279446462
1779896685,0.029733358910416268
1779896700,0.029988391590352118
1779896715,0.029564215780380113
1779896730,0.030338089728756908
1779896745,0.03148947131173933
1779896760,0.03254741158380318
1779896775,0.033087768322113555
1779896790,0.03277738424882478
1779896805,0.03290239172592113
1779896820,0.03289306578613157
1779896835,0.03283543651815606
1779896850,0.032779552715654955
1779896865,0.03306364273428043
1779896880,0.03253391628624703
1779896895,0.032433482229559135
1779896910,0.0325493762993763
1779896925,0.03217071755528335
1779896940,0.03209308272599412
1779896955,0.031408308004052685
1779896970,0.031246078554398298
1779896985,0.03205168809780199
1779897000,0.03145437558393024
1779897015,0.03144072498612909
1779897030,0.03072556762092794
1779897045,0.030785237774649612
1779897060,0.030567952558537632
1779897075,0.02973481400570423
1779897090,0.02921550946798918
1779897105,0.02934293429342934
1779897120,0.029409970101897616
1779897135,0.02929866324848929
1779897150,0.02912916565312576
1779897165,0.028324154209284025
1779897180,0.028271996100414327
1779897195,0.028876218502850836
1779897210,0.02872046640073642
1779897225,0.028578362963412412
1779897240,0.028693528693528696
1779897255,0.028927650165827296
1779897270,0.029267092966060008
1779897285,0.02836879432624113
1779897300,0.028766697732214973
1779897315,0.028680688336520075
1779897330,0.029264944465243976
1779897345,0.028846153846153844
1779897360,0.028667163067758746
1779897375,0.028708133971291867
1779897390,0.02901729756831286
1779897405,0.029171676264000503
1779897420,0.02850132125330313
1779897435,0.0286618158810503
1779897450,0.028575073351192755
1779897465,0.029059393321437674
1779897480,0.028801915926136002
1779897495,0.02942487739634418
1779897510,0.029045643153526972
1779897525,0.028887214267771917
1779897540,0.028913697942799802
1779897555,0.02822277847309136
1779897570,0.02814352574102964
1779897585,0.028711749149981113
1779897600,0.02869619463505926
1779897615,0.028241496171708295
1779897630,0.02870994144682994
1779897645,0.02858970259034218
1779897660,0.029257362355953907
1779897675,0.029124328522425733
1779897690,0.029256503211855245
1779897705,0.029867819013726486
1779897720,0.030186502595654682
1779897735,0.030519729281062447
1779897750,0.03062000760745531
1779897765,0.03102655771195097
1779897780,0.030991867836332208
1779897795,0.030228968356058657
1779897810,0.03166363872307293
1779897825,0.03151436874394576
1779897840,0.03154349374959518
1779897855,0.03196464031772468
1779897870,0.03196376577159495
1779897885,0.031473999739345754
1779897900,0.032108017313779956
1779897915,0.03243625152546727
1779897930,0.032043065880543446
1779897945,0.03155479059093517
1779897960,0.03051612903225806
1779897975,0.03126608337622234
1779897990,0.030689877498388134
1779898005,0.02985359643539147
1779898020,0.02975217008428733
1779898035,0.029402564904598055
1779898050,0.029290297985894907
1779898065,0.02847108992850872
1779898080,0.029253992015968063
1779898095,0.02955573455604436
1779898110,0.029823156078624683
1779898125,0.03046551303923958
1779898140,0.03065847452367653
1779898155,0.03107004999050813
1779898170,0.030933633295838016
1779898185,0.03088876255448171
1779898200,0.030775075987841943
1779898215,0.03101854782553649
1779898230,0.03128760529482551
1779898245,0.03180952380952381
1779898260,0.03144533741548667
1779898275,0.031699554423933796
1779898290,0.032033963720571206
1779898305,0.03238132245320899
1779898320,0.03290155440414508
1779898335,0.032886482202998085
1779898350,0.0327653997378768
1779898365,0.03281055187348251
1779898380,0.03281045751633987
1779898395,0.03180468492246783
1779898410,0.032170336959405674
1779898425,0.03133369041242635
1779898440,0.03177909164203171
1779898455,0.03125840279645065
1779898470,0.031237458193979932
1779898485,0.031855677016967336
1779898500,0.03168803560752009
1779898515,0.031674805331925564
1779898530,0.03192475824612531
1779898545,0.032587774606756485
1779898560,0.033211557622052475
1779898575,0.033130135170951494
1779898590,0.03300607156698101
1779898605,0.03258324661810614
1779898620,0.03255723458071211
1779898635,0.03246290416639668
1779898650,0.03238520659528345
1779898665,0.03204080298175636
1779898680,0.03163433498161532
1779898695,0.03176572775778633
1779898710,0.03131042225410091
1779898725,0.03127124405166553
1779898740,0.030845345712191545
1779898755,0.030987298275756272
1779898770,0.03056016725081473
1779898785,0.02987092808850645
1779898800,0.02973656610525017
1779898815,0.02956479157740099
1779898830,0.029076961148230634
1779898845,0.028790786948176578
1779898860,0.028283826344716854
1779898875,0.027888198757763976
1779898890,0.028173393867777848
1779898905,0.029221987839682342
1779898920,0.02927801657011151
1779898935,0.02930062565818002
1779898950,0.029832646131457672
1779898965,0.029806168474948193
1779898980,0.029797755658403605
1779898995,0.02991371045062321
1779899010,0.029973101063148457
1779899025,0.02970361242622738
1779899040,0.029293765522511624
1779899055,0.028930096221245143
1779899070,0.028917028917028915
1779899085,0.029006480840621657
1779899100,0.029299363057324845
1779899115,0.028813881324805272
1779899130,0.02901329243353783
1779899145,0.029364723946004735
1779899160,0.02896400464456199
1779899175,0.029008029008029006
1779899190,0.028645664176680737
1779899205,0.02810457516339869
1779899220,0.02820126938428319
1779899235,0.027842073936908934
1779899250,0.02755061000134066
1779899265,0.028429909078572395
1779899280,0.02885659967409017
1779899295,0.028717598908594814
1779899310,0.028600543478260868
1779899325,0.028637507652540643
1779899340,0.029322895206702376
1779899355,0.029872470196839477
1779899370,0.029826989619377166
1779899385,0.02951113562711163
1779899400,0.029306054741498482
1779899415,0.02901583315895934
1779899430,0.0290893760539629
1779899445,0.028553778570938295
1779899460,0.029448020819065883
1779899475,0.02933551644153363
1779899490,0.029301020058875884
1779899505,0.03003352261065882
1779899520,0.03020157157499146
1779899535,0.030300957592339257
1779899550,0.02989130434782608
1779899565,0.02900681727041839
1779899580,0.029601288763592425
1779899595,0.030211480362537766
1779899610,0.03031728959397688
1779899625,0.03044978108000531
1779899640,0.030480500465859175
1779899655,0.030345378319025756
1779899670,0.031068737915861056
1779899685,0.03183820584701642
1779899700,0.032097770615095354
1779899715,0.03219011256665131
1779899730,0.03224962386341335
1779899745,0.032612269051219674
1779899760,0.032702237521514625
1779899775,0.03275414419812263
1779899790,0.03291442250149611
1779899805,0.03225806451612903
1779899820,0.03186063456315824
1779899835,0.031432508694796246
1779899850,0.030889810972798522
1779899865,0.03154952076677316
1779899880,0.03088751905614105
1779899895,0.030373831775700934
1779899910,0.02972027972027972
1779899925,0.02955271565495208
1779899940,0.028523714094856375
1779899955,0.02821881254169446
1779899970,0.02743716550369216
1779899985,0.026944688917473425
1779900000,0.027270904351313414
1779900015,0.027004965648595333
1779900030,0.027013922560088662
1779900045,0.02641172020083912
1779900060,0.026443126831595446
1779900075,0.02696629213483146
1779900090,0.02705223880597015
1779900105,0.027783356765080005
1779900120,0.02806105445577551
1779900135,0.02820188012534169
1779900150,0.028927009754456782
1779900165,0.0291588282719699
1779900180,0.029564280422924104
1779900195,0.029797140006651145
1779900210,0.030575053995680338
1779900225,0.030054461104013986
1779900240,0.030721966205837174
1779900255,0.03154050464807437
1779900270,0.031583775637245265
1779900285,0.03166088833649506
1779900300,0.03189677757401101
1779900315,0.03186449477578039
1779900330,0.03221017299251227
1779900345,0.03258354755784062
1779900360,0.03198976327575176
1779900375,0.031856580898948855
1779900390,0.03168251885864218
1779900405,0.03155006858710563
1779900420,0.03157756813417191
1779900435,0.031954388756298066
1779900450,0.03224729603418347
1779900465,0.031035631035631034
1779900480,0.03083261346268855
1779900495,0.030318905114268876
1779900510,0.03052832423185736
1779900525,0.030270914751275087
1779900540,0.029900332225913623
1779900555,0.029521524723443954
1779900570,0.030086724482988658
1779900585,0.03009966777408638
1779900600,0.02927882345004385
1779900615,0.029475982532751095
1779900630,0.029109705502278448
1779900645,0.028487897742725043
1779900660,0.028194975423265975
1779900675,0.02863673030384512
1779900690,0.028068060021436223
1779900705,0.028149331203833096
1779900720,0.02791605004708731
1779900735,0.027455192320601462
1779900750,0.0274556843929095
1779900765,0.02772618731759087
1779900780,0.027864809012732483
1779900795,0.02885506287227002
1779900810,0.02978466492251962
1779900825,0.029701642641635936
1779900840,0.029809568669672295
1779900855,0.02979231636918585
1779900870,0.030319043529955746
1779900885,0.030391965042718315
1779900900,0.030213231978354696
1779900915,0.0306580745948057
1779900930,0.03021226722229457
1779900945,0.031099544567338974
1779900960,0.031672435185789855
1779900975,0.03097085479559236
1779900990,0.031193255512321657
1779901005,0.03127035830618892
1779901020,0.03192798393886406
1779901035,0.031983492391023986
1779901050,0.03223320919481187
1779901065,0.032062955254942765
1779901080,0.031496576459080536
1779901095,0.029748431740283254
1779901110,0.029085783842654877
1779901125,0.0295544491254947
1779901140,0.029466283157558323
1779901155,0.029172276719882026
1779901170,0.02846274921301154
1779901185,0.028314782269088068
1779901200,0.02811062892674396
1779901215,0.028264852132949488
1779901230,0.028656639004149376
1779901245,0.0281093569503273
1779901260,0.028019447287615146
1779901275,0.028457120733045103
1779901290,0.02837516851768633
1779901305,0.027897965773329026
1779901320,0.028230463236237652
1779901335,0.027413892261486356
1779901350,0.02735348629130185
1779901365,0.02731958762886598
1779901380,0.027939762896507528
1779901395,0.02868852459016393
1779901410,0.028766769865841074
1779901425,0.02867982766381583
1779901440,0.028407626900283433
1779901455,0.028865979381443297
1779901470,0.02928817012606647
1779901485,0.029218080685378168
1779901500,0.029083204930662555
1779901515,0.02908859955541442
1779901530,0.029155453030885552
1779901545,0.029073482428115017
1779901560,0.029568190452070407
1779901575,0.02929236150146774
1779901590,0.028955336866010595
1779901605,0.02883816100773707
1779901620,0.027948717948717946
1779901635,0.028186195826645263
1779901650,0.027850360079026196
1779901665,0.027883638211382112
1779901680,0.026920132686909924
1779901695,0.027643400138217
1779901710,0.02741925523374298
1779901725,0.02804893117508958
1779901740,0.028685015290519873
1779901755,0.02836491739552964
1779901770,0.027714457108578287
1779901785,0.029003267973856207
1779901800,0.029191659525849758
1779901815,0.028541284913099006
1779901830,0.028251024369204226
1779901845,0.02814956447843637
1779901860,0.02788065843621399
1779901875,0.027848227161967276
1779901890,0.027722580332477095
1779901905,0.028719641593963688
1779901920,0.028368473441317526
1779901935,0.028863815271582268
1779901950,0.029840681109331534
1779901965,0.029471544715447155
1779901980,0.02939655515334739
1779901995,0.02879419484329165
1779902010,0.028707953946873355
1779902025,0.02831120377482717
1779902040,0.0279267682185511
1779902055,0.028076965205009314
1779902070,0.0281182408074982
1779902085,0.027636214385880906
1779902100,0.027736335277363355
1779902115,0.027997728107981693
1779902130,0.028095524784266506
1779902145,0.028249148225331616
1779902160,0.02808785274457506
1779902175,0.028189861069061798
1779902190,0.0279305402793054
1779902205,0.02835296820135858
1779902220,0.029066870411586884
1779902235,0.028157280906364546
1779902250,0.02831817276409269
1779902265,0.029058349698765102
1779902280,0.02953471773782415
1779902295,0.02971981320880587
1779902310,0.02980818197250042
1779902325,0.03002309468822171
1779902340,0.03021489186969614
1779902355,0.030292539380301197
1779902370,0.03108094138727129
1779902385,0.030990743914981144
1779902400,0.030861861345260623
1779902415,0.03042924512064989
1779902430,0.030281207133058985
1779902445,0.03019009846827134
1779902460,0.03012089572743509
1779902475,0.030645937951434273
1779902490,0.03070687641684413
1779902505,0.031173824973392383
1779902520,0.03047885593364961
1779902535,0.030761802945132255
1779902550,0.030377299872277257
1779902565,0.029796460795971185
1779902580,0.029730759901590492
1779902595,0.02965080239685929
1779902610,0.02921687781096577
1779902625,0.02859468810420271
1779902640,0.028678137921835403
1779902655,0.02868420157201674
1779902670,0.02860259775679269
1779902685,0.028611186532717894
1779902700,0.028879384088964927
1779902715,0.02910416953350764
1779902730,0.029078062368367415
1779902745,0.02938369239160076
1779902760,0.0294589520395972
1779902775,0.03001053597525745
1779902790,0.029496402877697843
1779902805,0.02909226695634463
1779902820,0.029429369513168397
1779902835,0.029400806151136404
1779902850,0.029333863064494772
1779902865,0.029773141248551085
1779902880,0.029594350468057154
1779902895,0.030106257378984654
1779902910,0.030298115288545757
1779902925,0.030940390375563676
1779902940,0.030621572212065816
1779902955,0.030180756487222387
1779902970,0.030350043634248036
1779902985,0.030337740541955757
1779903000,0.030205100310370207
1779903015,0.03027330979469073
1779903030,0.029919782636822354
1779903045,0.02910509818972686
1779903060,0.02910975336681488
1779903075,0.028687613177875913
1779903090,0.02862790104565162
1779903105,0.028745003996802562
1779903120,0.028868434603501546
1779903135,0.028854853302313563
1779903150,0.02890510948905109
1779903165,0.028308609185722613
1779903180,0.028426527118260814
1779903195,0.028574211773874078
1779903210,0.028452778769101
1779903225,0.028809631107963692
1779903240,0.02927935222672065
1779903255,0.02913932844461598
1779903270,0.029268920266315012
1779903285,0.028987370247774532
1779903300,0.029247024377824456
1779903315,0.029996467225487364
1779903330,0.03014065639651708
1779903345,0.03028278779781786
1779903360,0.03040118013019915
1779903375,0.030898691736243506
1779903390,0.030463194310974436
1779903405,0.03055967025181941
1779903420,0.03028948964284574
1779903435,0.0302223362956784
1779903450,0.030225327734863295
1779903465,0.02993665391170134
1779903480,0.029785156249999997
1779903495,0.02952755905511811
1779903510,0.02934793171584983
1779903525,0.029169246814196786
1779903540,0.029199017851217732
1779903555,0.029151195361865674
1779903570,0.029299487748376776
1779903585,0.029290617848970253
1779903600,0.029106702969013354
1779903615,0.028725666612138063
1779903630,0.028596698113207548
1779903645,0.02869778552521144
1779903660,0.02854163951518311
1779903675,0.028500861200480974
1779903690,0.02857788685094291
1779903705,0.028352968201358585
1779903720,0.028705636743215034
1779903735,0.02883714922336681
1779903750,0.02913726382881858
1779903765,0.02961890344237478
1779903780,0.029382676662944647
1779903795,0.02931293801401645
1779903810,0.029291770255625675
1779903825,0.029001040254704787
1779903840,0.028823362093486297
1779903855,0.02871457648348207
1779903870,0.028220357625467457
1779903885,0.027910229512365697
1779903900,0.02835378755818874
1779903915,0.028498989056131456
1779903930,0.028666816474591506
1779903945,0.028514209422086594
1779903960,0.0286819722453156
1779903975,0.02878918884298844
1779903990,0.029042130624470922
1779904005,0.02839238993507542
1779904020,0.02859399164226251
1779904035,0.028675569318108513
1779904050,0.02906901041666667
1779904065,0.028871132156127716
1779904080,0.029584619982069925
1779904095,0.029622950272183816
1779904110,0.029645988088067992
1779904125,0.029673189360911147
1779904140,0.029852239751842834
1779904155,0.030589323467230447
1779904170,0.03069916781338051
1779904185,0.031064067584892018
1779904200,0.03165668922436231
1779904215,0.03168658612042857
1779904230,0.031354910205012874
1779904245,0.031190678798193365
1779904260,0.03147320700564235
1779904275,0.03169291338582677
1779904290,0.03229935992122107
1779904305,0.03288504957298517
1779904320,0.03318152244632401
1779904335,0.03321105087166834
1779904350,0.03308575286968265
1779904365,0.033120446740909526
1779904380,0.03346881747745459
1779904395,0.03390427405154474
1779904410,0.03442028985507247
1779904425,0.034642250330375685
1779904440,0.034238787113076444
1779904455,0.03378314018098111
1779904470,0.033515688863736404
1779904485,0.03274129321787497
1779904500,0.03216402370655134
1779904515,0.03177221098490742
1779904530,0.03190187897989272
1779904545,0.03171724883883693
1779904560,0.031444759206798865
1779904575,0.031514172053704624
1779904590,0.03140224035746424
1779904605,0.030957835428146865
1779904620,0.03069461827284105
1779904635,0.030191618632185696
1779904650,0.029688943640283336
1779904665,0.03004224690971679
1779904680,0.029306829765545363
1779904695,0.02871973393839555
1779904710,0.028308473500476043
1779904725,0.027524393732320504
1779904740,0.027556663789520795
1779904755,0.02706368686216251
1779904770,0.02766238366663446
1779904785,0.027810040005161955
1779904800,0.027708299496508042
1779904815,0.02787604821802935
1779904830,0.028188659660049305
1779904845,0.027866111530013442
1779904860,0.02748870999410956
1779904875,0.027183773976153444
1779904890,0.026565154881714806
1779904905,0.026490066225165563
1779904920,0.026407342367714786
1779904935,0.026436364835019942
1779904950,0.026043217843078857
1779904965,0.026110781012741797
1779904980,0.026302680083690348
1779904995,0.026558120912851993
1779905010,0.02691204115959236
1779905025,0.02760184012267484
1779905040,0.027317331918843654
1779905055,0.027557891279356216
1779905070,0.02787201490055212
1779905085,0.02809026608285618
1779905100,0.02793332894130048
1779905115,0.02799202127659575
1779905130,0.028380800637323244
1779905145,0.02842622950819672
1779905160,0.028292488543534573
1779905175,0.02929648575034877
1779905190,0.02939051622225141
1779905205,0.02976072115065951
1779905220,0.03021876779791618
1779905235,0.03002816163468465
1779905250,0.03022364844952356
1779905265,0.030396518689312504
1779905280,0.03061988989869377
1779905295,0.03075528505293146
1779905310,0.030406920858699137
1779905325,0.030595918367346934
1779905340,0.03068349240919864
1779905355,0.030045387713354216
1779905370,0.030008264988238286
1779905385,0.030402813299232737
1779905400,0.030105289704306155
1779905415,0.02929607602504799
1779905430,0.02966504147407079
1779905445,0.029323213949695795
1779905460,0.029263687853996224
1779905475,0.029379314692809633
1779905490,0.02866402366119187
1779905505,0.028482815368061267
1779905520,0.028026370266568998
1779905535,0.027614719434450548
1779905550,0.02700748286486826
1779905565,0.026553439589340595
1779905580,0.02622673434856176
1779905595,0.026213068452286502
1779905610,0.026334947614978
1779905625,0.02629825841449101
1779905640,0.026018748804285438
1779905655,0.026205583756345175
1779905670,0.02612967830767305
1779905685,0.02626326627593854
1779905700,0.026456202756780792
1779905715,0.026776355493440904
1779905730,0.026724000637044113
1779905745,0.026903390914907233
1779905760,0.027226772459687743
1779905775,0.027899343544857767
1779905790,0.028522095031016177
1779905805,0.028443683409436836
1779905820,0.02925733805668016
1779905835,0.02983470813185424
1779905850,0.030321349029589564
1779905865,0.03048393242728312
1779905880,0.03056726715216558
1779905895,0.030630630630630633
1779905910,0.03064899980703673
1779905925,0.030651465798045598
1779905940,0.030638079671826426
1779905955,0.03025738004423219
1779905970,0.0301962432511073
1779905985,0.029653138424055907
1779906000,0.03000862867917293
1779906015,0.02998136037658358
1779906030,0.029882638091593316
1779906045,0.02951639265455245
1779906060,0.029502365905554318
1779906075,0.031670448371736284
1779906090,0.03254239453262223
1779906105,0.03234647375633386
1779906120,0.03157861295549131
1779906135,0.03215413569810839
1779906150,0.032132237746586946
1779906165,0.03202291898774471
1779906180,0.03266942331365803
1779906195,0.03239312472454826
1779906210,0.032565352237483386
1779906225,0.032839583989914906
1779906240,0.03286088576028283
1779906255,0.033073991243267084
1779906270,0.03284061899208926
1779906285,0.033201282776834554
1779906300,0.03305602823470095
1779906315,0.03338687832687644
1779906330,0.033307246830489905
1779906345,0.0335744123698485
1779906360,0.03250062924742008
1779906375,0.030385786483347464
1779906390,0.03007376584074144
1779906405,0.030804424806493057
1779906420,0.031246078554398288
1779906435,0.03124508848583912
1779906450,0.03171712096470292
1779906465,0.03156370960128394
1779906480,0.03145363408521303
1779906495,0.03178962654291757
1779906510,0.03220718589318949
1779906525,0.03176687615295626
1779906540,0.03245734771614225
1779906555,0.03250690454271293
1779906570,0.0331268858186438
1779906585,0.03309859154929577
1779906600,0.032749209997127264
1779906615,0.033050227439004994
1779906630,0.0335050721623092
1779906645,0.03352135374697824
1779906660,0.03399352504284898
1779906675,0.033746289843850814
1779906690,0.03373105449854886
1779906705,0.03548260271279733
1779906720,0.037263027376252165
1779906735,0.03710253135540492
1779906750,0.03636780254672821
1779906765,0.036185179126451826
1779906780,0.03570375708342887
1779906795,0.035619837408991474
1779906810,0.03576309035763091
1779906825,0.03778404378835628
1779906840,0.038894743775523655
1779906855,0.03876912950468981
1779906870,0.03830196820339208
1779906885,0.038131428945816684
1779906900,0.03798624017737781
1779906915,0.03739386022207707
1779906930,0.037238371146772566
1779906945,0.03673402868318122
1779906960,0.03652684837604048
1779906975,0.036251421146662334
1779906990,0.03558337928573746
1779907005,0.033414936572028105
1779907020,0.03155596931077654
1779907035,0.03128591495339037
1779907050,0.031528509822712034
1779907065,0.031847758558676394
1779907080,0.031267001632156684
1779907095,0.031244016084764153
1779907110,0.02956390780513358
1779907125,0.02913911475306103
1779907140,0.028520612335641238
1779907155,0.028377739240107204
1779907170,0.02825671996745627
1779907185,0.028229228883090755
1779907200,0.028286928394748525
1779907215,0.028159769971246407
1779907230,0.02856336615037311
1779907245,0.028468071720666874
1779907260,0.028614129588691344
1779907275,0.028732061874883516
1779907290,0.028783280668272692
1779907305,0.02894491129785248
1779907320,0.029001742593975602
1779907320,0.029001742593975602
1779907335,0.028978681988006662
1779907350,0.029113172773560736
1779907365,0.028785672233755773
1779907380,0.02918844909136171
1779907395,0.02884734431100656
1779907410,0.028743294781557155
1779907425,0.02880671321664527
1779907440,0.028947862552419098
1779907455,0.029186497305134427
1779907470,0.029624900239425375
1779907485,0.029445963357531187
1779907500,0.029467321496033243
1779907515,0.029518997057694764
1779907530,0.029335525067964847
1779907545,0.02923008342354964
1779907560,0.029283230725063
1779907575,0.029158215010141986
1779907590,0.029335943873388805
1779907605,0.029010075163921317
1779907620,0.029298552568792744
1779907635,0.029461146133620553
1779907650,0.02948387302193779
1779907665,0.029020595261153075
1779907680,0.029085173501577286
1779907695,0.02923958202190608
1779907710,0.029437364003730183
1779907725,0.029501367818950512
1779907740,0.029350435991406548
1779907755,0.029036542798010684
1779907770,0.028591155886137525
1779907785,0.029039417336125785
1779907800,0.029314552250332065
1779907815,0.029026505134985548
1779907830,0.029037944150663325
1779907845,0.028815598679542156
1779907860,0.02918939018344075
1779907875,0.029242705028740146
1779907890,0.0294421973473803
1779907905,0.029396061681479853
1779907920,0.029577911774039983
1779907935,0.029485115383401202
1779907950,0.029559150015857908
1779907965,0.02925918896691339
1779907980,0.029420156611609554
1779907995,0.0289184132923233
1779908010,0.028872593950504125
1779908025,0.02894430805013568
1779908040,0.028978944985284128
1779908055,0.029192124915139173
1779908070,0.029530287888068604
1779908085,0.0296972049689441
1779908100,0.029677377135004252
1779908115,0.029654090106584714
1779908130,0.02942633508372139
1779908145,0.030161732098604406
1779908160,0.0300695663480918
1779908175,0.02939468249870934
1779908190,0.029268292682926828
1779908205,0.02922932025591894
1779908220,0.029699454433934853
1779908235,0.029038171937405877
1779908250,0.029348509413360684
1779908265,0.029501559700006636
1779908280,0.029731216058293805
1779908295,0.030049128474325327
1779908310,0.029616318924495025
1779908325,0.02968466348416594
1779908340,0.02993632696602994
1779908355,0.029658071563337857
1779908370,0.02972972972972973
1779908385,0.029818325434439175
1779908400,0.029846316206055015
1779908415,0.029905350070483994
1779908430,0.029764089559211185
1779908445,0.029223927508610026
1779908460,0.029595015576323984
1779908475,0.030065271060908384
1779908490,0.03050482628729021
1779908505,0.031165219750406946
1779908520,0.030717909514212244
1779908535,0.030738045392616226
1779908550,0.030942943743130266
1779908565,0.03082954054682569
1779908580,0.030864197530864196
1779908595,0.03075079872204473
1779908610,0.031045696851845644
1779908625,0.03137162796940008
1779908640,0.031459170013386877
1779908655,0.03160880724030798
1779908670,0.031080628972900638
1779908685,0.031335604997661526
1779908700,0.031696789857027244
1779908715,0.032082183583230825
1779908730,0.03271121147715197
1779908745,0.03227310574521232
1779908760,0.031268651767358574
1779908775,0.03116468002930013
1779908790,0.030654995061139684
1779908805,0.03042113955408753
1779908820,0.030327108992186467
1779908835,0.03042886091087267
1779908850,0.03058254014980538
1779908865,0.03068609792041919
1779908880,0.03085113418424707
1779908895,0.031135889410537295
1779908910,0.030793847761486467
1779908925,0.030211381044741772
1779908940,0.029888899813194376
1779908955,0.029868266597104474
1779908970,0.02968550994415597
1779908985,0.029083136315056515
1779909000,0.028755152514427038
1779909015,0.02858164791571828
1779909030,0.028500419598476538
1779909045,0.02824515386091741
1779909060,0.02833317234939953
1779909075,0.028761557411139903
1779909090,0.02895069942552984
1779909105,0.02907071696880614
1779909120,0.028874801901743265
1779909135,0.028423772609819122
1779909150,0.02791804702325432
1779909165,0.027953771212072976
1779909180,0.027372729598362754
1779909195,0.027313031940713894
1779909210,0.027410085878478724
1779909225,0.027452346273193592
1779909240,0.027908604887983707
1779909255,0.02760199701084364
1779909270,0.027528502538881613
1779909285,0.028202492612103305
1779909300,0.028242811501597444
1779909315,0.028062927061814718
1779909330,0.028183547773370742
1779909345,0.028104026845637585
1779909360,0.028381603560601175
1779909375,0.0282603808728604
1779909390,0.028490578172229726
1779909405,0.028681602345517705
1779909420,0.028569594247560347
1779909435,0.028463604963541
1779909450,0.028618672093614853
1779909465,0.028721127120539282
1779909480,0.029059611903325185
1779909495,0.029091821060221325
1779909510,0.028686701823495774
1779909525,0.028255762270620353
1779909540,0.028342498036135113
1779909555,0.028210393302795768
1779909570,0.02814890038399289
1779909585,0.027924147288044675
1779909600,0.027672876138491318
1779909615,0.027967819586975803
1779909630,0.02767394377257735
1779909645,0.02779348030902581
1779909660,0.027314303737580824
1779909675,0.027509667683214382
1779909690,0.026976981770583913
1779909705,0.027529620477729205
1779909720,0.02751113620678838
1779909735,0.027773404288818214
1779909750,0.027912504416535512
1779909765,0.02770899288468169
1779909780,0.027322921596466317
1779909795,0.02786817908938671
1779909810,0.02811812755262331
1779909825,0.028201365405474382
1779909840,0.028072764605858388
1779909855,0.028176164487879168
1779909870,0.028018828652854714
1779909885,0.027666045325223196
1779909900,0.027844301816904556
1779909915,0.0275984506132989
1779909930,0.027598032871748415
1779909945,0.027559944492851842
1779909960,0.02763999477874951
1779909975,0.02821163607965638
1779909990,0.028459622909996447
1779910005,0.028358599059069525
1779910020,0.02828269571494193
1779910035,0.028413730036905192
1779910050,0.028587536895167978
1779910065,0.028778399736582156
1779910080,0.028741757143808697
1779910095,0.028665634883251467
1779910110,0.029159046205873215
1779910125,0.029446718605572426
1779910140,0.029630861323578315
1779910155,0.029772212601571868
1779910170,0.029993093695530635
1779910185,0.029774945230033857
1779910200,0.02994051553205552
1779910215,0.030119689596212022
1779910230,0.030247752976684025
1779910245,0.030120481927710843
1779910260,0.029717633120516028
1779910275,0.029733435900866252
1779910290,0.028720277851990383
1779910305,0.02897740354570273
1779910320,0.028893258239744063
1779910335,0.029326683291770572
1779910350,0.029026955950032875
1779910365,0.02834392817353693
1779910380,0.02812898167205724
1779910395,0.02851012645882774
1779910410,0.02814289432587194
1779910425,0.028158891937802164
1779910440,0.02826213781033253
1779910455,0.0279722535892886
1779910470,0.028285549355397344
1779910485,0.028258474301639767
1779910500,0.027923556787800778
1779910515,0.028444128757304753
1779910530,0.028598447792343308
1779910545,0.028978421018319316
1779910560,0.029232603861153186
1779910575,0.02966210987877225
1779910590,0.030527919110736625
1779910605,0.03064236668164025
1779910620,0.030558144018508406
1779910635,0.030062522271534546
1779910650,0.03019778099372889
1779910665,0.030401597372065308
1779910680,0.030193314799250016
1779910695,0.030700051759834368
1779910710,0.031060138406056072
1779910725,0.031018763213530656
1779910740,0.031164462619133994
1779910755,0.03131259180130858
1779910770,0.03142532727758482
1779910785,0.03133487909903941
1779910800,0.031142668428005286
1779910815,0.030722529855227165
1779910830,0.030578402759352613
1779910845,0.02960255523724851
1779910860,0.029660734519762713
1779910875,0.02885605180142786
1779910890,0.028081020649743525
1779910905,0.027603179354152112
1779910920,0.028095317447092146
1779910935,0.02809490717760349
1779910950,0.027799022378878064
1779910965,0.027217944425845325
1779910980,0.02732186080440333
1779910995,0.026726877404248197
1779911010,0.026222132688691918
1779911025,0.026216491124454507
1779911040,0.02558108908935274
1779911055,0.025387362007403283
1779911070,0.025125298915713957
1779911085,0.025312326711680856
1779911100,0.02548142384750049
1779911115,0.025334792686067475
1779911130,0.025776177926335415
1779911145,0.02617868815325373
1779911160,0.02610045603027265
1779911175,0.026158038147138966
1779911190,0.026560339560757578
1779911205,0.027090429976219556
1779911220,0.026715725483922575
1779911235,0.02703663027327347
1779911250,0.027370634718327812
1779911265,0.027550826524795746
1779911280,0.02784534630649085
1779911295,0.028026481715006307
1779911310,0.02841605632917361
1779911325,0.02874762808349146
1779911340,0.028847662994004458
1779911355,0.028859756672639816
1779911370,0.02914066706787875
1779911385,0.029445216731960065
1779911400,0.02961771385314156
1779911415,0.030002234208930452
1779911430,0.029853103775075027
1779911445,0.0300832492431887
1779911460,0.029987680736562283
1779911475,0.03056727318516653
1779911490,0.03063616778608541
1779911505,0.030701192154851942
1779911520,0.030846780585232856
1779911535,0.030441690498887827
1779911550,0.030496
1779911565,0.030309798041029894
1779911580,0.030399897708020332
1779911595,0.03042315253472558
1779911610,0.030219780219780223
1779911625,0.030049655614288
1779911640,0.030547250747432732
1779911655,0.030251012145748987
1779911670,0.02982558516501329
1779911685,0.030120286612845704
1779911700,0.02963397160349095
1779911715,0.029503655747737303
1779911730,0.029571631939950823
1779911745,0.02915979698057091
1779911760,0.029566716689549476
1779911775,0.029393753827311693
1779911790,0.029594715916378096
1779911805,0.0294256938086067
1779911820,0.029520530476919157
1779911835,0.029771718452758403
1779911850,0.029868425264910205
1779911865,0.02943521382785343
1779911880,0.02962025316455696
1779911895,0.029408064414669432
1779911910,0.02932495477482624
1779911925,0.029221602434077083
1779911940,0.029190679027812576
1779911955,0.029538114201498853
1779911970,0.029418201144214833
1779911985,0.029573483271721906
1779912000,0.029553698154865162
1779912015,0.02960547147109113
1779912030,0.029896777442094662
1779912045,0.029967302625313483
1779912060,0.02973683377141591
1779912075,0.029521343773680223
1779912090,0.029609561752988046
1779912105,0.02930742433443063
1779912120,0.02883569096844396
1779912135,0.029196845324319976
1779912150,0.029481246561599946
1779912165,0.029682636459904373
1779912180,0.02985221674876847
1779912195,0.02975169154067791
1779912210,0.029263435161093445
1779912225,0.029306739585008845
1779912240,0.02911835201140118
1779912255,0.029250930270182815
1779912270,0.02911147011308562
1779912285,0.028924686057397425
1779912300,0.029067910304733918
1779912315,0.028659456336852917
1779912330,0.028733385457388582
1779912345,0.028818157755426153
1779912360,0.028803113850145962
1779912375,0.02916048160976414
1779912390,0.029564522572912505
1779912405,0.029808005206638465
1779912420,0.029424182390958394
1779912435,0.02889780596725131
1779912450,0.028898195876288658
1779912465,0.029109368975710065
1779912480,0.028899112291842156
1779912495,0.029016073882337904
1779912510,0.02939391034857344
1779912525,0.029807354397623078
1779912540,0.030159386631883688
1779912555,0.030309819485341186
1779912570,0.030082248559031154
1779912585,0.029892438593674745
1779912600,0.029434348605067828
1779912615,0.029607310123472966
1779912630,0.029318016852336922
1779912645,0.028776978417266185
1779912660,0.028469187408955602
1779912675,0.028282255013242524
1779912690,0.02799215587044535
1779912705,0.027704359456102917
1779912720,0.027828834929541132
1779912735,0.027970477367037283
1779912750,0.027701625757092764
1779912765,0.027634346911455346
1779912780,0.028236261303990387
1779912795,0.027920155359587404
1779912810,0.027772451262384146
1779912825,0.027199949571356533
1779912840,0.02669686144424598
1779912855,0.02656741520540692
1779912870,0.026990721939333353
1779912885,0.027563638652024793
1779912900,0.028125783011776498
1779912915,0.028158058494088367
1779912930,0.02854532278899776
1779912945,0.02846561842889872
1779912960,0.0287151150156769
1779912975,0.02888414978360409
1779912990,0.029344452456343855
1779913005,0.029903935543848775
1779913020,0.030205333667209216
1779913035,0.030368289637952562
1779913050,0.030595112244263416
1779913065,0.030458440177622118
1779913080,0.030127245508982037
1779913095,0.030172145920079548
1779913110,0.030587212371518183
1779913125,0.03089668919550254
1779913140,0.03077688314110735
1779913155,0.031004624313336022
1779913170,0.031053007483774802
1779913185,0.03053363397219091
1779913200,0.030150278819192838
1779913215,0.030183561471014954
1779913230,0.029732032951425055
1779913245,0.029726214269851847
1779913260,0.030012307886514978
1779913275,0.029811403646405374
1779913290,0.029280428680785914
1779913305,0.02891894460105793
1779913320,0.029248485233004475
1779913335,0.029459692622296068
1779913350,0.02937712848913078
1779913365,0.028994251961002252
1779913380,0.02914366414173835
1779913395,0.02889606279275858
1779913410,0.02847384045711367
1779913425,0.0284865710727174
1779913440,0.028680016607582
1779913455,0.028692677983278438
1779913470,0.028878804227095302
1779913485,0.028979074191502852
1779913500,0.029435890964159515
1779913515,0.02937917497704752
1779913530,0.029595015576323987
1779913545,0.029702662353819353
1779913560,0.029412678199832284
1779913575,0.029138115295153075
1779913590,0.02951777280636341
1779913605,0.02942544417227373
1779913620,0.028984603877080347
1779913635,0.02876051459673429
1779913650,0.028925492135109244
1779913665,0.029372330142496336
1779913680,0.02909079667357097
1779913695,0.029382685534202556
1779913710,0.03004519245753467
1779913725,0.030062995072662635
1779913740,0.029444341886653128
1779913755,0.02966422620550366
1779913770,0.029255982053838482
1779913785,0.02926678034413269
1779913800,0.02937404198079269
1779913815,0.029444896426559862
1779913830,0.02948761768635615
1779913845,0.029367970853793755
1779913860,0.029800278093793455
1779913875,0.029806634177016192
1779913890,0.029588227864089933
1779913905,0.029628219769064837
1779913920,0.029665790461885094
1779913935,0.029678274871341524
1779913950,0.0296025697549915
1779913965,0.029996577154059186
1779913980,0.03037405081091216
1779913995,0.030161759644566816
1779914010,0.029993183367416496
1779914025,0.02985866275623226
1779914040,0.029888930487957068
1779914055,0.029507687529119433
1779914070,0.029465755158880873
1779914085,0.02904918447338475
1779914100,0.029520870351320182
1779914115,0.029422066549912432
1779914130,0.02939950626783367
1779914145,0.029872874672723263
1779914160,0.029693212525830553
1779914175,0.02928290702918626
1779914190,0.02945890498781895
1779914205,0.0291452442159383
1779914220,0.028941628414233162
1779914235,0.02920727745289149
1779914250,0.028772773032832138
1779914265,0.027937199023682305
1779914280,0.02775767940538052
1779914295,0.028120736130986056
1779914310,0.02836643858367103
1779914325,0.02843206040559955
1779914340,0.028979106505860372
1779914355,0.029302059881044392
1779914370,0.029401064920461687
1779914385,0.029575709882615257
1779914400,0.029806898828189467
1779914415,0.029657422512234913
1779914430,0.030538518352011816
1779914445,0.030659918240218027
1779914460,0.03056698892824096
1779914475,0.03111068955705207
1779914490,0.03101509696165751
1779914505,0.03138127782306101
1779914520,0.03172443647382579
1779914535,0.032252015750984436
1779914550,0.03284545710972514
1779914565,0.032919773521858854
1779914580,0.03258076358296623
1779914595,0.03219969946947162
1779914610,0.03190550126343349
1779914625,0.0318716577540107
1779914640,0.03150158575262259
1779914655,0.03131379848685001
1779914670,0.03125283635373491
1779914685,0.030709708620481203
1779914700,0.030285816790241567
1779914715,0.029682362523000813
1779914730,0.02912475152099271
1779914745,0.028957702569021856
1779914760,0.02924206265293176
1779914775,0.028566157252237014
1779914790,0.028616507857938372
1779914805,0.029320234317793507
1779914820,0.028872355408591285
1779914835,0.028545063057520765
1779914850,0.02815483634810725
1779914865,0.02848276285872304
1779914880,0.028343968775168822
1779914895,0.0286981881360139
1779914910,0.029147219732327763
1779914925,0.02939915477430024
1779914940,0.02936697846421579
1779914955,0.029456145866079853
1779914970,0.028816638476476853
1779914985,0.029266268790093516
1779915000,0.02968406986732843
1779915015,0.02994506366898479
1779915030,0.030102367242482407
1779915045,0.029895889713139553
1779915060,0.03027393753200205
1779915075,0.030134251955828854
1779915090,0.030088665535674273
1779915105,0.029838295687885007
1779915120,0.02982580188982451
1779915135,0.029838838359661717
1779915150,0.030009743423189347
1779915165,0.02986481216690498
1779915180,0.029619635055255722
1779915195,0.02922809502349836
1779915210,0.02885055217931124
1779915225,0.02828046961146786
1779915240,0.027954626248262938
1779915255,0.028743445329190136
1779915270,0.029379795396419436
1779915285,0.029231509706401416
1779915300,0.028676375821626496
1779915315,0.02845304761596478
1779915330,0.02849350232632761
1779915345,0.028460126847171696
1779915360,0.028379507617149836
1779915375,0.02825290651377608
1779915390,0.02808361257379927
1779915405,0.02775536549943521
1779915420,0.027744231869319267
1779915435,0.027677496991576414
1779915450,0.027730022285896213
1779915465,0.027681551930465453
1779915480,0.027853924441503607
1779915495,0.02823416812888818
1779915510,0.028409809126532674
1779915525,0.02816196257588084
1779915540,0.02840284970027932
1779915555,0.028021070348782845
1779915570,0.028143355215629613
1779915585,0.029048382533245307
1779915600,0.029327788467506673
1779915615,0.02953307515506439
1779915630,0.029689269090451626
1779915645,0.029961138272533536
1779915660,0.02983903862445483
1779915675,0.03010948905109489
1779915690,0.029897742860705824
1779915705,0.030633404549453312
1779915720,0.030387705204331126
1779915735,0.03044437440907658
1779915750,0.030250347705146036
1779915765,0.03008377760853008
1779915780,0.029835096749594888
1779915795,0.029949124884011136
1779915810,0.0299492385786802
1779915825,0.030576923076923078
1779915840,0.030377720870678616
1779915855,0.030087984072956136
1779915870,0.029771601980514293
1779915885,0.02928964562747433
1779915900,0.029375486886522983
1779915915,0.02928300418328631
1779915930,0.02919238683127572
1779915945,0.029318465827165244
1779915960,0.029537890424987202
1779915975,0.029365309608999777
1779915990,0.02941082241373787
1779916005,0.029009584664536743
1779916020,0.02904203197524497
1779916035,0.029334360356890687
1779916050,0.02922119579163459
1779916065,0.029797607210443597
1779916080,0.029651218044160037
1779916095,0.029866904413169457
1779916110,0.029755988071953055
1779916125,0.02925202477370176
1779916140,0.029410830554232173
1779916155,0.029216551811743784
1779916170,0.028958254983076345
1779916185,0.029107008289374528
1779916200,0.028822252289103553
1779916215,0.029014382666085546
1779916230,0.029280673517395068
1779916245,0.028839558520920374
1779916260,0.02872281093139989
1779916275,0.028575808676989115
1779916290,0.028778090321782943
1779916305,0.029313543599257887
1779916320,0.02959772748098598
1779916335,0.02919239469340344
1779916350,0.02890190959045508
1779916365,0.029502448461398947
1779916380,0.029437757123266798
1779916395,0.029574636402361104
1779916410,0.02948059447466796
1779916425,0.030126336248785232
1779916440,0.03009075957848572
1779916455,0.03019797463735061
1779916470,0.03019143561493746
1779916485,0.030238823137694104
1779916500,0.030225255148257746
1779916515,0.030303948604503167
1779916530,0.030029939214322437
1779916545,0.030364797218308804
1779916560,0.03041421553763115
1779916575,0.030508168607275024
1779916590,0.03042387987552494
1779916605,0.030279503105590064
1779916620,0.02993886358187485
1779916635,0.0300565981531129
1779916650,0.029789156626506025
1779916665,0.029428494446606595
1779916680,0.029358789625360236
1779916695,0.029287583254043768
1779916710,0.029339564047203576
1779916725,0.02891010671317509
1779916740,0.02901845018450185
1779916755,0.028929519315836042
1779916770,0.029243577968060205
1779916785,0.02897737342706918
1779916800,0.028764404419824034
1779916815,0.02836837604317183
1779916830,0.028324976122254056
1779916845,0.028067480131178536
1779916860,0.027989371124889282
1779916875,0.02809105787829192
1779916890,0.027420838650324957
1779916905,0.027005489640517088
1779916920,0.026972672423991484
1779916935,0.027055150884495317
1779916950,0.02771621901131696
1779916965,0.027451443414605346
1779916980,0.027528157201054396
1779916995,0.027670930613948774
1779917010,0.027168703570572727
1779917025,0.026961600145247677
1779917040,0.027606716933521586
1779917055,0.027103878032548854
1779917070,0.027062605234960967
1779917085,0.027213573339819993
1779917100,0.027728004373310654
1779917115,0.02802332719459792
1779917130,0.028075719364346267
1779917145,0.028043105559637523
1779917160,0.028013029315960912
1779917175,0.027778637052618557
1779917190,0.028120543188441746
1779917205,0.028390969920580326
1779917220,0.029020258845952846
1779917235,0.028744659462176428
1779917250,0.028441088563787954
1779917265,0.029071399606974642
1779917280,0.028796868690006524
1779917295,0.028635808844239982
1779917310,0.028901915300460802
1779917325,0.028631893439561813
1779917340,0.028353087960074862
1779917355,0.028245603132185694
1779917370,0.027688504326328803
1779917385,0.027521506046627606
1779917400,0.02667744543249798
1779917415,0.026513272140907963
1779917430,0.02667540247098465
1779917445,0.02633949371020345
1779917460,0.026598183986058885
1779917475,0.027113287059990086
1779917490,0.027126507887411076
1779917505,0.026417860306019603
1779917520,0.02624305196974759
1779917535,0.026440761052728336
1779917550,0.026175620149140166
1779917565,0.02600351153357147
1779917580,0.026527232580961728
1779917595,0.026704888352444174
1779917610,0.026629630747863894
1779917625,0.02746684511497749
1779917640,0.02749924947463224
1779917655,0.02785675397737584
1779917670,0.027744087325651916
1779917685,0.02830217450974412
1779917700,0.0288022585295531
1779917715,0.028766337649793233
1779917730,0.028443515893150275
1779917745,0.028741388206015357
1779917760,0.02852475876463293
1779917775,0.028268126184103688
1779917790,0.02830274258413716
1779917805,0.028976991588322613
1779917820,0.02858017135862913
1779917835,0.028708719738009973
1779917850,0.02864535206061726
1779917865,0.02882476520019772
1779917880,0.028519899737115606
1779917895,0.0281947324440593
1779917910,0.028048667223924958
1779917925,0.02795956616585246
1779917940,0.02803652125795444
1779917955,0.02819635758528243
1779917970,0.028038239516202924
1779917985,0.02832270720941638
1779918000,0.028159404558846333
1779918015,0.028726371242640228
1779918030,0.028239151278958277
1779918045,0.028192268153640076
1779918060,0.028779857178034968
1779918075,0.028330171939056476
1779918090,0.028764544304188143
1779918105,0.028830211851396996
1779918120,0.028963833358766976
1779918135,0.028897104128157738
1779918150,0.028971762474378195
1779918165,0.028425119587881763
1779918180,0.02871684145589143
1779918195,0.028681271739793738
1779918210,0.028421566235667235
1779918225,0.02823848572661693
1779918240,0.028352019659038552
1779918255,0.028373168851195067
1779918270,0.0284827800186162
1779918285,0.028949647408140544
1779918300,0.02890474294987599
1779918315,0.029308578347666803
1779918330,0.029733477122169158
1779918345,0.029768670701360942
1779918360,0.029756369722893805
1779918375,0.029984868603897107
1779918390,0.029571441569864423
1779918405,0.029639412740340317
1779918420,0.029649095687123202
1779918435,0.029988041578511634
1779918450,0.02993092862624712
1779918465,0.029973588845893982
1779918480,0.029863481228668935
1779918495,0.030346954510408634
1779918510,0.030423970773339883
1779918525,0.02992078001218769
1779918540,0.030230369988162805
1779918555,0.030130044569265522
1779918570,0.030020860416603682
1779918585,0.029772222729069733
1779918600,0.029321034788186064
1779918615,0.029150092612273405
1779918630,0.029409070087036186
1779918645,0.029211295034079845
1779918660,0.02948484848484849
1779918675,0.02907669283161785
1779918690,0.028930548334811464
1779918705,0.028858408690902473
1779918720,0.028910326416697003
1779918735,0.02874135796878302
1779918750,0.028824701787785942
1779918765,0.02905708398981942
1779918780,0.028996123676098034
1779918795,0.028881838860289714
1779918810,0.02910558742298704
1779918825,0.02933584378511343
1779918840,0.029053138642179736
1779918855,0.02934066598174896
1779918870,0.029622953282259272
1779918885,0.029787616990640746
1779918900,0.029824986374371705
1779918915,0.029919830585387993
1779918930,0.029743805882530033
1779918945,0.030096587640415416
1779918960,0.0302984211967268
1779918975,0.031034691164027562
1779918990,0.0319187854399122
1779919005,0.03195298870627124
1779919020,0.032032579625577436
1779919035,0.031900438515224505
1779919050,0.032011584558030624
1779919065,0.031970601745521354
1779919080,0.03198425390576947
1779919095,0.03161800785083415
1779919110,0.03140096618357488
1779919125,0.031600186248641936
1779919140,0.031570762052877135
1779919155,0.03093673853366645
1779919170,0.03039096383662517
1779919185,0.03031155276397613
1779919200,0.03025137154015436
1779919215,0.030068048741889543
1779919230,0.029998744822392367
1779919245,0.02989467162329616
1779919260,0.03051907442151345
1779919275,0.0296198471842279
1779919290,0.028827714197339933
1779919305,0.028954539824105046
1779919320,0.02902431517389966
1779919335,0.029275669136549224
1779919350,0.02917292311463856
1779919365,0.02957655919904473
1779919380,0.029549036246817796
1779919395,0.029650255500137692
1779919410,0.030145403662468817
1779919425,0.03001149633932353
1779919440,0.03004017531044558
1779919455,0.030100334448160532
1779919470,0.03042363937886326
1779919485,0.030438864827210227
1779919500,0.030203883789269595
1779919515,0.02972437398666907
1779919530,0.029364768307757243
1779919545,0.029280306485451064
1779919560,0.029052911331239432
1779919575,0.02897846359466602
1779919590,0.029044128828198654
1779919605,0.02890472709551657
1779919620,0.0290877849713111
1779919635,0.029129509056685283
1779919650,0.028772789949440783
1779919665,0.02805839595909819
1779919680,0.02800459498897824
1779919695,0.028250510551395512
1779919710,0.027776047829607027
1779919725,0.028026800037746536
1779919740,0.027996254681647938
1779919755,0.028054609641038456
1779919770,0.02797845373891001
1779919785,0.027783027783027783
1779919800,0.028179168103313168
1779919815,0.028231891348088532
1779919830,0.028417914156158765
1779919845,0.0281299647986044
1779919860,0.02780444004087067
1779919875,0.027550260610573342
1779919890,0.027790701280977638
1779919905,0.02832641941675438
1779919920,0.027831955667007212
1779919935,0.02814423922603342
1779919950,0.02906175623199298
1779919965,0.02891980615913709
1779919980,0.02930264729925171
1779919995,0.029054011470347262
1779920010,0.029422066549912432
1779920025,0.02890672465065712
1779920040,0.028697428580693275
1779920055,0.028759379855211403
1779920070,0.028793540637928734
1779920085,0.02877428998505232
1779920100,0.028389177064348802
1779920115,0.02874486698803785
1779920130,0.02890835828620014
1779920145,0.029067747539085118
1779920160,0.029368691866218086
1779920175,0.029232890042166722
1779920190,0.028398842233315156
1779920205,0.02860993956258968
1779920220,0.028484003059892904
1779920235,0.028043398308201548
1779920250,0.02734244748249416
1779920265,0.027731258004137522
1779920280,0.02740977615349474
1779920295,0.02681950902995566
1779920310,0.026574697893273446
1779920325,0.026791548682204312
1779920340,0.027089911916237327
1779920355,0.026976480589402097
1779920370,0.02750625142077745
1779920385,0.027638477319352633
1779920400,0.027784103848781598
1779920415,0.027321777063482953
1779920430,0.026943488656907915
1779920445,0.026771744799211915
1779920460,0.02701917489831493
1779920475,0.027486606102958305
1779920490,0.027871327371966088
1779920505,0.027439737889070913
1779920520,0.028005624560581203
1779920535,0.02788821328344247
1779920550,0.02769033461583304
1779920565,0.02710648556476745
1779920580,0.027360674223989554
1779920595,0.027792529651265708
1779920610,0.028532447502669357
1779920625,0.02841992373689228
1779920640,0.028314258464473056
1779920655,0.02775631500742942
1779920670,0.028467631469239474
1779920685,0.02825633383010432
1779920700,0.028056826963086253
1779920715,0.028199179011243976
1779920730,0.028862578783059433
1779920745,0.029348017105031925
1779920760,0.029961676924863546
1779920775,0.030136345017262568
1779920790,0.029334424122012506
1779920805,0.029374052919920735
1779920820,0.02951469902006533
1779920835,0.02959130283123074
1779920850,0.02950953519566105
1779920865,0.029956709956709956
1779920880,0.029537079686780283
1779920895,0.028764325428344492
1779920910,0.028625192450248044
1779920925,0.028826981142824587
1779920940,0.029460652261133716
1779920955,0.029425208547594554
1779920970,0.029616424176203346
1779920985,0.029985528219971053
1779921000,0.029874032127585808
1779921015,0.029859349780954576
1779921030,0.02992216777169213
1779921045,0.02948106430664904
1779921060,0.028812489238363083
1779921075,0.02899045020463847
1779921090,0.029291553133514985
1779921105,0.0294895604704823
1779921120,0.028987973678239163
1779921135,0.029327167108454122
1779921150,0.029273216689098252
1779921165,0.029183869690628358
1779921180,0.029513790162069942
1779921195,0.029607319429448203
1779921210,0.029578102024657847
1779921225,0.02983293556085919
1779921240,0.02870099305435968
1779921255,0.028370443578861693
1779921270,0.028168202764976957
1779921285,0.02793103448275862
1779921300,0.028389173036032413
1779921315,0.028535120147874307
1779921330,0.02820793276149905
1779921345,0.028526881099497605
1779921360,0.028233098057516188
1779921375,0.028248918002105508
1779921390,0.027523477644557322
1779921405,0.028006394694771748
1779921420,0.028304107331999534
1779921435,0.028203157334594692
1779921450,0.028182356423919478
1779921465,0.02858476257146191
1779921480,0.029582030797730693
1779921495,0.02953488372093023
1779921510,0.029534640826273644
1779921525,0.03012118387322302
1779921540,0.030486034492770455
1779921555,0.03109703426432479
1779921570,0.03069541591999538
1779921585,0.03028904402007731
1779921600,0.030993408118422577
1779921615,0.030621677836838456
1779921630,0.030117406840224608
1779921645,0.03029626736595436
1779921660,0.030604822917249478
1779921675,0.030629925660946848
1779921690,0.031003444827203023
1779921705,0.0313344734374138
1779921720,0.031329710546745035
1779921735,0.0317948144836835
1779921750,0.032082256433307116
1779921765,0.031106837848537978
1779921780,0.030400998241733312
1779921795,0.03034632529431935
1779921810,0.030332513020088138
1779921825,0.029818594104308392
1779921840,0.029707443804360106
1779921855,0.029441510282054165
1779921870,0.03016437891882732
1779921885,0.02966006303466907
1779921900,0.029527117884356795
1779921915,0.029376938257682547
1779921930,0.029701821557025176
1779921945,0.029922723839405033
1779921960,0.030209725207691863
1779921975,0.030061278760550356
1779921990,0.03008595988538682
1779922005,0.02966150315547906
1779922020,0.02879417287884823
1779922035,0.028120098588393455
1779922050,0.0277683519963805
1779922065,0.0278169610111155
1779922080,0.027088537330002774
1779922095,0.027172390610118217
1779922110,0.027209734662835897
1779922125,0.026638882631223246
1779922140,0.026004061371841157
1779922155,0.02612866817155756
1779922170,0.026293564551545523
1779922185,0.026396632153828647
1779922200,0.02631578947368421
1779922215,0.026398916967509022
1779922230,0.02712651489409899
1779922245,0.02684640429542469
1779922260,0.02615314181069017
1779922275,0.02613440551407237
1779922290,0.025525095862187375
1779922305,0.0257271989801831
1779922320,0.026348219001232322
1779922335,0.026966949400409477
1779922350,0.027290790088826553
1779922365,0.02776476101218369
1779922380,0.027937889660039995
1779922395,0.028204379562043795
1779922410,0.028402160655166403
1779922425,0.028666123967903242
1779922440,0.028956740031525485
1779922455,0.02817724774932772
1779922470,0.02836171462125661
1779922485,0.02859323626115547
1779922500,0.028556350416324615
1779922515,0.02890817403541691
1779922530,0.02832811956899548
1779922545,0.02874719714827804
1779922560,0.02949421796519098
1779922575,0.02935875821173188
1779922590,0.02995056702529805
1779922605,0.029173702905724103
1779922620,0.029005367134863538
1779922635,0.028703492353343987
1779922650,0.028693838435086532
1779922665,0.029007045354469397
1779922680,0.028992497320471596
1779922695,0.028605731586365295
1779922710,0.02845239304948684
1779922725,0.028754462320895884
1779922740,0.028732902735562317
1779922755,0.029356060606060608
1779922770,0.028878031757110453
1779922785,0.028585736343529608
1779922800,0.02797931615023851
1779922815,0.02792192703895903
1779922830,0.02763931255114947
1779922845,0.02685697850003595
1779922860,0.026517866284427153
1779922875,0.026272524003682754
1779922890,0.026327532351628734
1779922905,0.02649632588346495
1779922920,0.02684168702357477
1779922935,0.02785172463145842
1779922950,0.028413862605677173
1779922965,0.028837080210935333
1779922980,0.02902639503024713
1779922995,0.030542648297600606
1779923010,0.03131052291801162
1779923025,0.030752859803139132
1779923040,0.03125656099097208
1779923055,0.03150291303087022
1779923070,0.03195577783627271
1779923085,0.03264636630598693
1779923100,0.03337193388777766
1779923115,0.033008232394735465
1779923130,0.03361812778603269
1779923145,0.03415559772296015
1779923160,0.034985888492464985
1779923175,0.035504235687692225
1779923190,0.035579661016949156
1779923205,0.03581571038628029
1779923220,0.03572336997993386
1779923235,0.03598196753049202
1779923250,0.03670338864872403
1779923265,0.03748508642934435
1779923280,0.03736466123451278
1779923295,0.03733148019457957
1779923310,0.037489563039242974
1779923325,0.03799429947145585
1779923340,0.0374535001690903
1779923355,0.037450243875091105
1779923370,0.037864380800999124
1779923385,0.03789408728823067
1779923400,0.03765571913929784
1779923415,0.03794461985526279
1779923430,0.03784883064060558
1779923445,0.03824739095156823
1779923460,0.03876770103063989
1779923475,0.03913055425792092
1779923490,0.040150145975253716
1779923505,0.04056598549039154
1779923520,0.04073114172691311
1779923535,0.03902082374285792
1779923550,0.03903985261846062
1779923565,0.038843672591665074
1779923580,0.0377394324163004
1779923595,0.03718763464024127
1779923610,0.03615583860717242
1779923625,0.036089343781651476
1779923640,0.03674924825035259
1779923655,0.03629768941429339
1779923670,0.03634674100623921
1779923685,0.03608703817981809
1779923700,0.035536967080410146
1779923715,0.03564477858647258
1779923730,0.03631380609797876
1779923745,0.035243340570883866
1779923760,0.03556346444981542
1779923775,0.03502473272698261
1779923790,0.034259381171823575
1779923805,0.034005672029473355
1779923820,0.034817900245647765
1779923835,0.03458767013610889
1779923850,0.040159995704813295
1779923865,0.047083322065067476
1779923880,0.0525193641540496
1779923895,0.06081665765278529
1779923910,0.06565307532826538
1779923925,0.07370088200759127
1779923940,0.07862753203803224
1779923955,0.08400460299194476
1779923970,0.09217769459429703
1779923985,0.09811861975871088
1779924000,0.09808149499640625
1779924015,0.09928326407674931
1779924030,0.09939590558227988
1779924045,0.099510009799804
1779924060,0.09800761386056075
1779924075,0.0979582790813641
1779924090,0.099173088822636
1779924105,0.09863433667781495
1779924120,0.09855545856446936
1779924135,0.09537736384803225
1779924150,0.0895073754522683
1779924165,0.0811243851018974
1779924180,0.07593265103994717
1779924195,0.0692419226876043
1779924210,0.06598690209732237
1779924225,0.061171342033005914
1779924240,0.05764334735443878
1779924255,0.053062005962637784
1779924270,0.04637649077174244
1779924285,0.04353431722170406
1779924300,0.042807055689941025
1779924315,0.04203099888316853
1779924330,0.04320660511561742
1779924345,0.043123864074461636
1779924360,0.0427967985771454
1779924375,0.04338923017322486
1779924390,0.04332692896722635
1779924405,0.04358946152576866
1779924420,0.043852866453109464
1779924435,0.0446187723644371
1779924450,0.04419265018057509
1779924465,0.04541027852750494
1779924480,0.0454228397645155
1779924495,0.044131091226417715
1779924510,0.0389079068214077
1779924525,0.03885503129912031
1779924540,0.038871421018948776
1779924555,0.037845070037954294
1779924570,0.03814452750622963
1779924585,0.038213221498730826
1779924600,0.038067389937966274
1779924615,0.03808658294778585
1779924630,0.03737455926227285
1779924645,0.03750374220940043
1779924660,0.038017246054558265
1779924675,0.03686312607944732
1779924690,0.03737368336630487
1779924705,0.03721453240877085
1779924720,0.03694852447571225
1779924735,0.03630040213020324
1779924750,0.03553795236286691
1779924765,0.035140094765960944
1779924780,0.034700485698866704
1779924795,0.03382838283828383
1779924810,0.034100091580024784
1779924825,0.03449119373776908
1779924840,0.034364074907179055
1779924855,0.0339699900325961
1779924870,0.03409526941840706
1779924885,0.03499059392636388
1779924900,0.03407815256321163
1779924915,0.03423186382430328
1779924930,0.034072413885108996
1779924945,0.03346759234723621
1779924960,0.033212219082223125
1779924975,0.03332261004771862
1779924990,0.033148273527420447
1779925005,0.0329802922643786
1779925020,0.03277595540976612
1779925035,0.03325459805196529
1779925050,0.03277333333333333
1779925065,0.03294167572872185
1779925080,0.03269949876680722
1779925095,0.03291125855824896
1779925110,0.03311118163545964
1779925125,0.03286659404309589
1779925140,0.03445625381006653
1779925155,0.034687039270875214
1779925170,0.034350633691487366
1779925185,0.0336949243337351
1779925200,0.03541711692241193
1779925215,0.03565988466978566
1779925230,0.035616740695781725
1779925245,0.03591541519434629
1779925260,0.03618161538670801
1779925275,0.03711345878727853
1779925290,0.03626562117128155
1779925305,0.036563222185539784
1779925320,0.03729584566480324
1779925335,0.03746579091406678
1779925350,0.03783754355400697
1779925365,0.03736275594162238
1779925380,0.03800449340876485
1779925395,0.03896925361641274
1779925410,0.038433071081992384
1779925425,0.03827698719530586
1779925440,0.036858930571873554
1779925455,0.03678311024050495
1779925470,0.03631600716944713
1779925485,0.03592896174863388
1779925500,0.03642609809962647
1779925515,0.03799296830285356
1779925530,0.03865120251246591
1779925545,0.037653456373074067
1779925560,0.03730312240950539
1779925575,0.03779501567915498
1779925590,0.038033498414111626
1779925605,0.03748478477370809
1779925620,0.03709227497445246
1779925635,0.03694026739305668
1779925650,0.03707213736202475
1779925665,0.03785161941051216
1779925680,0.038001958863858966
1779925695,0.037269895213820445
1779925710,0.03731973862100045
1779925725,0.037703197253822804
1779925740,0.03734265734265735
1779925755,0.03740324312108028
1779925770,0.03715846994535519
1779925785,0.035394515948517065
1779925800,0.03623087038021431
1779925815,0.034757060894148956
1779925830,0.03471184188672978
1779925845,0.03522663682148853
1779925860,0.0352687339216066
1779925875,0.03448372379432922
1779925890,0.03410344067048963
1779925905,0.03451337254466763
1779925920,0.035161744022503515
1779925935,0.035533692426074535
1779925950,0.03482959268495428
1779925965,0.03416662078079401
1779925980,0.034344102013274945
1779925995,0.03372240268678082
1779926010,0.03333333333333333
1779926025,0.03295073864572464
1779926040,0.03401642744544926
1779926055,0.033822086558377845
1779926070,0.03401492661543157
1779926085,0.034089971110193976
1779926100,0.03305395204262878
1779926115,0.0340498330620016
1779926130,0.03395485770363101
1779926145,0.03433679578935643
1779926160,0.035151651062398384
1779926175,0.03579160457727669
1779926190,0.036004939103103775
1779926205,0.03569928601427971
1779926220,0.03441777974837887
1779926235,0.034170211582839824
1779926250,0.034375347647124264
1779926265,0.03372757625488088
1779926280,0.03392523625010454
1779926295,0.0342710426434472
1779926310,0.03434805658640029
1779926325,0.034906849698837374
1779926340,0.03399307958477509
1779926355,0.03421754385964912
1779926370,0.033734939759036145
1779926385,0.03359007869198899
1779926400,0.033407756553377986
1779926415,0.032901818984791185
1779926430,0.03354960350468585
1779926445,0.03310618809832538
1779926460,0.03206303176209887
1779926475,0.03299499405371021
1779926490,0.03486453993904996
1779926505,0.03498257839721254
1779926520,0.03571227398186222
1779926535,0.03671956773883278
1779926550,0.03733562035448828
1779926565,0.037834442191827765
1779926580,0.03804317195513724
1779926595,0.03766635975558717
1779926610,0.03792460295031933
1779926625,0.03757805530776093
1779926640,0.03799620321310175
1779926655,0.03885636718418597
1779926670,0.03932568024752046
1779926685,0.03949091737372587
1779926700,0.03977695167286245
1779926715,0.03869947176633429
1779926730,0.0384484711211778
1779926745,0.03854638009049774
1779926760,0.03833559168925023
1779926775,0.03646254707769563
1779926790,0.035993170813624784
1779926805,0.03578450648839953
1779926820,0.03508324838600068
1779926835,0.03521067768687348
1779926850,0.034961354129152
1779926865,0.03470296613729938
1779926880,0.03511840315371589
1779926895,0.03444509787448542
1779926910,0.03515755483799131
1779926925,0.03481466888069573
1779926940,0.03538030357687932
1779926955,0.034177533297964434
1779926970,0.03424391865684047
1779926985,0.034258241758241756
1779927000,0.03531300160513644
1779927015,0.036196924813090704
1779927030,0.03656782473998672
1779927045,0.03622029880368267
1779927060,0.0363290825460655
1779927075,0.035507366330077804
1779927090,0.03460492708247507
1779927105,0.03574945295404813
1779927120,0.03580683813079945
1779927135,0.03611450127593476
1779927150,0.03598267914513201
1779927165,0.03516639776860182
1779927180,0.03587718322394037
1779927195,0.041308713600357025
1779927210,0.04791018230324589
1779927225,0.055000836726725046
1779927240,0.060664379549828465
1779927255,0.06834845633058965
1779927270,0.0765018066847335
1779927285,0.08277303802474716
1779927300,0.08207520497596833
1779927315,0.08100574389007771
1779927330,0.08107653018269582
1779927345,0.08174834887610193
1779927360,0.0817164388954502
1779927375,0.08351946619921401
1779927390,0.08297579989344102
1779927405,0.0816439877811719
1779927420,0.08060645724258289
1779927435,0.08054736152081285
1779927450,0.08074277854195323
1779927465,0.08114657047663627
1779927480,0.08073087880780187
1779927495,0.07387302986884163
1779927510,0.06424363676781149
1779927525,0.05827756203696053
1779927540,0.05359423834760158
1779927555,0.04490147518035964
1779927570,0.033616893241062394
1779927585,0.03367750909479992
1779927600,0.034368011926312426
1779927615,0.03449279966116053
1779927630,0.03450928381962865
1779927645,0.03486092715231788
1779927660,0.03356823928129539
1779927675,0.03416874634949291
1779927690,0.03379257253590295
1779927705,0.034130417473924465
1779927720,0.03400383141762452
1779927735,0.03447727573870412
1779927750,0.034367322696471476
1779927765,0.034897872790771514
1779927780,0.03538767395626242
1779927795,0.03644090305444887
1779927810,0.0363906424062384
1779927825,0.036657437972526886
1779927840,0.03802768073815302
1779927855,0.03835162780760088
1779927870,0.03828287682204069
1779927885,0.037928990894887125
1779927900,0.03820285176217379
1779927915,0.03782687352667069
1779927930,0.037326553244434825
1779927945,0.03801967104719398
1779927960,0.038616273023344916
1779927975,0.040887559212166545
1779927990,0.04410383871858603
1779928005,0.04328872947992827
1779928020,0.04370875555678272
1779928035,0.04413943476923937
1779928050,0.0433574513741781
1779928065,0.04289138040274373
1779928080,0.04181783463815161
1779928095,0.04079563823666402
1779928110,0.04168847987215165
1779928125,0.04125064967037777
1779928140,0.04076725504125908
1779928155,0.04112300657968105
1779928170,0.04116282921981117
1779928185,0.04044665012406948
1779928200,0.04044025681647628
1779928215,0.04059294298836666
1779928230,0.040782447500207514
1779928245,0.0398261730568238
1779928260,0.039280500234140425
1779928275,0.03481082270127584
1779928290,0.033612983083482324
1779928305,0.034064998214334764
1779928320,0.033098996088300456
1779928335,0.03374207656323525
1779928350,0.03394182995589795
1779928365,0.033101960675866265
1779928380,0.0337204108977222
1779928395,0.03329230080572963
1779928410,0.032771431740046576
1779928425,0.03259427181245162
1779928440,0.03252795802844126
1779928455,0.03270564915758177
1779928470,0.03219498760671991
1779928485,0.03250069386622259
1779928500,0.03285198555956678
1779928515,0.03305577288476584
1779928530,0.032561300186873546
1779928545,0.03278230760638892
1779928560,0.03282912234042553
1779928575,0.03316122263025651
1779928590,0.032582840073020966
1779928605,0.03343632752151843
1779928620,0.03278187975351136
1779928635,0.03264699405417309
1779928650,0.033289871556578914
1779928665,0.033677033094960916
1779928680,0.0339459760512392
1779928695,0.035659348342889106
1779928710,0.03575437808711271
1779928725,0.035113076007481724
1779928740,0.0345452486125269
1779928755,0.03407294489611563
1779928770,0.0346618493846675
1779928785,0.03477059304588139
1779928800,0.035164835164835165
1779928815,0.03479473100230447
1779928830,0.03527241770715097
1779928845,0.03571123208025764
1779928860,0.03700760585764559
1779928875,0.03755665252157848
1779928890,0.03698369721758166
1779928905,0.03684165257031452
1779928920,0.03683606086706862
1779928920,0.03683606086706862
1779928935,0.036477523949889464
1779928950,0.036620358532912865
1779928965,0.036593967779251196
1779928980,0.035520684736091296
1779928995,0.03522898842476095
1779929010,0.03505967310713597
1779929025,0.03607412491420727
1779929040,0.03624786371905838
1779929055,0.03680572903655591
1779929070,0.03634658871545971
1779929085,0.03719470596261427
1779929100,0.0364825142166424
1779929115,0.03667016169085591
1779929130,0.03578392332408755
1779929145,0.034562593021332896
1779929160,0.033315232147705674
1779929175,0.03347869660608359
1779929190,0.033780845744102624
1779929205,0.033802510733112336
1779929220,0.03351833714223528
1779929235,0.033067587189392074
1779929250,0.033819051761635494
1779929265,0.03776339347197356
1779929280,0.03729844182637494
1779929295,0.037923548325043285
1779929310,0.03761285219431034
1779929325,0.03770995718520145
1779929340,0.03704811903272311
1779929355,0.037185245678508234
1779929370,0.03654191336030219
1779929385,0.03632254419242877
1779929400,0.036354029062087186
1779929415,0.03592955605639709
1779929430,0.03572450758462779
1779929445,0.036349877355044094
1779929460,0.03743158456814845
1779929475,0.03738141947273656
1779929490,0.036949664696371294
1779929505,0.0368764690519718
1779929520,0.03683091381618671
1779929535,0.0368809548738352
1779929550,0.033853691590002864
1779929565,0.032209582545153013
1779929580,0.03213029315960912
1779929595,0.03203850832017805
1779929610,0.03189386056191467
1779929625,0.03166675383086659
1779929640,0.03160579527227788
1779929655,0.03173892430069009
1779929670,0.031084656084656083
1779929685,0.030585000925216103
1779929700,0.030737212839189947
1779929715,0.030564535520585644
1779929730,0.03081217456653605
1779929745,0.029733751395015145
1779929760,0.029220950472071315
1779929775,0.02945724034975474
1779929790,0.02986384427188597
1779929805,0.030341811976750385
1779929820,0.030641711229946526
1779929835,0.03665728817227573
1779929850,0.041763025438715816
1779929865,0.04687542957688395
1779929880,0.05281796469651632
1779929895,0.05893334819438252
1779929910,0.06207782057723441
1779929925,0.06238603083383987
1779929940,0.06332072112174493
1779929955,0.06394448744885546
1779929970,0.06485612313183137
1779929985,0.06577046994778357
1779930000,0.06750533528024262
1779930015,0.0666034737517076
1779930030,0.06702480733532093
1779930045,0.0674677046313533
1779930060,0.0668004906880785
1779930075,0.06736497360173918
1779930090,0.06653670113578573
1779930105,0.06637732958897115
1779930120,0.06667817778928889
1779930135,0.05993325036768865
1779930150,0.05410276951247425
1779930165,0.049178928195349636
1779930180,0.03931062309066805
1779930195,0.03765783266268905
1779930210,0.0356115107913669
1779930225,0.035080467372134036
1779930240,0.034639095457938245
1779930255,0.03479664838682738
1779930270,0.03387944702511752
1779930285,0.032877169559412556
1779930300,0.03301295445048057
1779930315,0.033737435954867424
1779930330,0.0332428575426029
1779930345,0.03368255041117495
1779930360,0.035039817974971556
1779930375,0.0348840501741371
1779930390,0.038133666742441466
1779930405,0.037530710796080315
1779930420,0.03855380397532557
1779930435,0.0391446996266546
1779930450,0.03830542871638762
1779930465,0.03913216334412449
1779930480,0.038597592286187025
1779930495,0.03872294248672111
1779930510,0.038998652252458924
1779930525,0.038971760419038944
1779930540,0.03917189244910231
1779930555,0.038927705689433906
1779930570,0.03974938676596625
1779930585,0.04166184803978258
1779930600,0.04233323707767831
1779930615,0.04160518473512138
1779930630,0.04165232358003442
1779930645,0.04165126659653712
1779930660,0.041834249136124164
1779930675,0.038535482046932426
1779930690,0.03879201059244443
1779930705,0.03783228243659898
1779930720,0.03702882483370288
1779930735,0.035919540229885055
1779930750,0.03502074688796681
1779930765,0.035265939874463165
1779930780,0.03573509419304719
1779930795,0.03599192187456774
1779930810,0.0360304482661404
1779930825,0.03560290343057434
1779930840,0.03643387155045438
1779930855,0.03615843970854107
1779930870,0.034660726897375996
1779930885,0.0335394926845217
1779930900,0.033344203489320066
1779930915,0.03308131124273276
1779930930,0.03296433635074708
1779930945,0.03310405305417775
1779930960,0.0328111305872042
1779930975,0.033589224842723725
1779930990,0.034068081124962166
1779931005,0.03509799001979315
1779931020,0.0353819042898838
1779931035,0.03564712389380531
1779931050,0.0361366079550153
1779931065,0.036104252400548695
1779931080,0.03622017041562783
1779931095,0.03633681219605486
1779931110,0.035746495039763876
1779931125,0.03555008210180624
1779931140,0.034869343005523044
1779931155,0.034913060172234105
1779931170,0.034733331525717843
1779931185,0.03453898203755537
1779931200,0.03460643394934976
1779931215,0.03567937438905181
1779931230,0.03671582172854368
1779931245,0.03631650750341064
1779931260,0.035788723124177274
1779931275,0.03556129173989455
1779931290,0.035974410811709
1779931305,0.035826980536706604
1779931320,0.035850663443311996
1779931335,0.03606457169848018
1779931350,0.035343664840760826
1779931365,0.03493097305722557
1779931380,0.035012268078184874
1779931395,0.035006641576267435
1779931410,0.036411666984395005
1779931425,0.036896304862602564
1779931440,0.03725147476513
1779931455,0.03845414343395501
1779931470,0.03932429453262787
1779931485,0.04109172358487958
1779931500,0.04202850144733912
1779931515,0.04087676085572745
1779931530,0.04097446761065894
1779931545,0.040682342599714316
1779931560,0.04087455079143006
1779931575,0.04113405440839069
1779931590,0.040648413022748936
1779931605,0.041203652767081086
1779931620,0.04128214929285207
1779931635,0.041205512152777776
1779931650,0.0418404376320208
1779931665,0.041526223540515037
1779931680,0.0410221923335575
1779931695,0.04089731130547457
1779931710,0.04039392873569438
1779931725,0.040590506225871355
1779931740,0.042547267006376524
1779931755,0.04268259422898598
1779931770,0.04117006802721089
1779931785,0.040306841591672984
1779931800,0.0385020385020385
1779931815,0.03894503327581957
1779931830,0.037982582272986246
1779931845,0.03758738862234407
1779931860,0.03711081398204492
1779931875,0.036680598328200614
1779931890,0.03632808196540707
1779931905,0.037263320123293704
1779931920,0.03678985107556536
1779931935,0.03665656843844671
1779931950,0.036160114132074955
1779931965,0.03643461288223813
1779931980,0.03684940423966264
1779931995,0.03605715561509266
1779932010,0.03706642484697348
1779932025,0.03716356970252479
1779932040,0.034304061285416555
1779932055,0.03498394456650329
1779932070,0.03515240212771946
1779932085,0.0349360857038964
1779932100,0.03473512045019821
1779932115,0.03457787684591808
1779932130,0.035076090258789744
1779932145,0.03508238416454717
1779932160,0.03522553098313992
1779932175,0.03480537901312021
1779932190,0.034282141206535624
1779932205,0.034099212470569136
1779932220,0.03437228496959166
1779932235,0.03379893550914544
1779932250,0.03478237477807069
1779932265,0.03976046611998273
1779932280,0.04645982498011138
1779932295,0.05139637955892561
1779932310,0.05184601235054526
1779932325,0.05798931775725524
1779932340,0.0612553830092653
1779932355,0.06705554679699405
1779932370,0.06898342943223729
1779932385,0.06947734091267961
1779932400,0.06982966436196986
1779932415,0.06899160102248422
1779932430,0.07012002526847756
1779932445,0.07125443849700568
1779932460,0.07187000532765052
1779932475,0.07154162709718266
1779932490,0.07245178328487209
1779932505,0.07194014750126468
1779932520,0.07165795270575122
1779932535,0.0720346873088075
1779932550,0.06775207238446118
1779932565,0.06372325898953118
1779932580,0.05960123680562959
1779932595,0.05511154167003041
1779932610,0.05234686187964258
1779932625,0.04873225701592805
1779932640,0.041456507080242753
1779932655,0.03544296879269825
1779932670,0.03561991047834762
1779932685,0.03580213172998087
1779932700,0.03607733167956427
1779932715,0.03542721047930932
1779932730,0.035182387222102304
1779932745,0.03429632020658489
1779932760,0.03480970159275872
1779932775,0.03417887659711248
1779932790,0.03413546758339152
1779932805,0.035568197209806314
1779932820,0.035723004312800066
1779932835,0.03575422041617803
1779932850,0.03542107141876493
1779932865,0.034812951391706565
1779932880,0.03478237184725173
1779932895,0.03381721752918341
1779932910,0.03356016506791288
1779932925,0.033354174028868894
1779932940,0.03327981713788131
1779932955,0.03340297940466176
1779932970,0.033680574296971987
1779932985,0.032917598254451425
1779933000,0.034847287687654965
1779933015,0.03529187851763234
1779933030,0.03696240269419754
1779933045,0.03633018453427065
1779933060,0.0365128942204041
1779933075,0.036726447470386364
1779933090,0.036468277026092254
1779933105,0.0363631343530841
1779933120,0.04116016793348517
1779933135,0.04917164054219892
1779933150,0.057906643125137935
1779933165,0.0681218045957638
1779933180,0.07201885745978923
1779933195,0.08080610993421787
1779933210,0.09152589697054307
1779933225,0.09656014881035009
1779933240,0.10135511933972786
1779933255,0.10822498744489703
1779933270,0.10932340925625385
1779933285,0.10952649379932355
1779933300,0.10868281157708211
1779933315,0.10838023587974092
1779933330,0.1077461015706511
1779933345,0.10799446905776448
1779933360,0.10685207464816318
1779933375,0.10670594837261504
1779933390,0.10664247837008094
1779933405,0.10594567460538792
1779933420,0.09821678909886165
1779933435,0.08976203652462646
1779933450,0.08188633482167466
1779933465,0.07261336350840394
1779933480,0.0656712290888981
1779933495,0.05688540753724803
1779933510,0.04802120913960861
1779933525,0.04478654447921323
1779933540,0.03703602246267634
1779933555,0.03315054148640084
1779933570,0.032858827724293035
1779933585,0.03323763250883392
1779933600,0.03311203999672158
1779933615,0.033403956745453045
1779933630,0.033739792540278084
1779933645,0.033269493844049244
1779933660,0.0334522502744237
1779933675,0.03343970760712435
1779933690,0.03304803975704031
1779933705,0.03309874642621508
1779933720,0.03284320461728735
1779933735,0.0333194848358953
1779933750,0.03332413031474324
1779933765,0.03349348737745438
1779933780,0.0343058405901603
1779933795,0.035182453308096974
1779933810,0.0348189800836542
1779933825,0.03469246717346234
1779933840,0.03449784046798972
1779933855,0.03472737771178751
1779933870,0.03474394862506175
1779933885,0.03501561729409831
1779933900,0.03431757287071369
1779933915,0.03376749979690758
1779933930,0.03409304448202733
1779933945,0.03405421539630424
1779933960,0.03398815931108719
1779933975,0.03377284907011912
1779933990,0.03364921297783488
1779934005,0.03311752324621
1779934020,0.032931366598939235
1779934035,0.0327617232984016
1779934050,0.032679563916203504
1779934065,0.03213401464468208
1779934080,0.03113094306142686
1779934095,0.030333539859562168
1779934110,0.0303988076883544
1779934125,0.03009116984224544
1779934140,0.030398002344187942
1779934155,0.0300746174275958
1779934170,0.02974307049740539
1779934185,0.029289123335845265
1779934200,0.029356227498174677
1779934215,0.028821616212159118
1779934230,0.028499539124585836
1779934245,0.02855160107068504
1779934260,0.02863825234505238
1779934275,0.028479125248508944
1779934290,0.028829497649096755
1779934305,0.028940978244709845
1779934320,0.028423772609819126
1779934335,0.028421654120394525
1779934350,0.028892455858747994
1779934365,0.02876971919375877
1779934380,0.029360839022459683
1779934395,0.029430869934542546
1779934410,0.02888468809073724
1779934425,0.029065953474289752
1779934440,0.02849780589856108
1779934455,0.028937017929202637
1779934470,0.028864179142805785
1779934485,0.02896218825422365
1779934500,0.028834883175744314
1779934515,0.028765201122544434
1779934530,0.028729021801641656
1779934545,0.028775280014689302
1779934560,0.029172355844974268
1779934575,0.02922241356471056
1779934590,0.028782677581198835
1779934605,0.02908594669806272
1779934620,0.029759974051248785
1779934635,0.029738367369048262
1779934650,0.029563992087364172
1779934665,0.029901060651738975
1779934680,0.03014744240959886
1779934695,0.030162093733659908
1779934710,0.03011915269196823
1779934725,0.03002232142857143
1779934740,0.02999557668915183
1779934755,0.029363421089288206
1779934770,0.029269924455718785
1779934785,0.029422499227940144
1779934800,0.029236783953765087
1779934815,0.029102575119589816
1779934830,0.028872154217427965
1779934845,0.028579812206572772
1779934860,0.028539118531083534
1779934875,0.02820140401839748
1779934890,0.02857055924055255
1779934905,0.02814746825761053
1779934920,0.028195430925806356
1779934935,0.028180076026515035
1779934950,0.02762185646782736
1779934965,0.027564886971082628
1779934980,0.027171958277474415
1779934995,0.02738448212679482
1779935010,0.027330487107943665
1779935025,0.027774927313152047
1779935040,0.02794814608307778
1779935055,0.02837131581754186
1779935070,0.028230774806117274
1779935085,0.0279264518478063
1779935100,0.02776446296228015
1779935115,0.027540325577938007
1779935130,0.027914490739001395
1779935145,0.027678774550693865
1779935160,0.027846276414128002
1779935175,0.028386701863116415
1779935190,0.028815122176118032
1779935205,0.029029029029029034
1779935220,0.028959171048561713
1779935235,0.029089783760782948
1779935250,0.028973190141389167
1779935265,0.029415197852223653
1779935280,0.029286245644258253
1779935295,0.02872327953417484
1779935310,0.029269056190327124
1779935325,0.02941865001950839
1779935340,0.02962905658917727
1779935355,0.029322586835540204
1779935370,0.02949740952236887
1779935385,0.030246452576549662
1779935400,0.03024652220937605
1779935415,0.03077889447236181
1779935430,0.030443585496042702
1779935445,0.030636807936392153
1779935460,0.030749100425253518
1779935475,0.030396459791795134
1779935490,0.030434782608695653
1779935505,0.03045075854040092
1779935520,0.03116250318170248
1779935535,0.031065514758819295
1779935550,0.03090395889122096
1779935565,0.030982867448151485
1779935580,0.03109679728037216
1779935595,0.03092820366132723
1779935610,0.031153552884789947
1779935625,0.031029008514937218
1779935640,0.030908957738226033
1779935655,0.030963979923235904
1779935670,0.030318890425810312
1779935685,0.02987736900780379
1779935700,0.029406262860563435
1779935715,0.029259636802959944
1779935730,0.0294128925873375
1779935745,0.029461473457785967
1779935760,0.029420778424762487
1779935775,0.029499199634118452
1779935790,0.029723266142808333
1779935805,0.029374052919920738
1779935820,0.028979892293983185
1779935835,0.029464938262107165
1779935850,0.02958100019308747
1779935865,0.02925923059060299
1779935880,0.029640578808153104
1779935895,0.02954808806488992
1779935910,0.028698930522428258
1779935925,0.028902174326948707
1779935940,0.029229305423406283
1779935955,0.02979353271595567
1779935970,0.03079428809514791
1779935985,0.03134843827090212
1779936000,0.031537700677166554
1779936015,0.0313421550094518
1779936030,0.032454361054766734
1779936045,0.032433265282539196
1779936060,0.032594021215043394
1779936075,0.032430973314823384
1779936090,0.03274018574884883
1779936105,0.032916876184582056
1779936120,0.03275537272692323
1779936135,0.03255021867863916
1779936150,0.032340722910276815
1779936165,0.03248620502059532
1779936180,0.032491809597224905
1779936195,0.03263565891472868
1779936210,0.03310382386120512
1779936225,0.032890352424634436
1779936240,0.03326910220614259
1779936255,0.03271028037383177
1779936270,0.032567733745884404
1779936285,0.03192888747159883
1779936300,0.03182469793159943
1779936315,0.031309222994314594
1779936330,0.030384130982367762
1779936345,0.030498533724340176
1779936360,0.03017880846412118
1779936375,0.029930561098252057
1779936390,0.029668969372678988
1779936405,0.029080524495213575
1779936420,0.028317022300657788
1779936435,0.028554572271386428
1779936450,0.02841294544874097
1779936465,0.02824200546360276
1779936480,0.028331119964586093
1779936495,0.02853793605238692
1779936510,0.028298822574096626
1779936525,0.02830533978608321
1779936540,0.02786718272560603
1779936555,0.02805781610591522
1779936570,0.027427273096117172
1779936585,0.02785794452461119
1779936600,0.028192907343081018
1779936615,0.027810675052068443
1779936630,0.027872001307777183
1779936645,0.027368593820524388
1779936660,0.02704797650130548
1779936675,0.02699440801383916
1779936690,0.026958719460825606
1779936705,0.02706392547381947
1779936720,0.026975576167524
1779936735,0.026964840754046746
1779936750,0.027367662945624774
1779936765,0.026866267465069857
1779936780,0.0266634638481864
1779936795,0.026970788315326132
1779936810,0.027091443552872012
1779936825,0.02670447831738154
1779936840,0.026889763779527554
1779936855,0.026998349445885403
1779936870,0.026747333227193117
1779936885,0.02655008583862339
1779936900,0.0266182456700455
1779936915,0.027180559390902997
1779936930,0.027300383232586625
1779936945,0.027671532276949497
1779936960,0.02805093046033301
1779936975,0.028757101719978213
1779936990,0.028977074362853492
1779937005,0.02924590673978144
1779937020,0.02945536828963796
1779937035,0.02978490845922629
1779937050,0.03014177510196155
1779937065,0.0302761150801313
1779937080,0.029914199582592563
1779937095,0.029351562198277528
1779937110,0.029779887785930083
1779937125,0.029549111172153985
1779937140,0.029291314013807093
1779937155,0.029771918156566646
1779937170,0.030002307869836143
1779937185,0.029836381135707413
1779937200,0.029796232218377544
1779937215,0.029228520883009
1779937230,0.029450111204846998
1779937245,0.0298473369627289
1779937260,0.02925327174749808
1779937275,0.02933937570809079
1779937290,0.02935344660005443
1779937305,0.029495571813631116
1779937320,0.029298144960795563
1779937335,0.0293992330634853
1779937350,0.02877837922037462
1779937365,0.028228460793804453
1779937380,0.028805784481418135
1779937395,0.028946352759552298
1779937410,0.028772526877562068
1779937425,0.028956333230102202
1779937440,0.029047917319135613
1779937455,0.02853984920854222
1779937470,0.028655544651619236
1779937485,0.028365742008685788
1779937500,0.028102952189507712
1779937515,0.028109712085973217
1779937530,0.028201461709564665
1779937545,0.029002501563477175
1779937560,0.028653184331619046
1779937575,0.02837728273039651
1779937590,0.028238039673278884
1779937605,0.028140229523659802
1779937620,0.02745834311194555
1779937635,0.027540065349307606
1779937650,0.027641133754977745
1779937665,0.02742359449174154
1779937680,0.02718890377492316
1779937695,0.027003757044458357
1779937710,0.0271167897471965
1779937725,0.026581439763027633
1779937740,0.02650733719979759
1779937755,0.026384811117635545
1779937770,0.026707393483709273
1779937785,0.027133445089860042
1779937800,0.026525922175047713
1779937815,0.026696113758766325
1779937830,0.026366307541625857
1779937845,0.02540690750297737
1779937860,0.025910672158023115
1779937875,0.02597607674391062
1779937890,0.02580263935394918
1779937905,0.026083863573489307
1779937920,0.025921635978751446
1779937935,0.02608695652173913
1779937950,0.02669796681653603
1779937965,0.027266962587190868
1779937980,0.027566728986833208
1779937995,0.027321535096440645
1779938010,0.027773343974461292
1779938025,0.028176861543359733
1779938040,0.028195711408600877
1779938055,0.028438303341902317
1779938070,0.02831922032273526
1779938085,0.0287156704361874
1779938100,0.028800196086441437
1779938115,0.029170576475867977
1779938130,0.029222367134007173
1779938145,0.029195889740662208
1779938160,0.02899917965545529
1779938175,0.029257440288796538
1779938190,0.02985758307653869
1779938205,0.029867533116720822
1779938220,0.029800106282957938
1779938235,0.02975609756097561
1779938250,0.029216521881658745
1779938265,0.02906284635277698
1779938280,0.028956974693408803
1779938295,0.02883515765397811
1779938310,0.028335157485102763
1779938325,0.028112939264676017
1779938340,0.0288946268289684
1779938355,0.028412600370599138
1779938370,0.028018486424032353
1779938385,0.028054298642533934
1779938400,0.027984921740555606
1779938415,0.027316834508908556
1779938430,0.027671559557583977
1779938445,0.027796052631578947
1779938460,0.028182941903584672
1779938475,0.028294983331978208
1779938490,0.027977102313956302
1779938505,0.028348947560530476
1779938520,0.028518670496512105
1779938535,0.028696117584091563
1779938550,0.02883910386965377
1779938565,0.02931187838602733
1779938580,0.028873917228103948
1779938595,0.028850421660008882
1779938610,0.028546049178342154
1779938625,0.028510017033011596
1779938640,0.028502024291497976
1779938655,0.028682450026038538
1779938670,0.028544129941478567
1779938685,0.0289383905277945
1779938700,0.028974379697728928
1779938715,0.028424188743055
1779938730,0.028642093505664587
1779938745,0.028120550545799716
1779938760,0.028110544419404578
1779938775,0.027896133129672804
1779938790,0.028450829984983158
1779938805,0.028517492067317345
1779938820,0.028627092362132716
1779938835,0.028768153219104906
1779938850,0.029109656950228043
1779938865,0.02893738140417457
1779938880,0.02928309620462697
1779938895,0.029392222005081098
1779938910,0.02925315227934045
1779938925,0.02895917104856171
1779938940,0.029184450340293003
1779938955,0.029233442749565557
1779938970,0.02947376489977387
1779938985,0.02911703535640008
1779939000,0.029426338860301125
1779939015,0.02961222996649852
1779939030,0.029942874669324847
1779939045,0.029847292919944472
1779939060,0.029471042324219498
1779939075,0.028363940534580436
1779939090,0.02795362672565022
1779939105,0.027755507196579238
1779939120,0.027178899082568802
1779939135,0.027153160797624098
1779939150,0.026791181873851804
1779939165,0.0265924310855007
1779939180,0.026985862688432397
1779939195,0.0269513061321127
1779939210,0.02726771219166207
1779939225,0.027202696196437167
1779939240,0.027238285144566304
1779939255,0.027555412526650305
1779939270,0.027121255118174082
1779939285,0.02735587130491589
1779939300,0.027430006887889467
1779939315,0.027275674799383965
1779939330,0.026857909065052213
1779939345,0.027248179363390884
1779939360,0.027504991646632164
1779939375,0.028109233602947065
1779939390,0.02869434636145948
1779939405,0.028850421660008875
1779939420,0.02908710015309
1779939435,0.028782795003436144
1779939450,0.028938777155294023
1779939465,0.02892726404583798
1779939480,0.028896427858710837
1779939495,0.029141780574818612
1779939510,0.02934791348395915
1779939525,0.029552683496396507
1779939540,0.02869669190912714
1779939555,0.028813760849748325
1779939570,0.029074993161123924
1779939585,0.02920225117084498
1779939600,0.029235880398671095
1779939615,0.029327244813604693
1779939630,0.029800031245117955
1779939645,0.02993803253292022
1779939660,0.029825789391818323
1779939675,0.02967706665625366
1779939690,0.029258139260888348
1779939705,0.029007814349988163
1779939720,0.02884652867111059
1779939735,0.02923999684318523
1779939750,0.028999324673261037
1779939765,0.029045809161832366
1779939780,0.02856798457087753
1779939795,0.02800652424712575
1779939810,0.027919185491568566
1779939825,0.028214652651545092
1779939840,0.028270953294945615
1779939855,0.02789020236425566
1779939870,0.028097576684646963
1779939885,0.02825195973100951
1779939900,0.027995124444619192
1779939915,0.02821465265154508
1779939930,0.027582113177681045
1779939945,0.027493606138107415
1779939960,0.027525493945188016
1779939975,0.02761217445873862
1779939990,0.027904596977329974
1779940005,0.028329843138804375
1779940020,0.028223574986164908
1779940035,0.02848126232741617
1779940050,0.02836851909344924
1779940065,0.02808834490604527
1779940080,0.02817959054620188
1779940095,0.02795884709023796
1779940110,0.027476188609728367
1779940125,0.026741293532338308
1779940140,0.02678605889845228
1779940155,0.02665837640383943
1779940170,0.026699122908697505
1779940185,0.026749696471233306
1779940200,0.026263414634146345
1779940215,0.026147383298653373
1779940230,0.026282407040355192
1779940245,0.025926219126029135
1779940260,0.02600744200775869
1779940275,0.02622432859399684
1779940290,0.025852453792224343
1779940305,0.02525111048861499
1779940320,0.02431451612903226
1779940335,0.023599177054338616
1779940350,0.023380713939589726
1779940365,0.023532690929362107
1779940380,0.023760165842768303
1779940395,0.023831643575554385
1779940410,0.0241807449623448
1779940425,0.025094000326957664
1779940440,0.02475867361363545
1779940455,0.02467637540453075
1779940470,0.02449062754686227
1779940485,0.024660354055166738
1779940500,0.024228439573117967
1779940515,0.024398204814361488
1779940530,0.0246077755706004
1779940545,0.0245295158436545
1779940560,0.024433656957928804
1779940575,0.024813298000481817
1779940590,0.025284249025999846
1779940605,0.025684326277343593
1779940620,0.02683243498445922
1779940635,0.027527625938888668
1779940650,0.027811413616655598
1779940665,0.027769110764430577
1779940680,0.027819194852075648
1779940695,0.027898084201490498
1779940710,0.02783277046698497
1779940725,0.02776683733753446
1779940740,0.027725118483412317
1779940755,0.02807017543859649
1779940770,0.027913246897426747
1779940785,0.02766454268413345
1779940800,0.027598425196850393
1779940815,0.02747429305912596
1779940830,0.027803262994136185
1779940845,0.027164346295407267
1779940860,0.027200947493091196
1779940875,0.02677059958269359
1779940890,0.026872704040888033
1779940905,0.026918602318770808
1779940920,0.027014008750451568
1779940935,0.02721661054994388
1779940950,0.02710385138922252
1779940965,0.027046577984969657
1779940980,0.026991043330912613
1779940995,0.027610078080978828
1779941010,0.027450183001220006
1779941025,0.02789552299059384
1779941040,0.027890993366898428
1779941055,0.027587300328986486
1779941070,0.02790160802419997
1779941085,0.028577154308617236
1779941100,0.028997781810848965
1779941115,0.029170024174053184
1779941130,0.029166162410746703
1779941145,0.029103420360250962
1779941160,0.02913961038961039
1779941175,0.029301924734271765
1779941190,0.02925520940788116
1779941205,0.02880165289256198
1779941220,0.028174849803190384
1779941235,0.02856905572626858
1779941250,0.028858638743455498
1779941265,0.028595423052697876
1779941280,0.028819647481413416
1779941295,0.028706350192618368
1779941310,0.028319828013891185
1779941325,0.02819579957003473
1779941340,0.028883263476781336
1779941355,0.028704715474489363
1779941370,0.028832512726362343
1779941385,0.028489196629682148
1779941400,0.028387855373115528
1779941415,0.02791008607002591
1779941430,0.027517198248905566
1779941445,0.027783615652978016
1779941460,0.027069798434116273
1779941475,0.02664720600500417
1779941490,0.02634730538922156
1779941505,0.026909362302015093
1779941520,0.026762295081967216
1779941535,0.026025984739121474
1779941550,0.025885614120908236
1779941565,0.025903590075687054
1779941580,0.02632010495244342
1779941595,0.025718608169440244
1779941610,0.02556702707096984
1779941625,0.02543952037592158
1779941640,0.025256415453845216
1779941655,0.025164817494774082
1779941670,0.024955936548630025
1779941685,0.02516588444732157
1779941700,0.025074219690283235
1779941715,0.02535492901419716
1779941730,0.025585585585585584
1779941745,0.025671641791044777
1779941760,0.025284349859311217
1779941775,0.02514399205561072
1779941790,0.024712483584702932
1779941805,0.02489117530668777
1779941820,0.02485179223430568
1779941835,0.025463776606131614
1779941850,0.025834314880251275
1779941865,0.025456254405890184
1779941880,0.02552302873274295
1779941895,0.02550098080695411
1779941910,0.026178213220772177
1779941925,0.02617095793403379
1779941940,0.02642649533425118
1779941955,0.026409189787428917
1779941970,0.026571613739468567
1779941985,0.026798044265293173
1779942000,0.026894865525672374
1779942015,0.027005885420546823
1779942030,0.026901497417604874
1779942045,0.02730311338115447
1779942060,0.02795843612170143
1779942075,0.028473426031792867
1779942090,0.029132292280494992
1779942105,0.029275578790141896
1779942120,0.02957830427656087
1779942135,0.029193578150950358
1779942150,0.029240417084121853
1779942165,0.029509668249990652
1779942180,0.029522094680771254
1779942195,0.030245676538261712
1779942210,0.03011070110701107
1779942225,0.030065456159165713
1779942240,0.03001079792977622
1779942255,0.030325636912976985
1779942270,0.030487123103872384
1779942285,0.030140056022408965
1779942300,0.030149614628985945
1779942315,0.030257526841354455
1779942330,0.030435904049522827
1779942345,0.030512356396143473
1779942360,0.030277074333382985
1779942375,0.03001715265866209
1779942390,0.029618659755646058
1779942405,0.029598464718039563
1779942420,0.02965616574952912
1779942435,0.029149315883402735
1779942450,0.029374861613403202
1779942465,0.029355991539639702
1779942480,0.029854545454545457
1779942495,0.029359888292790473
1779942510,0.02911160058737151
1779942525,0.02911882945202999
1779942540,0.029283850391417805
1779942555,0.0288514279445643
1779942570,0.028942876856592945
1779942585,0.02895298758640657
1779942600,0.028367266329132106
1779942615,0.02886605424639628
1779942630,0.029330522643018095
1779942645,0.02967337416156314
1779942660,0.02949148866963027
1779942675,0.029524290767342812
1779942690,0.02992062621163905
1779942705,0.03019213174748399
1779942720,0.030675295236005994
1779942735,0.030946579875631843
1779942750,0.030780505679736166
1779942765,0.030387962826375573
1779942780,0.02974955542382928
1779942795,0.029951190652270372
1779942810,0.030132106278759094
1779942825,0.030013489208633094
1779942840,0.03024269291456909
1779942855,0.030116734365279757
1779942870,0.029743780170813222
1779942885,0.029604772557792692
1779942900,0.02969090439085638
1779942915,0.029023554291548164
1779942930,0.029011984799766147
1779942945,0.028395016083114573
1779942960,0.028054931703545522
1779942975,0.02799178222907036
1779942990,0.027338389310220295
1779943005,0.027220424307802946
1779943020,0.02729519647526597
1779943035,0.02741837210135838
1779943050,0.027745171273076512
1779943065,0.02774686815750745
1779943080,0.028062946254129518
1779943095,0.027732347294318425
1779943110,0.027950755135638113
1779943125,0.027832861189801703
1779943140,0.027490039840637453
1779943155,0.028090919105497013
1779943170,0.028161894790049463
1779943185,0.027782789103373624
1779943200,0.028278852811486458
1779943215,0.02849923828633003
1779943230,0.028349082823790995
1779943245,0.029090377517085115
1779943260,0.029026561695239497
1779943275,0.028995254642603593
1779943290,0.02894144144144144
1779943305,0.02889329690482428
1779943320,0.028716342209293647
1779943335,0.02907654692495768
1779943350,0.028714486211736147
1779943365,0.028584392014519056
1779943380,0.02877534836297723
1779943395,0.028727615457115933
1779943410,0.02879561209720424
1779943425,0.02860153545085052
1779943440,0.028462000600781013
1779943455,0.028022388059701493
1779943470,0.02795828925494937
1779943485,0.027962816604568893
1779943500,0.028381933380266035
1779943515,0.027819742805556585
1779943530,0.02778818066062467
1779943545,0.02754428099669769
1779943560,0.027127738858250112
1779943575,0.027010938313862642
1779943590,0.02722458417244723
1779943605,0.02675950319909673
1779943620,0.026496824916843062
1779943635,0.026096072484930177
1779943650,0.026129152668906308
1779943665,0.026613414952782646
1779943680,0.026173722029859636
1779943695,0.026393510037758423
1779943710,0.026739365873697577
1779943725,0.0271785861153688
1779943740,0.02706654170571696
1779943755,0.027479993960440888
1779943770,0.027878335510356407
1779943785,0.028242677824267783
1779943800,0.02814293649324199
1779943815,0.028964437486021028
1779943830,0.029117244946975575
1779943845,0.029093194336623416
1779943860,0.02913200790779216
1779943875,0.02944812858266831
1779943890,0.028920524604864925
1779943905,0.028946881362206182
1779943920,0.02903261552099878
1779943935,0.029217754257816867
1779943950,0.028728491283557367
1779943965,0.0287517269706135
1779943980,0.02882350742083816
1779943995,0.02854356550767038
1779944010,0.028222904117892186
1779944025,0.02827201447527141
1779944040,0.027919735457688263
1779944055,0.027879924953095686
1779944070,0.02770961531201631
1779944085,0.02745588123911233
1779944100,0.02762221885878614
1779944115,0.027041357370095442
1779944130,0.026642377319822386
1779944145,0.026719313041478194
1779944160,0.027049489988666412
1779944175,0.027091362502833824
1779944190,0.02772781774580336
1779944205,0.028103837471783296
1779944220,0.027633720710148763
1779944235,0.027757872902130866
1779944250,0.027827005014893852
1779944265,0.028186915887850463
1779944280,0.028426471685443554
1779944295,0.028303997613365155
1779944310,0.028045051092712762
1779944325,0.027829729931921898
1779944340,0.027614876401158048
1779944355,0.028342046303211355
1779944370,0.028331780055917986
1779944385,0.028373547810545127
1779944400,0.02823002240477969
1779944415,0.028069383301350795
1779944430,0.02776413704529143
1779944445,0.027689784966272873
1779944460,0.02828327937181348
1779944475,0.027992098102799214
1779944490,0.02763054020525544
1779944505,0.02789248442075231
1779944520,0.02793990285047257
1779944535,0.027983880079846337
1779944550,0.028310885573657903
1779944565,0.027755445809884767
1779944580,0.027416533576697846
1779944595,0.02729950158586316
1779944610,0.027540685102993054
1779944625,0.027836034318398477
1779944640,0.0278955590270029
1779944655,0.027212164552674167
1779944670,0.02736683606248824
1779944685,0.02708710066305003
1779944700,0.027421060583169662
1779944715,0.027624929814710836
1779944730,0.028326597814698394
1779944745,0.028105271164524225
1779944760,0.028165296734786214
1779944775,0.028834332973214617
1779944790,0.02945540881436415
1779944805,0.02921006783556363
1779944820,0.029499626587005223
1779944835,0.029347544502424036
1779944850,0.02906976744186046
1779944865,0.029148881835759366
1779944880,0.02919197496778943
1779944895,0.028920236721628762
1779944910,0.029078981314266762
1779944925,0.02896739330220931
1779944940,0.028933293715644032
1779944955,0.028804101945407935
1779944970,0.028937117417918753
1779944985,0.02915517112817836
1779945000,0.0294707148689778
1779945015,0.02933611659894882
1779945030,0.02886613518721427
1779945045,0.028788620027847815
1779945060,0.028506057537226664
1779945075,0.02772143340094659
1779945090,0.02773411183471817
1779945105,0.027751628572504426
1779945120,0.027440161061814926
1779945135,0.02766974108234248
1779945150,0.027552431866611837
1779945165,0.027687600283592677
1779945180,0.027827182451459907
1779945195,0.027681277256264323
1779945210,0.026876910460001492
1779945225,0.027181848815006182
1779945240,0.0270552284415294
1779945255,0.026977815763070862
1779945270,0.02701995664847896
1779945285,0.026369773600387898
1779945300,0.026030689591421702
1779945315,0.026436234484273735
1779945330,0.026193290970888128
1779945345,0.026152531669081314
1779945360,0.026673543823453563
1779945375,0.02679033330869854
1779945390,0.026607781589897073
1779945405,0.026092076693776906
1779945420,0.02631578947368421
1779945435,0.026037037037037036
1779945450,0.02619909836671347
1779945465,0.025734192388372792
1779945480,0.02602286401925391
1779945495,0.026000825423029304
1779945510,0.025929513449072347
1779945525,0.02600111752654125
1779945540,0.026403256526123166
1779945555,0.026788716607509807
1779945570,0.027291318088864102
1779945585,0.0272619224483732
1779945600,0.0279325402800783
1779945615,0.027619119194348417
1779945630,0.027470274702747027
1779945645,0.02711137850643002
1779945660,0.026765095589627103
1779945675,0.027208292050910753
1779945690,0.026804123711340205
1779945705,0.027183055513075385
1779945720,0.026752661908941718
1779945735,0.02640946147663337
1779945750,0.026860379976106977
1779945765,0.027143620676490794
1779945780,0.027160588415568496
1779945795,0.026757910114951364
1779945810,0.0269158303533664
1779945825,0.026722485230251572
1779945840,0.026493077082041742
1779945855,0.026146629603891587
1779945870,0.025675118059694645
1779945885,0.025596192141434746
1779945900,0.02542849833717063
1779945915,0.025838253615730455
1779945930,0.025498891352549888
1779945945,0.025157232704402514
1779945960,0.025021570319240724
1779945975,0.024890829694323144
1779945990,0.02501372226142868
1779946005,0.024946420917273893
1779946020,0.025091681142636553
1779946035,0.02511657481983891
1779946050,0.024402328750154835
1779946065,0.02287962693092393
1779946080,0.023504648307314507
1779946095,0.025397526501766785
1779946110,0.022774327122153208
1779946125,0.022792937399678973
1779946140,0.02330779054916986
1779946155,0.02432
1779946170,0.02447899437644724
1779946185,0.023255813953488375
1779946200,0.02285714285714286
1779946215,0.02271956595456087
1779946230,0.023247978436657685
1779946245,0.02434900236726412
1779946260,0.026237130521421455
1779946275,0.027401782766589635
1779946290,0.026938239159001315
1779946305,0.027177472167648986
1779946320,0.027832351015062214
1779946335,0.028077048645119167
1779946350,0.027299317517062074
1779946365,0.027234860621595646
1779946380,0.026114649681528664
1779946395,0.026551503518873962
1779946410,0.02604001270244522
1779946425,0.024244332493702773
1779946440,0.02299584797189396
1779946455,0.023190222500783453
1779946470,0.02425373134328358
1779946485,0.02438271604938272
1779946500,0.02360248447204969
1779946515,0.023430178069353328
1779946530,0.0228125
1779946545,0.0225705329153605
1779946560,0.02205177372962608
1779946575,0.020933977455716585
1779946590,0.021442495126705652
1779946605,0.02188827180659915
1779946620,0.023066926575698504
1779946635,0.023003194888178913
1779946650,0.023540793292486296
1779946665,0.02366288492706645
1779946680,0.02485284499672989
1779946695,0.022935779816513763
1779946710,0.023997370151216304
1779946725,0.024398285525881965
1779946740,0.025173898641934415
1779946755,0.025832766825288917
1779946770,0.02492318197336975
1779946785,0.023809523809523808
1779946800,0.02467443454420836
1779946815,0.02459016393442623
1779946830,0.024974341430037635
1779946845,0.025161509690581434
1779946860,0.02503382949932341
1779946875,0.025482093663911846
1779946890,0.024307900067521947
1779946905,0.024021059559065482
1779946920,0.02326354270521768
1779946935,0.0240027045300879
1779946950,0.024080267558528427
1779946965,0.024215552523874494
1779946980,0.02418256130790191
1779946995,0.02375215146299484
1779947010,0.024016707274625827
1779947025,0.02356202356202356
1779947040,0.024455611390284755
1779947055,0.024662939822426833
1779947070,0.027193266429265138
1779947085,0.02832314129385259
1779947100,0.0291106845809341
1779947115,0.028672680412371136
1779947130,0.027564102564102563
1779947145,0.02676864244741874
1779947160,0.027284263959390865
1779947175,0.026958452267681572
1779947190,0.027840000000000004
1779947205,0.028477905073649758
1779947220,0.028487229862475445
1779947235,0.02833876221498371
1779947250,0.02821926694777814
1779947265,0.027557808045612926
1779947280,0.02759276879162702
1779947295,0.02765556253928347
1779947310,0.027018633540372674
1779947325,0.02829601990049751
1779947340,0.02769037130270611
1779947355,0.02795226130653267
1779947370,0.025853814235556973
1779947385,0.02413127413127413
1779947400,0.024018175916910096
1779947415,0.02375601926163724
1779947430,0.023195876288659795
1779947445,0.02416237113402062
1779947460,0.025881591717890652
1779947475,0.025758069775024456
1779947490,0.026350461133069828
1779947505,0.026075619295958277
1779947520,0.026594040371675745
1779947535,0.027061445399554285
1779947550,0.027113237639553433
1779947565,0.02695763799743261
1779947580,0.027476038338658148
1779947595,0.028498238872878643
1779947610,0.02863577863577864
1779947625,0.027062275839582654
1779947640,0.02695595003287311
1779947655,0.027308192457737322
1779947670,0.02868068833652008
1779947685,0.029467680608365018
1779947700,0.03027405991077119
1779947715,0.029141590117199873
1779947730,0.028779253636938642
1779947745,0.027514231499051234
1779947760,0.02689873417721519
1779947775,0.026415094339622643
1779947790,0.025519848771266538
1779947805,0.025673137132122735
1779947820,0.024168236032642815
1779947835,0.024382520582647244
1779947850,0.023764853033145718
1779947865,0.022881880024737167
1779947880,0.02291993720565149
1779947895,0.022974231605091586
1779947910,0.024255449800429842
1779947925,0.023624494870997825
1779947940,0.024352169840774273
1779947955,0.024047470331043097
1779947970,0.021229404309252218
1779947985,0.02008422416585682
1779948000,0.0205761316872428
1779948015,0.02115384615384615
1779948030,0.02092050209205021
1779948045,0.021647819063004847
1779948060,0.022366288492706648
1779948075,0.022171503097489404
1779948090,0.023036988968202467
1779948105,0.02230971128608924
1779948120,0.022126816380449145
1779948135,0.022534291312867407
1779948150,0.023044466082440766
1779948165,0.023629799803084998
1779948180,0.023732119635890767
1779948195,0.02463054187192118
1779948210,0.022229595222295957
1779948225,0.02245706737120211
1779948240,0.022259136212624587
1779948255,0.021746403479424557
1779948270,0.02270450751252087
1779948285,0.02243804420629605
1779948300,0.021900269541778976
1779948315,0.02255892255892256
1779948330,0.0216875635377838
1779948345,0.022528581035642235
1779948360,0.022199798183652877
1779948375,0.02251655629139073
1779948390,0.02096505823627288
1779948405,0.021176470588235297
1779948420,0.021541568495456076
1779948435,0.02126917712691771
1779948450,0.021119324181626188
1779948465,0.020112914608327453
1779948480,0.02056737588652482
1779948495,0.020596590909090905
1779948510,0.019787985865724382
1779948525,0.020810907786149982
1779948540,0.020966595593461264
1779948555,0.022524132999642475
1779948570,0.022702702702702703
1779948585,0.022411953041622197
1779948600,0.02263083451202263
1779948615,0.022035676810073453
1779948630,0.021542738012508684
1779948645,0.020041465100207326
1779948660,0.019798541160125045
1779948675,0.020187956839540548
1779948690,0.01982608695652174
1779948705,0.01958090003435246
1779948720,0.020442930153321975
1779948735,0.020195220464490068
1779948750,0.019410977242302542
1779948765,0.019133937562940587
1779948780,0.01769025367156208
1779948795,0.01803607214428858
1779948810,0.01853724300640377
1779948825,0.017194875252865813
1779948840,0.017567119655286706
1779948855,0.01677289500167729
1779948870,0.019000000000000003
1779948885,0.01983471074380165
1779948900,0.020006559527714
1779948915,0.020561357702349868
1779948930,0.02071686945083854
1779948945,0.021696252465483234
1779948960,0.02179656538969617
1779948975,0.021746293245469523
1779948990,0.022546419098143235
1779949005,0.02194878616561357
1779949020,0.02183406113537118
1779949035,0.023317788141239176
1779949050,0.024398178269355888
1779949065,0.02432610124917817
1779949080,0.02509907529722589
1779949095,0.024640000000000002
1779949110,0.026231605886116446
1779949125,0.027496839443742104
1779949140,0.027001569858712715
1779949155,0.027177269919703526
1779949170,0.028069093152375074
1779949185,0.02650231124807396
1779949200,0.02627511591962906
1779949215,0.028709579933514653
1779949230,0.027794561933534738
1779949245,0.02818181818181818
1779949260,0.02909090909090909
1779949275,0.0293850348379279
1779949290,0.028955223880597014
1779949305,0.028265397203213326
1779949320,0.027421758569299553
1779949335,0.026411657559198547
1779949350,0.02506112469437653
1779949365,0.025485436893203886
1779949380,0.025179856115107917
1779949395,0.02560195062480951
1779949410,0.02552415679124886
1779949425,0.025363439529848437
1779949440,0.025585023400936036
1779949455,0.025399811853245535
1779949470,0.023801967629324024
1779949485,0.02402022756005057
1779949500,0.02217936354869817
1779949515,0.023537103628636813
1779949530,0.023948220064724916
1779949545,0.025149324111914492
1779949560,0.024518932340161392
1779949575,0.023357209592027407
1779949590,0.02408150663785119
1779949605,0.0246875
1779949620,0.027332704995287466
1779949635,0.028208307501549904
1779949650,0.029620487503856836
1779949665,0.029690847872666053
1779949680,0.029987760097919217
1779949695,0.02845897668785952
1779949710,0.027567403817025143
1779949725,0.028936947913493754
1779949740,0.03021055843759536
1779949755,0.03005213124808341
1779949770,0.030330882352941176
1779949785,0.030783297775068573
1779949800,0.03057169061449098
1779949815,0.028802880288028798
1779949830,0.029146634615384612
1779949845,0.02816901408450704
1779949860,0.028103767757875233
1779949875,0.027879901960784312
1779949890,0.026911314984709483
1779949905,0.028060437866173293
1779949920,0.026014245896562403
1779949935,0.026111283804787073
1779949950,0.026471504204297728
1779949965,0.025380710659898477
1779949980,0.02532863097146521
1779949995,0.024539877300613498
1779950010,0.02553329023917259
1779950025,0.025731746542296558
1779950040,0.023510466988727857
1779950055,0.023195876288659795
1779950070,0.022471910112359553
1779950085,0.02342225113858165
1779950100,0.02366288492706645
1779950115,0.02342461233916199
1779950130,0.022420046158918565
1779950145,0.023541114058355433
1779950160,0.023873570948217886
1779950175,0.024365482233502538
1779950190,0.025982905982905983
1779950205,0.024307900067521943
1779950220,0.023962200472494095
1779950235,0.024193548387096774
1779950250,0.02360080917060013
1779950265,0.02455432223343424
1779950280,0.024439236692333447
1779950295,0.023411371237458196
1779950310,0.02311557788944724
1779950325,0.023529411764705882
1779950340,0.023957991467016736
1779950355,0.025734081161332894
1779950370,0.025978296612956267
1779950385,0.02443857331571995
1779950400,0.023809523809523808
1779950415,0.023936170212765957
1779950430,0.022849462365591402
1779950445,0.021861543557469363
1779950460,0.021760964178105125
1779950475,0.022980736735383575
1779950490,0.0212624584717608
1779950505,0.02340354396522902
1779950520,0.025437727122563595
1779950520,0.025437727122563595
1779950535,0.0258931497869551
1779950550,0.026811362910947975
1779950565,0.026940346375881975
1779950580,0.027401574803149607
1779950595,0.028890959925442678
1779950610,0.02816901408450704
1779950625,0.029358897543439184
1779950640,0.029393939393939392
1779950655,0.0292772186642269
1779950670,0.030746268656716418
1779950685,0.0313516711032239
1779950700,0.03110189573459716
1779950715,0.03042836041358937
1779950730,0.030475052285628922
1779950745,0.030120481927710843
1779950760,0.030223004694835676
1779950775,0.03031177829099307
1779950790,0.030042918454935622
1779950805,0.03004043905257077
1779950820,0.028255170404893677
1779950835,0.029071492138831204
1779950850,0.028245192307692304
1779950865,0.029747596153846152
1779950880,0.028796605031827825
1779950895,0.02857142857142857
1779950910,0.02866043613707165
1779950925,0.02790992705359975
1779950940,0.02634084417645192
1779950955,0.02633269107257547
1779950970,0.02305943488145502
1779950985,0.022675736961451247
1779951000,0.02244309073420968
1779951015,0.02294455066921606
1779951030,0.02279825109306683
1779951045,0.02313222882150672
1779951060,0.022342802425789978
1779951075,0.022380797924099905
1779951090,0.023066926575698504
1779951105,0.0220850925625203
1779951120,0.021795705920624596
1779951135,0.020474488137796554
1779951150,0.019856770833333332
1779951165,0.018469656992084433
1779951180,0.018935683969964087
1779951195,0.018122977346278317
1779951210,0.017862942513803184
1779951225,0.019709208400646203
1779951240,0.02054124551679165
1779951255,0.020846905537459284
1779951270,0.021931260229132568
1779951285,0.02224403009486425
1779951300,0.022375781507074696
1779951315,0.02186878727634195
1779951330,0.022000000000000002
1779951345,0.022817460317460316
1779951360,0.024830699774266364
1779951375,0.023778501628664492
1779951390,0.02432610124917817
1779951405,0.0241801921165949
1779951420,0.024662939822426833
1779951435,0.025498528931023213
1779951450,0.024398285525881965
1779951465,0.02435769102435769
1779951480,0.022517911975435005
1779951495,0.02359285473542299
1779951510,0.023720772619451033
1779951525,0.023356690023356694
1779951540,0.02366666666666667
1779951555,0.022940226171243944
1779951570,0.02359882005899705
1779951585,0.023692003948667325
1779951600,0.02613524991832734
1779951615,0.02671009771986971
1779951630,0.02751699579151829
1779951645,0.02640156453715776
1779951660,0.025759577278731835
1779951675,0.025407166123778503
1779951690,0.024619371558147068
1779951705,0.02530044275774826
1779951720,0.024999999999999998
1779951735,0.02460510328068044
1779951750,0.025339366515837108
1779951765,0.025911419102139198
1779951780,0.025015069318866788
1779951795,0.025456723569931117
1779951810,0.024727700912569917
1779951825,0.02405702405702406
1779951840,0.024052916416115455
1779951855,0.02415458937198068
1779951870,0.02379535990481856
1779951885,0.024071322436849927
1779951900,0.022768670309653915
1779951915,0.02339003645200486
1779951930,0.023970497848801474
1779951945,0.023655913978494623
1779951960,0.02342786683107275
1779951975,0.023631840796019897
1779951990,0.024891101431238332
1779952005,0.02508732931089235
1779952020,0.024671052631578944
1779952035,0.02546296296296296
1779952050,0.02551358515573227
1779952065,0.025082508250825083
1779952080,0.0265546218487395
1779952095,0.026092849881396134
1779952110,0.028295376121463076
1779952125,0.02774887270204648
1779952140,0.02873961218836565
1779952155,0.02917398945518454
1779952170,0.029681978798586577
1779952185,0.029411764705882356
1779952200,0.029307909604519775
1779952215,0.027253668763102725
1779952230,0.026141512722202855
1779952245,0.024799161718477125
1779952260,0.025552486187845305
1779952275,0.025587828492392807
1779952290,0.024747298710352042
1779952305,0.025356026398054878
1779952320,0.026214610276127228
1779952335,0.02668539325842697
1779952350,0.0276707530647986
1779952365,0.027719298245614036
1779952380,0.026751143963393172
1779952395,0.02674173117522871
1779952410,0.024938531787846857
1779952425,0.0258650821391122
1779952440,0.026161790017211705
1779952455,0.02480462113489636
1779952470,0.025978407557354928
1779952485,0.025460636515912894
1779952500,0.02564102564102564
1779952515,0.025830258302583026
1779952530,0.027516778523489934
1779952545,0.027861698556562606
1779952560,0.02646759416355616
1779952575,0.028028028028028028
1779952590,0.030232558139534883
1779952605,0.029745989304812835
1779952620,0.02744708994708995
1779952635,0.028196721311475412
1779952650,0.028252299605781867
1779952665,0.027660266840221284
1779952680,0.027177472167648986
1779952695,0.028440666884602814
1779952710,0.028589993502274206
1779952725,0.02792937399678973
1779952740,0.029335071707953058
1779952755,0.02889983579638752
1779952770,0.029392338177014532
1779952785,0.029431216931216933
1779952800,0.03104575163398693
1779952815,0.031239723775073988
1779952830,0.031432274789371356
1779952845,0.032552083333333336
1779952860,0.031411917098445596
1779952875,0.030987734021949643
1779952890,0.029807692307692306
1779952905,0.028598971722365044
1779952920,0.028976175144880875
1779952935,0.028169014084507046
1779952950,0.027974276527331195
1779952965,0.028562155144433627
1779952980,0.028332260141661302
1779952995,0.02843450479233227
1779953010,0.029373789541639765
1779953025,0.028805237315875615
1779953040,0.027677100494233938
1779953055,0.02764227642276423
1779953070,0.026101141924959218
1779953085,0.026913099870298315
1779953100,0.02623811085601837
1779953115,0.026578073089700997
1779953130,0.026289517470881863
1779953145,0.02581293999329534
1779953160,0.025252525252525252
1779953175,0.02659393112853733
1779953190,0.026804123711340205
1779953205,0.027177700348432057
1779953220,0.027082619129242372
1779953235,0.02691511387163561
1779953250,0.027988942639944715
1779953265,0.026758147512864493
1779953280,0.026306798770071745
1779953295,0.026804123711340208
1779953310,0.0273224043715847
1779953325,0.0284263959390863
1779953340,0.02942182689018132
1779953355,0.02972692706533011
1779953370,0.030229325920778323
1779953385,0.0294018249408584
1779953400,0.03035413153456999
1779953415,0.02856171370282217
1779953430,0.02810143934201508
1779953445,0.028571428571428574
1779953460,0.028333333333333335
1779953475,0.02827087442472058
1779953490,0.028283485045513656
1779953505,0.028382838283828385
1779953520,0.028486253726399475
1779953535,0.027450980392156862
1779953550,0.02747791952894995
1779953565,0.028390113560454247
1779953580,0.029029029029029027
1779953595,0.028646690813302605
1779953610,0.02792553191489362
1779953625,0.02684124386252046
1779953640,0.02681491170699804
1779953655,0.026492180019150973
1779953670,0.02583144979011947
1779953685,0.025122349102773247
1779953700,0.025210084033613446
1779953715,0.0262736302467158
1779953730,0.02707930367504836
1779953745,0.02741935483870968
1779953760,0.026657997399219768
1779953775,0.02625607779578606
1779953790,0.025127226463104325
1779953805,0.027584020291693094
1779953820,0.02678008821676119
1779953835,0.026449968132568516
1779953850,0.0277602523659306
1779953865,0.0279416330332195
1779953880,0.028204324663115014
1779953895,0.029591214154972543
1779953910,0.029500301023479832
1779953925,0.03052064631956912
1779953940,0.030545670225385527
1779953955,0.030936947554507953
1779953970,0.031059506531204643
1779953985,0.03199769385990199
1779954000,0.03187588152327222
1779954015,0.03195435092724679
1779954030,0.031038374717832957
1779954045,0.03275048570635581
1779954060,0.03282758620689655
1779954075,0.03254923413566739
1779954090,0.03296391020176186
1779954105,0.03217612193056731
1779954120,0.033183352080989874
1779954135,0.0327822919585318
1779954150,0.03171484703901207
1779954165,0.031381339310731296
1779954180,0.030782264896921773
1779954195,0.02973661852166525
1779954210,0.03100113765642776
1779954225,0.029512893982808024
1779954240,0.03053435114503817
1779954255,0.02942050520059435
1779954270,0.02992744860943168
1779954285,0.029194837123540256
1779954300,0.028858218318695106
1779954315,0.02863367569249922
1779954330,0.029393173198482933
1779954345,0.02861685214626391
1779954360,0.027742346938775513
1779954375,0.02825040128410915
1779954390,0.027537624079410825
1779954405,0.02624839948783611
1779954420,0.026443082876491452
1779954435,0.027604337824515282
1779954450,0.026456798392498322
1779954465,0.02593085106382979
1779954480,0.02474088933467068
1779954495,0.025943396226415096
1779954510,0.023472557818432865
1779954525,0.02188034188034188
1779954540,0.022022022022022025
1779954555,0.022368421052631583
1779954570,0.022689904636632688
1779954585,0.02216341382732385
1779954600,0.022036727879799666
1779954615,0.021688355021688352
1779954630,0.02127659574468085
1779954645,0.020629015894487658
1779954660,0.02032380296245263
1779954675,0.02045687009887487
1779954690,0.022336769759450172
1779954705,0.02286902286902287
1779954720,0.02255378209576683
1779954735,0.022214627477785374
1779954750,0.023192360163710776
1779954765,0.022789115646258504
1779954780,0.023399862353750862
1779954795,0.024271844660194178
1779954810,0.02634315424610052
1779954825,0.02661064425770308
1779954840,0.026019690576652602
1779954855,0.025307557117750436
1779954870,0.02542372881355932
1779954885,0.025218914185639228
1779954900,0.025560224089635854
1779954915,0.025695177754311863
1779954930,0.026904262753319357
1779954945,0.02757417102966841
1779954960,0.027586206896551724
1779954975,0.026675786593707253
1779954990,0.02564102564102564
1779955005,0.02607517778530308
1779955020,0.026889040163376447
1779955035,0.0259871751603105
1779955050,0.02606080855329101
1779955065,0.026156941649899394
1779955080,0.02558061258835409
1779955095,0.02546296296296296
1779955110,0.0237702211951139
1779955125,0.02316346790205162
1779955140,0.024152968802415294
1779955155,0.024430505117200397
1779955170,0.024834437086092717
1779955185,0.026463777704267284
1779955200,0.02732960158050708
1779955215,0.026507620941020545
1779955230,0.026043405676126882
1779955245,0.027197346600331674
1779955260,0.027535258562793822
1779955275,0.02867501647989453
1779955290,0.029402048232573506
1779955305,0.029343883943290475
1779955320,0.029046997389033945
1779955335,0.029088558500323203
1779955350,0.03004154682007031
1779955365,0.02884916901850109
1779955380,0.02973056673892846
1779955395,0.03020865773902211
1779955410,0.030436146846564167
1779955425,0.0315203955500618
1779955440,0.030499075785582253
1779955455,0.030405405405405404
1779955470,0.030349478847332925
1779955485,0.030937215650591446
1779955500,0.030185295875672445
1779955515,0.030909626140712396
1779955530,0.0308641975308642
1779955545,0.03249202204815782
1779955560,0.03260869565217391
1779955575,0.03253182461103254
1779955590,0.03361111111111111
1779955605,0.03358820316766794
1779955620,0.03372961017417749
1779955635,0.032488986784140965
1779955650,0.032599609919197546
1779955665,0.03363740022805017
1779955680,0.03356481481481481
1779955695,0.03356481481481481
1779955710,0.03495484998543548
1779955725,0.034210526315789476
1779955740,0.03382789317507419
1779955755,0.03455404607206143
1779955770,0.034070531978481776
1779955785,0.033363121834971705
1779955800,0.03333333333333333
1779955815,0.03254804711717297
1779955830,0.030191004313000615
1779955845,0.027153558052434457
1779955860,0.025982256020278833
1779955875,0.025177533892834086
1779955890,0.024719841793012523
1779955905,0.024431057563587683
1779955920,0.025295109612141653
1779955935,0.024223814397816443
1779955950,0.02217673149095872
1779955965,0.022086306489976212
1779955980,0.022237427300718437
1779955995,0.021541568495456076
1779956010,0.021790144150184376
1779956025,0.0213903743315508
1779956040,0.023248090335436733
1779956055,0.024349566377585057
1779956070,0.023936170212765957
1779956085,0.023393739703459634
1779956100,0.0247074122236671
1779956115,0.024806701030927837
1779956130,0.02689873417721519
1779956145,0.026465028355387523
1779956160,0.027651169857186266
1779956175,0.027559055118110236
1779956190,0.027305825242718445
1779956205,0.027752639517345398
1779956220,0.02850356294536817
1779956235,0.02915451895043732
1779956250,0.03054331864904552
1779956265,0.029214139643587496
1779956280,0.027753173900206672
1779956295,0.027364663890541346
1779956310,0.027389103899970228
1779956325,0.027522935779816512
1779956340,0.026097271648873075
1779956355,0.02514792899408284
1779956370,0.025580711555424875
1779956385,0.026016746411483254
1779956400,0.025510204081632657
1779956415,0.0243605359317905
1779956430,0.02438271604938272
1779956445,0.02620645573665708
1779956460,0.026298487836949377
1779956475,0.02441438469152095
1779956490,0.025204582651391163
1779956505,0.02635003253090436
1779956520,0.0271343481138319
1779956535,0.02650523560209424
1779956550,0.026611093299134338
1779956565,0.028375428749610226
1779956580,0.030068195908245502
1779956595,0.029582189691979264
1779956610,0.030203349282296652
1779956625,0.032055122828040745
1779956640,0.03236439916092298
1779956655,0.03319377990430623
1779956670,0.03247711839385887
1779956685,0.032389845345783486
1779956700,0.03282975014526438
1779956715,0.03305785123966942
1779956730,0.033663366336633666
1779956745,0.03246753246753247
1779956760,0.032294299354114014
1779956775,0.03246392896781354
1779956790,0.031971087016958576
1779956805,0.03126760563380282
1779956820,0.03110986547085202
1779956835,0.030406365444728616
1779956850,0.029337094499294784
1779956865,0.028409090909090908
1779956880,0.027259684361549498
1779956895,0.026538349372995037
1779956910,0.027042744984006977
1779956925,0.023536334215945868
1779956940,0.022560796952827426
1779956955,0.021906453522794554
1779956970,0.022275737507525588
1779956985,0.02187784867821331
1779957000,0.02182600676298801
1779957015,0.020974706971005553
1779957030,0.021059151440074326
1779957045,0.020679012345679013
1779957060,0.019302615193026153
1779957075,0.019626168224299065
1779957090,0.019224708477781276
1779957105,0.01876590330788804
1779957120,0.018111254851228976
1779957135,0.01863354037267081
1779957150,0.0182179529645578
1779957165,0.018874172185430464
1779957180,0.02108036890645586
1779957195,0.01969796454366382
1779957210,0.01989389920424403
1779957225,0.021087314662273475
1779957240,0.021052631578947368
1779957255,0.02045529528208512
1779957270,0.021459227467811155
1779957285,0.022393048128342245
1779957300,0.021854304635761587
1779957315,0.022095748242383664
1779957330,0.023271276595744683
1779957345,0.02453385672227674
1779957360,0.025500322788896065
1779957375,0.024967989756722153
1779957390,0.025665399239543727
1779957405,0.025856697819314645
1779957420,0.025077399380804954
1779957435,0.02577477753912243
1779957450,0.02618757612667479
1779957465,0.02527836292506771
1779957480,0.026595744680851064
1779957495,0.026530612244897958
1779957510,0.0290304396843292
1779957525,0.03016374604998564
1779957540,0.031750572082379865
1779957555,0.033112582781456956
1779957570,0.0327116212338594
1779957585,0.0319908597543559
1779957600,0.03340948029697315
1779957615,0.03356282271944922
1779957630,0.03196084077166715
1779957645,0.032806092560046865
1779957660,0.03276224827171626
1779957675,0.033544877606527655
1779957690,0.033281972265023115
1779957705,0.033825338253382534
1779957720,0.03395638629283489
1779957735,0.03245116572148708
1779957750,0.03330161750713606
1779957765,0.03301732592350442
1779957780,0.03117820807351493
1779957795,0.030816119200812727
1779957810,0.027913468248429867
1779957825,0.025113358911754445
1779957840,0.023842432619212164
1779957855,0.024750773461670678
1779957870,0.023875432525951555
1779957885,0.023521272915946037
1779957900,0.02257728377908996
1779957915,0.023410202655485674
1779957930,0.02132121635791681
1779957945,0.021799307958477506
1779957960,0.021814404432132964
1779957975,0.021917808219178082
1779957990,0.021962937542896365
1779958005,0.022548684660061498
1779958020,0.023177695666778637
1779958035,0.024236387782204515
1779958050,0.023848956608148394
1779958065,0.024406332453825858
1779958080,0.025190586675505472
1779958095,0.024732620320855613
1779958110,0.02561576354679803
1779958125,0.026021080368906456
1779958140,0.02542932628797886
1779958155,0.025117213663764234
1779958170,0.02581699346405229
1779958185,0.026963262554769128
1779958200,0.024414715719063545
1779958215,0.02469135802469136
1779958230,0.02599133622125958
1779958245,0.026228419654714476
1779958260,0.0256837891927952
1779958275,0.02432522492502499
1779958290,0.024617431803060547
1779958305,0.02306149732620321
1779958320,0.023024054982817867
1779958335,0.022291884360849876
1779958350,0.021776702385067404
1779958365,0.02123955431754875
1779958380,0.020586182833217025
1779958395,0.019957983193277313
1779958410,0.02188259812434873
1779958425,0.020258470136220747
1779958440,0.021104467112205417
1779958455,0.02126176368072499
1779958470,0.021052631578947368
1779958485,0.021837088388214906
1779958500,0.023496890117484452
1779958515,0.023456364263539153
1779958530,0.023553862140630412
1779958545,0.022253129346314324
1779958560,0.021364576154376293
1779958575,0.02252252252252252
1779958590,0.021343596920923722
1779958605,0.02321491382342596
1779958620,0.022980501392757657
1779958635,0.023255813953488375
1779958650,0.023231256599788808
1779958665,0.023012552301255228
1779958680,0.02335308469850122
1779958695,0.023199445983379502
1779958710,0.02175414364640884
1779958725,0.022538141470180306
1779958740,0.02138668506381511
1779958755,0.02057900244157656
1779958770,0.020969405293915437
1779958785,0.020443520443520442
1779958800,0.01900483759502419
1779958815,0.019197207678883072
1779958830,0.019034191046880505
1779958845,0.01889433170048985
1779958860,0.019971969166082692
1779958875,0.019397298233460338
1779958890,0.01919780596503257
1779958905,0.018200549450549452
1779958920,0.018423746161719552
1779958935,0.01888701517706577
1779958950,0.020435967302452316
1779958965,0.02304303625889529
1779958980,0.023263654753877278
1779958995,0.026403743315508023
1779959010,0.02664890073284477
1779959025,0.02867501647989453
1779959040,0.029345372460496615
1779959055,0.029383274136260896
1779959070,0.029411764705882353
1779959085,0.02931904161412358
1779959100,0.0296343001261034
1779959115,0.029748992872637124
1779959130,0.030869971936389146
1779959145,0.030892801977139325
1779959160,0.031288723667905825
1779959175,0.03094059405940594
1779959190,0.031211372064276884
1779959205,0.03143118706133659
1779959220,0.030548628428927683
1779959235,0.03090234857849197
1779959250,0.029174425822470512
1779959265,0.02910216718266254
1779959280,0.026122969098438992
1779959295,0.026256804354787066
1779959310,0.025911708253358926
1779959325,0.025398892868772383
1779959340,0.024487094639311712
1779959355,0.02425249169435216
1779959370,0.025606917193215832
1779959385,0.026244952893674293
1779959400,0.02607204116638079
1779959415,0.026134800550206325
1779959430,0.024767801857585137
1779959445,0.025207182320441987
1779959460,0.0268133379168099
1779959475,0.027064538514920196
1779959490,0.027326184711172603
1779959505,0.027382645803698435
1779959520,0.027797325826882477
1779959535,0.028541226215644824
1779959550,0.027846316531547413
1779959565,0.02743580724586704
1779959580,0.026924404556437694
1779959595,0.028305143251639627
1779959610,0.026662049861495844
1779959625,0.027119807758324753
1779959640,0.027852348993288593
1779959655,0.027334851936218683
1779959670,0.02592352559948153
1779959685,0.02610377054463423
1779959700,0.02613962384443736
1779959715,0.02669208770257388
1779959730,0.02607602890355011
1779959745,0.026092423766111286
1779959760,0.024829298572315334
1779959775,0.02487562189054726
1779959790,0.025300833076211046
1779959805,0.024852438645542096
1779959820,0.0249384236453202
1779959835,0.02327718223583461
1779959850,0.024151635585447872
1779959865,0.024382619568615194
1779959880,0.024420788979336253
1779959895,0.024352169840774273
1779959910,0.024126984126984125
1779959925,0.022407170294494235
1779959940,0.020388349514563104
1779959955,0.022222222222222223
1779959970,0.022036727879799666
1779959985,0.021512605042016807
1779960000,0.020798389802079837
1779960015,0.021599730003374958
1779960030,0.0239298955173576
1779960045,0.02407152682255846
1779960060,0.023432115782219157
1779960075,0.02388369678089304
1779960090,0.02462712452306625
1779960105,0.023801310796826493
1779960120,0.026214610276127228
1779960135,0.02548882681564246
1779960150,0.02614151272220286
1779960165,0.026116838487972513
1779960180,0.02569444444444444
1779960195,0.02695325827362675
1779960210,0.028298670303443577
1779960225,0.029780033840947552
1779960240,0.031313818924438394
1779960255,0.031018206338503034
1779960270,0.03138564273789649
1779960285,0.031176667784109952
1779960300,0.031082887700534755
1779960315,0.029765886287625422
1779960330,0.028436018957345974
1779960345,0.029617304492512486
1779960360,0.028533510285335104
1779960375,0.028599933488526776
1779960390,0.027722772277227727
1779960405,0.026794574925570625
1779960420,0.02608121492241664
1779960435,0.026169447170428524
1779960450,0.024679170779861793
1779960465,0.024719841793012523
1779960480,0.025008226390259954
1779960495,0.02456367162249515
1779960510,0.02423469387755102
1779960525,0.024460894753781784
1779960540,0.023452768729641693
1779960555,0.02186154355746936
1779960570,0.02185430463576159
1779960585,0.022549019607843137
1779960600,0.022925411688731027
1779960615,0.023540793292486293
1779960630,0.023969319271332692
1779960645,0.02232854864433812
1779960660,0.022264631043257
1779960675,0.02224340641881157
1779960690,0.02445997458703939
1779960705,0.02653762098033094
1779960720,0.027297543221110096
1779960735,0.02779474648747709
1779960750,0.0295551492992078
1779960765,0.028884159318941924
1779960780,0.027494593759653997
1779960795,0.0271893771735694
1779960810,0.026802807913209954
1779960825,0.025682182985553772
1779960840,0.02563270603504218
1779960855,0.026332691072575465
1779960870,0.026914450496635694
1779960885,0.026886945254292194
1779960900,0.026832460732984294
1779960915,0.02622091117666339
1779960930,0.026075619295958277
1779960945,0.026876433956079977
1779960960,0.02716857610474632
1779960975,0.02705377763114484
1779960990,0.023509933774834436
1779961005,0.022811137202281114
1779961020,0.022298456260720412
1779961035,0.022641509433962266
1779961050,0.021981738248224553
1779961065,0.02306648575305292
1779961080,0.02360876897133221
1779961095,0.02361157299634187
1779961110,0.023595879029577934
1779961125,0.02435813034891376
1779961140,0.024262295081967214
1779961155,0.02429284525790349
1779961170,0.023666666666666666
1779961185,0.02560691719321583
1779961200,0.026176275679257788
1779961215,0.02585924713584288
1779961230,0.026289845547157412
1779961245,0.025881591717890652
1779961260,0.02420135527589545
1779961275,0.025096525096525095
1779961290,0.024872448979591837
1779961305,0.02288620470438652
1779961320,0.024035420619860845
1779961335,0.02395209580838323
1779961350,0.023832221163012392
1779961365,0.023536895674300257
1779961380,0.021876981610653143
1779961395,0.023315234749281377
1779961410,0.023589416640102008
1779961425,0.025260498894853173
1779961440,0.024572317262830483
1779961455,0.024352169840774273
1779961470,0.024597918637653735
1779961485,0.023365961477739186
1779961500,0.02321831667204128
1779961515,0.02456023896448722
1779961530,0.02560735390676297
1779961545,0.025606917193215832
1779961560,0.02682763246143528
1779961575,0.027374112875971614
1779961590,0.028043775649794805
1779961605,0.028091812264474134
1779961620,0.026560883063125214
1779961635,0.026389866291344124
1779961650,0.026334269662921347
1779961665,0.027519779841761266
1779961680,0.02773080825160636
1779961695,0.028159570901776735
1779961710,0.026476578411405296
1779961725,0.02535496957403651
1779961740,0.025952140208965285
1779961755,0.02708952758506773
1779961770,0.026196636481241917
1779961785,0.02624920936116382
1779961800,0.02512406947890819
1779961815,0.02444987775061125
1779961830,0.023992617656105816
1779961845,0.023714197720973208
1779961860,0.023941068139963165
1779961875,0.02301319423135931
1779961890,0.02252391237272447
1779961905,0.02216748768472906
1779961920,0.02228327228327228
1779961935,0.023141005862388153
1779961950,0.022699004975124375
1779961965,0.022307202039515615
1779961980,0.02318840579710145
1779961995,0.023270846800258566
1779962010,0.023732119635890767
1779962025,0.02339941501462463
1779962040,0.024485798237022526
1779962055,0.022117962466487933
1779962070,0.02275769745649264
1779962085,0.022649279341111876
1779962100,0.023312456506610995
1779962115,0.021685904162294507
1779962130,0.021352313167259787
1779962145,0.02150537634408602
1779962160,0.02184031507339778
1779962175,0.023214285714285715
1779962190,0.024566473988439308
1779962205,0.02637205987170349
1779962220,0.02565016031350196
1779962235,0.02484913028044019
1779962250,0.024578651685393256
1779962265,0.024465885596140595
1779962280,0.02514640027557699
1779962295,0.02602739726027397
1779962310,0.027401894451962113
1779962325,0.027266530334015
1779962340,0.027073337902673064
1779962355,0.027777777777777776
1779962370,0.026761517615176155
1779962385,0.027476255088195387
1779962400,0.028111073020226262
1779962415,0.029015544041450778
1779962430,0.02873563218390805
1779962445,0.03050397877984085
1779962460,0.030845771144278604
1779962475,0.030961791831357045
1779962490,0.03066884176182708
1779962505,0.029670687968699056
1779962520,0.02987012987012987
1779962535,0.029392971246006393
1779962550,0.02921864740643467
1779962565,0.029295589203423306
1779962580,0.02775024777006938
1779962595,0.024782317481580707
1779962610,0.0242914979757085
1779962625,0.024779361846571618
1779962640,0.02482148928935736
1779962655,0.025553662691652473
1779962670,0.025077293026451387
1779962685,0.02488231338264963
1779962700,0.025278058645096056
1779962715,0.025333333333333333
1779962730,0.024899057873485866
1779962745,0.023937963587322995
1779962760,0.02399459276782697
1779962775,0.02291877317155376
1779962790,0.023992002665778077
1779962805,0.02384105960264901
1779962820,0.024172185430463577
1779962835,0.025624178712220762
1779962850,0.025723472668810293
1779962865,0.02616279069767442
1779962880,0.026940346375881975
1779962895,0.027001270648030498
1779962910,0.027147876077930375
1779962925,0.026490066225165563
1779962940,0.025231555413605875
1779962955,0.025608194622279132
1779962970,0.025998731769181993
1779962985,0.02803440586173941
1779963000,0.027105517909002903
1779963015,0.028423772609819122
1779963030,0.027325959661678598
1779963045,0.027124183006535952
1779963060,0.027224435590969456
1779963075,0.027470686767169177
1779963090,0.02675245513037589
1779963105,0.02686366689053056
1779963120,0.027266530334015
1779963135,0.026699029126213594
1779963150,0.026760563380281693
1779963165,0.025218914185639228
1779963180,0.026810584958217268
1779963195,0.02626970227670753
1779963210,0.026270307639128933
1779963225,0.026496902959394355
1779963240,0.02656675749318801
1779963255,0.026953258273626747
1779963270,0.02689979825151311
1779963285,0.026474530831099196
1779963300,0.026507620941020545
1779963315,0.025232403718459494
1779963330,0.02465844718427191
1779963345,0.024318107131120602
1779963360,0.023871811641595814
1779963375,0.023225384363755316
1779963390,0.023393739703459638
1779963405,0.02179656538969617
1779963420,0.02134646962233169
1779963435,0.02196001311045559
1779963450,0.021596858638743454
1779963465,0.023132848645076007
1779963480,0.02158034528552457
1779963495,0.022984676882078614
1779963510,0.02312332439678284
1779963525,0.02336606840501185
1779963540,0.024464831804281346
1779963555,0.025882352941176474
1779963570,0.024882313382649627
1779963585,0.025033377837116153
1779963600,0.023664638269100747
1779963615,0.02434900236726412
1779963630,0.024415055951169887
1779963645,0.02638793694311172
1779963660,0.025605536332179928
1779963675,0.025377229080932786
1779963690,0.026478679504814303
1779963705,0.026045236463331047
1779963720,0.027201632097925876
1779963735,0.02657580919931857
1779963750,0.025579809004092773
1779963765,0.026031102096010818
1779963780,0.027155465037338768
1779963795,0.026172671651937457
1779963810,0.026163778457356443
1779963825,0.023947998631542938
1779963840,0.023613963039014373
1779963855,0.02175414364640884
1779963870,0.021232161503654715
1779963885,0.02252727912706793
1779963900,0.021602787456445994
1779963915,0.021306322039818373
1779963930,0.0211952744961779
1779963945,0.01962134251290878
1779963960,0.02173913043478261
1779963975,0.021702271956595454
1779963990,0.02231237322515213
1779964005,0.022078804347826084
1779964020,0.02274247491638796
1779964035,0.02350570852921424
1779964050,0.022969374167776297
1779964065,0.02261985145172181
1779964080,0.022841787033926773
1779964095,0.024080267558528427
1779964110,0.023731048121292023
1779964125,0.02330226364846871
1779964140,0.02340145023071852
1779964155,0.02251958224543081
1779964170,0.02196001311045559
1779964185,0.023232984293193714
1779964200,0.023514043109079032
1779964215,0.024437927663734118
1779964230,0.024736147757255935
1779964245,0.02402402402402402
1779964260,0.022479338842975205
1779964275,0.022870401060656284
1779964290,0.02248289345063539
1779964305,0.0211864406779661
1779964320,0.021359223300970877
1779964335,0.020493115593980146
1779964350,0.02078005115089514
1779964365,0.01981463726430169
1779964380,0.020465994962216627
1779964395,0.0211489898989899
1779964410,0.021444339325134027
1779964425,0.023449552607219995
1779964440,0.02588597842835131
1779964455,0.026719901719901722
1779964470,0.028164748637189582
1779964485,0.02732732732732733
1779964500,0.02853673345476624
1779964515,0.026945201332122318
1779964530,0.027417896956914736
1779964545,0.028014616321559074
1779964560,0.029093160012380066
1779964575,0.02806361085126287
1779964590,0.028480000000000002
1779964605,0.029543994861913937
1779964620,0.028821243523316064
1779964635,0.029924366984544558
1779964650,0.0297914597815293
1779964665,0.029712776493892378
1779964680,0.028523489932885907
1779964695,0.028192934782608692
1779964710,0.028111073020226262
1779964725,0.02681992337164751
1779964740,0.025596072931276297
1779964755,0.024126755491537633
1779964770,0.02372393961179008
1779964785,0.02187163858013625
1779964800,0.023264137437365787
1779964815,0.02409205321826681
1779964830,0.025026814444047196
1779964845,0.025831564048124554
1779964860,0.02719449225473322
1779964875,0.028522920203735147
1779964890,0.028159570901776735
1779964905,0.026823683349689237
1779964920,0.025245901639344263
1779964935,0.02510596674274535
1779964950,0.024127812194326703
1779964965,0.02499188575137942
1779964980,0.025432018258884904
1779964995,0.026453298497713915
1779965010,0.025250890255746197
1779965025,0.024671052631578948
1779965040,0.024606299212598427
1779965055,0.024691358024691357
1779965070,0.02490986561783022
1779965085,0.026393929396238868
1779965100,0.025505134150380922
1779965115,0.02652259332023576
1779965130,0.02514058881905392
1779965145,0.0231711353856339
1779965160,0.02306149732620321
1779965175,0.02358168147641832
1779965190,0.023215523215523216
1779965205,0.023884791008078683
1779965220,0.025095852213314746
1779965235,0.024601524601524604
1779965250,0.02496580027359781
1779965265,0.024271844660194178
1779965280,0.02475415395049169
1779965295,0.02359285473542299
1779965310,0.025435073627844713
1779965325,0.02489213408562894
1779965340,0.02401601067378252
1779965355,0.024299696253796826
1779965370,0.0235136042996305
1779965385,0.02217741935483871
1779965400,0.022689356022689355
1779965415,0.023960066555740435
1779965430,0.02410036315615715
1779965445,0.02360372340425532
1779965460,0.022445561139028476
1779965475,0.022905759162303665
1779965490,0.023029516704508594
1779965505,0.022273173927284638
1779965520,0.022083058668424523
1779965535,0.022811137202281114
1779965550,0.02137608550434202
1779965565,0.021319120586275817
1779965580,0.021014009339559707
1779965595,0.02119071644803229
1779965610,0.02039451688398529
1779965625,0.02055256064690027
1779965640,0.021996615905245348
1779965655,0.021963394342762066
1779965670,0.02211796246648794
1779965685,0.021876035797149487
1779965700,0.02253615876219307
1779965715,0.020933424845573097
1779965730,0.021746634449430445
1779965745,0.021335168616655197
1779965760,0.02480192903892525
1779965775,0.024104927330733782
1779965790,0.02445941155618575
1779965805,0.024595924104005622
1779965820,0.024912280701754386
1779965835,0.026933701657458564
1779965850,0.02865916069600819
1779965865,0.028660220994475138
1779965880,0.029830508474576273
1779965895,0.02846492714334124
1779965910,0.02912292583813072
1779965925,0.028862478777589136
1779965940,0.028436018957345974
1779965955,0.027673385719166384
1779965970,0.028130360205831907
1779965985,0.027064063035286055
1779966000,0.02677058624195188
1779966015,0.026218487394957985
1779966030,0.0262891809908999
1779966045,0.027392739273927394
1779966060,0.025016458196181698
1779966075,0.025867714472822528
1779966090,0.0277505713352922
1779966105,0.028022157054415117
1779966120,0.02686762778505898
1779966135,0.02450486740516952
1779966150,0.024201680672268907
1779966165,0.023494374586366645
1779966180,0.02232746955345061
1779966195,0.022812393598910453
1779966210,0.02291597475921621
1779966225,0.025446133509583607
1779966240,0.02652259332023576
1779966255,0.0271508014393196
1779966270,0.026367187500000003
1779966285,0.026771139405811297
1779966300,0.02718446601941748
1779966315,0.028191834089436166
1779966330,0.026239067055393587
1779966345,0.02624671916010499
1779966360,0.02585649644473174
1779966375,0.023011176857330704
1779966390,0.022749431264218398
1779966405,0.02324819908316961
1779966420,0.02319503430251552
1779966435,0.023412443874278384
1779966450,0.023322683706070286
1779966465,0.025
1779966480,0.02414681262073406
1779966495,0.023419955085017645
1779966510,0.021512385919165582
1779966525,0.01907267346267675
1779966540,0.019050802139037433
1779966555,0.018798254447801276
1779966570,0.019140362659503023
1779966585,0.020254033642293168
1779966600,0.020254033642293168
1779966615,0.019734603606668934
1779966630,0.019815510761872223
1779966645,0.019674355495251015
1779966660,0.02067796610169492
1779966675,0.021269524759056167
1779966690,0.02183984116479153
1779966705,0.021789369428854406
1779966720,0.022193211488250653
1779966735,0.021547502448579826
1779966750,0.02104922279792746
1779966765,0.02050624799743672
1779966780,0.02207792207792208
1779966795,0.02255400254129606
1779966810,0.02269900497512438
1779966825,0.023213194868662187
1779966840,0.022536057692307692
1779966855,0.021874076263671296
1779966870,0.021436848203939745
1779966885,0.020478800115373518
1779966900,0.021258503401360544
1779966915,0.020839121978327314
1779966930,0.02153762268266085
1779966945,0.021903731746890212
1779966960,0.02291070033845353
1779966975,0.021603331598125976
1779966990,0.020629190304280558
1779967005,0.020748987854251014
1779967020,0.020556530458761595
1779967035,0.020600645321419708
1779967050,0.02126099706744868
1779967065,0.02135738016136687
1779967080,0.02099056603773585
1779967095,0.020713463751438434
1779967110,0.02085242896425298
1779967125,0.0206536541080345
1779967140,0.020339740724184173
1779967155,0.020110497237569056
1779967170,0.020226185297955633
1779967185,0.020068317677198976
1779967200,0.020295983086680763
1779967215,0.019776982958131708
1779967230,0.01984797297297297
1779967245,0.020620748299319726
1779967260,0.02026143790849673
1779967275,0.019829424307036245
1779967290,0.020451640391989774
1779967305,0.02146652497343252
1779967320,0.02099236641221374
1779967335,0.02165058949624866
1779967350,0.022289547716944386
1779967365,0.022352430555555556
1779967380,0.022757401679186922
1779967395,0.02295805739514349
1779967410,0.02228105007721156
1779967425,0.022973271482217804
1779967440,0.023297491039426525
1779967455,0.02484613631183041
1779967470,0.025023169601482854
1779967485,0.0233590282644242
1779967500,0.025513819985825657
1779967515,0.02741702741702742
1779967530,0.026714801444043323
1779967545,0.0270723526593196
1779967560,0.026072529035316427
1779967575,0.026170468187274913
1779967590,0.02613282186526013
1779967605,0.02513291445142581
1779967620,0.024015369836695485
1779967635,0.023060293057890945
1779967650,0.021630615640599003
1779967665,0.021007400334208642
1779967680,0.021847542151507953
1779967695,0.02194949256549445
1779967710,0.022878932316491896
1779967725,0.023153507756425096
1779967740,0.022764609246655715
1779967755,0.022315202231520222
1779967770,0.022211938917167974
1779967785,0.022165781574694066
1779967800,0.02045977011494253
1779967815,0.01984663960306721
1779967830,0.01905402376148846
1779967845,0.01886368740175163
1779967860,0.0200089928057554
1779967875,0.020213490801726096
1779967890,0.021120293847566574
1779967905,0.021456288518603057
1779967920,0.022257551669316374
1779967935,0.02263892064943974
1779967950,0.02301207564365459
1779967965,0.022912885662431944
1779967980,0.022836263987211693
1779967995,0.022638022638022635
1779968010,0.022816317123761233
1779968025,0.022325581395348834
1779968040,0.022542412270508946
1779968055,0.023559598787030556
1779968070,0.024246704331450097
1779968085,0.024528301886792454
1779968100,0.023962040332147095
1779968115,0.023178807947019864
1779968130,0.024643633727953612
1779968145,0.02451923076923077
1779968160,0.025036109773712085
1779968175,0.02427415516420752
1779968190,0.02444233507356431
1779968205,0.024315391879131256
1779968220,0.024036173250832935
1779968235,0.023736055067647758
1779968250,0.0245413390517036
1779968265,0.02430806257521059
1779968280,0.02516175413371675
1779968295,0.024319768841801107
1779968310,0.024564750775101358
1779968325,0.026196713503215053
1779968340,0.025598483052856124
1779968355,0.023971797884841363
1779968370,0.023854069223573433
1779968385,0.024116132053383282
1779968400,0.025900635742877324
1779968415,0.02536747273589379
1779968430,0.024923583352927346
1779968445,0.024676850763807285
1779968460,0.024515526500116742
1779968475,0.02328316086547507
1779968490,0.022966507177033493
1779968505,0.02467065868263473
1779968520,0.02614535859918446
1779968535,0.02617801047120419
1779968550,0.02496998799519808
1779968565,0.024466298872631326
1779968580,0.02408202193609919
1779968595,0.023379127500602555
1779968610,0.023465276131784785
1779968625,0.02234371285951985
1779968640,0.02227602905569007
1779968655,0.02350945225399903
1779968670,0.024277737314882256
1779968685,0.023300970873786405
1779968700,0.02371354043158644
1779968715,0.023956356736242884
1779968730,0.023629489603024575
1779968745,0.024133811230585427
1779968760,0.024064808196330712
1779968775,0.02481507993319017
1779968790,0.02504681647940075
1779968805,0.023837074751215
1779968820,0.02403512826438641
1779968835,0.023738188522701084
1779968850,0.024210283606179387
1779968865,0.02493708533516358
1779968880,0.02521779000458505
1779968895,0.02471438563767778
1779968910,0.02484613631183041
1779968925,0.02465262214253698
1779968940,0.02369244523915959
1779968955,0.023390510135887724
1779968970,0.02389001577642551
1779968985,0.023695602642971065
1779969000,0.023863636363636365
1779969015,0.02458276950834461
1779969030,0.025703523155329047
1779969045,0.025473546701502283
1779969060,0.025523560209424083
1779969075,0.025010874293170948
1779969090,0.025629791894852136
1779969105,0.024206084832334
1779969120,0.024707996406109614
1779969135,0.025727069351230425
1779969150,0.02528837622005324
1779969165,0.0258792302587923
1779969180,0.02540106951871658
1779969195,0.025867937372362156
1779969210,0.026623073330219526
1779969225,0.027001643578304767
1779969240,0.027700831024930744
1779969255,0.027516778523489934
1779969270,0.027153349655018918
1779969285,0.027580071174377222
1779969300,0.027339408757501665
1779969315,0.02631578947368421
1779969330,0.026892655367231635
1779969345,0.026708918062471703
1779969360,0.02646797153024911
1779969375,0.02531366938146599
1779969390,0.025574897915323445
1779969405,0.025646460364561252
1779969420,0.02515851912456535
1779969435,0.0245495941397743
1779969450,0.025163273146369573
1779969465,0.024208566108007448
1779969480,0.02418083055896268
1779969495,0.024640317512816274
1779969510,0.024077300807856805
1779969525,0.024920706841866785
1779969540,0.02487996508075076
1779969555,0.02541899441340782
1779969570,0.02687599787120809
1779969585,0.026509386098427193
1779969600,0.0262998424433402
1779969615,0.02561427909133055
1779969630,0.025100401606425703
1779969645,0.02529079073738128
1779969660,0.0251909973157134
1779969675,0.02560526053601674
1779969690,0.02551069339215498
1779969705,0.025631500742942053
1779969720,0.02550838387442026
1779969735,0.026258961734473528
1779969750,0.026505619862439187
1779969765,0.02783815415482361
1779969780,0.02863418205482795
1779969795,0.02852804858558414
1779969810,0.02799622522805914
1779969825,0.027186120362481612
1779969840,0.02717101758124667
1779969855,0.027065314643602744
1779969870,0.02681260559759054
1779969885,0.027375082787548757
1779969900,0.026756580378507724
1779969915,0.027334353815875793
1779969930,0.026995896623713198
1779969945,0.026902934213358203
1779969960,0.026261768245204216
1779969975,0.026300984528832633
1779969990,0.02666853814302758
1779970005,0.02661113856144562
1779970020,0.026146592370338617
1779970035,0.025302998086327872
1779970050,0.025231465121209978
1779970065,0.024354191595692267
1779970080,0.02412924884599245
1779970095,0.024084507042253518
1779970110,0.02468435239040999
1779970125,0.024846474200607045
1779970140,0.02474642112078268
1779970155,0.024338546996053208
1779970170,0.02507791548887439
1779970185,0.024605948220526353
1779970200,0.02496582487948773
1779970215,0.024937298459333568
1779970230,0.024512975343253536
1779970245,0.02458957631371424
1779970260,0.02512343886145803
1779970275,0.02475938579090441
1779970290,0.024723247232472323
1779970305,0.024928930680078724
1779970320,0.025040387722132476
1779970335,0.024804370293813674
1779970350,0.024657735904607687
1779970365,0.025352733686067018
1779970380,0.025203799267070528
1779970395,0.025431290898274835
1779970410,0.025308000593736085
1779970425,0.026096111904940964
1779970440,0.025342566671578016
1779970455,0.025498241500586168
1779970470,0.024547993532265177
1779970485,0.02443485258614383
1779970500,0.024786137310813777
1779970515,0.025205114938280728
1779970530,0.025894049562249593
1779970545,0.026022030014045985
1779970560,0.026112674024381447
1779970575,0.026240730176839706
1779970590,0.026196544888133673
1779970605,0.02637331640928002
1779970620,0.026436376454000706
1779970635,0.027191185818207505
1779970650,0.02786825913861745
1779970665,0.02847594513680986
1779970680,0.027813756902310995
1779970695,0.028305756871325034
1779970710,0.028415300546448086
1779970725,0.02813246841925572
1779970740,0.027978708884946087
1779970755,0.028608942021974983
1779970770,0.028739660731809898
1779970785,0.02925513029894198
1779970800,0.028496117404003703
1779970815,0.028484159681772977
1779970830,0.02909090909090909
1779970845,0.02896276216293337
1779970860,0.028569372481289584
1779970875,0.02868911692441104
1779970890,0.029073551746582774
1779970905,0.029563824364669044
1779970920,0.029162210338680924
1779970935,0.02855515203304137
1779970950,0.027557649746555297
1779970965,0.026835043409629045
1779970980,0.026743350107836086
1779970995,0.026867816091954027
1779971010,0.02681660899653979
1779971025,0.026877470355731223
1779971040,0.027193172777898313
1779971055,0.02662445132042887
1779971070,0.026953793496862524
1779971085,0.02613556953179595
1779971100,0.026800670016750416
1779971115,0.026574394463667817
1779971130,0.026714651532978063
1779971145,0.026545581557806498
1779971160,0.02702702702702703
1779971175,0.02673385121422073
1779971190,0.026429840142095918
1779971205,0.026363892013498313
1779971220,0.026525198938992044
1779971235,0.026818309463633807
1779971250,0.026409557744707605
1779971265,0.02679581447963801
1779971280,0.026974813966800227
1779971295,0.026334469051675188
1779971310,0.025834154582570743
1779971325,0.026193820224719104
1779971340,0.026641091219096334
1779971355,0.026490066225165566
1779971370,0.026892986867840182
1779971385,0.027978402636561255
1779971400,0.02742689650359411
1779971415,0.02682824320537966
1779971430,0.026719966337050285
1779971445,0.0270042194092827
1779971460,0.02718609865470852
1779971475,0.02745644599303136
1779971490,0.027770025118615687
1779971505,0.027938410088483242
1779971520,0.02743314033636614
1779971535,0.027335640138408304
1779971550,0.027919834139599174
1779971565,0.027645966577264282
1779971580,0.02747101049144119
1779971595,0.027570321770084453
1779971610,0.027889005971197752
1779971625,0.0277406181792579
1779971640,0.027600700525394043
1779971655,0.026894178779580086
1779971670,0.02625148362773162
1779971685,0.026097439897879583
1779971700,0.025876817792985455
1779971715,0.026259607173356105
1779971730,0.026298955149619732
1779971745,0.024992879521503846
1779971760,0.02512097922003985
1779971775,0.0244131455399061
1779971790,0.023989082812612222
1779971805,0.023333819454571973
1779971820,0.023036030714707615
1779971835,0.02305970149253731
1779971850,0.02215448665526726
1779971865,0.02215613382899628
1779971880,0.021677802524127692
1779971895,0.021992522542335607
1779971910,0.02217712711987244
1779971925,0.021607857402691884
1779971940,0.021273484903867244
1779971955,0.02186240859573198
1779971970,0.02200525722868945
1779971985,0.022164758034724785
1779972000,0.022488643979447463
1779972015,0.02295937383525904
1779972030,0.02304113433276715
1779972045,0.023364485981308407
1779972060,0.02339094159713945
1779972075,0.02402161214953271
1779972090,0.023914968999114262
1779972105,0.024893209603770804
1779972120,0.02499273467015402
1779972120,0.02499273467015402
1779972135,0.025409414702210472
1779972150,0.02554287817445712
1779972165,0.026252285191956125
1779972180,0.026255958929226258
1779972195,0.02591729761211415
1779972210,0.026049738026713894
1779972225,0.025924005629212647
1779972240,0.02566176470588235
1779972255,0.02506156743444879
1779972270,0.026046511627906978
1779972285,0.0252209527915499
1779972300,0.025116948542641238
1779972315,0.02454162802311479
1779972330,0.024873854026010944
1779972345,0.025312875627518914
1779972360,0.02567019839294603
1779972375,0.02529127593066212
1779972390,0.02489656156370381
1779972405,0.02475629427028543
1779972420,0.024878015256683386
1779972435,0.02481321543628761
1779972450,0.02496259012379268
1779972465,0.024913447831104475
1779972480,0.025055218111540583
1779972495,0.02489655172413793
1779972510,0.02456797834686654
1779972525,0.024651734498770828
1779972540,0.024952015355086374
1779972555,0.024874250671811475
1779972570,0.024805102763997163
1779972585,0.025084317032040473
1779972600,0.024803260258572234
1779972615,0.0248899790779886
1779972630,0.023987245452569025
1779972645,0.023799158322449568
1779972660,0.023519350010690613
1779972675,0.024110136243669304
1779972690,0.02473319873089126
1779972705,0.024050999710228917
1779972720,0.023330417031204434
1779972735,0.023315681082671375
1779972750,0.022681489218831605
1779972765,0.022905856189770202
1779972780,0.023761788074552606
1779972795,0.023913850724099517
1779972810,0.024499376512873174
1779972825,0.024503653406155432
1779972840,0.02451125592417062
1779972855,0.02442793024795821
1779972870,0.02528853929280306
1779972885,0.025480554313813145
1779972900,0.025020296700863535
1779972915,0.025585879560961134
1779972930,0.026335256694777338
1779972945,0.026725557718221285
1779972960,0.026802567006417515
1779972975,0.0261094618253787
1779972990,0.02574881765633211
1779973005,0.026385224274406333
1779973020,0.026810454579495244
1779973035,0.027128917800118273
1779973050,0.02737614678899082
1779973065,0.02738411573664009
1779973080,0.027186761229314422
1779973095,0.026709085528262802
1779973110,0.02625511342506508
1779973125,0.026480573368540178
1779973140,0.025631245709054843
1779973155,0.025770051845074714
1779973170,0.024828511780495076
1779973185,0.02495530393325387
1779973200,0.024388424821002386
1779973215,0.023986461629019202
1779973230,0.024211670895251905
1779973245,0.023878228249891793
1779973260,0.024210827024710755
1779973275,0.024398995335486187
1779973290,0.024479017984584645
1779973305,0.023850574712643676
1779973320,0.022920570851953294
1779973335,0.02299519720564692
1779973350,0.02276493048051293
1779973365,0.022404136148211976
1779973380,0.022701149425287358
1779973395,0.023015294974508375
1779973410,0.02328608620190917
1779973425,0.023664785062961356
1779973440,0.024474269719371278
1779973455,0.02519035081477265
1779973470,0.0264402407566638
1779973485,0.02721379212082354
1779973500,0.027560992758208537
1779973515,0.0279020979020979
1779973530,0.02710434098548237
1779973545,0.02700391877449234
1779973560,0.02682510317347375
1779973575,0.027515108425168855
1779973590,0.027945673042736256
1779973605,0.028494661670084142
1779973620,0.02890052356020942
1779973635,0.028478781897645567
1779973650,0.028577476714648605
1779973665,0.02909572983533352
1779973680,0.028086355061831905
1779973695,0.028573414905450505
1779973710,0.028174878556557946
1779973725,0.028430418462394
1779973740,0.02813123323474792
1779973755,0.027794977640178877
1779973770,0.027013956059140528
1779973785,0.026436700360500456
1779973800,0.026480193099531445
1779973815,0.02699237946015241
1779973830,0.02655359377172251
1779973845,0.026472026262485158
1779973860,0.026396434043738683
1779973875,0.025989409141583056
1779973890,0.02527227031555431
1779973905,0.025608554945828057
1779973920,0.025454025454025454
1779973935,0.02595666854248734
1779973950,0.025815981992121553
1779973965,0.025081479382173727
1779973980,0.025250417362270447
1779973995,0.025411270563528175
1779974010,0.025783584682743763
1779974025,0.02504722591478346
1779974040,0.024819686041578276
1779974055,0.024816694867456288
1779974070,0.02454117150692638
1779974085,0.02547281736338893
1779974100,0.025151046789377546
1779974115,0.02508858965272856
1779974130,0.025180112704187175
1779974145,0.025922160906186466
1779974160,0.025948821161587116
1779974175,0.026139071413098416
1779974190,0.025909752547307128
1779974205,0.026373306134343577
1779974220,0.025882694120205895
1779974235,0.025909023995289264
1779974250,0.025860795034727352
1779974265,0.025598678777869522
1779974280,0.025896111786148236
1779974295,0.02583053946967388
1779974310,0.025505918289423442
1779974325,0.025494672754946726
1779974340,0.025357307514983864
1779974355,0.025456254405890184
1779974370,0.025064018002638314
1779974385,0.024456102453325104
1779974400,0.0248041775456919
1779974415,0.024628675356168535
1779974430,0.023847137591213423
1779974445,0.02339401233639235
1779974460,0.023314094775212634
1779974475,0.023822168272513464
1779974490,0.02369170790223422
1779974505,0.024028478196380897
1779974520,0.024020041261420568
1779974535,0.024498724024790374
1779974550,0.02461139896373057
1779974565,0.0245895711289506
1779974580,0.024326672458731536
1779974595,0.02497429117085353
1779974610,0.024836125273124544
1779974625,0.025096525096525095
1779974640,0.025022908296327622
1779974655,0.025162507863283706
1779974670,0.0262861169837914
1779974685,0.025583671186914583
1779974700,0.025946405784772437
1779974715,0.027231892195395842
1779974730,0.02754666853107739
1779974745,0.028202278410669628
1779974760,0.027599530807976263
1779974775,0.027417917609157582
1779974790,0.02766118488956169
1779974805,0.02692786930638239
1779974820,0.026932493878978662
1779974835,0.026812313803376366
1779974850,0.02667040988208871
1779974865,0.026894523042442917
1779974880,0.027043851155069857
1779974895,0.02689655172413793
1779974910,0.027351381523862683
1779974925,0.02744437425422896
1779974940,0.027474462839027824
1779974955,0.027257729000789037
1779974970,0.02688979475076879
1779974985,0.026996305768684285
1779975000,0.026197764647255636
1779975015,0.024915631507144397
1779975030,0.024755700325732898
1779975045,0.02430505021103187
1779975060,0.024177739054672184
1779975075,0.025344271901552886
1779975090,0.02523966446974236
1779975105,0.025567974285923004
1779975120,0.025872093023255813
1779975135,0.026673413329478094
1779975150,0.026124197002141324
1779975165,0.02621456047870067
1779975180,0.026134607278347616
1779975195,0.025804171085189113
1779975210,0.026257581163039598
1779975225,0.0257981755986317
1779975240,0.025619128949615714
1779975255,0.02550553089551187
1779975270,0.02552594670406732
1779975285,0.025970379729065768
1779975300,0.025928521373510864
1779975315,0.025590689195821355
1779975330,0.02637300974959669
1779975345,0.026246904846126632
1779975360,0.025532215856849845
1779975375,0.02515027983141021
1779975390,0.025309414545960227
1779975405,0.025237695749440712
1779975420,0.025165562913907282
1779975435,0.02467735073039285
1779975450,0.024395432948017867
1779975465,0.025236821172897533
1779975480,0.02564849897988925
1779975495,0.02534296028880867
1779975510,0.025235432607416123
1779975525,0.02462725317112974
1779975540,0.025253277711561387
1779975555,0.02533969886154976
1779975570,0.025773576545306844
1779975585,0.025826138731765404
1779975600,0.02676472818257639
1779975615,0.026590274717202877
1779975630,0.026266006984866128
1779975645,0.026686807653575024
1779975660,0.027046468134081424
1779975675,0.02738034715665626
1779975690,0.027593254982115484
1779975705,0.027205455600696458
1779975720,0.027337303580397505
1779975735,0.027956527956527956
1779975750,0.027325868018874568
1779975765,0.027571208081941915
1779975780,0.026963004249982582
1779975795,0.027986633249791146
1779975810,0.0279298634694019
1779975825,0.028244695508404524
1779975840,0.028455563956285655
1779975855,0.02853195164075993
1779975870,0.028884599476078864
1779975885,0.028138082492622334
1779975900,0.02901128977078344
1779975915,0.028535980148883373
1779975930,0.02829532814238042
1779975945,0.028281825914374822
1779975960,0.028175088047150146
1779975975,0.027724597603346803
1779975990,0.02793296089385475
1779976005,0.027714137905550218
1779976020,0.027035012557246267
1779976035,0.02773222006858506
1779976050,0.027985215357924115
1779976065,0.027990970654627544
1779976080,0.027682178662277422
1779976095,0.027020974845114572
1779976110,0.026988315114964193
1779976125,0.026526412074091014
1779976140,0.025913110342176086
1779976155,0.025772800490910484
1779976170,0.02666666666666666
1779976185,0.0261090573012939
1779976200,0.02585410895660203
1779976215,0.025777507413884872
1779976230,0.025834718235382987
1779976245,0.025832203645127276
1779976260,0.02614719904648391
1779976275,0.026078533641308393
1779976290,0.0266676355180933
1779976305,0.027647101396829993
1779976320,0.027568740955137477
1779976335,0.02723846099139464
1779976350,0.026948853615520282
1779976365,0.027036566426655372
1779976380,0.028082431016416345
1779976395,0.028017842207973237
1779976410,0.028184581376070737
1779976425,0.02844474761255116
1779976440,0.028522571819425444
1779976455,0.028435063189029313
1779976470,0.02789598108747045
1779976485,0.02848829340912167
1779976500,0.029005335887262274
1779976515,0.029096161782913743
1779976530,0.028827452070019452
1779976545,0.029615142837186564
1779976560,0.029571556289113548
1779976575,0.029126875852660303
1779976590,0.02917790223328494
1779976605,0.029022828507795098
1779976620,0.029287835877598947
1779976635,0.029411764705882353
1779976650,0.029773324806366804
1779976665,0.028988603988603992
1779976680,0.02870475113122172
1779976695,0.028802751307587592
1779976710,0.028972972972972976
1779976725,0.02901396160558464
1779976740,0.029204654955155288
1779976755,0.029153863448999475
1779976770,0.028773234200743493
1779976785,0.02797202797202797
1779976800,0.028511246520725193
1779976815,0.028307464892830744
1779976830,0.027829313543599257
1779976845,0.02761487640115804
1779976860,0.027094868955334073
1779976875,0.027164310954063603
1779976890,0.026426907396622012
1779976905,0.025438221462163315
1779976920,0.024379932356257045
1779976935,0.02393197558801344
1779976950,0.023325960184998995
1779976965,0.02326818242255019
1779976980,0.02339829238089031
1779976995,0.02286401925391095
1779977010,0.022802500919455678
1779977025,0.022736619470066388
1779977040,0.022490863086870958
1779977055,0.022464003464328246
1779977070,0.022022925068987478
1779977085,0.021988089784699957
1779977100,0.022015366430260048
1779977115,0.02174637163930526
1779977130,0.0216982430386715
1779977145,0.021754572900017758
1779977160,0.02169488589615901
1779977175,0.022225044450088903
1779977190,0.02192513368983957
1779977205,0.02254673834550269
1779977220,0.02248250923669523
1779977235,0.02268394225905607
1779977250,0.02313752485849778
1779977265,0.02300264698206763
1779977280,0.023200987913033714
1779977295,0.023888423582535234
1779977310,0.024575210159184402
1779977325,0.02466982307500623
1779977340,0.024910145546421836
1779977355,0.02550947187141217
1779977370,0.02558139534883721
1779977385,0.025979061651803022
1779977400,0.025631972885185705
1779977415,0.02542010823127314
1779977430,0.025282601718789
1779977445,0.0253480009968315
1779977460,0.025425233478924756
1779977475,0.025461056401074305
1779977490,0.025681492109038737
1779977505,0.025348089967868616
1779977520,0.02551351351351351
1779977535,0.02563825961884214
1779977550,0.025592109999280112
1779977565,0.02534703443302686
1779977580,0.025507435145989358
1779977595,0.025039918710988533
1779977610,0.024747070383579588
1779977625,0.024140693271191376
1779977640,0.023910444516900334
1779977655,0.023685252510708757
1779977670,0.02367543135918499
1779977685,0.02348739041021755
1779977700,0.023637976929902396
1779977715,0.02408305979734551
1779977730,0.02417090249884477
1779977745,0.024182983394115353
1779977760,0.024639784755903286
1779977775,0.024710479073533034
1779977790,0.024854314400056168
1779977805,0.025250052458557735
1779977820,0.025289998954958717
1779977835,0.025244469103266522
1779977850,0.025117468214483143
1779977865,0.025602671583121715
1779977880,0.025213557453844036
1779977895,0.02458139133436906
1779977910,0.02472413793103448
1779977925,0.02485323584209231
1779977940,0.02459497737400255
1779977955,0.024623708122355554
1779977970,0.024236147074054894
1779977985,0.02407867567283799
1779978000,0.023749785186458153
1779978015,0.024275994119054945
1779978030,0.02454304498984544
1779978045,0.024024441049854187
1779978060,0.02374234395430459
1779978075,0.023397867274044935
1779978090,0.02313185856122627
1779978105,0.02275174545833478
1779978120,0.022435785427223482
1779978135,0.022179907613103424
1779978150,0.022212775002657028
1779978165,0.022240322980486595
1779978180,0.022597864768683276
1779978195,0.02317822028183012
1779978210,0.022995407983044863
1779978225,0.023249309512988148
1779978240,0.023120988335979017
1779978255,0.023403889175701256
1779978270,0.023876835042065468
1779978285,0.023919700578428037
1779978300,0.02439106672964038
1779978315,0.024427071100224806
1779978330,0.024490214161287018
1779978345,0.024768534162330203
1779978360,0.025016926201760326
1779978375,0.025375329161109406
1779978390,0.025238095238095243
1779978405,0.025482832618025753
1779978420,0.026333696243875885
1779978435,0.025970058050717997
1779978450,0.02631400933504701
1779978465,0.026266541906162278
1779978480,0.026276351283844545
1779978495,0.026344231288840857
1779978510,0.026506996770721204
1779978525,0.026593782487675643
1779978540,0.02669328100683402
1779978555,0.026499447208402433
1779978570,0.026098901098901103
1779978585,0.026768113435932907
1779978600,0.026481055055474146
1779978615,0.026767160919945056
1779978630,0.027122102226756248
1779978645,0.027268928049035315
1779978660,0.026460744666015897
1779978675,0.026965505165470145
1779978690,0.02689383272317657
1779978705,0.026399491094147586
1779978720,0.02639150356977942
1779978735,0.026566878303124892
1779978750,0.02618605315804515
1779978765,0.02574816084565388
1779978780,0.025444380733944953
1779978795,0.025464877890875082
1779978810,0.02538238638447713
1779978825,0.025255972696245733
1779978840,0.025885411025668797
1779978855,0.0259711995357104
1779978870,0.02590392000579668
1779978885,0.025565423753191187
1779978900,0.02500449074905694
1779978915,0.025047547278142606
1779978930,0.025041139014094584
1779978945,0.02527218977575888
1779978960,0.025381605386540697
1779978975,0.02544765717145002
1779978990,0.02583694647807236
1779979005,0.026041666666666668
1779979020,0.025757146900651007
1779979035,0.026249867692199134
1779979050,0.027163503395437924
1779979065,0.027312032057365807
1779979080,0.027415794345937477
1779979095,0.02682437427394656
1779979110,0.027170077628793223
1779979125,0.0273171768707483
1779979140,0.02731249333191081
1779979155,0.027292186942561546
1779979170,0.02762945708654363
1779979185,0.027444500323299086
1779979200,0.027317001721044346
1779979215,0.02720593584054703
1779979230,0.026458715596330278
1779979245,0.026229873117162572
1779979260,0.026183738917185433
1779979275,0.025610348824167194
1779979290,0.025686149698580896
1779979305,0.025995743387047732
1779979320,0.025525186356449063
1779979335,0.025245333846449877
1779979350,0.024624390243902436
1779979365,0.02421241422333125
1779979380,0.024413986449653455
1779979395,0.024448724499823115
1779979410,0.024041688050215147
1779979425,0.02412530992955252
1779979440,0.024229850863115045
1779979455,0.024030670724477295
1779979470,0.023904539886996718
1779979485,0.023758527685229253
1779979500,0.023467099667517203
1779979515,0.02395045274587432
1779979530,0.024440713700074182
1779979545,0.024299355640090056
1779979560,0.024758755910960748
1779979575,0.024761683329458262
1779979590,0.02473566411978081
1779979605,0.025013531276579293
1779979620,0.025152439024390245
1779979635,0.025131568911600947
1779979650,0.025066666666666668
1779979665,0.02534632364134572
1779979680,0.025524329654492355
1779979695,0.02520658024410583
1779979710,0.02524756217401164
1779979725,0.025187023044246453
1779979740,0.024803837715220704
1779979755,0.025022475277195085
1779979770,0.025181327877998885
1779979785,0.02557838238015917
1779979800,0.025715227664016998
1779979815,0.025171540747807582
1779979830,0.02536632059494883
1779979845,0.02536178381571175
1779979860,0.0248558288926199
1779979875,0.024974291170853535
1779979890,0.02464096188815082
1779979905,0.024291348741199457
1779979920,0.024334989769073372
1779979935,0.0239333259578862
1779979950,0.023678615937248005
1779979965,0.023430931754212816
1779979980,0.02357428260079913
1779979995,0.023588970271434726
1779980010,0.02320453970434091
1779980025,0.022896641105950966
1779980040,0.022348375970106346
1779980055,0.022305637767992492
1779980070,0.021322653966879532
1779980085,0.021271235243305497
1779980100,0.021597002864908545
1779980115,0.02142492152711877
1779980130,0.02155420991926182
1779980145,0.021905648221060923
1779980160,0.022145229846054937
1779980175,0.0222340994120791
1779980190,0.02257376466405972
1779980205,0.02240340304856434
1779980220,0.02210160351922804
1779980235,0.0226417772730499
1779980250,0.022299676352384678
1779980265,0.022368747562834555
1779980280,0.022567899476737978
1779980295,0.02258064516129032
1779980310,0.02271839835291612
1779980325,0.023036199742452423
1779980340,0.023497111887613203
1779980355,0.023676144170806462
1779980370,0.02409983194479208
1779980385,0.023622047244094488
1779980400,0.023874853009300506
1779980415,0.024174339649472073
1779980430,0.024195290559516094
1779980445,0.024685591088753144
1779980460,0.024312517903179606
1779980475,0.024880757457108285
1779980490,0.024374483971712678
1779980505,0.024380638693971068
1779980520,0.024439188704938004
1779980535,0.02418473470826723
1779980550,0.024224667714734888
1779980565,0.02423240094916229
1779980580,0.02432259441007041
1779980595,0.024637012318506162
1779980610,0.024621143947302117
1779980625,0.024870615296147213
1779980640,0.024845170403100216
1779980655,0.02451087351807404
1779980670,0.02470830473575841
1779980685,0.024794585007420277
1779980700,0.024670369111035553
1779980715,0.02475373486968849
1779980730,0.024360360360360368
1779980745,0.024022062558966543
1779980760,0.024260913779327382
1779980775,0.02378599919493541
1779980790,0.024308865586272644
1779980805,0.024558316838941423
1779980820,0.024944385689799786
1779980835,0.025457875457875458
1779980850,0.025437727122563595
1779980865,0.025198115619179784
1779980880,0.025574209879760265
1779980895,0.025534902627397365
1779980910,0.02558361474086037
1779980925,0.025585809183152057
1779980940,0.025662371507166645
1779980955,0.025610331193093194
1779980970,0.025520605795835153
1779980985,0.025470048097944904
1779981000,0.025457467402023447
1779981015,0.025447830101569712
1779981030,0.025579882939518753
1779981045,0.02577955039883974
1779981060,0.025987150797661156
1779981075,0.02591551326412918
1779981090,0.025585585585585588
1779981105,0.025885411025668797
1779981120,0.025614123946311636
1779981135,0.02610825020706543
1779981150,0.026217775505732854
1779981165,0.025516358983732407
1779981180,0.025197879602062302
1779981195,0.025102201821702644
1779981210,0.02484539437995009
1779981225,0.025108695652173916
1779981240,0.024892049784099566
1779981255,0.025495040641672934
1779981270,0.02585656522664397
1779981285,0.026139148346769902
1779981300,0.026310175638199533
1779981315,0.02684444444444444
1779981330,0.026264279867610943
1779981345,0.026089429160446435
1779981360,0.025773195876288655
1779981375,0.02554269429687225
1779981390,0.025655483507189176
1779981405,0.024989514888857825
1779981420,0.024879108557011705
1779981435,0.024658493870402805
1779981450,0.025304493910121798
1779981465,0.025568583133210906
1779981480,0.025510744151582516
1779981495,0.02542972342081064
1779981510,0.02559757087879109
1779981525,0.02506080152268161
1779981540,0.02495385489138151
1779981555,0.024430083090689583
1779981570,0.023902247311443782
1779981585,0.023695825193546054
1779981600,0.023414599270751412
1779981615,0.02371010493446135
1779981630,0.02361131046361418
1779981645,0.0240860522460065
1779981660,0.024477417957326983
1779981675,0.02392327180600796
1779981690,0.024071851932656995
1779981705,0.024228200036107598
1779981720,0.02370462076248042
1779981735,0.02349324843561313
1779981750,0.023176500788441086
1779981765,0.023146259134240885
1779981780,0.023438069548735143
1779981795,0.024013038754074612
1779981810,0.024241322914773756
1779981825,0.0241056124867802
1779981840,0.024522664334645096
1779981855,0.024723772016190786
1779981870,0.024850136239782016
1779981885,0.024633388716318715
1779981900,0.024910775442517755
1779981915,0.024576301680400134
1779981930,0.024522087778334645
1779981945,0.02431072365156992
1779981960,0.02433342889908257
1779981975,0.02453965751952425
1779981990,0.024620537304924105
1779982005,0.0248085541871052
1779982020,0.025371331106531163
1779982035,0.025627448903950016
1779982050,0.025369682528558413
1779982065,0.025597926953111323
1779982080,0.025392943207567523
1779982095,0.0255722460658083
1779982110,0.025325022261798755
1779982125,0.02555119085536327
1779982140,0.02594803245291111
1779982155,0.02541827541827542
1779982170,0.025756600128783
1779982185,0.026186173416959002
1779982200,0.026847326049453706
1779982215,0.026160186346532877
1779982230,0.026391176681228964
1779982245,0.02634589261457067
1779982260,0.02680235058047871
1779982275,0.02657819225251076
1779982290,0.026596313594067524
1779982305,0.026519180316244773
1779982320,0.026116349404020637
1779982335,0.026167175277982395
1779982350,0.026513113048469844
1779982365,0.026459171681920163
1779982380,0.02643612460703058
1779982395,0.026682053434046716
1779982410,0.027011034146681056
1779982425,0.027550596063210427
1779982440,0.027859389582109154
1779982455,0.028077307334550588
1779982470,0.027697149851372616
1779982485,0.027134711822490897
1779982500,0.026512297047338495
1779982515,0.02710286770241599
1779982530,0.026870936505740767
1779982545,0.027054654490936348
1779982560,0.02631489708026722
1779982575,0.026527358458563723
1779982590,0.026350775524117947
1779982605,0.026227830832196455
1779982620,0.026403652221313714
1779982635,0.02603014733403654
1779982650,0.02570756349041589
1779982665,0.025898842169408902
1779982680,0.025811058967557646
1779982695,0.025846550962877423
1779982710,0.025004212299915753
1779982725,0.024148986970461833
1779982740,0.024007956922865864
1779982755,0.02401559987684308
1779982770,0.023874557410217503
1779982785,0.024524083734164353
1779982800,0.024484667368492544
1779982815,0.024269186006709114
1779982830,0.02434056421224157
1779982845,0.024787120350260282
1779982860,0.024842353267271848
1779982875,0.025424318308291595
1779982890,0.025641025641025644
1779982905,0.02542638903421576
1779982920,0.02557036210144422
1779982935,0.025625828045464052
1779982950,0.026106073097004672
1779982965,0.025981704984174462
1779982980,0.026079670425583915
1779982995,0.02610511660285416
1779983010,0.02637462446726752
1779983025,0.026371491030223116
1779983040,0.026099232172984883
1779983055,0.025970898833889443
1779983070,0.026134752998928333
1779983085,0.026073407202216067
1779983100,0.02620737406958629
1779983115,0.025942580421999307
1779983130,0.02559483344663494
1779983145,0.025074098047899705
1779983160,0.025047709923664122
1779983175,0.024793669123390958
1779983190,0.02468255584979969
1779983205,0.024551592443565435
1779983220,0.024256918346429793
1779983235,0.02437519284171552
1779983250,0.02400870570631844
1779983265,0.0239574395057491
1779983280,0.023734285910558494
1779983295,0.023404108644698742
1779983310,0.023814356268182128
1779983325,0.023217304308828096
1779983340,0.02362586045868069
1779983355,0.023851498496318572
1779983370,0.023487762535316745
1779983385,0.023583111449220238
1779983400,0.023292949630298192
1779983415,0.023378976342287725
1779983430,0.023980068514481468
1779983445,0.023831091909971434
1779983460,0.023528181532991736
1779983475,0.02427857935627081
1779983490,0.02434201554616119
1779983505,0.024379310344827588
1779983520,0.02484408196833664
1779983535,0.024557083247828168
1779983550,0.024952999487267133
1779983565,0.025516444686055993
1779983580,0.02522920203735144
1779983595,0.025594955590209505
1779983610,0.025654059915954996
1779983625,0.025993000577622237
1779983640,0.02585329442898826
1779983655,0.02555015525853922
1779983670,0.025961797148237823
1779983685,0.02605983364636437
1779983700,0.0265966288772898
1779983715,0.026591673045561953
1779983730,0.026676351150582724
1779983745,0.027142904257775137
1779983760,0.02732529324301999
1779983775,0.02671324018629408
1779983790,0.026868345108966064
1779983805,0.027437611703183956
1779983820,0.02749480763524874
1779983835,0.028030530280305305
1779983850,0.027760273291101454
1779983865,0.02763476932274886
1779983880,0.027881227981882233
1779983895,0.028795285609053773
1779983910,0.03231223968829773
1779983925,0.03315996952330474
1779983940,0.03302746215258223
1779983955,0.032866182950667594
1779983970,0.03287939715473254
1779983985,0.03228956228956229
1779984000,0.03271673573907476
1779984015,0.03239154767153953
1779984030,0.032028715400013806
1779984045,0.031797266671245106
1779984060,0.031949979387110077
1779984075,0.03194866133038918
1779984090,0.03136640557006092
1779984105,0.031486982351913335
1779984120,0.030963543488909104
1779984135,0.030881527231892195
1779984150,0.0317045210288744
1779984165,0.03131655203714695
1779984180,0.03114404558006222
1779984195,0.0280869290453955
1779984210,0.025158786167960478
1779984225,0.025334421459745238
1779984240,0.025235471832237424
1779984255,0.025109633611543357
1779984270,0.024621345544205704
1779984285,0.024752824858757058
1779984300,0.02435387673956262
1779984315,0.024349731410800112
1779984330,0.02458671896889885
1779984345,0.024631571612723405
1779984360,0.024579018931074153
1779984375,0.02467975494291284
1779984390,0.02458360860947877
1779984405,0.024430194465741968
1779984420,0.02396928610957388
1779984435,0.02344049319076312
1779984450,0.02317650334075724
1779984465,0.022902898702751848
1779984480,0.022771860986547085
1779984495,0.02291207276736494
1779984510,0.022604541678205484
1779984525,0.02238314680710994
1779984540,0.02249319692742241
1779984555,0.02295238745815971
1779984570,0.023316331841365674
1779984585,0.02353267849085419
1779984600,0.0231980115990058
1779984615,0.023580665237535443
1779984630,0.02349247964675038
1779984645,0.02355654969942681
1779984660,0.023835206513796586
1779984675,0.023381916142847278
1779984690,0.023273855702094646
1779984705,0.02353270766213755
1779984720,0.023694822110409307
1779984735,0.023942425838160433
1779984750,0.02420292407961952
1779984765,0.02391939972522633
1779984780,0.024106576443222668
1779984795,0.024109686609686612
1779984810,0.024629133154602325
1779984825,0.02434645216891698
1779984840,0.02448319252202049
1779984855,0.023897786575490368
1779984870,0.024247220923121197
1779984885,0.02432333577176298
1779984900,0.023988555918277515
1779984915,0.023867224792538735
1779984930,0.023093174036570262
1779984945,0.023272806985495595
1779984960,0.02306249310332144
1779984975,0.023255813953488372
1779984990,0.023437216558429775
1779985005,0.023309595477571398
1779985020,0.02310901103769058
1779985035,0.022738999041792583
1779985050,0.02397598740803104
1779985065,0.024090677163058533
1779985080,0.02451265638638347
1779985095,0.02410074545849316
1779985110,0.02423675788413823
1779985125,0.02454611474219318
1779985140,0.02445494186046512
1779985155,0.024344569288389517
1779985170,0.023684116234906304
1779985185,0.02389964312750081
1779985200,0.023628938156359396
1779985215,0.02397788865357694
1779985230,0.024216984178237
1779985245,0.024603881075307105
1779985260,0.024266466530860228
1779985275,0.02415786468741079
1779985290,0.023675633081414092
1779985305,0.023722825107257456
1779985320,0.02390046927862054
1779985335,0.0237741456166419
1779985350,0.02270953090625222
1779985365,0.02326164874551971
1779985380,0.02348560790491193
1779985395,0.02360792192881745
1779985410,0.024003976990270574
1779985425,0.02401433691756272
1779985440,0.024271671134941913
1779985455,0.024646003495381104
1779985470,0.02467035304125904
1779985485,0.024587803297573624
1779985500,0.024927599985336706
1779985515,0.024722411872507098
1779985530,0.02508604477876734
1779985545,0.024713811918262545
1779985560,0.024924658748448857
1779985575,0.025050490734507314
1779985590,0.02548259852689636
1779985605,0.02562746756909193
1779985620,0.025691353264869793
1779985635,0.025576800959571017
1779985650,0.02512144344205413
1779985665,0.024851824893417907
1779985680,0.02554006968641115
1779985695,0.025751368471787103
1779985710,0.025582834743140083
1779985725,0.02592490716545179
1779985740,0.0261590084229268
1779985755,0.026687491511612114
1779985770,0.026889903602232368
1779985785,0.026826981043606403
1779985800,0.026975146494241257
1779985815,0.026949637864241198
1779985830,0.026913916298060562
1779985845,0.027273336460497215
1779985860,0.027200975576708104
1779985875,0.027515483805462482
1779985890,0.027779666780006797
1779985905,0.027647137866165006
1779985920,0.027356647126204437
1779985935,0.02771977096665544
1779985950,0.028378517325290467
1779985965,0.02769773197274299
1779985980,0.02729261432688635
1779985995,0.027808294424608623
1779986010,0.02772750554891583
1779986025,0.027027958768573102
1779986040,0.02667311612479701
1779986055,0.025609713548026936
1779986070,0.025665069111620475
1779986085,0.025725593667546173
1779986100,0.02588031222896791
1779986115,0.026156801117513527
1779986130,0.026603575184016823
1779986145,0.025684508037449212
1779986160,0.025557752047444225
1779986175,0.025167903852951576
1779986190,0.02463696602283942
1779986205,0.024283495693915007
1779986220,0.024459246526285634
1779986235,0.023707817172148652
1779986250,0.02329479970663221
1779986265,0.023405313254723684
1779986280,0.02250097445164948
1779986295,0.023055467288069766
1779986310,0.022830081990387337
1779986325,0.023352085765842266
1779986340,0.023562243888653387
1779986355,0.023637650389242752
1779986370,0.023728456597283166
1779986385,0.023844954648526075
1779986400,0.023745392685001417
1779986415,0.023588879528222407
1779986430,0.023821836108525528
1779986445,0.023947209706602333
1779986460,0.023805380572860475
1779986475,0.02436235098419739
1779986490,0.024824908120102625
1779986505,0.02460633327565322
1779986520,0.024500277623542472
1779986535,0.024971065829621573
1779986550,0.025303713988198542
1779986565,0.02516358067659752
1779986580,0.025034867503486748
1779986595,0.025020908837468638
1779986610,0.024458396577894302
1779986625,0.024250518398762876
1779986640,0.024389391662881302
1779986655,0.024799441925357515
1779986670,0.02485165794066318
1779986685,0.02498255408234473
1779986700,0.02500174837401217
1779986715,0.024610162299777236
1779986730,0.02444200771108203
1779986745,0.024528037055231943
1779986760,0.024699670434813425
1779986775,0.02380698195793744
1779986790,0.023990847009188746
1779986805,0.023692318589085243
1779986820,0.02415026833631485
1779986835,0.024795147387464085
1779986850,0.024766472209298163
1779986865,0.02486353231202676
1779986880,0.02477895426263508
1779986895,0.024652271352851196
1779986910,0.024892309865122517
1779986925,0.025447690857681435
1779986940,0.02568904593639576
1779986955,0.02500971422515808
1779986970,0.02495669694934427
1779986985,0.025062304749201444
1779987000,0.024990224307703243
1779987015,0.024850469951580745
1779987030,0.025147823609033264
1779987045,0.024868416404676956
1779987060,0.02466143977191732
1779987075,0.024888505251043015
1779987090,0.024932638764145858
1779987105,0.02498836501628898
1779987120,0.02444468445116463
1779987135,0.02406773554314538
1779987150,0.024166998299627367
1779987165,0.024046434494195686
1779987180,0.023975698839185624
1779987195,0.024182648401826483
1779987210,0.024079580075615756
1779987225,0.023873546511627902
1779987240,0.02395666715137414
1779987255,0.0239549602590521
1779987270,0.023823507818809188
1779987285,0.023942888522789675
1779987300,0.024231060469476793
1779987315,0.02398740203618252
1779987330,0.02383790226460072
1779987345,0.023989484061781138
1779987360,0.02437283659850837
1779987375,0.024265232974910397
1779987390,0.02450997830030949
1779987405,0.02438678576492273
1779987420,0.024068022908541514
1779987435,0.023888354872013955
1779987450,0.024056452475141665
1779987465,0.024203821656050954
1779987480,0.024172046028627558
1779987495,0.024264418116483437
1779987510,0.024537910894262615
1779987525,0.02447428246660983
1779987540,0.02414393912455997
1779987555,0.024304935936328917
1779987570,0.02408694102975236
1779987585,0.02405117575584304
1779987600,0.023731968357375524
1779987615,0.02405928896208514
1779987630,0.02433786685755189
1779987645,0.02465193052963973
1779987660,0.024758888728947746
1779987675,0.024855491329479774
1779987690,0.024850570548813622
1779987705,0.025211918361407213
1779987720,0.025461398954517975
1779987735,0.025692695214105794
1779987750,0.025335159290759694
1779987765,0.02514493011345449
1779987780,0.025282199195242678
1779987795,0.025218512680899842
1779987810,0.02562334410046093
1779987825,0.025869565217391307
1779987840,0.025693399268974414
1779987855,0.025619006726778304
1779987870,0.02541973383616782
1779987885,0.02559375338900336
1779987900,0.025745501748819094
1779987915,0.025289965594296457
1779987930,0.025137667167274547
1779987945,0.024840058615390112
1779987960,0.02486444063926941
1779987975,0.025075261200637508
1779987990,0.024860006420087743
1779988005,0.024993856846982836
1779988020,0.025002648585655263
1779988035,0.0249726254812617
1779988050,0.025539441103643434
1779988065,0.02555603079555175
1779988080,0.025219298245614037
1779988095,0.0252521763161531
1779988110,0.02488292444258056
1779988125,0.024906817152610863
1779988140,0.025172425865630364
1779988155,0.025353283458021614
1779988170,0.025239460253093756
1779988185,0.025375579490397013
1779988200,0.024854463694356326
1779988215,0.02498351781810611
1779988230,0.025226866612942784
1779988245,0.02525836398668769
1779988260,0.025455057564341795
1779988275,0.025256566359366846
1779988290,0.025550752928053547
1779988305,0.025568483219577748
1779988320,0.026161559101821774
1779988335,0.025865106772852208
1779988350,0.02585813160945789
1779988365,0.025976791227509843
1779988380,0.026040373221697943
1779988395,0.025522536613109624
1779988410,0.026224571968768602
1779988425,0.026406633688031603
1779988440,0.026924860026389927
1779988455,0.026933380960885874
1779988470,0.02716738500671236
1779988485,0.02696420269642027
1779988500,0.027736024622432184
1779988515,0.02794096575440608
1779988530,0.02847923681257015
1779988545,0.028648228054042584
1779988560,0.029144802155722595
1779988575,0.029353304465109677
1779988590,0.029351058247332515
1779988605,0.029516647247819796
1779988620,0.02959248534501024
1779988635,0.029739513095322592
1779988650,0.029437441072738064
1779988665,0.029760033532432145
1779988680,0.029698081264108354
1779988695,0.02977615092214557
1779988710,0.02982010508368419
1779988725,0.02946791156155635
1779988740,0.029176201372997708
1779988755,0.02888036274851762
1779988770,0.028684091147014694
1779988785,0.02847356767229449
1779988800,0.027764972873302367
1779988815,0.027790290723864304
1779988830,0.027667294675877464
1779988845,0.027284044539733036
1779988860,0.02702222853490519
1779988875,0.02625248404978558
1779988890,0.026401484645820927
1779988905,0.026293823038397328
1779988920,0.026488013226784235
1779988935,0.026281805172594326
1779988950,0.026374313711863228
1779988965,0.02594185446413212
1779988980,0.026352860333276065
1779988995,0.025762735183847557
1779989010,0.025978548544365508
1779989025,0.026290333724866992
1779989040,0.026594653722567852
1779989055,0.026494895478852698
1779989070,0.026898897248273726
1779989085,0.0272078501338091
1779989100,0.026879718338467785
1779989115,0.02668391137129437
1779989130,0.026923207669034912
1779989145,0.026921510048886477
1779989160,0.02704882228419744
1779989175,0.026786623663215072
1779989190,0.027233668256706926
1779989205,0.027068075196597926
1779989220,0.026862272240085746
1779989235,0.02711004273504273
1779989250,0.02761810822761131
1779989265,0.02762111843446355
1779989280,0.027071954405129422
1779989295,0.02731929425156517
1779989310,0.02701691108918303
1779989325,0.026755739428261385
1779989340,0.026435455409257503
1779989355,0.026729559748427677
1779989370,0.026507576014372397
1779989385,0.02652084757347915
1779989400,0.02669488632484468
1779989415,0.026289043973168915
1779989430,0.025775134174272726
1779989445,0.026065370293752586
1779989460,0.02644304969647083
1779989475,0.026107971951800667
1779989490,0.02620864269339994
1779989505,0.026056725870852265
1779989520,0.026149159735770266
1779989535,0.025942999427975368
1779989550,0.025573398324040996
1779989565,0.025509342163057072
1779989580,0.025765711005301728
1779989595,0.025924564861524075
1779989610,0.02645326589691545
1779989625,0.026735618197796254
1779989640,0.02719848822298711
1779989655,0.027131782945736434
1779989670,0.027518656716417907
1779989685,0.02779733762532274
1779989700,0.02812447434819176
1779989715,0.028677713899222187
1779989730,0.028888814757981118
1779989745,0.0282569299953017
1779989760,0.028206243517248302
1779989775,0.028668300379334655
1779989790,0.028409280587547988
1779989805,0.028239871210088544
1779989820,0.028012898024989925
1779989835,0.028556070684673786
1779989850,0.02862760781177098
1779989865,0.0290689841013204
1779989880,0.0294639568754813
1779989895,0.028881351378580788
1779989910,0.029519060209511696
1779989925,0.029575234951325493
1779989940,0.029189225543935167
1779989955,0.02896110456305775
1779989970,0.028879901059598225
1779989985,0.02874320262100179
1779990000,0.02859170637736997
1779990015,0.02814125004248377
1779990030,0.028108364696707695
1779990045,0.02784175585963962
1779990060,0.02766022277143921
1779990075,0.02741005035179566
1779990090,0.02759039395574744
1779990105,0.027646234909624492
1779990120,0.02776103409014801
1779990135,0.027541363110233544
1779990150,0.02733292790053382
1779990165,0.027468247248094834
1779990180,0.027351886631381255
1779990195,0.02672955974842767
1779990210,0.026369990208326297
1779990225,0.026579080343607887
1779990240,0.026548672566371685
1779990255,0.02606193941445253
1779990270,0.025761045258620694
1779990285,0.025855950248419912
1779990300,0.025869698413779018
1779990315,0.0260221783794816
1779990330,0.025848805005641608
1779990345,0.026231952823154613
1779990360,0.02633286655965026
1779990375,0.026626605884790717
1779990390,0.02696095310240342
1779990405,0.027272114347357067
1779990420,0.02766298965199276
1779990435,0.02814474439977025
1779990450,0.027790941710107642
1779990465,0.02767278617710583
1779990480,0.02827326376154436
1779990495,0.028278496280908665
1779990510,0.029161644569438865
1779990525,0.028979180658159836
1779990540,0.028988391376451077
1779990555,0.029252865990249045
1779990570,0.02977886977886978
1779990585,0.029540696152839573
1779990600,0.029734208681241634
1779990615,0.02955806389898603
1779990630,0.029973628352736863
1779990645,0.02961532271044584
1779990660,0.0293631100082713
1779990675,0.028876532288638946
1779990690,0.02848910615429441
1779990705,0.028334574657556427
1779990720,0.027529976019184655
1779990735,0.027734287631402375
1779990750,0.02799418134798772
1779990765,0.028178054494688534
1779990780,0.027922705314009658
1779990795,0.02834375303683068
1779990810,0.02794378406777435
1779990825,0.027678280690328884
1779990840,0.02817456408235642
1779990855,0.02787410416460253
1779990870,0.02786036412226491
1779990885,0.027516121408555316
1779990900,0.027593480997584293
1779990915,0.027597178032922946
1779990930,0.02746309646412633
1779990945,0.027470825157492506
1779990960,0.027318451150613203
1779990975,0.027514034236606835
1779990990,0.027490934208254193
1779991005,0.027484730705163798
1779991020,0.02751400048697346
1779991035,0.026986558952573295
1779991050,0.02651941474395048
1779991065,0.026277116864940518
1779991080,0.026250131777769966
1779991095,0.026152234636871507
1779991110,0.02637567232105916
1779991125,0.026402409132292175
1779991140,0.02620918879617768
1779991155,0.02606961067547118
1779991170,0.025523874957059434
1779991185,0.025762735183847557
1779991200,0.026135699301901717
1779991215,0.026312178387650084
1779991230,0.026607008675455974
1779991245,0.0272964796479648
1779991260,0.027360866714970847
1779991275,0.027086484256840373
1779991290,0.02678479800225772
1779991305,0.027067875790052216
1779991320,0.027773953744493395
1779991335,0.027273039535602655
1779991350,0.02736726874657909
1779991365,0.026856240126382304
1779991380,0.026979653560626888
1779991395,0.02659170862937159
1779991410,0.026776200460591894
1779991425,0.026520363236103465
1779991440,0.026055020442103803
1779991455,0.02609301515415433
1779991470,0.026374685810694486
1779991485,0.02631124018946859
1779991500,0.025795564127290265
1779991515,0.026159988985267797
1779991530,0.025381400564031122
1779991545,0.024997428248122622
1779991560,0.025146198830409354
1779991575,0.024897400820793437
1779991590,0.02529130464066815
1779991605,0.02471333219236694
1779991620,0.024102985483429196
1779991635,0.02389705882352941
1779991650,0.024023105674481827
1779991665,0.024252333265208804
1779991680,0.02408527211232961
1779991695,0.023835654022909665
1779991710,0.023831316315807316
1779991725,0.02398887079261672
1779991740,0.024335980284775467
1779991755,0.024049810133077897
1779991770,0.024007324268420876
1779991785,0.024496124031007753
1779991800,0.024470214675226067
1779991815,0.025109660484233066
1779991830,0.025161334614856517
1779991845,0.02517162471395881
1779991860,0.025207458074372417
1779991875,0.025217932752179328
1779991890,0.025069444444444443
1779991905,0.025372008503051498
1779991920,0.025877101206668064
1779991935,0.02631301227706054
1779991950,0.026451499736888266
1779991965,0.026535386334276042
1779991980,0.026298257302149443
1779991995,0.026684409581173837
1779992010,0.026597618544352854
1779992025,0.027276246788441913
1779992040,0.027264700688680914
1779992055,0.02758157931911287
1779992070,0.027730616864742506
1779992085,0.027667428370539638
1779992100,0.027977986863128
1779992115,0.0273402780246738
1779992130,0.027293512432123464
1779992145,0.02722329541389425
1779992160,0.02741682136227331
1779992175,0.02768414258050635
1779992190,0.02772976087582829
1779992205,0.02773885235888039
1779992220,0.027425632967896296
1779992235,0.026733948894137858
1779992250,0.026393177473900895
1779992265,0.02646249637995946
1779992280,0.02597543745245082
1779992295,0.027091288997766416
1779992310,0.02669256781063386
1779992325,0.02638778889768882
1779992340,0.026102675343456255
1779992355,0.02559210999928011
1779992370,0.025911812738160043
1779992385,0.026120758555547484
1779992400,0.02657362883690661
1779992415,0.0264186450492183
1779992430,0.02664240218380346
1779992445,0.026866546933988194
1779992460,0.026791940397107937
1779992475,0.02688290673727567
1779992490,0.02668279224460486
1779992505,0.026934777769533284
1779992520,0.027270369409759534
1779992535,0.027190444394984793
1779992550,0.027579841240539037
1779992565,0.027626530239356843
1779992580,0.02681560180468636
1779992595,0.02692038204816167
1779992610,0.027237926972909304
1779992625,0.027557761798737087
1779992640,0.02797000108691714
1779992655,0.02773909857090509
1779992670,0.027405226620143205
1779992685,0.026833175562513654
1779992700,0.025989517440809688
1779992715,0.026233671988388968
1779992730,0.02580458103798202
1779992745,0.025294075196651514
1779992760,0.025203512139632435
1779992775,0.02540374446191225
1779992790,0.025597330209109953
1779992805,0.025354578882857644
1779992820,0.025346017790294325
1779992835,0.02517225857830407
1779992850,0.024982650936849413
1779992865,0.02474026199659474
1779992880,0.025534994314070095
1779992895,0.025258683761279314
1779992910,0.02458531835726954
1779992925,0.02410689366452693
1779992940,0.0240307369891722
1779992955,0.024379976847791772
1779992970,0.024349461803741243
1779992985,0.02494795281054823
1779993000,0.024926992073425115
1779993015,0.025087132061147727
1779993030,0.025004353125544138
1779993045,0.02512545302481182
1779993060,0.024776420642377422
1779993075,0.024209078404401653
1779993090,0.023864401971561294
1779993105,0.025138474648487428
1779993120,0.026069778107030726
1779993135,0.02641736605403874
1779993150,0.026437962930148492
1779993165,0.026148660635089586
1779993180,0.025662778366914104
1779993195,0.025595701053524714
1779993210,0.0254317774103908
1779993225,0.025383040316317163
1779993240,0.02543409146490585
1779993255,0.02514122323732478
1779993270,0.025844233264368622
1779993285,0.025768296546625834
1779993300,0.025654505309641466
1779993315,0.025842500436528724
1779993330,0.02607232968881413
1779993345,0.02616105066723003
1779993360,0.026187619114844355
1779993375,0.02635219010462848
1779993390,0.02649521319814887
1779993405,0.025044722719141325
1779993420,0.02420596555304902
1779993435,0.02435637218245914
1779993450,0.025108592011865657
1779993465,0.025105955031966096
1779993480,0.025210084033613443
1779993495,0.026878088669250184
1779993510,0.027546833184656557
1779993525,0.027132061892767186
1779993540,0.027088772845953
1779993555,0.027335840323980325
1779993570,0.026955449136554923
1779993585,0.02713836591623604
1779993600,0.027159152634437803
1779993615,0.02711642615681
1779993630,0.027377989395087114
1779993645,0.02767815092562402
1779993660,0.02791924007657023
1779993675,0.028134932100548977
1779993690,0.028095135445857577
1779993705,0.02818088537085899
1779993720,0.028388212407233954
1779993720,0.028388212407233954
1779993735,0.028389235147890622
1779993750,0.028197851934336722
1779993765,0.028722870854523314
1779993780,0.02901873678930964
1779993795,0.027282453637660485
1779993810,0.027487571150659272
1779993825,0.02769109365472219
1779993840,0.027953662397467258
1779993855,0.028024020589076357
1779993870,0.02812217603470089
1779993885,0.027942881994781094
1779993900,0.02754840803375041
1779993915,0.026973381065466272
1779993930,0.0266345566298839
1779993945,0.028080619710228086
1779993960,0.02854597291518175
1779993975,0.028502807897432276
1779993990,0.028477624723431585
1779994005,0.028061406640485544
1779994020,0.027758994982027826
1779994035,0.027646519500670007
1779994050,0.027784721974215203
1779994065,0.027074329392434905
1779994080,0.026725663716814157
1779994095,0.027003207952903025
1779994110,0.026695577989478175
1779994125,0.02695322197396886
1779994140,0.026773431161593003
1779994155,0.02615460433680654
1779994170,0.026576783256273603
1779994185,0.02680189599888471
1779994200,0.027152967556583283
1779994215,0.027583798882681566
1779994230,0.027562626474077173
1779994245,0.02560118648257354
1779994260,0.025478603603603607
1779994275,0.02564826248015523
1779994290,0.02559751096026022
1779994305,0.026158998766084966
1779994320,0.02709942252835177
1779994335,0.027496281949296167
1779994350,0.027397260273972605
1779994365,0.02797348419116371
1779994380,0.02791308253014129
1779994395,0.02800897945087204
1779994410,0.028521053723293922
1779994425,0.027999724479955922
1779994440,0.02806896551724138
1779994455,0.028543003190503964
1779994470,0.028265274581859397
1779994485,0.028354535685812338
1779994500,0.02829237774147579
1779994515,0.028104915754733367
1779994530,0.028016188681878447
1779994545,0.028245443161263394
1779994560,0.02758812874460081
1779994575,0.028069565217391304
1779994590,0.027461051189864753
1779994605,0.027076880242230192
1779994620,0.026274523469352197
1779994635,0.025905651825250165
1779994650,0.02559383247673288
1779994665,0.0251718667371761
1779994680,0.024880011293054772
1779994695,0.024775168842075795
1779994710,0.024822326226382387
1779994725,0.024907781486035487
1779994740,0.024737448100205856
1779994755,0.02411847672778562
1779994770,0.023922287136585202
1779994785,0.02375862914812349
1779994800,0.02349460494256874
1779994815,0.023528587934596123
1779994830,0.023092926490984746
1779994845,0.023488533703961083
1779994860,0.02333799860041987
1779994875,0.023243657652634513
1779994890,0.023241954707985693
1779994905,0.02306202890533158
1779994920,0.023286900239200783
1779994935,0.023659694146598697
1779994950,0.02385295355689631
1779994965,0.02393068353734012
1779994980,0.02410434782608696
1779994995,0.02322196034936919
1779995010,0.02343159486016629
1779995025,0.02364671404992084
1779995040,0.02390018358604746
1779995055,0.024237259246633714
1779995070,0.024169797907992282
1779995085,0.02476043690946861
1779995100,0.02483971669296096
1779995115,0.024851160612750018
1779995130,0.024812329768152525
1779995145,0.024448081226411945
1779995160,0.024232740829505356
1779995175,0.024923685887759554
1779995190,0.025114383996259558
1779995205,0.025446309618971492
1779995220,0.025403925757778077
1779995235,0.02540569300345837
1779995250,0.025319403779611394
1779995265,0.025353406146479057
1779995280,0.025195423893716238
1779995295,0.025346321075870436
1779995310,0.025107185731435434
1779995325,0.025170068027210883
1779995340,0.025206625741623516
1779995355,0.025134094347407508
1779995370,0.02522398345968298
1779995385,0.0249597699181703
1779995400,0.025291896199286283
1779995415,0.02550807349665924
1779995430,0.025392652044558223
1779995445,0.025882996546654363
1779995460,0.026087863925701765
1779995475,0.02613446547884187
1779995490,0.02616249008996588
1779995505,0.02601335076732503
1779995520,0.02591636551368095
1779995535,0.026178192972671495
1779995550,0.026479207368127262
1779995565,0.02640058206007691
1779995580,0.02658236691351125
1779995595,0.026663396517290914
1779995610,0.02674038528409486
1779995625,0.026468957871396897
1779995640,0.02630932753358824
1779995655,0.026393270241850685
1779995670,0.02621946927570916
1779995685,0.026028255271765603
1779995700,0.02590200758107539
1779995715,0.025577528566880104
1779995730,0.02539423213524648
1779995745,0.02506619593998235
1779995760,0.024712563095905776
1779995775,0.02457951473015204
1779995790,0.024530566144289143
1779995805,0.02400901218052524
1779995820,0.023492643185728832
1779995835,0.023217188493886494
1779995850,0.02308989948689112
1779995865,0.02317764862404593
1779995880,0.023390998642486685
1779995895,0.023423863715702018
1779995910,0.02376844255079404
1779995925,0.024231324622266053
1779995940,0.024371615053464794
1779995955,0.024332344213649854
1779995970,0.024500749311678807
1779995985,0.024549518089118594
1779996000,0.024599226091763408
1779996015,0.024912648497554157
1779996030,0.025159436540752686
1779996045,0.025253766990973273
1779996060,0.02538791909116099
1779996075,0.025766871165644172
1779996090,0.02548061715812041
1779996105,0.02553834264235782
1779996120,0.02555148329991011
1779996135,0.02530191765565726
1779996150,0.02573935876174682
1779996165,0.025643698530178255
1779996180,0.02506858710562414
1779996195,0.025034246575342464
1779996210,0.024280086932898664
1779996225,0.02408253001860308
1779996240,0.024439088965072464
1779996255,0.023991935483870967
1779996270,0.023870360408821945
1779996285,0.02380467264330345
1779996300,0.023820850890308554
1779996315,0.023081595464668963
1779996330,0.023187240316311485
1779996345,0.023411257761340887
1779996360,0.02343394774579413
1779996375,0.023414899771977
1779996390,0.023650490730643403
1779996405,0.02407138410458601
1779996420,0.02406170031276656
1779996435,0.023943760005568318
1779996450,0.02387527528227357
1779996465,0.023972482538345444
1779996480,0.02411433029540055
1779996495,0.023909886295207395
1779996510,0.023511363230939386
1779996525,0.023487518883533558
1779996540,0.024105979441146664
1779996555,0.02466041984455582
1779996570,0.024544128373450037
1779996585,0.02489416362123241
1779996600,0.024727062396066805
1779996615,0.02498730688329586
1779996630,0.024663107042969742
1779996645,0.024148079855324276
1779996660,0.024240282685512368
1779996675,0.024340698503207414
1779996690,0.02465396400521255
1779996705,0.024465897605687795
1779996720,0.024376750458144605
1779996735,0.02428954792541113
1779996750,0.024322734664221704
1779996765,0.02421332596456081
1779996780,0.02401389740445535
1779996795,0.02434264585045193
1779996810,0.02402035623409669
1779996825,0.024189712577291567
1779996840,0.024170695115852646
1779996855,0.02398057606598816
1779996870,0.024433099058480307
1779996885,0.024544944005814147
1779996900,0.02446513470681458
1779996915,0.024631516470471855
1779996930,0.02525368625004105
1779996945,0.025479577189090438
1779996960,0.025345027731200828
1779996975,0.025215510283149844
1779996990,0.024652967011829577
1779997005,0.024957766232110417
1779997020,0.02517939925065092
1779997035,0.02542560247623259
1779997050,0.025320056899004267
1779997065,0.02546954592331011
1779997080,0.025171837265465357
1779997095,0.02581100573918915
1779997110,0.025633889919604205
1779997125,0.02482075586340989
1779997140,0.024827710734599294
1779997155,0.02458600626585111
1779997170,0.024953101271476638
1779997185,0.02500295543208417
1779997200,0.025227628602911324
1779997215,0.025859096655556833
1779997230,0.02548229196659948
1779997245,0.02511773940345369
1779997260,0.025186911902663676
1779997275,0.025329195672230145
1779997290,0.025709394032950684
1779997305,0.02605355452875355
1779997320,0.026166317414800924
1779997335,0.026149535790803712
1779997350,0.026142361016161228
1779997365,0.026320100475072352
1779997380,0.02609523809523809
1779997395,0.025854185717848532
1779997410,0.025833174373927025
1779997425,0.026956642194209724
1779997440,0.026613237529362996
1779997455,0.02679372197309417
1779997470,0.026597080740141218
1779997485,0.026527832945582475
1779997500,0.02633225274412785
1779997515,0.026117674310864026
1779997530,0.02723142397055441
1779997545,0.028385484761323687
1779997560,0.029607895438783675
1779997575,0.030268656716417913
1779997590,0.030243495862356373
1779997605,0.030743263608415214
1779997620,0.03112039475675839
1779997635,0.031544326506204215
1779997650,0.03178244776849897
1779997665,0.03252731066650301
1779997680,0.03359763058032271
1779997695,0.03423782672357394
1779997710,0.035853049878383926
1779997725,0.036045119415212046
1779997740,0.035653650254668934
1779997755,0.03572660832470751
1779997770,0.035717648535827505
1779997785,0.03648129044358998
1779997800,0.03722818390659911
1779997815,0.036855972826259485
1779997830,0.036609044218965305
1779997845,0.035236103742080464
1779997860,0.03434804350543818
1779997875,0.03500546960462572
1779997890,0.0342515120177995
1779997905,0.03491783112008327
1779997920,0.0345518118245391
1779997935,0.03464919290394758
1779997950,0.03378660751599319
1779997965,0.03407618554029541
1779997980,0.034144135413638275
1779997995,0.03449719770662887
1779998010,0.0331709801674466
1779998025,0.032554417413572345
1779998040,0.03271458035855942
1779998055,0.031876915300287495
1779998070,0.0321472551688379
1779998085,0.030897514624608127
1779998100,0.03146277711445997
1779998115,0.030929791271347252
1779998130,0.030463076487786477
1779998145,0.0305057872205486
1779998160,0.030291651020152712
1779998175,0.030382350191642517
1779998190,0.030268079800498754
1779998205,0.029319306545488498
1779998220,0.029965113381510092
1779998235,0.029684774482930474
1779998250,0.03061915312653865
1779998265,0.03012289401546185
1779998280,0.02945566419933595
1779998295,0.028772574227119683
1779998310,0.030788967286722257
1779998325,0.040744804047053086
1779998340,0.044608741573731785
1779998355,0.05215091786845423
1779998370,0.058065508226972165
1779998385,0.060871712557105814
1779998400,0.06204449558879939
1779998415,0.07243303919428767
1779998430,0.07882276483149196
1779998445,0.08614469270206974
1779998460,0.0888770089211133
1779998475,0.10118133675931437
1779998490,0.10880796568243728
1779998505,0.11598349747138675
1779998520,0.1197474972900593
1779998535,0.11841939546599496
1779998550,0.12431133888532991
1779998565,0.13236419280795717
1779998580,0.13863894753938608
1779998595,0.14790438768827766
1779998610,0.15137731407850374
1779998625,0.15045183618534896
1779998640,0.15315577078288942
1779998655,0.1518691588785047
1779998670,0.15135417006159763
1779998685,0.14628652336208006
1779998700,0.13809461493162337
1779998715,0.13097077378653277
1779998730,0.12340616390081374
1779998745,0.11153897224804143
1779998760,0.10701211815198182
1779998775,0.10039431683044375
1779998790,0.09273330645411407
1779998805,0.08628457014140908
1779998820,0.08566624108616448
1779998835,0.08532775104667874
1779998850,0.07780793190649478
1779998865,0.06929177255886586
1779998880,0.06079112158224317
1779998895,0.05626869993243896
1779998910,0.05957275790645192
1779998925,0.05010886565058726
1779998940,0.04234217636944239
1779998955,0.03857395116604762
1779998970,0.03804086538461539
1779998985,0.03816956800097558
1779999000,0.038300073010464834
1779999015,0.03846963003035494
1779999030,0.03932532771106426
1779999045,0.039353944434400046
1779999060,0.0396036631136466
1779999075,0.038817172020414285
1779999090,0.03965228000610035
1779999105,0.04049123431520868
1779999120,0.040502962156933865
1779999135,0.04090406950706117
1779999150,0.04170446984818242
1779999165,0.041885602762348
1779999180,0.041691465301749796
1779999195,0.033192320208265534
1779999210,0.033119247047681065
1779999225,0.03250755645113495
1779999240,0.032611935849281584
1779999255,0.032744687219395385
1779999270,0.03334433806536811
1779999285,0.03402264150943396
1779999300,0.034250161702651924
1779999315,0.03440946337255868
1779999330,0.034366248630220385
1779999345,0.0346781222761798
1779999360,0.03449332189682637
1779999375,0.03422623603245064
1779999390,0.03378009582145673
1779999405,0.03361473522640061
1779999420,0.03402796903210012
1779999435,0.03475272102348673
1779999450,0.03420241098962713
1779999465,0.03417561005783565
1779999480,0.03446437531359759
1779999495,0.03347293219190737
1779999510,0.03396307825068573
1779999525,0.03375657146370707
1779999540,0.03382579255155433
1779999555,0.03464295603482755
1779999570,0.03386705184547774
1779999585,0.03424404652021414
1779999600,0.033597444874393464
1779999615,0.03323540213000367
1779999630,0.03333639452658646
1779999645,0.03302891933028919
1779999660,0.03262195121951219
1779999675,0.03319640955423703
1779999690,0.0321941404225481
1779999705,0.031007281553398058
1779999720,0.031145516431217806
1779999735,0.029811762586688283
1779999750,0.03083514361573739
1779999765,0.03178409884338666
1779999780,0.031728731456251894
1779999795,0.03155391603914515
1779999810,0.030995796667573863
1779999825,0.03135082486150849
1779999840,0.031414404063614926
1779999855,0.03129210042865891
1779999870,0.03205557925528673
1779999885,0.031519322715229774
1779999900,0.031571910419642045
1779999915,0.031598118075580515
1779999930,0.03149582476098269
1779999945,0.031751357286646735
1779999960,0.03208442308861991
1779999975,0.0318070393124111
1779999990,0.03286239836770025
1780000005,0.03300994569528342
1780000020,0.032831820673691905
1780000035,0.03230574324324324
1780000050,0.031242518553986118
1780000065,0.030691778121493346
1780000080,0.030814093314093315
1780000095,0.031181818181818182
1780000110,0.03130877980705054
1780000125,0.030743550834597875
1780000140,0.030454545454545453
1780000155,0.030122677031458767
1780000170,0.028655788655788657
1780000185,0.028216294683360548
1780000200,0.02826093745120694
1780000215,0.028184513801852475
1780000230,0.02843226788432268
1780000245,0.02794757169358027
1780000260,0.029011450263880745
1780000275,0.02842186297151655
1780000290,0.028685852659029523
1780000305,0.02830130574033013
1780000320,0.028693829747888797
1780000335,0.029466559026268404
1780000350,0.029745791717228288
1780000365,0.02965279949953081
1780000380,0.029554339327599686
1780000395,0.029220070477437864
1780000410,0.030106851037083597
1780000425,0.030737509912767646
1780000440,0.030745823956385306
1780000455,0.03091998858338883
1780000470,0.03139327559857361
1780000485,0.032011952824490576
1780000500,0.03242969343805422
1780000515,0.03306054579244237
1780000530,0.03334608518235144
1780000545,0.03223459445780084
1780000560,0.03244455677007645
1780000575,0.033229523512924325
1780000590,0.033298064355511296
1780000605,0.03395237192849473
1780000620,0.0337312210639035
1780000635,0.033736533736533736
1780000650,0.033175503083920005
1780000665,0.03326779639858939
1780000680,0.033401436354631005
1780000695,0.033975784531751915
1780000710,0.033702978908458366
1780000725,0.03342245989304812
1780000740,0.03354513175107456
1780000755,0.03296429904216942
1780000770,0.0330467825328599
1780000785,0.03222674600689007
1780000800,0.032300551931761165
1780000815,0.032339001951491496
1780000830,0.03248259860788864
1780000845,0.03225404344167783
1780000860,0.031766794356722416
1780000875,0.03188144089168405
1780000890,0.03134472952279759
1780000905,0.03156415860131127
1780000920,0.03158720200752823
1780000935,0.03177736738202891
1780000950,0.0330048789821104
1780000965,0.032946039898531204
1780000980,0.03326939404421245
1780000995,0.03273169363134761
1780001010,0.03274005713030103
1780001025,0.032501015656739275
1780001040,0.03221292870246572
1780001055,0.031257775566061206
1780001070,0.03098582794629538
1780001085,0.03024592480919627
1780001100,0.03033277396067505
1780001115,0.030015846875679708
1780001130,0.030182177838751875
1780001145,0.030423030988748503
1780001160,0.030360047198392703
1780001175,0.030251087198044632
1780001190,0.029903225806451612
1780001205,0.029583916528820458
1780001220,0.029752643444574983
1780001235,0.029990151539219113
1780001250,0.028321888547830763
1780001265,0.028703613201707227
1780001280,0.028710120397279083
1780001295,0.029338977531748613
1780001310,0.029011727457758534
1780001325,0.029002768299748925
1780001340,0.02917111348274636
1780001355,0.029006456586682085
1780001370,0.028991542798564834
1780001385,0.028884237642891646
1780001400,0.029429797670141016
1780001415,0.029409867784585614
1780001430,0.029733048930256606
1780001445,0.029104138244656658
1780001460,0.029042130624470926
1780001475,0.028852736934763472
1780001490,0.028951845066736454
1780001505,0.02955745825542105
1780001520,0.03007816364895617
1780001535,0.030165358276265243
1780001550,0.029962423363438594
1780001565,0.029288149055167616
1780001580,0.029368091074080185
1780001595,0.02897037713689156
1780001610,0.028946936093313624
1780001625,0.02871576708322255
1780001640,0.029085555373793558
1780001655,0.030191065841155714
1780001670,0.030348708672495228
1780001685,0.029888332946751053
1780001700,0.030011077914666485
1780001715,0.029958886567365367
1780001730,0.029927104928776833
1780001745,0.029655633567368774
1780001760,0.029757968522682185
1780001775,0.030636810341984635
1780001790,0.030269912237125354
1780001805,0.02955746367239102
1780001820,0.029703620950253008
1780001835,0.02906005307473053
1780001850,0.029282914456997922
1780001865,0.029411764705882353
1780001880,0.029679992155068155
1780001895,0.029819985186616434
1780001910,0.030582130695638074
1780001925,0.03070232801464818
1780001940,0.031727531727531726
1780001955,0.032284257364643215
1780001970,0.03275654968671883
1780001985,0.0334710477051191
1780002000,0.03346849456136963
1780002015,0.03455810669983528
1780002030,0.0342362431953827
1780002045,0.03423160961398398
1780002060,0.03369070933050088
1780002075,0.03355215171407732
1780002090,0.034049049215146183
1780002105,0.03619312026002167
1780002120,0.03760729434554624
1780002135,0.03978476542794686
1780002150,0.0399482341722576
1780002165,0.0398380400096078
1780002180,0.040054635478914115
1780002195,0.040333940289277496
1780002210,0.03999454929481502
1780002225,0.039324888783237685
1780002240,0.038793983529571904
1780002255,0.03869462245750906
1780002270,0.040245119977966745
1780002285,0.03994742849237368
1780002300,0.03907662848835148
1780002315,0.03940669336772792
1780002330,0.040537347689607456
1780002345,0.04135758561121837
1780002360,0.0420266953568907
1780002375,0.04157720751116109
1780002390,0.04044492822640996
1780002405,0.0406910047911465
1780002420,0.03922772547414381
1780002435,0.0376744816370782
1780002450,0.03822445561139028
1780002465,0.03805960086299892
1780002480,0.037461082655418296
1780002495,0.03804601533844615
1780002510,0.03876530436282117
1780002525,0.038751563926554634
1780002540,0.03856198066813634
1780002555,0.03683625711303411
1780002570,0.035655806182121975
1780002585,0.03590139709833424
1780002600,0.03632335168524238
1780002615,0.03524808580969407
1780002630,0.035350147571773544
1780002645,0.0363575155697694
1780002660,0.03561836981334766
1780002675,0.03589298819134031
1780002690,0.033473490572235726
1780002705,0.033795778815175224
1780002720,0.03494948834472161
1780002735,0.03547619845231316
1780002750,0.03529142408582456
1780002765,0.03518130645372431
1780002780,0.034552911163496625
1780002795,0.03442390674309268
1780002810,0.034422233057045344
1780002825,0.0338595432455611
1780002840,0.03416372331447504
1780002855,0.033676803216888665
1780002870,0.03392151866479806
1780002885,0.03488408472296092
1780002900,0.03494308272822399
1780002915,0.03529710512950736
1780002930,0.03541457915831663
1780002945,0.03485079503376171
1780002960,0.03502856607661328
1780002975,0.03501018649114558
1780002990,0.034415160095839684
1780003005,0.03433714514687297
1780003020,0.03298600406930144
1780003035,0.032154638221783764
1780003050,0.03140972028621875
1780003065,0.03141345335117382
1780003080,0.032106693010619906
1780003095,0.031917829219684196
1780003110,0.03162411766535029
1780003125,0.03179407176287051
1780003140,0.0320586858123927
1780003155,0.03141820002503442
1780003170,0.03170777513459371
1780003185,0.03081865021309077
1780003200,0.030546223715316657
1780003215,0.028820061757275195
1780003230,0.028545830887577617
1780003245,0.028117098729704203
1780003260,0.028968604211322656
1780003275,0.028943694741740345
1780003290,0.029723595435749147
1780003305,0.02953519425192344
1780003320,0.030324176869885172
1780003335,0.030615809699240958
1780003350,0.030731548007838016
1780003365,0.03161333717690016
1780003380,0.031656930256845406
1780003395,0.03144351397311258
1780003410,0.03170093940665655
1780003425,0.03195262421501318
1780003440,0.032002339257285815
1780003455,0.031084741390429507
1780003470,0.031426269137792104
1780003485,0.030582024208086533
1780003500,0.031226789808505826
1780003515,0.03238371157250926
1780003530,0.03235623898766619
1780003545,0.03272846166421448
1780003560,0.03248757350313505
1780003575,0.03187393971029623
1780003590,0.031795833872428514
1780003605,0.0310833952631749
1780003620,0.031574184791390625
1780003635,0.03702870367394169
1780003650,0.036973082783138655
1780003665,0.04871679133350529
1780003680,0.05340777074996773
1780003695,0.06069151151985131
1780003710,0.06769695411900785
1780003725,0.07448064588186488
1780003740,0.07604525332021643
1780003755,0.07697665163173255
1780003770,0.07535014903368481
1780003785,0.0768422090081803
1780003800,0.07499266694912492
1780003815,0.07324383788782246
1780003830,0.07402990846976924
1780003845,0.07362139392392136
1780003860,0.07370103916866506
1780003875,0.07388266819791367
1780003890,0.07389005669150903
1780003905,0.07376630017898236
1780003920,0.07096101866024034
1780003935,0.06004814701793646
1780003950,0.058151842704557845
1780003965,0.05526759309314084
1780003980,0.04894575939991805
1780003995,0.04009567570969975
1780004010,0.030263115623092494
1780004025,0.029739318216874904
1780004040,0.03024708452567771
1780004055,0.02972821692891349
1780004070,0.030334046710709966
1780004085,0.03021709676402937
1780004100,0.03016704063824483
1780004115,0.030124021897132962
1780004130,0.030264005151320026
1780004145,0.030369691414604338
1780004160,0.02963321338937438
1780004175,0.02992480745228165
1780004190,0.03023929279073312
1780004205,0.030171888333536512
1780004220,0.03096236834957902
1780004235,0.0303242502664028
1780004250,0.030384083668930695
1780004265,0.03019744483159117
1780004280,0.0303039541477394
1780004295,0.030365476695557305
1780004310,0.0307555501042561
1780004325,0.03093791039306111
1780004340,0.030425474173024155
1780004355,0.030101144691417846
1780004370,0.030154107511224368
1780004385,0.030341982542149946
1780004400,0.030732932030611938
1780004415,0.030718165359082675
1780004430,0.030591879896339103
1780004445,0.03098873137041076
1780004460,0.03158805711813068
1780004475,0.03133576620321501
1780004490,0.03110827017319575
1780004505,0.029468230991924426
1780004520,0.02876773711725168
1780004535,0.028543783260764392
1780004550,0.028127737998126828
1780004565,0.027951055662188102
1780004580,0.027993448987019286
1780004595,0.03484778950588955
1780004610,0.034878735913767764
1780004625,0.03604629686634243
1780004640,0.035417887884490795
1780004655,0.03516208715806166
1780004670,0.03515255169043765
1780004685,0.03499473064286157
1780004700,0.03484385135761282
1780004715,0.03460186078352055
1780004730,0.03411900960966601
1780004745,0.03431778452479529
1780004760,0.033990546087821864
1780004775,0.03336805981125138
1780004790,0.03415805022156573
1780004805,0.034326645787466276
1780004820,0.03451299718133417
1780004835,0.03429428116313209
1780004850,0.0348793481667189
1780004865,0.03442011964045225
1780004880,0.028375197497823496
1780004895,0.02801506383760448
1780004910,0.027797554558117936
1780004925,0.02811108362196932
1780004940,0.028082086097824407
1780004955,0.028549772612430517
1780004970,0.02888358658796936
1780004985,0.029637553486030706
1780005000,0.029777301116648794
1780005015,0.029907489545051322
1780005030,0.030096409996194347
1780005045,0.030180180180180177
1780005060,0.030273158011893026
1780005075,0.030474184695896356
1780005090,0.029658060013956728
1780005105,0.029755646882665902
1780005120,0.03030684896981917
1780005135,0.030078234579060566
1780005150,0.03032408869795944
1780005165,0.030233138012716623
1780005180,0.03002880761523046
1780005195,0.03082594956316996
1780005210,0.029637152617486843
1780005225,0.029793546791939674
1780005240,0.030552327359471526
1780005255,0.030233122875182126
1780005270,0.029511062880569122
1780005285,0.028708839844211024
1780005300,0.028319995275078995
1780005315,0.028930147167688252
1780005330,0.02869698578422698
1780005345,0.02826008861214226
1780005360,0.02860502719388505
1780005375,0.028983803168817428
1780005390,0.029439500206282783
1780005405,0.03032954214056576
1780005420,0.030233380480905233
1780005435,0.030403505136327308
1780005450,0.030375886940714247
1780005465,0.031018449077546126
1780005480,0.030536401898450794
1780005495,0.030818467373910984
1780005510,0.03060392961699816
1780005525,0.030644677661169416
1780005540,0.030198446937014668
1780005555,0.030099321705426358
1780005570,0.03050949653301176
1780005585,0.030654340690776598
1780005600,0.03063837570879824
1780005615,0.030987714389976887
1780005630,0.03150539267811028
1780005645,0.03268253871105943
1780005660,0.03303349875930521
1780005675,0.03255913583646991
1780005690,0.032232415902140675
1780005705,0.03217791411042945
1780005720,0.03325853748501521
1780005735,0.032561968352693677
1780005750,0.03493767628059321
1780005765,0.03499196458352285
1780005780,0.03695532266960839
1780005795,0.03683853877903037
1780005810,0.038069110076754724
1780005825,0.03783800412218907
1780005840,0.038068251817173826
1780005855,0.03746690474724463
1780005870,0.03847342398022249
1780005885,0.03811999133636561
1780005900,0.037970743853096796
1780005915,0.03760523854069224
1780005930,0.03757411704047435
1780005945,0.03663074159609956
1780005960,0.03630207843506066
1780005975,0.03710721616927207
1780005990,0.03709901490275322
1780006005,0.03673097467479419
1780006020,0.03631938594027895
1780006035,0.035627962457230745
1780006050,0.03343834804579057
1780006065,0.031943239558805306
1780006080,0.03049867798069237
1780006095,0.03062558924606916
1780006110,0.029874262411566623
1780006125,0.029974016332590944
1780006140,0.030051718333996388
1780006155,0.02938988095238095
1780006170,0.02966906385230846
1780006185,0.02960355120159192
1780006200,0.029367072906006757
1780006215,0.029142945068472075
1780006230,0.02811331166840395
1780006245,0.02829576027460803
1780006260,0.02872380239520958
1780006275,0.028286446592347834
1780006290,0.028268111204507954
1780006305,0.028300702811244978
1780006320,0.02857852111583455
1780006335,0.03189706951601176
1780006350,0.03185538665739658
1780006365,0.03203690246753658
1780006380,0.03221687457027797
1780006395,0.046861788617886174
1780006410,0.05666771258236586
1780006425,0.06418023475956078
1780006440,0.0711979182995266
1780006455,0.07661465779822217
1780006470,0.08187044134009148
1780006485,0.09047044632086851
1780006500,0.09482172650312055
1780006515,0.10515028033947119
1780006530,0.11293849518001786
1780006545,0.1178649237472767
1780006560,0.12744913928012522
1780006575,0.13448034775207465
1780006590,0.1402228667379026
1780006605,0.1416921817685755
1780006620,0.14101171073282626
1780006635,0.1392328235008497
1780006650,0.14032144926652232
1780006665,0.14061592097617664
1780006680,0.1278412544062234
1780006695,0.11913176742876802
1780006710,0.11744059636589532
1780006725,0.11969269363436814
1780006740,0.12034330493189875
1780006755,0.11999390429747028
1780006770,0.11646902226524684
1780006785,0.11588023201128704
1780006800,0.111005723630417
1780006815,0.1151249261022434
1780006830,0.11534500514933058
1780006845,0.11230385597859141
1780006860,0.11508841106524552
1780006875,0.1167581588948543
1780006890,0.11411076254826256
1780006905,0.11493831684377671
1780006920,0.11351530289807096
1780006935,0.114593505859375
1780006950,0.11412646198830412
1780006965,0.11323028714333061
1780006980,0.11458908733812068
1780006995,0.11427868499554078
1780007010,0.10754665782253446
1780007025,0.10016301394674877
1780007040,0.09515844535003953
1780007055,0.08897532514889996
1780007070,0.08180068771885547
1780007085,0.07026287501221538
1780007100,0.06855592966704077
1780007115,0.061903001170888025
1780007130,0.05566034818640032
1780007145,0.0499502673131916
1780007160,0.04086034759028719
1780007175,0.03341950942682389
1780007190,0.032190429205722744
1780007205,0.03201402343389611
1780007220,0.03234410448218775
1780007235,0.03219932627234379
1780007250,0.03263803680981595
1780007265,0.03287704348351615
1780007280,0.03301573900982934
1780007295,0.033321303981715386
1780007310,0.03402617864501273
1780007325,0.03419670565767487
1780007340,0.0335856765200673
1780007355,0.033748469372517395
1780007370,0.03383469843633656
1780007385,0.03337460935196651
1780007400,0.03346180798878766
1780007415,0.03395777752000928
1780007430,0.03335941802162131
1780007445,0.03339711254131153
1780007460,0.034312443708416865
1780007475,0.034187296932056695
1780007490,0.03424276983361113
1780007505,0.03357948598674265
1780007520,0.03345952242283052
1780007535,0.03309796999117387
1780007550,0.03326446280991735
1780007565,0.033125624595849744
1780007580,0.0319860424542018
1780007595,0.03213378863497067
1780007610,0.03174369686093378
1780007625,0.031115436795847343
1780007640,0.030729073975203178
1780007655,0.0313457249070632
1780007670,0.03138348362600854
1780007685,0.032166874962804265
1780007700,0.03162959223070298
1780007715,0.031392283728732324
1780007730,0.030761442482356093
1780007745,0.029965652019424378
1780007760,0.030315739021029298
1780007775,0.03012295081967213
1780007790,0.030250572149521742
1780007805,0.03131542476336508
1780007820,0.03177126998352173
1780007835,0.031890394986153626
1780007850,0.03200792910447761
1780007865,0.03190572003449267
1780007880,0.03242291257650999
1780007895,0.03269108372389053
1780007910,0.03291211131620048
1780007925,0.03309212596173097
1780007940,0.03275666477595009
1780007955,0.03214961719919767
1780007970,0.031934601699650074
1780007985,0.03139323704920868
1780008000,0.031233171782444804
1780008015,0.031782295612944274
1780008030,0.032569430396208424
1780008045,0.033598432457353625
1780008060,0.03430079155672823
1780008075,0.034583975122787644
1780008090,0.03466089466089466
1780008105,0.033673410901587666
1780008120,0.03359940062818776
1780008135,0.03336946649869628
1780008150,0.033394517141334595
1780008165,0.03274751025190393
1780008180,0.0330352633611598
1780008195,0.03244303158144924
1780008210,0.03303089604459467
1780008225,0.03262251929845317
1780008240,0.03262487348931357
1780008255,0.03332431863938219
1780008270,0.03502864906373679
1780008285,0.03641049949635599
1780008300,0.03665477278759105
1780008315,0.036371681415929204
1780008330,0.034957222238555845
1780008345,0.034611101342242545
1780008360,0.03322025967949468
1780008375,0.033938506588579796
1780008390,0.033985006614728794
1780008405,0.033932135728542916
1780008420,0.033251876418223074
1780008435,0.03346513926847706
1780008450,0.03349130208634341
1780008465,0.03311144267186962
1780008480,0.0332583501808138
1780008495,0.03328294783675099
1780008510,0.03295890800511873
1780008525,0.032645805705256624
1780008540,0.03230269659748694
1780008555,0.032447457242533395
1780008570,0.02950011335298118
1780008585,0.02916548797736917
1780008600,0.029007547594908194
1780008615,0.028921624388579228
1780008630,0.02959131761912837
1780008645,0.02961021580326772
1780008660,0.029520809522482087
1780008675,0.028029586786051944
1780008690,0.02759490893131446
1780008705,0.027838503472894818
1780008720,0.027888775594565547
1780008735,0.02752564584564155
1780008750,0.027354467171922962
1780008765,0.02755174485282071
1780008780,0.027261361165470756
1780008795,0.027343962561898028
1780008810,0.027534283409518686
1780008825,0.028258440744475026
1780008840,0.028204988859301124
1780008855,0.02851903040612375
1780008870,0.028395886202751436
1780008885,0.027847761994103458
1780008900,0.027486176776985335
1780008915,0.027484819431128155
1780008930,0.027094778388180706
1780008945,0.02755041994329428
1780008960,0.027767273513046295
1780008975,0.028032052152655168
1780008990,0.02825489288727985
1780009005,0.02819460888240315
1780009020,0.02812293820101166
1780009035,0.028529198505215018
1780009050,0.028231216457960645
1780009065,0.02848242100578549
1780009080,0.02826585179526356
1780009095,0.02797959939595977
1780009110,0.027661572611628108
1780009125,0.02720525264059378
1780009140,0.026483386645917983
1780009155,0.02591710057953108
1780009170,0.025693851723224533
1780009185,0.026076085015181282
1780009200,0.02603838183620146
1780009215,0.02586548726551777
1780009230,0.025485921331409096
1780009245,0.024801649278440682
1780009260,0.024823474031068573
1780009275,0.02479761942853486
1780009290,0.024571708272148805
1780009305,0.02410111991617002
1780009320,0.024280725095626142
1780009335,0.02433718558803535
1780009350,0.02416388822053415
1780009365,0.02368749134229118
1780009380,0.02368031573754317
1780009395,0.02377281365412887
1780009410,0.023577652485904665
1780009425,0.023552611995832716
1780009440,0.023734177215189875
1780009455,0.023412013049318753
1780009470,0.023235800344234083
1780009485,0.02258793159083575
1780009500,0.02189453045218741
1780009515,0.02191235059760956
1780009530,0.02183210459859069
1780009545,0.02126779212181397
1780009560,0.020917306631592344
1780009575,0.020487720362108545
1780009590,0.02033182238260793
1780009605,0.020179372197309416
1780009620,0.02002854643399788
1780009635,0.01979414093428345
1780009650,0.019567701390211387
1780009665,0.01940378349462627
1780009680,0.01966014621616281
1780009695,0.01933410334957063
1780009710,0.018824609733700638
1780009725,0.01889331745949583
1780009740,0.018534075396408695
1780009755,0.01893878426954236
1780009770,0.01874630713863673
1780009785,0.01927776269345642
1780009800,0.019466196095731775
1780009815,0.019443014811002458
1780009830,0.019556789909159288
1780009845,0.019652570626425687
1780009860,0.019881783987103708
1780009875,0.020984425157531805
1780009890,0.021516880646695196
1780009905,0.0216432148819461
1780009920,0.022401806405609365
1780009935,0.02233879523753389
1780009950,0.022966339410939687
1780009965,0.02371910965706607
1780009980,0.023562844118169435
1780009995,0.02420164098931586
1780010010,0.024349783754961784
1780010025,0.02517641430450903
1780010040,0.025414563806777216
1780010055,0.026374020692542313
1780010070,0.02634888316665668
1780010085,0.027025432229893197
1780010100,0.02716458542936616
1780010115,0.02737633650569851
1780010130,0.02775813295615276
1780010145,0.027942124070060335
1780010160,0.028365914496200472
1780010175,0.027605929730360683
1780010190,0.027795361684985902
1780010205,0.027362193526366683
1780010220,0.02630829679403223
1780010235,0.026482145908081324
1780010250,0.02699604516535794
1780010265,0.027076326740010263
1780010280,0.027023964647895304
1780010295,0.02706648697214735
1780010310,0.026870331140595387
1780010325,0.026796990829718304
1780010340,0.027199570815450647
1780010355,0.02645001840458537
1780010370,0.026536816612562478
1780010385,0.026027465172772792
1780010400,0.025916800909693928
1780010415,0.026447850264478504
1780010430,0.026079869600651995
1780010445,0.02588996763754045
1780010460,0.025457222566646003
1780010475,0.0256476876252691
1780010490,0.026371270323387527
1780010505,0.02694265354597896
1780010520,0.027759676788739737
1780010535,0.029275471225499405
1780010550,0.029488615154908547
1780010565,0.03183914083931594
1780010580,0.03373638282096617
1780010595,0.03506650544135429
1780010610,0.03737417005782823
1780010625,0.03770094578046429
1780010640,0.03857536741456505
1780010655,0.03887908975728517
1780010670,0.03903274024784223
1780010685,0.0407906515375124
1780010700,0.040953763415272584
1780010715,0.0410496541560695
1780010730,0.042355225152706094
1780010745,0.04376604715803359
1780010760,0.045453456905429034
1780010775,0.04710214231063504
1780010790,0.04760525299343376
1780010805,0.047389131641841484
1780010820,0.048152187083484795
1780010835,0.047923166926677065
1780010850,0.04661433955017882
1780010865,0.04583071190049848
1780010880,0.04432471264367817
1780010895,0.043038218709335385
1780010910,0.041970630033159644
1780010925,0.04256631708821714
1780010940,0.0413408084424762
1780010955,0.0417316508341604
1780010970,0.04224946618363283
1780010985,0.04244892161272758
1780011000,0.04338030869523536
1780011015,0.043962698316579875
1780011030,0.04286017899733156
1780011045,0.04291825095057034
1780011060,0.04148706896551724
1780011075,0.04063057145538144
1780011090,0.04099396321774533
1780011105,0.04087512590475744
1780011120,0.04155271080876101
1780011135,0.04142451996838533
1780011150,0.04284648038438214
1780011165,0.04384599298278226
1780011180,0.044341714231803386
1780011195,0.04338293604515557
1780011210,0.04487027462884789
1780011225,0.045296250930662633
1780011240,0.04592936892040826
1780011255,0.04470509861768695
1780011270,0.04482571704649902
1780011285,0.04351523742026931
1780011300,0.043598066459612825
1780011315,0.0431983777028461
1780011330,0.0441269915982208
1780011345,0.04411168602017215
1780011360,0.04458400993409113
1780011375,0.045467612111920276
1780011390,0.04600426275833992
1780011405,0.04508401264348694
1780011420,0.04500443570623637
1780011435,0.04393413398386189
1780011450,0.04239176822039926
1780011465,0.04282374941561477
1780011480,0.051174536617906316
1780011495,0.0662653515133933
1780011510,0.0813670046801872
1780011525,0.0901143583227446
1780011540,0.10923443627136889
1780011555,0.11413058306731057
1780011570,0.13551477315537377
1780011585,0.16069454555258975
1780011600,0.17839059182228997
1780011615,0.19287925696594427
1780011630,0.21780694063410358
1780011645,0.23672052113524839
1780011660,0.2513014395812127
1780011675,0.2642134479362521
1780011690,0.2814565287135066
1780011705,0.3081795648581657
1780011720,0.3321343675716252
1780011735,0.35593678238551935
1780011750,0.3874772839914092
1780011765,0.4065182990471701
1780011780,0.4102363325740319
1780011795,0.4132559560171044
1780011810,0.4112083318573099
1780011825,0.4095804352703612
1780011840,0.40773920617145704
1780011855,0.407739206171457
1780011870,0.4025485690411531
1780011885,0.4015913474786442
1780011900,0.4004165581879719
1780011915,0.39718059538716316
1780011930,0.39331299153380034
1780011945,0.393755229664861
1780011960,0.40129075759764965
1780011975,0.4033072236727589
1780011990,0.4033072236727589
1780012005,0.4107882310207047
1780012020,0.40769828608827263
1780012035,0.4076982860882726
1780012050,0.41444304826668643
1780012065,0.41427671635523833
1780012080,0.41434293637344016
1780012095,0.41286615502069357
1780012110,0.42188986365077685
1780012125,0.4170767716535433
1780012140,0.416013958898798
1780012155,0.41661271280039613
1780012170,0.41374040110340715
1780012185,0.4131717084257806
1780012200,0.4131717084257806
1780012215,0.41783191923022234
1780012230,0.41783191923022234
1780012245,0.4189941777065226
1780012260,0.4185056865255705
1780012275,0.4127467450650987
1780012290,0.4062913031985197
1780012305,0.3997116597585151
1780012320,0.399711659758515
1780012335,0.39916685503923527
1780012350,0.39704686636094577
1780012365,0.3925213410862303
1780012380,0.3844235695986336
1780012395,0.37423641287234716
1780012410,0.36752955259613945
1780012425,0.3487707601642955
1780012440,0.3358883031770908
1780012455,0.3160210532178563
1780012470,0.2979551820728291
1780012485,0.26703583622643673
1780012500,0.25351581442965676
1780012515,0.22735624729788156
1780012530,0.21711369813836606
1780012545,0.19623859224524784
1780012560,0.1790293498948212
1780012575,0.16278202961932212
1780012590,0.14947054364040988
1780012605,0.1200953661196642
1780012620,0.11643651472565074
1780012635,0.10237771078479044
1780012650,0.08901056303905418
1780012665,0.07560731950975855
1780012680,0.06585281980742778
1780012695,0.05525109605420486
1780012710,0.04631330029433223
1780012725,0.04166881809263179
1780012740,0.036470932241686384
1780012755,0.032088174611792815
1780012770,0.029226152076964076
1780012785,0.02781533151157774
1780012800,0.02649797087610408
1780012815,0.02532958984375
1780012830,0.025472056773539475
1780012845,0.02500662427133015
1780012860,0.024846397947471476
1780012875,0.025140646976090017
1780012890,0.025372371495327103
1780012905,0.02575431441410823
1780012920,0.026560883063125217
1780012935,0.026830894755423062
1780012950,0.02706870662716611
1780012965,0.027532360797205672
1780012980,0.027056187235455224
1780012995,0.02755756889392224
1780013010,0.02752064048036027
1780013025,0.027575833542241166
1780013040,0.026988576927904934
1780013055,0.027168548006352208
1780013070,0.026994652406417116
1780013085,0.02651531377168559
1780013100,0.026207074619158277
1780013115,0.026166932941836866
1780013130,0.026338329764453963
1780013145,0.026473717812300495
1780013160,0.02629328772979906
1780013175,0.025676138308798356
1780013190,0.025658396138538403
1780013205,0.025374952737049955
1780013220,0.025349759866360407
1780013235,0.0254861949777204
1780013250,0.02562111801242236
1780013265,0.02583617887851236
1780013280,0.026400033259884423
1780013295,0.026530526844373768
1780013310,0.02637307434695244
1780013325,0.02650420801406858
1780013340,0.02695976773123186
1780013355,0.02707898719679306
1780013370,0.026983357569882047
1780013385,0.027425047669276642
1780013400,0.02768405219724379
1780013415,0.028102664067576347
1780013430,0.02823825776044206
1780013445,0.02868091972569585
1780013460,0.029239293080438385
1780013475,0.02928516834949113
1780013490,0.029241189114653038
1780013505,0.029363851103689824
1780013520,0.029348810405861528
1780013535,0.02966136607069292
1780013550,0.030007842489784126
1780013565,0.029667835774706004
1780013580,0.0289259527838208
1780013595,0.028220759820743666
1780013610,0.028271142251914617
1780013625,0.028187587571087115
1780013640,0.028444224585703688
1780013655,0.027982084891317743
1780013670,0.028236942990230433
1780013685,0.028341741520036098
1780013700,0.02780617460641996
1780013715,0.02774817608000656
1780013730,0.027403507317275404
1780013745,0.027160801929955913
1780013760,0.02734391183659941
1780013775,0.027201857687842095
1780013790,0.027056097964587127
1780013805,0.027249399209808154
1780013820,0.027416149572129615
1780013835,0.027143612908476784
1780013850,0.026984844128640075
1780013865,0.026619416515576068
1780013880,0.026918457779434298
1780013895,0.02704582651391162
1780013910,0.027438900822761722
1780013925,0.027425478633169076
1780013940,0.027556346861975476
1780013955,0.027868185516680223
1780013970,0.027631094191329975
1780013985,0.027883187592806467
1780014000,0.028012815246857795
1780014015,0.02835530938701277
1780014030,0.028089656590581942
1780014045,0.027743577115652958
1780014060,0.0280752532561505
1780014075,0.028325639949643305
1780014090,0.02790521486594554
1780014105,0.02731621349446123
1780014120,0.027343750000000003
1780014135,0.02755644090305445
1780014150,0.02790178571428571
1780014165,0.027756139559673647
1780014180,0.028346392090905365
1780014195,0.02820787349695272
1780014210,0.028341584158415842
1780014225,0.02842334745588417
1780014240,0.02878052791711208
1780014255,0.028943916038045258
1780014270,0.028535063228773198
1780014285,0.02776858136070187
1780014300,0.027461205265149925
1780014315,0.027550043697199215
1780014330,0.02750524109014675
1780014345,0.026701829569803857
1780014360,0.02622341523848854
1780014375,0.02642359688652192
1780014390,0.026518251759698807
1780014405,0.026779801324503312
1780014420,0.02668013297984261
1780014435,0.026474431937945277
1780014450,0.026493484151219306
1780014465,0.026840753424657533
1780014480,0.026901590030081645
1780014495,0.026990670427424604
1780014510,0.0268572666233485
1780014525,0.02653370908302623
1780014540,0.026327375187109276
1780014555,0.026687666797917488
1780014570,0.027038832830996375
1780014585,0.02683926645091694
1780014600,0.02703401888500841
1780014615,0.026841878500646274
1780014630,0.026567253717273
1780014645,0.02680838246051895
1780014660,0.026906989780518302
1780014675,0.026678178286207638
1780014690,0.025904729119153144
1780014705,0.025927808845958317
1780014720,0.025862432079524874
1780014735,0.025552949061662195
1780014750,0.02504905439819647
1780014765,0.024393331926566786
1780014780,0.02407860335666695
1780014795,0.02424777273491343
1780014810,0.023976485408356077
1780014825,0.023692538307794803
1780014840,0.02334923424554356
1780014855,0.02319587628865979
1780014870,0.02353668590272053
1780014885,0.02369489680579395
1780014900,0.023914411579609815
1780014915,0.024937343358395987
1780014930,0.025435129908349452
1780014945,0.025318034422549263
1780014960,0.026005620569606976
1780014975,0.02598936798582398
1780014990,0.02651994265958344
1780015005,0.02649292371418709
1780015020,0.026875216038714136
1780015035,0.027456083279115154
1780015050,0.02749499695466806
1780015065,0.028006731972554266
1780015080,0.027826912291298158
1780015095,0.0274796049806784
1780015110,0.027670361777090313
1780015125,0.027788649706457922
1780015140,0.027604437510833767
1780015155,0.027840416305290546
1780015170,0.027909995672868886
1780015185,0.02798863491794241
1780015200,0.028086301544746582
1780015215,0.027553706376836202
1780015230,0.027257387617358193
1780015245,0.027190463760549902
1780015260,0.0268733850129199
1780015275,0.026697570606919054
1780015290,0.026643894107600336
1780015305,0.025938797999491392
1780015320,0.025396291468696125
1780015320,0.025396291468696125
1780015335,0.02572971148979247
1780015350,0.025616981373342996
1780015365,0.02532777115613826
1780015380,0.0252417215709763
1780015395,0.025209008701586755
1780015410,0.0250074300513735
1780015425,0.02527305054610109
1780015440,0.025216169016484217
1780015455,0.02514490282986703
1780015470,0.02545064377682403
1780015485,0.025413839305009293
1780015500,0.025067105377088925
1780015515,0.025456606076456997
1780015530,0.025136894752727117
1780015545,0.02514376862695714
1780015560,0.026238823431102194
1780015575,0.026065948970077135
1780015590,0.025965720133026355
1780015605,0.026823062659019358
1780015620,0.02711995530149998
1780015635,0.027282175645245103
1780015650,0.027367879203843513
1780015665,0.028561626211510423
1780015680,0.02882875118503835
1780015695,0.028660490085721704
1780015710,0.02846759539672926
1780015725,0.028917311887752917
1780015740,0.02848844658950156
1780015755,0.02848046807778351
1780015770,0.02834578441835646
1780015785,0.027949912389418352
1780015800,0.027664418574681042
1780015815,0.027823382009850513
1780015830,0.028324154209284025
1780015845,0.02837477797513321
1780015860,0.028063120164357212
1780015875,0.02818321279859741
1780015890,0.028368794326241134
1780015905,0.027766965096665368
1780015920,0.027628383067314365
1780015935,0.027636553252509452
1780015950,0.027072684744000694
1780015965,0.02663438256658596
1780015980,0.0265177647464643
1780015995,0.027052478383700028
1780016010,0.027228678015522496
1780016025,0.026593444607800748
1780016040,0.026579369552963625
1780016055,0.026242442433857902
1780016070,0.02650378323540601
1780016085,0.02659121851599728
1780016100,0.026630389974441424
1780016115,0.026132475990272457
1780016130,0.026328882991956216
1780016145,0.026354075736791785
1780016160,0.02643520253111861
1780016175,0.026816106268161066
1780016190,0.02697969225636963
1780016205,0.0276770455587512
1780016220,0.02744807121661721
1780016235,0.02698347107438017
1780016250,0.026836099151444213
1780016265,0.026904712476645217
1780016280,0.02627785328885045
1780016295,0.02643135305327699
1780016310,0.02650403142443664
1780016325,0.027120600115406807
1780016340,0.027088691612046793
1780016355,0.027276559865092757
1780016370,0.02696485623003195
1780016385,0.02702360342861969
1780016400,0.02720301589341559
1780016415,0.02698230876925035
1780016430,0.026607165410684964
1780016445,0.026030460279289545
1780016460,0.026122995771758698
1780016475,0.025797432964798573
1780016490,0.024896615748164402
1780016505,0.025093838302897388
1780016520,0.025647494113689873
1780016535,0.026044492674986437
1780016550,0.02608294544387134
1780016565,0.026019482984017208
1780016580,0.026819603753910324
1780016595,0.025964735092370496
1780016610,0.025481744421906694
1780016625,0.025560575635876843
1780016640,0.025397227856659908
1780016655,0.025436471472725757
1780016670,0.024802000833680695
1780016685,0.024855803145358728
1780016700,0.02492865536343797
1780016715,0.024314580363880275
1780016730,0.02406631984096773
1780016745,0.02406910432740691
1780016760,0.02410506248676128
1780016775,0.02389179167368953
1780016790,0.023843930635838152
1780016805,0.02390830161242034
1780016820,0.023159884845099475
1780016835,0.02274492878722486
1780016850,0.022514393744092122
1780016865,0.021860986547085202
1780016880,0.02214022140221402
1780016895,0.021976127892446247
1780016910,0.02168444791395611
1780016925,0.021787709497206705
1780016940,0.022108548638807006
1780016955,0.02248597324126025
1780016970,0.022801998377385883
1780016985,0.022601515280497145
1780017000,0.022426010837849102
1780017015,0.022797927461139896
1780017030,0.02328090633688841
1780017045,0.02273487128050819
1780017060,0.023074369189907035
1780017075,0.022813688212927754
1780017090,0.022793203481143803
1780017105,0.022301333988051397
1780017120,0.022204048251891227
1780017135,0.022254830031792613
1780017150,0.022434328601729482
1780017165,0.02240585430027956
1780017180,0.022307915578222832
1780017195,0.02236076475477972
1780017210,0.02280116715298041
1780017225,0.022221292266488116
1780017240,0.02195121951219512
1780017255,0.02169542636957614
1780017270,0.021453198825181968
1780017285,0.021488105573884357
1780017300,0.02098640503321748
1780017315,0.020899893503727368
1780017330,0.021129261363636364
1780017345,0.021576398062527518
1780017360,0.02136506391825541
1780017375,0.02173913043478261
1780017390,0.02216629134101647
1780017405,0.021883200640483918
1780017420,0.022352268227218728
1780017435,0.02271835346443989
1780017450,0.02291639994879017
1780017465,0.023055980942657817
1780017480,0.023217665615141957
1780017495,0.023187307999831673
1780017510,0.023115024766097964
1780017525,0.022844698748879115
1780017540,0.0228240504173054
1780017555,0.02276886411031195
1780017570,0.022608622431795216
1780017585,0.02276347782342584
1780017600,0.02277031861610337
1780017615,0.037676479112325585
1780017630,0.03794026604199782
1780017645,0.03734266900058348
1780017660,0.03717751010711457
1780017675,0.03733759407980491
1780017690,0.037182650884604124
1780017705,0.03730430012237836
1780017720,0.03764009304292662
1780017735,0.03749408780152213
1780017750,0.03721731639026492
1780017765,0.03670546105640107
1780017780,0.03714971291455995
1780017795,0.03663159688205477
1780017810,0.03679253216718527
1780017825,0.03735608034288595
1780017840,0.037298981224214864
1780017855,0.037292701405842246
1780017870,0.03720244364862019
1780017885,0.037712844229556446
1780017900,0.035269883975113506
1780017915,0.0227739797844231
1780017930,0.02286946229286439
1780017945,0.02343815867127561
1780017960,0.023716754192783327
1780017975,0.023571883627097046
1780017990,0.023757093249767082
1780018005,0.02340515420363329
1780018020,0.02320639238354301
1780018035,0.023659904685588967
1780018050,0.023447455611247982
1780018065,0.023993107904372174
1780018080,0.02448571304310007
1780018095,0.02464788732394366
1780018110,0.024571204119931918
1780018125,0.024347290098181658
1780018140,0.024688092404003
1780018155,0.024570131797154577
1780018170,0.02445711301623221
1780018185,0.024178331651235244
1780018200,0.023825488355460195
1780018215,0.02387808443715944
1780018230,0.023593867361816814
1780018245,0.023151638798953295
1780018260,0.022647250597696154
1780018275,0.022690996937146803
1780018290,0.022765201763019386
1780018305,0.02334189783564865
1780018320,0.0236255050061479
1780018335,0.02320629264264917
1780018350,0.022946544980443285
1780018365,0.022473867595818812
1780018380,0.022368649211028265
1780018395,0.022061979569061724
1780018410,0.022424009890437826
1780018425,0.0223342939481268
1780018440,0.022547770700636943
1780018455,0.022583404619332767
1780018470,0.023280649295173005
1780018485,0.023725197354384466
1780018500,0.023654366960054164
1780018515,0.02349021592442645
1780018530,0.023875577973938626
1780018545,0.024449564772145414
1780018560,0.025094959668814813
1780018575,0.025147046287614012
1780018590,0.025245621529261
1780018605,0.025442199681448566
1780018620,0.02574945570256238
1780018635,0.025507635509313644
1780018650,0.025733423774800743
1780018665,0.025667176610572832
1780018680,0.02606797363239449
1780018695,0.025645409471704565
1780018710,0.025594387423671556
1780018725,0.02597234226447709
1780018740,0.025697408700901137
1780018755,0.0256487758538797
1780018770,0.025325238508239378
1780018785,0.024714497428297445
1780018800,0.024847161572052405
1780018815,0.02475333973631363
1780018830,0.02496012415398543
1780018845,0.024932179304999354
1780018860,0.024925094446133136
1780018875,0.02482746646989887
1780018890,0.024494607693315285
1780018905,0.024537198742577718
1780018920,0.024204823488290807
1780018935,0.024525905487671352
1780018950,0.02449225992842051
1780018965,0.024330691796958664
1780018980,0.02398781571265389
1780018995,0.02402135231316726
1780019010,0.024067695709486754
1780019025,0.023952602623783324
1780019040,0.024291155311045278
1780019055,0.02437898623699228
1780019070,0.024646565745026897
1780019085,0.024631561516807416
1780019100,0.024547750134536573
1780019115,0.024930053868960626
1780019130,0.024741491187675303
1780019145,0.024936619425626534
1780019160,0.024465218123631463
1780019175,0.024097900339466075
1780019190,0.024464703914352626
1780019205,0.024261911721718796
1780019220,0.02436262998993626
1780019235,0.024363467466114935
1780019250,0.024277851260826898
1780019265,0.02405276089486616
1780019280,0.024544149005613823
1780019295,0.024955820869790094
1780019310,0.02552033854391571
1780019325,0.025589954535613774
1780019340,0.025959416778436373
1780019355,0.025888149364681482
1780019370,0.02611487072705189
1780019385,0.026008308810801455
1780019400,0.026112939546163172
1780019415,0.025842019123094154
1780019430,0.026092206840039676
1780019445,0.026080636196502634
1780019460,0.026316911921518443
1780019475,0.02660320428371085
1780019490,0.02641087405368204
1780019505,0.026752846502867904
1780019520,0.027458492975734355
1780019535,0.027035006326444542
1780019550,0.02749357921771715
1780019565,0.02685411229901507
1780019580,0.02628842394243168
1780019595,0.026024339916621043
1780019610,0.02549094456461806
1780019625,0.025192234164577935
1780019640,0.024966375252185605
1780019655,0.024915594683533483
1780019670,0.02483108108108108
1780019685,0.02455603704647804
1780019700,0.024838654891304348
1780019715,0.025057237344187227
1780019730,0.02483137861408257
1780019745,0.02466144593951456
1780019760,0.024805468380551136
1780019775,0.024616436599854696
1780019790,0.024545608968914556
1780019805,0.024613129876287772
1780019820,0.024441490502122548
1780019835,0.024859246427024684
1780019850,0.02491423670668954
1780019865,0.02543795463349546
1780019880,0.025542894001290044
1780019895,0.02549959692816836
1780019910,0.025867186837418375
1780019925,0.02606655290102389
1780019940,0.0255073462880779
1780019955,0.025177673773617612
1780019970,0.02484120769163839
1780019985,0.024760176302826033
1780020000,0.024324441930290236
1780020015,0.024187975120939877
1780020030,0.023777729916002584
1780020045,0.024187647944910694
1780020060,0.023570777444979815
1780020075,0.023092856198492797
1780020090,0.02265570328901329
1780020105,0.022086691352646484
1780020120,0.021560979885183396
1780020135,0.022476785559316148
1780020150,0.02218666205345558
1780020165,0.021989438143883645
1780020180,0.0216895977565507
1780020195,0.021647704634999335
1780020210,0.02155902004454343
1780020225,0.02128517655493816
1780020240,0.02174965878571743
1780020255,0.021940259053661114
1780020270,0.022559691011235956
1780020285,0.02248280726503262
1780020300,0.022503082614056723
1780020315,0.023055270095170007
1780020330,0.023165506159614352
1780020345,0.02298799267955184
1780020360,0.02345537757437071
1780020375,0.023805340829234016
1780020390,0.02413033905768384
1780020405,0.024199569590232332
1780020420,0.024854182989466355
1780020435,0.024672731306856
1780020450,0.024728561932195876
1780020465,0.024892440073755375
1780020480,0.025204980261160033
1780020495,0.02528319765688935
1780020510,0.02541099712409323
1780020525,0.025596252129471888
1780020540,0.025311061871484575
1780020555,0.02521152772409054
1780020570,0.025361854745740996
1780020585,0.025741160661795583
1780020600,0.025580723686924947
1780020615,0.025769215136365486
1780020630,0.02518952308371104
1780020645,0.02530323720780786
1780020660,0.02517659129473975
1780020675,0.02525054807391168
1780020690,0.02539332045266354
1780020705,0.025256697745780713
1780020720,0.02459206557884154
1780020735,0.024956471271038883
1780020750,0.02521467603434817
1780020765,0.02538370720188902
1780020780,0.02508932427657152
1780020795,0.02501658666042228
1780020810,0.025045910991286682
1780020825,0.025359022035842865
1780020840,0.02590129506475324
1780020855,0.02523584905660377
1780020870,0.025234953009398122
1780020885,0.02480725442416011
1780020900,0.0248602115933867
1780020915,0.024674958740892813
1780020930,0.02519866595297896
1780020945,0.025460147571555986
1780020960,0.025512920267005197
1780020975,0.025375474500742696
1780020990,0.02503657262277952
1780021005,0.02544678357677981
1780021020,0.02519264967397748
1780021035,0.02500318918229366
1780021050,0.025045895620246526
1780021065,0.02492112122182084
1780021080,0.02511206439485227
1780021095,0.025006418485237485
1780021110,0.024833010127127776
1780021125,0.024362281456004584
1780021140,0.024172327274952575
1780021155,0.024589640416427156
1780021170,0.024955314175718408
1780021185,0.025373911749386115
1780021200,0.02525252525252525
1780021215,0.02567324955116696
1780021230,0.02524599940363781
1780021245,0.025364758698092033
1780021260,0.025415070242656452
1780021275,0.025455062571103526
1780021290,0.02722602739726027
1780021305,0.02673456397199236
1780021320,0.026193724420190995
1780021335,0.027640671273445216
1780021350,0.027146250424160166
1780021365,0.027045769764216368
1780021380,0.026980283638879284
1780021395,0.026416405978449773
1780021410,0.027595722662987238
1780021425,0.028832630098452883
1780021440,0.02878202878202878
1780021455,0.027952480782669462
1780021470,0.02689486552567237
1780021485,0.02638058389025677
1780021500,0.025373653110879385
1780021515,0.024687065368567452
1780021530,0.024730059212817835
1780021545,0.022284122562674095
1780021560,0.021114572516441672
1780021575,0.020604395604395604
1780021590,0.019243986254295537
1780021605,0.020490426603963722
1780021620,0.020854355869492098
1780021635,0.02040133779264214
1780021650,0.020785219399538108
1780021665,0.019882659713168185
1780021680,0.01998689384010485
1780021695,0.01945268710847346
1780021710,0.019465522929726163
1780021725,0.019788918205804747
1780021740,0.018603133159268932
1780021755,0.018408941485864565
1780021770,0.01877630301068307
1780021785,0.018447837150127225
1780021800,0.018904197372636974
1780021815,0.019298809906722416
1780021830,0.01991647928043688
1780021845,0.02017937219730942
1780021860,0.022337325995467793
1780021875,0.02295505981247979
1780021890,0.022265880812049773
1780021905,0.021112600536193026
1780021920,0.021133847702113386
1780021935,0.021782841823056297
1780021950,0.020972037283621837
1780021965,0.021652231845436375
1780021980,0.020895522388059702
1780021995,0.021206096752816435
1780022010,0.02095808383233533
1780022025,0.02076466710613052
1780022040,0.021437994722955146
1780022055,0.022170747849106553
1780022070,0.021925316889345667
1780022085,0.023768515328970032
1780022100,0.02395619438740589
1780022115,0.02388263391334016
1780022130,0.024323398424117848
1780022145,0.023480662983425413
1780022160,0.021625392396232995
1780022175,0.021388499298737727
1780022190,0.020754064337599448
1780022205,0.02242609582059123
1780022220,0.02344273275284662
1780022235,0.022442244224422443
1780022250,0.024918032786885248
1780022265,0.025641025641025644
1780022280,0.025372660957817948
1780022295,0.025583626479053406
1780022310,0.025608194622279132
1780022325,0.02455573505654281
1780022340,0.02466367713004484
1780022355,0.023127035830618894
1780022370,0.022823606129768505
1780022385,0.02254901960784314
1780022400,0.022424439389015276
1780022415,0.02242870874719641
1780022430,0.022857142857142857
1780022445,0.023899371069182388
1780022460,0.024936868686868688
1780022475,0.02544769085768143
1780022490,0.024632117722328855
1780022505,0.02559118885649498
1780022520,0.024959481361426256
1780022535,0.025204582651391163
1780022550,0.023380093520374085
1780022565,0.024157876828853352
1780022580,0.024256918346429793
1780022595,0.024223814397816446
1780022610,0.025520483546004027
1780022625,0.02820251444104655
1780022640,0.030064912880081996
1780022655,0.030629417704476608
1780022670,0.030971993410214164
1780022685,0.031023102310231022
1780022700,0.03189368770764119
1780022715,0.0325313453066757
1780022730,0.03202479338842975
1780022745,0.031713202344019295
1780022760,0.03140096618357488
1780022775,0.030988857938718667
1780022790,0.029824561403508774
1780022805,0.029554937413073714
1780022820,0.02975148757437872
1780022835,0.03042094092677751
1780022850,0.029463968761093366
1780022865,0.028103877623621487
1780022880,0.027334043308484206
1780022895,0.027977044476327116
1780022910,0.02773722627737226
1780022925,0.024882798413270825
1780022940,0.023689877961234746
1780022955,0.024793388429752067
1780022970,0.0242929659173314
1780022985,0.02338530066815145
1780023000,0.02359550561797753
1780023015,0.02436281859070465
1780023030,0.02448979591836735
1780023045,0.02379209370424597
1780023060,0.02355072463768116
1780023075,0.021786492374727667
1780023090,0.023567802755620017
1780023105,0.024937655860349125
1780023120,0.025026814444047196
1780023135,0.025106082036775106
1780023150,0.025201260063003147
1780023165,0.025069637883008356
1780023180,0.024356775300171527
1780023195,0.025351147653305924
1780023210,0.02475415395049169
1780023225,0.024291497975708502
1780023240,0.026125816431763493
1780023255,0.026188835286009647
1780023270,0.02638793694311172
1780023285,0.02600068422853233
1780023300,0.025938566552901023
1780023315,0.025458248472505093
1780023330,0.026098901098901096
1780023345,0.026924404556437694
1780023360,0.027392510402219142
1780023375,0.02689819543752128
1780023390,0.024615384615384615
1780023405,0.02299245024021963
1780023420,0.022252653200958573
1780023435,0.021910304690174597
1780023450,0.022625985601645526
1780023465,0.023753763800602207
1780023480,0.024609245094778846
1780023495,0.02353331123632748
1780023510,0.022992227979274613
1780023525,0.021310946076848563
1780023540,0.02102879327078615
1780023555,0.02049311559398015
1780023570,0.01987179487179487
1780023585,0.021478205938092233
1780023600,0.019942103570279833
1780023615,0.020700636942675158
1780023630,0.020788749617853867
1780023645,0.021017362168748097
1780023660,0.021511985248924403
1780023675,0.02262162999690115
1780023690,0.024821594787465096
1780023705,0.024772656005017248
1780023720,0.024834957560515562
1780023735,0.024811557788944723
1780023750,0.02433628318584071
1780023765,0.023263327948303714
1780023780,0.023096942094990244
1780023795,0.02363224344448041
1780023810,0.024617431803060544
1780023825,0.025735294117647058
1780023840,0.02526954177897574
1780023855,0.024907438572871084
1780023870,0.026289517470881863
1780023885,0.02515090543259557
1780023900,0.0256837891927952
1780023915,0.02532511978097194
1780023930,0.02451657458563536
1780023945,0.02385008517887564
1780023960,0.022859092459911298
1780023975,0.02288791652642208
1780023990,0.02153744201457919
1780024005,0.023225384363755312
1780024020,0.02404939876503087
1780024035,0.024185746533376327
1780024050,0.02562459961563101
1780024065,0.02572145545796738
1780024080,0.026891807379612262
1780024095,0.02590018951358181
1780024110,0.026540284360189573
1780024125,0.026373626373626377
1780024140,0.026026967701473818
1780024155,0.02520224019912881
1780024170,0.024737167594310452
1780024185,0.025625000000000002
1780024200,0.025210084033613446
1780024215,0.024898848428260192
1780024230,0.027195998749609256
1780024245,0.029138251704897707
1780024260,0.02951122041192745
1780024275,0.029228855721393037
1780024290,0.027629513343799064
1780024305,0.02735368956743003
1780024320,0.026983617089624157
1780024335,0.026614735475494974
1780024350,0.025699414443721535
1780024365,0.027000650618087183
1780024380,0.026418786692759294
1780024395,0.026384364820846908
1780024410,0.026016260162601626
1780024425,0.02618657937806874
1780024440,0.0266844563042028
1780024455,0.026481297583581597
1780024470,0.02770448548812665
1780024485,0.026566087241718595
1780024500,0.027927321668909825
1780024515,0.02875727490585416
1780024530,0.026703183841150294
1780024545,0.023983315954118872
1780024560,0.02423603793466807
1780024575,0.024903542616625744
1780024590,0.025486725663716812
1780024605,0.02631578947368421
1780024620,0.02618364418938307
1780024635,0.025420694593626923
1780024650,0.02538071065989848
1780024665,0.025830258302583026
1780024680,0.026686434395848776
1780024695,0.02635486265775798
1780024710,0.026041666666666668
1780024725,0.02701702442635085
1780024740,0.027499070977331844
1780024755,0.026904130352406214
1780024770,0.02502844141069397
1780024785,0.026818515797207936
1780024800,0.025815704553603443
1780024815,0.025248933143669983
1780024830,0.02570510531952874
1780024845,0.02494729444834856
1780024860,0.02466047176554682
1780024875,0.025436046511627907
1780024890,0.0251979841612671
1780024905,0.0255500354861604
1780024920,0.02565905096660808
1780024935,0.024947294448348558
1780024950,0.024587284861257462
1780024965,0.02547332185886403
1780024980,0.025780189959294438
1780024995,0.025894378194207836
1780025010,0.02593465813405187
1780025025,0.025548640681297086
1780025040,0.0275348234531908
1780025055,0.02735757965883489
1780025070,0.027442012414243714
1780025085,0.025538971807628524
1780025100,0.025853496851176664
1780025115,0.027428949107732987
1780025130,0.02990033222591362
1780025145,0.029815745393634845
1780025160,0.02935356200527705
1780025175,0.028909329829172145
1780025190,0.02852459016393443
1780025205,0.02960745176314039
1780025220,0.029659588810246044
1780025235,0.029855753102985577
1780025250,0.02932254802831143
1780025265,0.028053369825521722
1780025280,0.02788041652670474
1780025295,0.028050016897600543
1780025310,0.028024606971975393
1780025325,0.027272727272727275
1780025340,0.02641775272983445
1780025355,0.026619964973730297
1780025370,0.027253668763102725
1780025385,0.028124999999999997
1780025400,0.027526132404181187
1780025415,0.026970227670753064
1780025430,0.02625131256562828
1780025445,0.02793296089385475
1780025460,0.027900646478394013
1780025475,0.028456645463675934
1780025490,0.029607451763140388
1780025505,0.028366481904140855
1780025520,0.028617363344051447
1780025535,0.027725267800882167
1780025550,0.026993484331368292
1780025565,0.030284675953967295
1780025580,0.03164556962025317
1780025595,0.03276735180220435
1780025610,0.03226761397276495
1780025625,0.03191180736872643
1780025640,0.03329506314580941
1780025655,0.03338171262699565
1780025670,0.03428733352224426
1780025685,0.03544088460447973
1780025700,0.035804195804195804
1780025715,0.03454085930918281
1780025730,0.03490645071209159
1780025745,0.03365658870507701
1780025760,0.03383897316219369
1780025775,0.03255813953488373
1780025790,0.03225806451612903
1780025805,0.033028605131229724
1780025820,0.03323262839879155
1780025835,0.03285670824459994
1780025850,0.032088861462511574
1780025865,0.029551954242135366
1780025880,0.028966849050531054
1780025895,0.027308192457737322
1780025910,0.0287603305785124
1780025925,0.02841858910063524
1780025940,0.027226890756302524
1780025955,0.027064063035286055
1780025970,0.026093088857545837
1780025985,0.0258681785967399
1780026000,0.024062278839348906
1780026015,0.024752475247524757
1780026030,0.024561403508771933
1780026045,0.025227750525578133
1780026060,0.024911032028469754
1780026075,0.025650289017341038
1780026090,0.02566883586406363
1780026105,0.02566883586406363
1780026120,0.025484565685570712
1780026135,0.02556610664718773
1780026150,0.02628696604600219
1780026165,0.02564102564102564
1780026180,0.025100036376864317
1780026195,0.024846957148001444
1780026210,0.0236331569664903
1780026225,0.02232459248759745
1780026240,0.022348350478893227
1780026255,0.02255904124074727
1780026270,0.02216834083824039
1780026285,0.02255892255892256
1780026300,0.021248339973439574
1780026315,0.02103187643772593
1780026330,0.02103187643772593
1780026345,0.021283562540929928
1780026360,0.020723684210526318
1780026375,0.020766773162939296
1780026390,0.020478890989287967
1780026405,0.01958307012002527
1780026420,0.0198019801980198
1780026435,0.020550110654441987
1780026450,0.021082441787287604
1780026465,0.020879468522619425
1780026480,0.022325581395348834
1780026495,0.022912743251726302
1780026510,0.02491327656890571
1780026525,0.024344569288389514
1780026540,0.02313222882150672
1780026555,0.024251968503937005
1780026570,0.024053880692751762
1780026585,0.02464788732394366
1780026600,0.02542372881355932
1780026615,0.025867714472822528
1780026630,0.024715447154471545
1780026645,0.0244220123738196
1780026660,0.025465230166503428
1780026675,0.02477700693756194
1780026690,0.02528276779773786
1780026705,0.025488248924197286
1780026720,0.024703557312252968
1780026735,0.024687294272547726
1780026750,0.024812275546849494
1780026765,0.0245740498034076
1780026780,0.023185483870967746
1780026795,0.022058823529411766
1780026810,0.02121312562147829
1780026825,0.02324819908316961
1780026840,0.023278688524590165
1780026855,0.022442244224422443
1780026870,0.0223757815070747
1780026885,0.020812353138637125
1780026900,0.02014098690835851
1780026915,0.020435510887772193
1780026930,0.022086306489976216
1780026945,0.021673891297099034
1780026960,0.02057335581787521
1780026975,0.020476670023497817
1780026990,0.021878155503197577
1780027005,0.02291597475921621
1780027020,0.023301608139153267
1780027035,0.024603431531239887
1780027050,0.023475709162047605
1780027065,0.022838499184339316
1780027080,0.02369200394866733
1780027095,0.024390243902439022
1780027110,0.025
1780027125,0.025092004014720642
1780027140,0.026657780739753417
1780027155,0.02711750920656177
1780027170,0.026527871054398928
1780027185,0.027269704023944134
1780027200,0.02688172043010753
1780027215,0.026746907388833167
1780027230,0.027406417112299467
1780027245,0.02762803234501348
1780027260,0.02855223379240847
1780027275,0.027852348993288593
1780027290,0.027544507893852873
1780027305,0.026612077789150458
1780027320,0.027201632097925876
1780027335,0.0267639902676399
1780027350,0.027710426047800486
1780027365,0.027712064886786077
1780027380,0.028078484438430314
1780027395,0.02600068422853233
1780027410,0.023399862353750862
1780027425,0.02324786324786325
1780027440,0.02234258632362898
1780027455,0.023801310796826493
1780027470,0.023703194778426657
1780027485,0.023958333333333335
1780027500,0.02472527472527472
1780027515,0.023989033584647018
1780027530,0.022750424448217316
1780027545,0.021863437605112685
1780027560,0.022155085599194362
1780027575,0.022954091816367265
1780027590,0.021694915254237286
1780027605,0.020783645655877342
1780027620,0.02050580997949419
1780027635,0.020670958996950185
1780027650,0.020554984583761562
1780027665,0.01994401679496151
1780027680,0.02032947774272695
1780027695,0.020223152022315203
1780027710,0.021861777150916785
1780027725,0.020586182833217025
1780027740,0.02077562326869806
1780027755,0.022155085599194362
1780027770,0.021795705920624596
1780027785,0.021746082507195397
1780027800,0.021698113207547172
1780027815,0.021582733812949638
1780027830,0.0221736414740787
1780027845,0.022104607721046075
1780027860,0.022264032612104107
1780027875,0.022390413118889937
1780027890,0.022826766729205753
1780027905,0.023891857906318766
1780027920,0.024482109227871942
1780027935,0.024203821656050954
1780027950,0.024761904761904763
1780027965,0.02552789158525055
1780027980,0.026257513445112308
1780027995,0.026441541892322395
1780028010,0.02542103590721322
1780028025,0.025500322788896062
1780028040,0.025429326287978865
1780028055,0.024052718286655683
1780028070,0.024949426837491573
1780028085,0.02457597784700588
1780028100,0.023909985935302393
1780028115,0.026362664766654793
1780028130,0.026419136022848982
1780028145,0.02565016031350196
1780028160,0.026438013576277238
1780028175,0.02636203866432337
1780028190,0.025441696113074206
1780028205,0.022775052557813594
1780028220,0.023079572855666555
1780028235,0.02200825309491059
1780028250,0.02234258632362898
1780028265,0.02036727879799666
1780028280,0.020860927152317882
1780028295,0.02089454782892589
1780028310,0.02104922279792746
1780028325,0.020718679184202005
1780028340,0.02200328407224959
1780028355,0.02060485211033566
1780028370,0.020860927152317882
1780028385,0.020652898067954697
1780028400,0.021988841483426325
1780028415,0.020301244269810084
1780028430,0.019986675549633577
1780028445,0.020749665327978582
1780028460,0.020784445189406635
1780028475,0.020798389802079837
1780028490,0.021255396878113585
1780028505,0.021760964178105125
1780028520,0.02087611225188227
1780028535,0.021746517159361194
1780028550,0.022514721163837893
1780028565,0.02447552447552448
1780028580,0.02345117255862793
1780028595,0.024572649572649572
1780028610,0.02536620221507681
1780028625,0.02345415778251599
1780028640,0.02359154929577465
1780028655,0.023817742492233344
1780028670,0.02425691834642979
1780028685,0.024628879892037783
1780028700,0.024240355069989755
1780028715,0.02406325197662427
1780028730,0.021468144044321333
1780028745,0.021872863978127138
1780028760,0.02135593220338983
1780028775,0.022068965517241378
1780028790,0.022797927461139896
1780028805,0.02263374485596708
1780028820,0.022992450240219627
1780028835,0.02169421487603306
1780028850,0.01984941820670773
1780028865,0.02012278308321964
1780028880,0.02026098901098901
1780028895,0.02037292817679558
1780028910,0.02092050209205021
1780028925,0.020564656674799578
1780028940,0.019332161687170474
1780028955,0.018050541516245487
1780028970,0.017811704834605598
1780028985,0.016152716593245228
1780029000,0.016911764705882352
1780029015,0.01850507982583454
1780029030,0.01863799283154122
1780029045,0.01868487243981315
1780029060,0.019978969505783387
1780029075,0.021487039563437924
1780029090,0.021443158611300205
1780029105,0.02346938775510204
1780029120,0.025065963060686015
1780029135,0.02558215808461791
1780029150,0.025725593667546176
1780029165,0.025456919060052218
1780029180,0.026230569948186528
1780029195,0.0262987012987013
1780029210,0.02532051282051282
1780029225,0.025469595670168734
1780029240,0.026265822784810128
1780029255,0.02866043613707165
1780029270,0.028624766645924078
1780029285,0.028129829984544046
1780029300,0.028147231673368387
1780029315,0.027954256670902164
1780029330,0.028187059577194112
1780029345,0.029469548133595282
1780029360,0.02908129543952413
1780029375,0.02744310575635877
1780029390,0.026433230346721594
1780029405,0.025391304347826087
1780029420,0.02569373072970195
1780029435,0.02594742232843974
1780029450,0.026603001364256477
1780029465,0.026907356948228885
1780029480,0.025859135760462743
1780029495,0.026630249231819732
1780029510,0.027692307692307693
1780029525,0.02752924982794219
1780029540,0.02676733013040494
1780029555,0.025438294946717083
1780029570,0.02467443454420836
1780029585,0.026000684228532328
1780029600,0.026779661016949154
1780029615,0.02697166268350973
1780029630,0.02674339878131347
1780029645,0.026485568760611207
1780029660,0.026496902959394355
1780029675,0.02549087151222873
1780029690,0.025614754098360656
1780029705,0.025808671713695802
1780029720,0.02564102564102564
1780029735,0.024330900243309004
1780029750,0.024255024255024255
1780029765,0.022432527164388365
1780029780,0.023619312261201807
1780029795,0.023004531195538518
1780029810,0.02328042328042328
1780029825,0.024233784746970775
1780029840,0.024240231548480467
1780029855,0.02458423716558207
1780029870,0.026354319180087845
1780029885,0.025182481751824817
1780029900,0.024524158125915078
1780029915,0.024808464064210143
1780029930,0.0249728555917481
1780029945,0.023947750362844702
1780029960,0.023843930635838152
1780029975,0.024399126001456665
1780029990,0.023835319609967497
1780030005,0.023289665211062592
1780030020,0.023009495982468955
1780030035,0.023104693140794223
1780030050,0.02218181818181818
1780030065,0.023426061493411424
1780030080,0.021835677276091783
1780030095,0.021072088724584104
1780030110,0.0196078431372549
1780030125,0.019664967225054626
1780030140,0.019188993482983346
1780030155,0.019188993482983346
1780030170,0.01901004304160689
1780030185,0.01974865350089767
1780030200,0.01894887379335002
1780030215,0.018725243068059057
1780030230,0.02091597547782185
1780030245,0.02156721782890007
1780030260,0.020241477272727272
1780030275,0.019572953736654807
1780030290,0.020752725993668657
1780030305,0.021450459652706845
1780030320,0.02238805970149254
1780030335,0.02231237322515213
1780030350,0.0235136042996305
1780030365,0.024447421299397188
1780030380,0.024447421299397188
1780030395,0.025870646766169153
1780030410,0.02679738562091503
1780030425,0.02721311475409836
1780030440,0.027687296416938116
1780030455,0.027678280690328887
1780030470,0.028343949044585988
1780030485,0.029468289557975653
1780030500,0.028350515463917526
1780030515,0.02704443013522215
1780030530,0.024695317511225143
1780030545,0.02555094219099329
1780030560,0.025558071821417016
1780030575,0.0256328099967959
1780030590,0.0262987012987013
1780030605,0.024991669443518827
1780030620,0.027089527585067722
1780030635,0.02744310575635877
1780030650,0.025278058645096056
1780030665,0.0259222333000997
1780030680,0.02563237774030354
1780030695,0.02518720217835262
1780030710,0.02456499488229273
1780030725,0.023597811217510263
1780030740,0.022608695652173914
1780030755,0.02288488210818308
1780030770,0.022751137556877847
1780030785,0.02161587526576896
1780030800,0.021171489061397316
1780030815,0.02261484098939929
1780030830,0.022871217452498243
1780030845,0.022646850672328377
1780030860,0.023057821922667615
1780030875,0.022245762711864406
1780030890,0.023137121469887716
1780030905,0.022146507666098807
1780030920,0.02087611225188227
1780030935,0.021341463414634148
1780030950,0.020187956839540548
1780030965,0.02073255010366275
1780030980,0.02139406487232574
1780030995,0.021438450899031812
1780031010,0.02186539118551418
1780031025,0.021843003412969283
1780031040,0.020819341840161182
1780031055,0.020462931902046292
1780031070,0.02021563342318059
1780031085,0.021963394342762062
1780031100,0.02245308310991957
1780031115,0.022803487592219986
1780031130,0.02286689419795222
1780031145,0.02360876897133221
1780031160,0.0242505894240485
1780031175,0.024691358024691357
1780031190,0.02326401127952062
1780031205,0.02388591800356506
1780031220,0.023792613636363636
1780031235,0.02388591800356506
1780031250,0.022411953041622197
1780031265,0.02250351617440225
1780031280,0.022206556221360592
1780031295,0.022964509394572025
1780031310,0.022743177046885936
1780031325,0.022719328905976933
1780031340,0.02339385474860335
1780031355,0.024045261669024043
1780031370,0.02401129943502825
1780031385,0.02328080229226361
1780031400,0.022808267997148968
1780031415,0.022435897435897436
1780031430,0.021869488536155203
1780031445,0.02140350877192982
1780031460,0.022514721163837893
1780031475,0.02115117891816921
1780031490,0.022382920110192838
1780031505,0.023109243697478993
1780031520,0.024054982817869417
1780031535,0.027466937945066126
1780031550,0.028836592641697054
1780031565,0.029585798816568046
1780031580,0.030491803278688525
1780031595,0.029094475318731612
1780031610,0.029546946815495728
1780031625,0.028533510285335104
1780031640,0.02807486631016043
1780031655,0.028552674762061043
1780031670,0.02800390752197981
1780031685,0.027931146476128613
1780031700,0.028636511552229096
1780031715,0.028515878159429683
1780031730,0.030967741935483867
1780031745,0.030441898527004907
1780031760,0.029894875164257553
1780031775,0.03162699706553635
1780031790,0.030440414507772018
1780031805,0.02950713359273671
1780031820,0.0286466908133026
1780031835,0.025908479138627184
1780031850,0.02557200538358008
1780031865,0.023915271609156134
1780031880,0.024210526315789477
1780031895,0.023851280252542968
1780031910,0.024278676988036596
1780031925,0.023834560112162638
1780031940,0.02345415778251599
1780031955,0.024911032028469754
1780031970,0.025438910784664995
1780031985,0.02447804175665947
1780032000,0.023997134670487107
1780032015,0.022564469914040115
1780032030,0.02114695340501792
1780032045,0.022564469914040115
1780032060,0.0228734810578985
1780032075,0.021793497677742052
1780032090,0.021486438886932017
1780032105,0.02386802386802387
1780032120,0.02405019170442663
1780032135,0.02304147465437788
1780032150,0.022292993630573247
1780032165,0.02280701754385965
1780032180,0.022900763358778626
1780032195,0.022608695652173914
1780032210,0.02189020152883947
1780032225,0.021107266435986156
1780032240,0.021048999309868872
1780032255,0.020670958996950185
1780032270,0.020727149167516137
1780032285,0.020804911323328786
1780032300,0.021189336978810664
1780032315,0.023989033584647018
1780032330,0.022703818369453045
1780032345,0.022579541566883337
1780032360,0.02402506963788301
1780032375,0.025227750525578133
1780032390,0.025248933143669983
1780032405,0.023698384201077196
1780032420,0.022406938923021324
1780032435,0.023222060957910014
1780032450,0.02292576419213974
1780032465,0.023520764424843806
1780032480,0.02308265078183172
1780032495,0.023255813953488372
1780032510,0.024002954209748892
1780032525,0.025109170305676855
1780032540,0.025659824046920823
1780032555,0.024741506646971934
1780032570,0.025555555555555554
1780032585,0.025887573964497045
1780032600,0.026035936927026035
1780032615,0.025752629669931085
1780032630,0.024955436720142603
1780032645,0.024122029088329198
1780032660,0.022857142857142857
1780032675,0.021524347212420605
1780032690,0.021723646723646725
1780032705,0.022831050228310504
1780032720,0.02208976157082749
1780032735,0.023159350155547875
1780032750,0.025748086290883786
1780032765,0.02453351762266759
1780032780,0.02465753424657534
1780032795,0.023311621528968117
1780032810,0.02345343303874915
1780032825,0.02263374485596708
1780032840,0.022664835164835168
1780032855,0.02335815842924848
1780032870,0.023397761953204477
1780032885,0.024846834581347853
1780032900,0.024488426702448843
1780032915,0.023121387283236993
1780032930,0.024699828473413378
1780032945,0.02544704264099037
1780032960,0.026243093922651933
1780032975,0.027510316368638238
1780032990,0.027654489586889725
1780033005,0.028068988840040585
1780033020,0.028349645629429633
1780033035,0.028523489932885907
1780033050,0.027203856749311296
1780033065,0.029554937413073714
1780033080,0.030051813471502594
1780033095,0.03071672354948805
1780033110,0.03205791106514995
1780033125,0.03089598352214212
1780033140,0.03132530120481927
1780033155,0.03084922010398614
1780033170,0.02909594735019051
1780033185,0.028208744710860365
1780033200,0.027630180658873543
1780033215,0.027036770007209807
1780033230,0.02639087018544936
1780033245,0.025174825174825177
1780033260,0.024613220815752464
1780033275,0.0232722143864598
1780033290,0.02177068214804064
1780033305,0.021548575602629655
1780033320,0.021580102414045354
1780033335,0.022366522366522364
1780033350,0.021978021978021976
1780033365,0.018834399431414357
1780033380,0.01786352268667381
1780033395,0.01885424220449601
1780033410,0.017753623188405798
1780033425,0.018142235123367198
1780033440,0.017805232558139535
1780033455,0.018718502519798418
1780033470,0.02040085898353615
1780033485,0.020734812659148782
1780033500,0.02023121387283237
1780033515,0.022198353025420694
1780033530,0.02278481012658228
1780033545,0.0227765726681128
1780033560,0.021961932650073204
1780033575,0.02295081967213115
1780033590,0.02359012163656469
1780033605,0.024908424908424907
1780033620,0.02533478103510677
1780033635,0.024056254626202814
1780033650,0.026451138868479055
1780033665,0.027372262773722626
1780033680,0.02857142857142857
1780033695,0.027416520210896307
1780033710,0.0285204991087344
1780033725,0.027905333804309432
1780033740,0.028224365844944626
1780033755,0.029021855965603728
1780033770,0.02793493635077794
1780033785,0.02720848056537102
1780033800,0.026551847865087908
1780033815,0.02476669059583633
1780033830,0.025152712899748474
1780033845,0.025493716337522444
1780033860,0.023985890652557323
1780033875,0.02385964912280702
1780033890,0.022839072382290937
1780033905,0.021089630931458696
1780033920,0.020429728777738642
1780033935,0.020056298381421537
1780033950,0.019950124688279305
1780033965,0.018922852983988356
1780033980,0.019338043882484193
1780033995,0.019302152932442466
1780034010,0.019593345656192238
1780034025,0.01875689591761677
1780034040,0.019614965492190335
1780034055,0.01716417910447761
1780034070,0.01754385964912281
1780034085,0.019036954087346028
1780034100,0.019717261904761904
1780034115,0.019101123595505618
1780034130,0.018161180476730987
1780034145,0.018223234624145785
1780034160,0.01937984496124031
1780034175,0.018730886850152905
1780034190,0.019734345351043642
1780034205,0.019824628288219594
1780034220,0.02009273570324575
1780034235,0.021040550879877582
1780034250,0.02039274924471299
1780034265,0.019570944674444864
1780034280,0.01973929236499069
1780034295,0.01837270341207349
1780034310,0.01936685288640596
1780034325,0.020497803806734997
1780034340,0.019798281658573034
1780034355,0.0200529701097238
1780034370,0.020912547528517112
1780034385,0.020354315868827744
1780034400,0.019887429643527205
1780034415,0.02037037037037037
1780034430,0.021253206302674972
1780034445,0.021222100256128796
1780034460,0.020235467255334805
1780034475,0.023110785033015408
1780034490,0.02363367799113737
1780034505,0.02311303719754424
1780034520,0.02219040801717967
1780034535,0.020320855614973262
1780034550,0.020320855614973262
1780034565,0.020371694067190853
1780034580,0.01950354609929078
1780034595,0.020451339915373765
1780034610,0.020191285866099893
1780034625,0.01986276634163958
1780034640,0.01947349441038586
1780034655,0.01787629603146228
1780034670,0.018452803406671398
1780034685,0.01799576570218772
1780034700,0.018329221008107157
1780034715,0.018005041411595247
1780034730,0.017895490336435216
1780034745,0.01899641577060932
1780034760,0.020429728777738642
1780034775,0.017812611328820806
1780034790,0.018571428571428572
1780034805,0.018779342723004695
1780034820,0.02041547277936963
1780034835,0.02180128663330951
1780034850,0.02334770114942529
1780034865,0.023356090549766437
1780034880,0.023429179978700747
1780034895,0.022061482820976492
1780034910,0.021823301654347062
1780034925,0.023311621528968117
1780034940,0.02547332185886403
1780034955,0.026288835780129735
1780034970,0.025420817588457573
1780034985,0.025844245348035838
1780035000,0.025974025974025976
1780035015,0.026879891119428376
1780035030,0.027777777777777776
1780035045,0.027100271002710032
1780035060,0.025135869565217392
1780035075,0.026244952893674293
1780035090,0.026551609691337536
1780035105,0.025564409030544487
1780035120,0.025041736227045076
1780035135,0.023896448722203784
1780035150,0.023653088042049932
1780035165,0.0248203788373612
1780035180,0.024752475247524754
1780035195,0.026132980482963943
1780035210,0.026447941078004685
1780035225,0.025952140208965285
1780035240,0.023986486486486484
1780035255,0.02450486740516952
1780035270,0.024745762711864405
1780035285,0.025477707006369425
1780035300,0.02522154055896387
1780035315,0.023947998631542938
1780035330,0.023643023643023644
1780035345,0.023769100169779286
1780035360,0.0242505894240485
1780035375,0.02399725745629071
1780035390,0.021917808219178082
1780035405,0.0226027397260274
1780035420,0.022154055896387186
1780035435,0.02332761578044597
1780035450,0.024492652204338702
1780035465,0.024665257223396762
1780035480,0.0236164962989073
1780035495,0.02366863905325444
1780035510,0.023817863397548163
1780035525,0.023247622402254316
1780035540,0.02303330970942594
1780035555,0.022951977401129944
1780035570,0.02322308233638283
1780035585,0.021731510690501228
1780035600,0.022268615170494086
1780035615,0.02279102384291725
1780035630,0.02445941155618575
1780035645,0.024831500532103586
1780035660,0.025396825396825393
1780035675,0.0253253605346465
1780035690,0.02581329561527581
1780035705,0.026080743122543767
1780035720,0.025790047221213218
1780035735,0.025353132922854044
1780035750,0.02433862433862434
1780035765,0.024849130280440182
1780035780,0.024364027230383375
1780035795,0.023706896551724137
1780035810,0.02425972172672137
1780035825,0.023554603854389723
1780035840,0.024686940966010734
1780035855,0.024156305506216696
1780035870,0.024329159212880144
1780035885,0.024566473988439308
1780035900,0.024372759856630826
1780035915,0.023920028561228133
1780035930,0.02284898250624777
1780035945,0.02087756546355272
1780035960,0.021207764198418404
1780035975,0.021018881368008547
1780035990,0.020825852782764814
1780036005,0.020378977475867
1780036020,0.019851116625310174
1780036035,0.019189765458422176
1780036050,0.01883375588554872
1780036065,0.01813655761024182
1780036080,0.019034191046880505
1780036095,0.019217330538085255
1780036110,0.01935256861365236
1780036125,0.018059490084985835
1780036140,0.0176678445229682
1780036155,0.01768033946251768
1780036170,0.017211099402880223
1780036185,0.017253521126760565
1780036200,0.01700318809776833
1780036215,0.01689545934530095
1780036230,0.01772421127259837
1780036245,0.017699115044247787
1780036260,0.017493752231345947
1780036275,0.01729615248852806
1780036290,0.016973125884016973
1780036305,0.01721664275466284
1780036320,0.018175338560228085
1780036335,0.01842664776754075
1780036350,0.018976011457214465
1780036365,0.019278828989646557
1780036380,0.020540540540540542
1780036395,0.02234432234432234
1780036410,0.02293084915800788
1780036425,0.02383493418712202
1780036440,0.027335640138408307
1780036455,0.027345102111457256
1780036470,0.02794066919627458
1780036485,0.027998617352229523
1780036500,0.028432732316227463
1780036515,0.028591352859135284
1780036530,0.028980446927374302
1780036545,0.029743589743589746
1780036560,0.03166049174806332
1780036575,0.03210544102737411
1780036590,0.03162853297442799
1780036605,0.03226890756302521
1780036620,0.034045393858477976
1780036635,0.03453893776474421
1780036650,0.03463904176108774
1780036665,0.033246414602346806
1780036680,0.03219575016097875
1780036695,0.03232
1780036710,0.032654380860006466
1780036725,0.03112712975098296
1780036740,0.02990033222591362
1780036755,0.029702970297029705
1780036770,0.029301533219761502
1780036785,0.028279386712095404
1780036800,0.027673385719166384
1780036815,0.02797679972705561
1780036830,0.028483184625943722
1780036845,0.027244149493538247
1780036860,0.027430555555555552
1780036875,0.028125000000000004
1780036890,0.026652821045344412
1780036905,0.027787307032590053
1780036920,0.027681660899653977
1780036920,0.027681660899653977
1780036935,0.026157652880876636
1780036950,0.025974025974025976
1780036965,0.028279386712095404
1780036980,0.028024606971975393
1780036995,0.02797679972705561
1780037010,0.026350900600400264
1780037025,0.02682763246143528
1780037040,0.02795341098169717
1780037055,0.027805362462760677
1780037070,0.029209058089924515
1780037085,0.029287341360234302
1780037100,0.02894821486008363
1780037115,0.02903637523931078
1780037130,0.02881570614312856
1780037145,0.028800000000000003
1780037160,0.02790992705359975
1780037175,0.02807913209955329
1780037190,0.028389154704944183
1780037205,0.027331189710610937
1780037220,0.02554278416347382
1780037235,0.025961222477817944
1780037250,0.025420931000330143
1780037265,0.023333333333333334
1780037280,0.023348899266177454
1780037295,0.023684210526315787
1780037310,0.02460924509477885
1780037325,0.024470899470899473
1780037340,0.023393739703459634
1780037355,0.02326354270521768
1780037370,0.022408026755852843
1780037385,0.02154882154882155
1780037400,0.020429009193054137
1780037415,0.02219187435984978
1780037430,0.023343631994507383
1780037445,0.023890784982935155
1780037460,0.023311621528968117
1780037475,0.022571819425444593
1780037490,0.022538141470180306
1780037505,0.02343211578221916
1780037520,0.02421307506053269
1780037535,0.02302861130495464
1780037550,0.023875432525951555
1780037565,0.02388369678089304
1780037580,0.023666548922642177
1780037595,0.02383493418712202
1780037610,0.022556390977443608
1780037625,0.022887323943661973
1780037640,0.02290345313601128
1780037655,0.02242466713384723
1780037670,0.02332869080779944
1780037685,0.024573378839590442
1780037700,0.023611572996341867
1780037715,0.022355689022355688
1780037730,0.02112676056338028
1780037745,0.020095367847411442
1780037760,0.020226259856016456
1780037775,0.021232876712328767
1780037790,0.019972451790633606
1780037805,0.01882845188284519
1780037820,0.01873698820263706
1780037835,0.018244406196213425
1780037850,0.01891334250343879
1780037865,0.01825068870523416
1780037880,0.017999307718933887
1780037895,0.019709543568464733
1780037910,0.01980542043085476
1780037925,0.019711369236184443
1780037940,0.019692087361260293
1780037955,0.019133574007220218
1780037970,0.021222100256128796
1780037985,0.019850187265917602
1780038000,0.019984917043740575
1780038015,0.021300448430493276
1780038030,0.022480329711502437
1780038045,0.023151605675877523
1780038060,0.025527192008879027
1780038075,0.026049204052098405
1780038090,0.02711615976548186
1780038105,0.028706395348837208
1780038120,0.02977941176470588
1780038135,0.029197080291970802
1780038150,0.02841530054644809
1780038165,0.030525928650239058
1780038180,0.030809205642167783
1780038195,0.029444651509504288
1780038210,0.02897473997028232
1780038225,0.0305316091954023
1780038240,0.031183557760453583
1780038255,0.030583214793741112
1780038270,0.02971665514858328
1780038285,0.029035603180089874
1780038300,0.02964224872231687
1780038315,0.03192934782608696
1780038330,0.03201634877384196
1780038345,0.02947086403215004
1780038360,0.030491803278688525
1780038375,0.02947996025173899
1780038390,0.029993408042188526
1780038405,0.028013029315960915
1780038420,0.02834799608993157
1780038435,0.028924276893077673
1780038450,0.028227085315572477
1780038465,0.027094363126751793
1780038480,0.026363636363636363
1780038495,0.0276064610866373
1780038510,0.02931785195936139
1780038525,0.028131477642878294
1780038540,0.029584065612185118
1780038555,0.03006421482778751
1780038570,0.030285210232284622
1780038585,0.02992079788794368
1780038600,0.03000882612533098
1780038615,0.0279512340172465
1780038630,0.02781844802342606
1780038645,0.027474150664697192
1780038660,0.026809651474530828
1780038675,0.026817640047675805
1780038690,0.02533532041728763
1780038705,0.026079136690647486
1780038720,0.025557206537890044
1780038735,0.025882352941176474
1780038750,0.02561811140899613
1780038765,0.02668665667166417
1780038780,0.02822085889570552
1780038795,0.02634025410598079
1780038810,0.02552415679124886
1780038825,0.025278362925067712
1780038840,0.023593466424682397
1780038855,0.023458646616541356
1780038870,0.023170731707317076
1780038885,0.022530864197530864
1780038900,0.022755227552275523
1780038915,0.022374145431945307
1780038930,0.023226216990136814
1780038945,0.02315255312400888
1780038960,0.024459078080903106
1780038975,0.026002506265664162
1780038990,0.026453398954167952
1780039005,0.02664624808575804
1780039020,0.02610565110565111
1780039035,0.027363940407418665
1780039050,0.02738059020383328
1780039065,0.02714242146996036
1780039080,0.02515527950310559
1780039095,0.025706125039669944
1780039110,0.02592352559948153
1780039125,0.025918635170603676
1780039140,0.026586905948820207
1780039155,0.025847599865726753
1780039170,0.025821596244131453
1780039185,0.02596964586846543
1780039200,0.026474530831099196
1780039215,0.026227303295225286
1780039230,0.02609568417530947
1780039245,0.026707234617985125
1780039260,0.02603631380609798
1780039275,0.02416292716603383
1780039290,0.024356297842727907
1780039305,0.025382475660639777
1780039320,0.02549772965420887
1780039335,0.025969405905371754
1780039350,0.026334776334776332
1780039365,0.025152712899748474
1780039380,0.02551203736974488
1780039395,0.025678119349005425
1780039410,0.025252525252525252
1780039425,0.025216138328530258
1780039440,0.024748923959827834
1780039455,0.024678111587982835
1780039470,0.0234375
1780039485,0.023624823695345562
1780039500,0.022847100175746923
1780039515,0.023693379790940768
1780039530,0.024699828473413378
1780039545,0.024265208475734792
1780039560,0.02405498281786942
1780039575,0.023456364263539153
1780039590,0.022061358152361252
1780039605,0.022432527164388365
1780039620,0.02132121635791681
1780039635,0.021418539325842697
1780039650,0.021769662921348312
1780039665,0.022284122562674095
1780039680,0.02290871225269004
1780039695,0.023525280898876406
1780039710,0.02388369678089304
1780039725,0.026396983201919782
1780039740,0.027008310249307478
1780039755,0.02661064425770308
1780039770,0.026676026676026678
1780039785,0.026732325008793526
1780039800,0.02636203866432337
1780039815,0.024555160142348757
1780039830,0.024442846872753415
1780039845,0.025234318673395817
1780039860,0.024766690595836322
1780039875,0.02765804597701149
1780039890,0.02779783393501805
1780039905,0.027154236060825485
1780039920,0.02576197387518142
1780039935,0.025808796801163214
1780039950,0.027133166726169226
1780039965,0.027877055039313797
1780039980,0.028883409651285667
1780039995,0.029463968761093366
1780040010,0.028214285714285716
1780040025,0.02754919499105546
1780040040,0.02743580724586704
1780040055,0.027330063069376315
1780040070,0.0278757939308398
1780040085,0.02903112976565233
1780040100,0.028699861687413553
1780040115,0.02959183673469388
1780040130,0.028895768833849332
1780040145,0.028091812264474134
1780040160,0.029702970297029705
1780040175,0.029553264604810996
1780040190,0.029431664411366715
1780040205,0.030064912880081996
1780040220,0.031452991452991456
1780040235,0.0324585635359116
1780040250,0.030927835051546393
1780040265,0.029764065335753178
1780040280,0.028081692195477757
1780040295,0.02706656912948061
1780040310,0.02641232575201761
1780040325,0.026538886841135274
1780040340,0.027522935779816515
1780040355,0.02671057446030004
1780040370,0.026219956300072834
1780040385,0.026656793780081452
1780040400,0.024858757062146894
1780040415,0.024802705749718153
1780040430,0.027642883825177437
1780040445,0.028075360177318064
1780040460,0.027183762232693004
1780040475,0.02528576376861794
1780040490,0.027327935222672062
1780040505,0.02671009771986971
1780040520,0.02616464582003829
1780040535,0.027548209366391182
1780040550,0.02677258017063842
1780040565,0.027968036529680364
1780040580,0.02807411566535654
1780040595,0.027996738244088066
1780040610,0.026990913949759485
1780040625,0.02860892388451444
1780040640,0.029974160206718347
1780040655,0.030196275792652237
1780040670,0.030671859785783837
1780040685,0.030592734225621414
1780040700,0.0316205533596838
1780040715,0.030492030492030493
1780040730,0.03044762553965008
1780040745,0.029867505052773413
1780040760,0.03106575963718821
1780040775,0.03131428571428571
1780040790,0.03123575011399909
1780040805,0.032035031113159716
1780040820,0.030977512620468106
1780040835,0.03154720482486662
1780040850,0.030848329048843187
1780040865,0.03091334894613583
1780040880,0.030588776448942045
1780040895,0.031084503799217133
1780040910,0.03055364116701126
1780040925,0.029538741195182912
1780040940,0.02811153933348447
1780040955,0.027662517289073305
1780040970,0.027371839480398976
1780040985,0.026604434072345393
1780041000,0.025093808630393996
1780041015,0.02495955627455512
1780041030,0.025149976926626676
1780041045,0.024713958810068652
1780041060,0.02375028274146121
1780041075,0.02234258632362898
1780041090,0.01972386587771203
1780041105,0.019851657940663174
1780041120,0.02001740644038294
1780041135,0.019808306709265176
1780041150,0.020598853259715437
1780041165,0.021326013513513514
1780041180,0.021875000000000002
1780041195,0.021752641392169047
1780041210,0.0215633423180593
1780041225,0.02168077637827793
1780041240,0.02243982048143615
1780041255,0.02375249500998004
1780041270,0.024652087475149107
1780041285,0.02571313780634793
1780041300,0.026039563988696002
1780041315,0.02635880670208418
1780041330,0.026246185147507633
1780041345,0.027322404371584702
1780041360,0.027269027269027267
1780041375,0.0283442088091354
1780041390,0.029472382522671065
1780041405,0.027817844632186273
1780041420,0.027967681789931635
1780041435,0.02718406308362731
1780041450,0.02703826955074875
1780041465,0.02554973821989529
1780041480,0.024759871931696906
1780041495,0.025468001741401826
1780041510,0.02660510114335972
1780041525,0.02642777155655095
1780041540,0.02466621407558271
1780041555,0.024
1780041570,0.02319763475096657
1780041585,0.023415065164568146
1780041600,0.023804324088228874
1780041615,0.02400698384984723
1780041630,0.023968905204059598
1780041645,0.024054982817869417
1780041660,0.023952095808383235
1780041675,0.02234156820622986
1780041690,0.023554603854389723
1780041705,0.02489270386266095
1780041720,0.02531919497944168
1780041735,0.02530521642619312
1780041750,0.02598566308243728
1780041765,0.025675077467906156
1780041780,0.026362428001772263
1780041795,0.025377379129293373
1780041810,0.024768468662502693
1780041825,0.02476645665870085
1780041840,0.025713663107430812
1780041855,0.02497261774370208
1780041870,0.02529140092368595
1780041885,0.024362986142154673
1780041900,0.02293369663941871
1780041915,0.022836263987211693
1780041930,0.02222731439046746
1780041945,0.022290004692632568
1780041960,0.023293733985557886
1780041975,0.023415977961432508
1780041990,0.021500350549193737
1780042005,0.02095947834187238
1780042020,0.020659238625812443
1780042035,0.019348964261324837
1780042050,0.0189584285061672
1780042065,0.019630221410636844
1780042080,0.019283121597096192
1780042095,0.020174232003668042
1780042110,0.018793503480278424
1780042125,0.01936822688494351
1780042140,0.019186315302820157
1780042155,0.018711018711018712
1780042170,0.018715341959334567
1780042185,0.019319227230910764
1780042200,0.01889836367826688
1780042215,0.01968864468864469
1780042230,0.021104625056129322
1780042245,0.01942397856664434
1780042260,0.01866007194244604
1780042275,0.018693693693693694
1780042290,0.019704433497536946
1780042305,0.020326111235202143
1780042320,0.02151983860121049
1780042335,0.0223463687150838
1780042350,0.022717247463608294
1780042365,0.022516556291390728
1780042380,0.022236900044033465
1780042395,0.02140335392762577
1780042410,0.022058823529411763
1780042425,0.0223563603845294
1780042440,0.02223719676549865
1780042455,0.022650818569185917
1780042470,0.02378815080789946
1780042485,0.024848891873740765
1780042500,0.025
1780042515,0.024016468435498626
1780042530,0.023480662983425413
1780042545,0.024232633279483037
1780042560,0.023880597014925373
1780042575,0.023234200743494426
1780042590,0.022531939605110338
1780042605,0.02201112140871177
1780042620,0.021438450899031812
1780042635,0.021804685687775455
1780042650,0.02167326963411792
1780042665,0.021092102179517222
1780042680,0.02107945332406764
1780042695,0.021222014925373133
1780042710,0.02202132591562355
1780042725,0.02167959835691465
1780042740,0.022618231665524333
1780042755,0.02171925011431184
1780042770,0.020881670533642687
1780042785,0.020009416195856874
1780042800,0.020230533992001885
1780042815,0.02001884126236458
1780042830,0.020112254443405052
1780042845,0.021095046219483292
1780042860,0.02196228216758176
1780042875,0.02223833695914914
1780042890,0.021892483580637313
1780042905,0.021675596687773992
1780042920,0.021037181996086108
1780042935,0.021152443471918306
1780042950,0.020348837209302327
1780042965,0.021271452743533963
1780042980,0.02108068815119942
1780042995,0.02072050859430186
1780043010,0.01985517402476057
1780043025,0.020501138952164006
1780043040,0.0200131955135254
1780043055,0.020343959731543623
1780043070,0.02057445508250153
1780043085,0.020787527483509895
1780043100,0.020561106840891623
1780043115,0.020113366246114466
1780043130,0.019227376962427236
1780043145,0.018880647336480108
1780043160,0.0190230533612768
1780043175,0.019171779141104295
1780043190,0.019941775836972344
1780043205,0.02067721343325007
1780043220,0.02086888043050269
1780043235,0.02136806170185864
1780043250,0.022938548834963178
1780043265,0.022674953959484347
1780043280,0.02329946996466431
1780043295,0.024139756484912653
1780043310,0.02433560737195805
1780043325,0.024229291834925636
1780043340,0.024833491912464322
1780043355,0.02420943980482312
1780043370,0.023889240792688442
1780043385,0.02389803505045141
1780043400,0.025210814570112143
1780043415,0.025422282886879366
1780043430,0.026300211416490485
1780043445,0.025895590303632
1780043460,0.026305040437872722
1780043475,0.025495069349795556
1780043490,0.025953721075672297
1780043505,0.025258864135550674
1780043520,0.025335089486325246
1780043535,0.025150905432595575
1780043550,0.024136335595311535
1780043565,0.02432432432432432
1780043580,0.02460157821445149
1780043595,0.02351183455217425
1780043610,0.02357008170961659
1780043625,0.023612197028928854
1780043640,0.023724051818323707
1780043655,0.024142511133682324
1780043670,0.024724433557868953
1780043685,0.0241724403387221
1780043700,0.023885836385836384
1780043715,0.0232433261736729
1780043730,0.023368740515933233
1780043745,0.023191733639494828
1780043760,0.02365723973183324
1780043775,0.023984374999999995
1780043790,0.023695941190271363
1780043805,0.02427032932729826
1780043820,0.024431995020230312
1780043835,0.025120547519054282
1780043850,0.025360050093926112
1780043865,0.0253968253968254
1780043880,0.025573465592064474
1780043895,0.026138343813925297
1780043910,0.026220614828209768
1780043925,0.02617642608564079
1780043940,0.02648603394474465
1780043955,0.026685927164905344
1780043970,0.026287798206959426
1780043985,0.026758938869665513
1780044000,0.02750168148867797
1780044015,0.027385223694808523
1780044030,0.028131133241258995
1780044045,0.028964622811441746
1780044060,0.02909768508564466
1780044075,0.02882451172584041
1780044090,0.028517660683265774
1780044105,0.02849105597230236
1780044120,0.028650378126817918
1780044135,0.02840253748558247
1780044150,0.02891513877817233
1780044165,0.029099008478229632
1780044180,0.028872331279552944
1780044195,0.028262133100842777
1780044210,0.0278576166261331
1780044225,0.027705627705627706
1780044240,0.027153349655018914
1780044255,0.02719821162444113
1780044270,0.026726057906458794
1780044285,0.0266570083303151
1780044300,0.025869894099848714
1780044315,0.025909885267076962
1780044330,0.025231286795626577
1780044345,0.024595172624503517
1780044360,0.024238797037480362
1780044375,0.024466656720871248
1780044390,0.024808735051622968
1780044405,0.024666059502125075
1780044420,0.024841915085817522
1780044435,0.024873746890781638
1780044450,0.025005717770831746
1780044465,0.02502861503243037
1780044480,0.025113464447806357
1780044495,0.024958900014945447
1780044510,0.025408618127786033
1780044525,0.024684990052317442
1780044540,0.024802378707665527
1780044555,0.025230364194822292
1780044570,0.025064314590224183
1780044585,0.025754231052244298
1780044600,0.025134122143014623
1780044615,0.02540057594329173
1780044630,0.025079294829239505
1780044645,0.02521386762719496
1780044660,0.025512528473804096
1780044675,0.0256544502617801
1780044690,0.025650641266031653
1780044705,0.025571313101623926
1780044720,0.02538146631931522
1780044735,0.024480988168762555
1780044750,0.024206762997169673
1780044765,0.02310893149056323
1780044780,0.02367041198501873
1780044795,0.024010872848082145
1780044810,0.023622647260534937
1780044825,0.024572649572649572
1780044840,0.02465059130701889
1780044855,0.024483258332697738
1780044870,0.024725485679182986
1780044885,0.02402333256581472
1780044900,0.024650336140947377
1780044915,0.024750192159877015
1780044930,0.025049793166845413
1780044945,0.025280467189180884
1780044960,0.024880164346039717
1780044975,0.024443938358764142
1780044990,0.024509429640375658
1780045005,0.02395577395577395
1780045020,0.023840157420722013
1780045035,0.024533413606261288
1780045050,0.024219631440391125
1780045065,0.02466993587325537
1780045080,0.024053929829937183
1780045095,0.02395118230358505
1780045110,0.024388396576535635
1780045125,0.02367084826762246
1780045140,0.023701948003851562
1780045155,0.023793540687700454
1780045170,0.023692077727952166
1780045185,0.024173692456912633
1780045200,0.023434612256967545
1780045215,0.02334281011521771
1780045230,0.02353029058041383
1780045245,0.023068830778479106
1780045260,0.023047082984711337
1780045275,0.0238710658354873
1780045290,0.0242997728993187
1780045305,0.025116558881034742
1780045320,0.025115364248430288
1780045335,0.025003788452795876
1780045350,0.025035711600631533
1780045365,0.02475652367853691
1780045380,0.024716098864395457
1780045395,0.024934284641381897
1780045410,0.02493538087273833
1780045425,0.025140309064349962
1780045440,0.025165460981991686
1780045455,0.025093148809976425
1780045470,0.024986586954855523
1780045485,0.025224948088902563
1780045500,0.02530574571186832
1780045515,0.02500378845279588
1780045530,0.025283875851627554
1780045545,0.02524056254626203
1780045560,0.02493487160401935
1780045575,0.023857005687273804
1780045590,0.02315473960284751
1780045605,0.02379544782737215
1780045620,0.024509803921568627
1780045635,0.024854424087487573
1780045650,0.02492366683235106
1780045665,0.02520889392437332
1780045680,0.025376796354714338
1780045695,0.026499790239127394
1780045710,0.026954915509338442
1780045725,0.02763256161314414
1780045740,0.02742355683532154
1780045755,0.027849652730491625
1780045770,0.027719130967785874
1780045785,0.027058185270581854
1780045800,0.02682763246143528
1780045815,0.0274496644295302
1780045830,0.027492326171093023
1780045845,0.027910368602492706
1780045860,0.028605015673981188
1780045875,0.0288012454592631
1780045890,0.028365571855121383
1780045905,0.0283706747978258
1780045920,0.028128161888701517
1780045935,0.02784569410486281
1780045950,0.028028503562945367
1780045965,0.02792212291276935
1780045980,0.026935794984844313
1780045995,0.02612593682146109
1780046010,0.02586880818705138
1780046025,0.025628388368654508
1780046040,0.025551848960181697
1780046055,0.02552271088680606
1780046070,0.026046579119204816
1780046085,0.026924202516827627
1780046100,0.02667940614434808
1780046115,0.026372007366482503
1780046130,0.025735565223803554
1780046145,0.025203854707190512
1780046160,0.025078136627474327
1780046175,0.025059844404548174
1780046190,0.025128625754977256
1780046205,0.02547486033519553
1780046220,0.025903254702896384
1780046235,0.02557911416283105
1780046250,0.025526679993848996
1780046265,0.0256311871690584
1780046280,0.025794564716720404
1780046295,0.02541718170580964
1780046310,0.02535496957403651
1780046325,0.025396577322810032
1780046340,0.025637029533234632
1780046355,0.02470071222912562
1780046370,0.02391105696009747
1780046385,0.023834907097167225
1780046400,0.023492500765228037
1780046415,0.023815082885827687
1780046430,0.024129746835443035
1780046445,0.024151123864179815
1780046460,0.024154974489795915
1780046475,0.023920792079207918
1780046490,0.023690674273036994
1780046505,0.023803837274102374
1780046520,0.023783098144918344
1780046535,0.024813895781637712
1780046550,0.024273345701917127
1780046565,0.024770154243598512
1780046580,0.024954212454212456
1780046595,0.025476735316552247
1780046610,0.02504337331221242
1780046625,0.02488160565286026
1780046640,0.025767790262172286
1780046655,0.026120260436614324
1780046670,0.02632580080651297
1780046685,0.02626970227670753
1780046700,0.02669373637115573
1780046715,0.02691991325805728
1780046730,0.027773584905660377
1780046745,0.02777360756643146
1780046760,0.027981547303940105
1780046775,0.027582558754628582
1780046790,0.027526423846095358
1780046805,0.027303754266211608
1780046820,0.027440633245382588
1780046835,0.027558759480363442
1780046850,0.02768166089965398
1780046865,0.026996876394466754
1780046880,0.02714600146735143
1780046895,0.02695614162902521
1780046910,0.02802707076651464
1780046925,0.02786332306789852
1780046940,0.027330477175358255
1780046955,0.027674874700370455
1780046970,0.0271888071541901
1780046985,0.027025084453388915
1780047000,0.027409055033364427
1780047015,0.027254566210045666
1780047030,0.02675491093430965
1780047045,0.026994473572339518
1780047060,0.026682794933826668
1780047075,0.026534822508358827
1780047090,0.027085590465872156
1780047105,0.02696840430916058
1780047120,0.027097902097902096
1780047135,0.02708853325502863
1780047150,0.027163567140137648
1780047165,0.027657226921662375
1780047180,0.02756542193472508
1780047195,0.02727607814227792
1780047210,0.02693651718112988
1780047225,0.02733166347428908
1780047240,0.02654545454545455
1780047255,0.026952980377637912
1780047270,0.02754331408262994
1780047285,0.027842907385697536
1780047300,0.027580656961006658
1780047315,0.028491496723845978
1780047330,0.028542079389537015
1780047345,0.028579825141429722
1780047360,0.029221956348343122
1780047375,0.029028603794958932
1780047390,0.029189416211675766
1780047405,0.02842938169595967
1780047420,0.02893568256696748
1780047435,0.028474868771122454
1780047450,0.0289199856476498
1780047465,0.028798624543305396
1780047480,0.02846286205907657
1780047495,0.028625819643234858
1780047510,0.02861551409734886
1780047525,0.02875935903715625
1780047540,0.029515605140516873
1780047555,0.029004940014114324
1780047570,0.028977392034716873
1780047585,0.0283967104800731
1780047600,0.027858716509132256
1780047615,0.027444616904190776
1780047630,0.027405946174439907
1780047645,0.0274468085106383
1780047660,0.026890875549879383
1780047675,0.027011576389881376
1780047690,0.026734885061612743
1780047705,0.027228619016583386
1780047720,0.027335174562708023
1780047735,0.0263902646101599
1780047750,0.026427289048473964
1780047765,0.026792807106232396
1780047780,0.026983310050731565
1780047795,0.026589851539995574
1780047810,0.02707701413035437
1780047825,0.027516778523489934
1780047840,0.027507970638392526
1780047855,0.027558182489841154
1780047870,0.027289581015943642
1780047885,0.02761820592134335
1780047900,0.027669724770642203
1780047915,0.02813564341774026
1780047930,0.027395231748852354
1780047945,0.027524297054677647
1780047960,0.02855647753606937
1780047975,0.028179513940659016
1780047990,0.028739922364885043
1780048005,0.028544103582726403
1780048020,0.02827744466651862
1780048035,0.02900051786639047
1780048050,0.02801724137931034
1780048065,0.027382645803698435
1780048080,0.027019479159393976
1780048095,0.027376804380288697
1780048110,0.026789481085641963
1780048125,0.026838966202783296
1780048140,0.026718364469510047
1780048155,0.02709376984406971
1780048170,0.027807334893949064
1780048185,0.027663290254977296
1780048200,0.027531333614983805
1780048215,0.027484294688749286
1780048230,0.02767945632167634
1780048245,0.028045325779036824
1780048260,0.027873070325900515
1780048275,0.027623512441399205
1780048290,0.02812704411657824
1780048305,0.02851972493666305
1780048320,0.02871301559539426
1780048335,0.028501687127575562
1780048350,0.028679851127490327
1780048365,0.029657160194174758
1780048380,0.029804804804804803
1780048395,0.03024588927440036
1780048410,0.03055051421657592
1780048425,0.029724967440435148
1780048440,0.02908587257617729
1780048455,0.028741253479798362
1780048470,0.029068453949845627
1780048485,0.02852662235830035
1780048500,0.028677563150074293
1780048515,0.02885896107740121
1780048530,0.029238474002062156
1780048545,0.02942033207107486
1780048560,0.029276818876993665
1780048575,0.029964448958862366
1780048590,0.029068920297246104
1780048605,0.028398443131036476
1780048620,0.02770241325146366
1780048635,0.02812433918375978
1780048650,0.02838737080560668
1780048665,0.02875734676742233
1780048680,0.028986519522246276
1780048695,0.02916491817037348
1780048710,0.028893343471348584
1780048725,0.029918032786885245
1780048740,0.030267593038453597
1780048755,0.030441716940572773
1780048770,0.02993719469644103
1780048785,0.03042225813250896
1780048800,0.030568302153194494
1780048815,0.029971222011651578
1780048830,0.029141104294478526
1780048845,0.029117442668519802
1780048860,0.028635440733739408
1780048875,0.028800557880055786
1780048890,0.02912217445569269
1780048905,0.02921411897856688
1780048920,0.029672308246308968
1780048935,0.029155787641427327
1780048950,0.028464365496865315
1780048965,0.027421908737584568
1780048980,0.027158521530753033
1780048995,0.026412057360257535
1780049010,0.025740686418304487
1780049025,0.025208241999123193
1780049040,0.02519893899204244
1780049055,0.02551998819884939
1780049070,0.025042728691387385
1780049085,0.024511995231709136
1780049100,0.02463127947892491
1780049115,0.02475918121613486
1780049130,0.024865029275340275
1780049145,0.024667640052255437
1780049160,0.0248571869692759
1780049175,0.02433714330145401
1780049190,0.024182853576722053
1780049205,0.024690402476780185
1780049220,0.02562524047710658
1780049235,0.02635850660895107
1780049250,0.026450910222498833
1780049265,0.027309932315441526
1780049280,0.028095651487648966
1780049295,0.029337737926694984
1780049310,0.029668411867364745
1780049325,0.029147456435101974
1780049340,0.028671057729562188
1780049355,0.029911572472126103
1780049370,0.031231186032510534
1780049385,0.03153489762367359
1780049400,0.032303370786516857
1780049415,0.03211895910780669
1780049430,0.032298595713229857
1780049445,0.03249071173599476
1780049460,0.032374360083639774
1780049475,0.03318185097020847
1780049490,0.03276373393588476
1780049505,0.03218326189305038
1780049520,0.03159010600706714
1780049535,0.03133010538308174
1780049550,0.03089396798769833
1780049565,0.030956057840797416
1780049580,0.03055594850756825
1780049595,0.02981895633652822
1780049610,0.030409022771075732
1780049625,0.030748473228234624
1780049640,0.030599929002484913
1780049655,0.02982799912910951
1780049670,0.02904834164318231
1780049685,0.028537891570684475
1780049700,0.027842401500938085
1780049715,0.028320166939931436
1780049730,0.02800395708089187
1780049745,0.028090317642556446
1780049760,0.027816304515333644
1780049775,0.027678432592131867
1780049790,0.028130812151270924
1780049805,0.027859922178988326
1780049820,0.02835190165194007
1780049835,0.028709946216195745
1780049850,0.028738246891113133
1780049865,0.028736494597839134
1780049880,0.028678304239401493
1780049895,0.02903797842470814
1780049910,0.02853982300884956
1780049925,0.028051948051948054
1780049940,0.02781466725689833
1780049955,0.027895428654885347
1780049970,0.028020244993765125
1780049985,0.02807272727272727
1780050000,0.028229008735831347
1780050015,0.027851745232097876
1780050030,0.02741274551363572
1780050045,0.027576821144617146
1780050060,0.027963184149511697
1780050075,0.027685804860866508
1780050090,0.027356058435978232
1780050105,0.02870710123030434
1780050120,0.02831562090551754
1780050135,0.02813487107911555
1780050150,0.02816587395957194
1780050165,0.02766506824050166
1780050180,0.027325236966824644
1780050195,0.026961682174518282
1780050210,0.0266589394378441
1780050225,0.026390197926484445
1780050240,0.025828919683668287
1780050255,0.025737915300156854
1780050270,0.025623220609679885
1780050285,0.025797180785548105
1780050300,0.02584988219454729
1780050315,0.026678872686850194
1780050330,0.02757702548497528
1780050345,0.027005462468544777
1780050360,0.027188127242868437
1780050375,0.027610412401286925
1780050390,0.027844562482527258
1780050405,0.02817655881722734
1780050420,0.027966976264189886
1780050435,0.02776820442124957
1780050450,0.027984718242597902
1780050465,0.028080044264109184
1780050480,0.028117304678755315
1780050495,0.02827910244587889
1780050510,0.028326801840177197
1780050525,0.028660565723793673
1780050540,0.028445771465461588
1780050555,0.02784341524889729
1780050570,0.028265294366143088
1780050585,0.02803380884996367
1780050600,0.027650462093320307
1780050615,0.026890259668304214
1780050630,0.0263641712016473
1780050645,0.02681657752064913
1780050660,0.02625875893953623
1780050675,0.026058049756934515
1780050690,0.025574446894785517
1780050705,0.02479778629203917
1780050720,0.025307557117750443
1780050735,0.025013118768584926
1780050750,0.02430163656884876
1780050765,0.024845157657657657
1780050780,0.02486549868947441
1780050795,0.024575452160706886
1780050810,0.02441820076415422
1780050825,0.024451585859997207
1780050840,0.025157452764170748
1780050855,0.024805601491854613
1780050870,0.024561160063831262
1780050885,0.024482628008677388
1780050900,0.024611942385680326
1780050915,0.025124221429071312
1780050930,0.025384642467345002
1780050945,0.02527216174183515
1780050960,0.025361809751299706
1780050975,0.02542767994835563
1780050990,0.026099148003019736
1780051005,0.025737014506317265
1780051020,0.025594808940158614
1780051035,0.02592741787819973
1780051050,0.026144982497082844
1780051065,0.026100062493107378
1780051080,0.0266196043826752
1780051095,0.026917364054631743
1780051110,0.027651597087028624
1780051125,0.02752059488226289
1780051140,0.02684735361800051
1780051155,0.02725035807411216
1780051170,0.02750844718671955
1780051185,0.027514161700875454
1780051200,0.02712591004841273
1780051215,0.026663234158361217
1780051230,0.026499302649930265
1780051245,0.02681755330761953
1780051260,0.02666666666666667
1780051275,0.026510259721624335
1780051290,0.02640382747580848
1780051305,0.02682361334046727
1780051320,0.02651501688288609
1780051335,0.026847063823758587
1780051350,0.026688376044173862
1780051365,0.026543955653471677
1780051380,0.02624671916010499
1780051395,0.026219081272084804
1780051410,0.026132526730444573
1780051425,0.026228466534877152
1780051440,0.026432026922807262
1780051455,0.02658622987618814
1780051470,0.026075483490156592
1780051485,0.026399777978214106
1780051500,0.026449890803203105
1780051515,0.02671477639385213
1780051530,0.027065330107155196
1780051545,0.026678291194420226
1780051560,0.027344162937383277
1780051575,0.027895566847730858
1780051590,0.02761815205655975
1780051605,0.027357311484516037
1780051620,0.027136097968271634
1780051635,0.027278145927562145
1780051650,0.02766866515057543
1780051665,0.027819055188858553
1780051680,0.027820121951219513
1780051695,0.0277413567041612
1780051710,0.027852865697177077
1780051725,0.02866121067716426
1780051740,0.029456877919542632
1780051755,0.029383262961168406
1780051770,0.029665699682276555
1780051785,0.030053405005410313
1780051800,0.030227408526941058
1780051815,0.03011526878742774
1780051830,0.03032219528477566
1780051845,0.031818181818181815
1780051860,0.030899853852042587
1780051875,0.03082477089697306
1780051890,0.030912385864640693
1780051905,0.03118163825132817
1780051920,0.031792512026772635
1780051935,0.03167420814479638
1780051950,0.031047731127340692
1780051965,0.030861433541142833
1780051980,0.0312926562926563
1780051995,0.0313715953307393
1780052010,0.03136399277264514
1780052025,0.030722748412940898
1780052040,0.030144477450715638
1780052055,0.029890289052681637
1780052070,0.029822767552828904
1780052085,0.02946882526090447
1780052100,0.029299746091139917
1780052115,0.028794220901971375
1780052130,0.02735921116589126
1780052145,0.02746215371940544
1780052160,0.027454692994319716
1780052175,0.027004162295692198
1780052190,0.027680259249257357
1780052205,0.028098105248834913
1780052220,0.028191072826938134
1780052235,0.02785033413616473
1780052250,0.027452852709477202
1780052265,0.027307613239224288
1780052280,0.026985024018084204
1780052295,0.02711175416838914
1780052310,0.026773018900641585
1780052325,0.026447262690843024
1780052340,0.026406469760900143
1780052355,0.026471308179179632
1780052370,0.0265605658709107
1780052385,0.026725900853254356
1780052400,0.026460821027344025
1780052415,0.02673834369839429
1780052430,0.026670828564492075
1780052445,0.02698038110668874
1780052460,0.027503253262054654
1780052475,0.027906324498667784
1780052490,0.027070735480241873
1780052505,0.026369946632250865
1780052520,0.026214721116239743
1780052535,0.026514883688043556
1780052550,0.027068148043309037
1780052565,0.02735422843427926
1780052580,0.02724034364741217
1780052595,0.02709368283831871
1780052610,0.027145019892264904
1780052625,0.027359017308766057
1780052640,0.02743238496663154
1780052655,0.02708521425098965
1780052670,0.027473112554573527
1780052685,0.027223102658918825
1780052700,0.027248454701730006
1780052715,0.02679040448257748
1780052730,0.02695436371156763
1780052745,0.027065527065527065
1780052760,0.02662948762635065
1780052775,0.026219046958451828
1780052790,0.026267456769587968
1780052805,0.02646443514644352
1780052820,0.02623398804440649
1780052835,0.026052104208416832
1780052850,0.025950844432239464
1780052865,0.02570921985815603
1780052880,0.02582280215075859
1780052895,0.02607095389019528
1780052910,0.026117736004673698
1780052925,0.025412960609911054
1780052940,0.025387145402220087
1780052955,0.025152309315544057
1780052970,0.02504100967493555
1780052985,0.02534624176415221
1780053000,0.02510140301881774
1780053015,0.025056644009063038
1780053030,0.024887028176501857
1780053045,0.024719841793012523
1780053060,0.024895040671739702
1780053075,0.02470074730507242
1780053090,0.02470472440944882
1780053105,0.024575470160685762
1780053120,0.024629410993047354
1780053135,0.02455576683496164
1780053150,0.024615587672408103
1780053165,0.024580711061319975
1780053180,0.024095609316109913
1780053195,0.02406687783691996
1780053210,0.024205355109477175
1780053225,0.024677728350163977
1780053240,0.02471320878400524
1780053255,0.02456633236418281
1780053270,0.024684891144213454
1780053285,0.025087940532289108
1780053300,0.025334528671514426
1780053315,0.025492234931070338
1780053330,0.0262876254180602
1780053345,0.025644441484047157
1780053360,0.025218333220499628
1780053375,0.025193997196868698
1780053390,0.02475769426968203
1780053405,0.02518305618285089
1780053420,0.024937994767777666
1780053435,0.02474290841327904
1780053450,0.02480278342347308
1780053465,0.024980996475710043
1780053480,0.025275799469347857
1780053495,0.02518047735829505
1780053510,0.02490032874029516
1780053525,0.025337660977908072
1780053540,0.0256000555767828
1780053555,0.02541490174293452
1780053570,0.024899543222172617
1780053585,0.02470991192506641
1780053600,0.02451541315579597
1780053615,0.024847518713612418
1780053630,0.024373331484242276
1780053645,0.024095150210191735
1780053660,0.023894701316233547
1780053675,0.024763744222942675
1780053690,0.025008564576909902
1780053705,0.025097243362083542
1780053720,0.025103889910756863
1780053735,0.025054540496318514
1780053750,0.02494635193133047
1780053765,0.02579175060268816
1780053780,0.02620907922065078
1780053795,0.026692686799192934
1780053810,0.026584799203451706
1780053825,0.026680790492899467
1780053840,0.026995808719184184
1780053855,0.02743488764602707
1780053870,0.027748379415266568
1780053885,0.02771855010660981
1780053900,0.027526881720430108
1780053915,0.02727908603404057
1780053930,0.02769815345643624
1780053945,0.02816619389287502
1780053960,0.02840870567496101
1780053975,0.028135048231511254
1780053990,0.028376461049929056
1780054005,0.02832170201233146
1780054020,0.02855207451312447
1780054035,0.02894585739858817
1780054050,0.028640677271796273
1780054065,0.02831815673289183
1780054080,0.027485159386473598
1780054095,0.027841907584163193
1780054110,0.027842866988283938
1780054125,0.027733810474158696
1780054140,0.027579549763850107
1780054155,0.027485601958823328
1780054170,0.027987008499758135
1780054185,0.027594274704101293
1780054200,0.027649769585253454
1780054215,0.02750282563277049
1780054230,0.027550950387703287
1780054245,0.02734843551869495
1780054260,0.027986161066008975
1780054275,0.02818144777943773
1780054290,0.028122667752221997
1780054305,0.028356992460775658
1780054320,0.02891484679194176
1780054335,0.028671399938852465
1780054350,0.028426326732335798
1780054365,0.028765494990660553
1780054380,0.02909548764717893
1780054395,0.028823549453170248
1780054410,0.028777465551680943
1780054425,0.028691035327751687
1780054440,0.029177718832891247
1780054455,0.02894870492635856
1780054470,0.02855784576725865
1780054485,0.028639458063650695
1780054500,0.028821585527884715
1780054515,0.029343760625637542
1780054530,0.0293449129830037
1780054545,0.02961091460333502
1780054560,0.029125235151840907
1780054575,0.028656328984220235
1780054590,0.028856297002075745
1780054605,0.028267590799442802
1780054620,0.02827546647771367
1780054635,0.028396956753870797
1780054650,0.0285888489939706
1780054665,0.028379060764181115
1780054680,0.02854543003504988
1780054695,0.028587745229776942
1780054710,0.028489458233253266
1780054725,0.028397771399628565
1780054740,0.02813610970035551
1780054755,0.027907452209765905
1780054770,0.027643658619517168
1780054785,0.02750438182553593
1780054800,0.027879077059404928
1780054815,0.027270266612532144
1780054830,0.027352445193929174
1780054845,0.027500929085442077
1780054860,0.027665339711638176
1780054875,0.02753826615867923
1780054890,0.027565705019931087
1780054905,0.026795429815016317
1780054920,0.026595025682616923
1780054935,0.02644878706199461
1780054950,0.026954539358991548
1780054965,0.02687970565189248
1780054980,0.026791213303223156
1780054995,0.02703726665288972
1780055010,0.027549256826823364
1780055025,0.027335711345863628
1780055040,0.027387325159730618
1780055055,0.02742674628523816
1780055070,0.027725791917931654
1780055085,0.02784255037761459
1780055100,0.027403020639871045
1780055115,0.027394851596567734
1780055130,0.027068040654997176
1780055145,0.026436089159785965
1780055160,0.026188442926273838
1780055175,0.026008213119932615
1780055190,0.026082289803220037
1780055205,0.026056871013082496
1780055220,0.0260035344609947
1780055235,0.025432939642054925
1780055250,0.025055659610559427
1780055265,0.02456595346156617
1780055280,0.02437979653756916
1780055295,0.02413041146820148
1780055310,0.02413572797614822
1780055325,0.023882381907073265
1780055340,0.023769822968034912
1780055355,0.023725212464589238
1780055370,0.02388468013468014
1780055385,0.023561490596378385
1780055400,0.02398841938374578
1780055415,0.023655387199496104
1780055430,0.02392227871021659
1780055445,0.023990250696378834
1780055460,0.023974501108647454
1780055475,0.024353120243531205
1780055490,0.024134602123844984
1780055505,0.024337667756067036
1780055520,0.024512186653704606
1780055535,0.025029714046004337
1780055550,0.025452782491256022
1780055565,0.025931816610192934
1780055580,0.02622939489235235
1780055595,0.02621463448419157
1780055610,0.026502864241838633
1780055625,0.026946625618319554
1780055640,0.02740341419586703
1780055655,0.02730079439414438
1780055670,0.02721349175929475
1780055685,0.02750069271266279
1780055700,0.02727838473240216
1780055715,0.02808315353265523
1780055730,0.028114530445895073
1780055745,0.028511414896181256
1780055760,0.02797178618352811
1780055775,0.02820767990117017
1780055790,0.02876776931887085
1780055805,0.028980554321451763
1780055820,0.028769367278684052
1780055835,0.0287855969331873
1780055850,0.028846485628515234
1780055865,0.028896225451822608
1780055880,0.029164810308783717
1780055895,0.029488143237886965
1780055910,0.02954483136824787
1780055925,0.0296767537826685
1780055940,0.029978659259510182
1780055955,0.029835355583817412
1780055970,0.030439258750857928
1780055985,0.030608397600685514
1780056000,0.03165684527888173
1780056015,0.030788093454124376
1780056030,0.03112169202636028
1780056045,0.03163596218864279
1780056060,0.032004955606029326
1780056075,0.0317531614954046
1780056090,0.03121439176824005
1780056105,0.03193874383471872
1780056120,0.032294715097262866
1780056135,0.03224468636599274
1780056150,0.0318796577422026
1780056165,0.03176360679561261
1780056180,0.03136141784070061
1780056195,0.03111539919368733
1780056210,0.031058662561997602
1780056225,0.03140876012632157
1780056240,0.03077497285559175
1780056255,0.030923968632799184
1780056270,0.030668986456520997
1780056285,0.029951789927172023
1780056300,0.03093596734917858
1780056315,0.0321256038647343
1780056330,0.03177371913263561
1780056345,0.03133903133903134
1780056360,0.0315602108578079
1780056375,0.031525851197982346
1780056390,0.0318804654685671
1780056405,0.030957645858139135
1780056420,0.03103201878253768
1780056435,0.030869239670546594
1780056450,0.031309426786199406
1780056465,0.031411448646414555
1780056480,0.031510309982247714
1780056495,0.031304826447418214
1780056510,0.031089521165857045
1780056525,0.03134807292217638
1780056540,0.031612334801762114
1780056555,0.03185159257962898
1780056570,0.032118177972077284
1780056585,0.032617845117845115
1780056600,0.030966686813382157
1780056615,0.031059924419650893
1780056630,0.03090046722355939
1780056645,0.031224726607827276
1780056660,0.031333146618120714
1780056675,0.030859224491225606
1780056690,0.03102784100857993
1780056705,0.030802618222548914
1780056720,0.031328188321528
1780056735,0.03128499440089586
1780056750,0.03088830255057168
1780056765,0.03088816594955749
1780056780,0.030433251144769285
1780056795,0.030236907730673317
1780056810,0.030329440474115392
1780056825,0.029737206085753802
1780056840,0.029366464729438338
1780056855,0.02911960810994693
1780056870,0.02910807689694993
1780056885,0.028456111789445123
1780056900,0.02864026604228172
1780056915,0.02843924343448088
1780056930,0.028388278388278388
1780056945,0.028585024302369054
1780056960,0.028477770948576113
1780056975,0.028567447045707912
1780056990,0.028514566105068112
1780057005,0.028679968513638382
1780057020,0.028522630230572162
1780057035,0.028248587570621472
1780057050,0.02865545069073998
1780057065,0.02859482699788439
1780057080,0.028273401043096346
1780057095,0.028972965488594273
1780057110,0.028979521596971262
1780057125,0.029459901800327332
1780057140,0.02920421993991476
1780057155,0.029178737216851068
1780057170,0.02865640307907627
1780057185,0.028892954537609167
1780057200,0.02825548540133254
1780057215,0.028519502306724454
1780057230,0.028513097339008267
1780057245,0.02832585168945958
1780057260,0.028519333975505712
1780057275,0.028175873104215942
1780057290,0.027909718129182123
1780057305,0.02811258849939561
1780057320,0.028088533957522976
1780057335,0.02795991166978087
1780057350,0.02730363705052032
1780057365,0.02740336797338546
1780057380,0.027647401418342526
1780057395,0.027254673697185507
1780057410,0.027060270602706025
1780057425,0.02784628031237156
1780057440,0.027929527451515977
1780057455,0.027829059829059827
1780057470,0.028160328879753338
1780057485,0.028356992460775658
1780057500,0.028301242660111976
1780057515,0.02823321314375127
1780057530,0.028068263105903192
1780057545,0.027648041455016537
1780057560,0.027599115194827297
1780057575,0.027919472216554445
1780057590,0.02785984197870148
1780057605,0.027564345519071082
1780057620,0.027287761852260197
1780057635,0.028258699617939625
1780057650,0.028719912472647702
1780057665,0.028874281584471903
1780057680,0.02866837476629042
1780057695,0.028842517790229984
1780057710,0.029040794583634053
1780057725,0.02851743106881307
1780057740,0.02893978878068852
1780057755,0.029274326553051122
1780057770,0.029197080291970802
1780057785,0.028978069725272847
1780057800,0.029187903499830106
1780057815,0.02910811090777252
1780057830,0.029482404538967593
1780057845,0.03023134458166638
1780057860,0.030508709353464693
1780057875,0.030442898353979297
1780057890,0.030783997806040245
1780057905,0.03075295241996041
1780057920,0.030381207780304828
1780057935,0.030303030303030304
1780057950,0.030265200080977123
1780057965,0.029585798816568042
1780057980,0.029910132400356726
1780057995,0.02979032592900145
1780058010,0.02933038184836746
1780058025,0.029456993472986366
1780058040,0.02900248002204464
1780058055,0.02899506910202097
1780058070,0.029021356652614707
1780058085,0.02924098605750843
1780058100,0.029040886511272446
1780058115,0.029559512011755457
1780058130,0.029467779355240833
1780058145,0.029484877779312246
1780058160,0.029126890112187307
1780058175,0.029443140601664176
1780058190,0.029390383217364216
1780058205,0.02949231093322098
1780058220,0.029742793635112726
1780058235,0.029128939425844033
1780058250,0.02918964487688363
1780058265,0.029479868671159495
1780058280,0.02995874991260575
1780058295,0.02982051819261122
1780058310,0.030158120702293272
1780058325,0.030513127331597095
1780058340,0.030139264186239866
1780058355,0.03009097270818754
1780058370,0.029861796643632775
1780058385,0.029559593687392357
1780058400,0.028662755980188977
1780058415,0.02818985869833328
1780058430,0.027682152109876852
1780058445,0.027194807943282422
1780058460,0.026575255327419868
1780058475,0.026222411468313108
1780058490,0.02617618316347899
1780058505,0.02575978907613924
1780058520,0.025822176692924508
1780058520,0.025822176692924508
1780058535,0.025974489978205725
1780058550,0.026840897051033024
1780058565,0.031614434621073995
1780058580,0.031306969569485345
1780058595,0.03101754385964912
1780058610,0.030715057699682736
1780058625,0.03015251154330488
1780058640,0.03070877095360645
1780058655,0.03130398728491465
1780058670,0.031685322292010244
1780058685,0.03207902820441218
1780058700,0.032379440091131896
1780058715,0.033207287727741494
1780058730,0.033765429976274804
1780058745,0.03405855681698359
1780058760,0.034813248766737144
1780058775,0.03512040780453507
1780058790,0.03477499562248292
1780058805,0.03536730271894877
1780058820,0.03541945953573696
1780058835,0.035598591549295774
1780058850,0.0316772612663802
1780058865,0.030342960931657108
1780058880,0.03053541550474066
1780058895,0.03080342966020959
1780058910,0.03153042193053454
1780058925,0.031613626804990885
1780058940,0.031104792287953396
1780058955,0.03037518282934794
1780058970,0.030757689422355586
1780058985,0.03126163007071083
1780059000,0.0308995346657293
1780059015,0.030863789571079242
1780059030,0.03069897670077664
1780059045,0.030174093802780303
1780059060,0.03034621239110017
1780059075,0.030334124286538828
1780059090,0.0306477900993896
1780059105,0.031019635984082458
1780059120,0.031181407359586827
1780059135,0.03151056815978282
1780059150,0.03149810428076088
1780059165,0.03140511955358012
1780059180,0.031474613541632473
1780059195,0.031074272712497967
1780059210,0.03082069435874119
1780059225,0.03128350063346652
1780059240,0.03149424529235234
1780059255,0.031263642163941036
1780059270,0.030626011872638963
1780059285,0.030407670645031512
1780059300,0.030226528384279475
1780059315,0.03001171525049962
1780059330,0.02972384474475512
1780059345,0.029403528423410808
1780059360,0.029061624649859945
1780059375,0.029080014099400777
1780059390,0.03114028928521275
1780059405,0.03076438471230575
1780059420,0.03060328168370753
1780059435,0.030676149028765524
1780059450,0.0306012499102076
1780059465,0.030126582278481008
1780059480,0.029964448958862366
1780059495,0.02970152521345691
1780059510,0.0298573645702461
1780059525,0.029783293202444893
1780059540,0.029826728041615205
1780059555,0.029920089202750418
1780059570,0.02999213689294941
1780059585,0.030396393011459702
1780059600,0.030872282303633578
1780059615,0.030838504616316022
1780059630,0.030528611173772462
1780059645,0.030787805614246908
1780059660,0.030674846625766874
1780059675,0.029758097889469926
1780059690,0.02870795535147646
1780059705,0.028913562469210657
1780059720,0.028836680560818492
1780059735,0.028628696770289695
1780059750,0.0288058065247798
1780059765,0.029371356429393633
1780059780,0.029247391952309982
1780059795,0.028714844615043922
1780059810,0.028528583446106582
1780059825,0.02877593285615667
1780059840,0.028379680862456718
1780059855,0.028287517226372676
1780059870,0.02850511351272938
1780059885,0.02783634089690906
1780059900,0.028091910970251387
1780059915,0.028162671470139948
1780059930,0.028208892617449664
1780059945,0.02833542450857382
1780059960,0.028117866777339698
1780059975,0.028653196331287496
1780059990,0.028433110595936183
1780060005,0.028241202573010903
1780060020,0.027970593263805785
1780060035,0.027596570921138017
1780060050,0.027955677543966658
1780060065,0.02779370593989274
1780060080,0.02773235213954756
1780060095,0.028096017457719585
1780060110,0.028172372679270995
1780060125,0.028718476582604218
1780060140,0.028813272388691386
1780060155,0.028794567062818337
1780060170,0.02848742903487429
1780060185,0.028475881637616537
1780060200,0.028077314343845375
1780060215,0.02823742212098881
1780060230,0.028346564001226534
1780060245,0.0281377141098841
1780060260,0.02806681270536692
1780060275,0.027845160408623462
1780060290,0.028141891891891892
1780060305,0.028053253634017124
1780060320,0.028300288086764956
1780060335,0.027983372199128057
1780060350,0.028138237073892288
1780060365,0.028342533997576417
1780060380,0.02816145903178222
1780060395,0.028113125063052767
1780060410,0.028051014178142597
1780060425,0.028100286050816086
1780060440,0.02797391803777155
1780060455,0.02824707846410685
1780060470,0.029037742264535874
1780060485,0.02912555290915277
1780060500,0.029052974956675387
1780060515,0.02961166706513201
1780060530,0.02987852333096471
1780060545,0.03004556511014423
1780060560,0.029899532067162123
1780060575,0.029530201342281875
1780060590,0.029596136060014384
1780060605,0.02989976974129757
1780060620,0.029953443790223196
1780060635,0.030038061927785208
1780060650,0.030187774122807015
1780060665,0.03050651032790238
1780060680,0.03056140702845488
1780060695,0.03042562439399512
1780060710,0.031006697718695814
1780060725,0.03058967640954098
1780060740,0.030608410480647694
1780060755,0.030551894285038357
1780060770,0.030204601011284866
1780060785,0.030215050133351337
1780060800,0.03008837617216488
1780060815,0.029582405720839238
1780060830,0.029540260787740285
1780060845,0.02930390937070264
1780060860,0.029313901643707993
1780060875,0.029088364654138343
1780060890,0.028768814871675062
1780060905,0.02919341894060995
1780060920,0.028969708981600766
1780060935,0.02895151291760211
1780060950,0.028671422802530624
1780060965,0.02888541099618944
1780060980,0.02861501949482963
1780060995,0.028384131918632153
1780061010,0.027871990328755165
1780061025,0.027682360072741972
1780061040,0.027313959348227786
1780061055,0.027079497907949786
1780061070,0.026962649287061234
1780061085,0.02712605042016807
1780061100,0.02646522003650375
1780061115,0.02666171053965465
1780061130,0.026581460960603688
1780061145,0.02692229934631714
1780061160,0.026822118138625874
1780061175,0.026844949045892894
1780061190,0.026991758241758236
1780061205,0.0264871008851996
1780061220,0.0264269880853422
1780061235,0.026611694152923537
1780061250,0.026395304414267354
1780061265,0.026218649739538413
1780061280,0.026720426433403954
1780061295,0.02720171436471727
1780061310,0.0278024152282186
1780061325,0.028380516968524703
1780061340,0.028601731157412158
1780061355,0.02896299364816349
1780061370,0.029161812075937224
1780061385,0.029671183805886923
1780061400,0.030316359330062596
1780061415,0.030262889749337676
1780061430,0.03059946518633856
1780061445,0.03007722530822382
1780061460,0.03033662568030639
1780061475,0.030192993073767736
1780061490,0.03043900478853431
1780061505,0.030046948356807514
1780061520,0.029573057901288564
1780061535,0.029247721398449188
1780061550,0.028953901898946522
1780061565,0.028691698939215353
1780061580,0.028569505670155128
1780061595,0.028470835167067263
1780061610,0.02795816528812632
1780061625,0.027691360979111828
1780061640,0.026884104943536557
1780061655,0.026923342780120273
1780061670,0.026782571971563314
1780061685,0.026853735047743806
1780061700,0.026957099402118805
1780061715,0.0268271411128554
1780061730,0.026563929350503133
1780061745,0.026724804838596246
1780061760,0.026657907475278336
1780061775,0.026811823979142446
1780061790,0.0271119426695379
1780061805,0.027441909368100096
1780061820,0.028282757656271848
1780061835,0.02819645237362863
1780061850,0.028676470588235293
1780061865,0.02882825941922118
1780061880,0.028942008789795262
1780061895,0.028598498140220363
1780061910,0.029558701082431308
1780061925,0.029780785225911047
1780061940,0.03035959567499032
1780061955,0.030271507333818785
1780061970,0.030164502164502168
1780061985,0.029900901827658338
1780062000,0.02966319909362447
1780062015,0.02957589285714286
1780062030,0.029053486418370206
1780062045,0.028760829153659993
1780062060,0.028719988833054162
1780062075,0.028212076992564797
1780062090,0.028427148809944208
1780062105,0.028343635852767633
1780062120,0.028703768685521793
1780062135,0.028913889180948376
1780062150,0.029100529100529106
1780062165,0.02938434446324367
1780062180,0.029119095003666075
1780062195,0.028792526491912992
1780062210,0.027847923681257016
1780062225,0.027782553381700652
1780062240,0.027519167579408543
1780062255,0.027624697251570785
1780062270,0.0273972602739726
1780062285,0.027184602416409104
1780062300,0.02678262074700298
1780062315,0.027284329619537098
1780062330,0.028163137582142485
1780062345,0.028421970357454227
1780062360,0.02835251747757926
1780062375,0.028441096174447938
1780062390,0.027553717887887207
1780062405,0.027518136160714284
1780062420,0.0273090119739514
1780062435,0.02667086129753915
1780062450,0.02654867256637168
1780062465,0.02603240982749608
1780062480,0.026093738920796992
1780062495,0.02648135641417552
1780062510,0.026537609829273518
1780062525,0.02674522406713087
1780062540,0.02632137550413925
1780062555,0.026495876469556062
1780062570,0.02691852754579017
1780062585,0.02658056229484801
1780062600,0.026726855832616792
1780062615,0.02660165632954505
1780062630,0.02640882415329138
1780062645,0.02637228941530094
1780062660,0.026221950077441197
1780062675,0.027149321266968326
1780062690,0.027346266733481284
1780062705,0.02753720527413482
1780062720,0.02819683908045977
1780062735,0.028463476070528966
1780062750,0.028062137590378695
1780062765,0.028050040987988734
1780062780,0.028080028080028078
1780062795,0.02792473984793805
1780062810,0.02801210179747286
1780062825,0.02870133560670645
1780062840,0.028767512979162222
1780062855,0.028389299150062705
1780062870,0.028485289531136295
1780062885,0.029249563699825478
1780062900,0.029338654903196437
1780062915,0.029222144358794673
1780062930,0.029030244173140953
1780062945,0.029044928335170892
1780062960,0.029193002060271676
1780062975,0.02895531715446308
1780062990,0.028815146156246748
1780063005,0.028091634705089664
1780063020,0.02848090484788608
1780063035,0.028302212404652607
1780063050,0.028680159142016954
1780063065,0.028578365067804253
1780063080,0.02869287991498406
1780063095,0.028324955848390163
1780063110,0.028614150751036495
1780063125,0.027824620573355816
1780063140,0.028310193024043345
1780063155,0.028445199660152933
1780063170,0.028512896292315962
1780063185,0.028232000819308368
1780063200,0.028033501765072334
1780063215,0.027851549199863806
1780063230,0.028100078721292398
1780063245,0.02795950692101095
1780063260,0.02748751372604584
1780063275,0.027370682188268717
1780063290,0.027048555794140058
1780063305,0.026602009005888466
1780063320,0.026505190311418684
1780063335,0.026879271070615038
1780063350,0.026726987993735858
1780063365,0.02709205020920502
1780063380,0.02734143707986486
1780063395,0.027276206380683992
1780063410,0.027325621666551222
1780063425,0.027475632151433817
1780063440,0.027065679859844823
1780063455,0.026922531214528943
1780063470,0.026335272342675832
1780063485,0.026885474860335195
1780063500,0.026916802610114192
1780063515,0.0268280597437531
1780063530,0.02675632631392674
1780063545,0.027214721331124195
1780063560,0.027753655910243497
1780063575,0.027999161073825503
1780063590,0.027855153203342618
1780063605,0.027984029139815073
1780063620,0.028435521667657653
1780063635,0.0283311199645861
1780063650,0.028342300969875597
1780063665,0.02883607130373995
1780063680,0.028697109342270634
1780063695,0.028379310344827588
1780063710,0.028370214612329362
1780063725,0.028714233001241155
1780063740,0.028871391076115485
1780063755,0.029260695231467678
1780063770,0.029810298102981032
1780063785,0.029946629768728996
1780063800,0.030502724040061328
1780063815,0.03046513145019245
1780063830,0.030372008324661814
1780063845,0.030142712517553315
1780063860,0.029831132137459755
1780063875,0.03021877999536623
1780063890,0.030411449016100177
1780063905,0.0297556142668428
1780063920,0.029595169751558945
1780063935,0.02952541365302685
1780063950,0.029193240844236967
1780063965,0.02941273670643445
1780063980,0.029473195637038763
1780063995,0.02932885906040268
1780064010,0.029383821932681867
1780064025,0.02907801418439716
1780064040,0.02928985907709312
1780064055,0.028899721448467967
1780064070,0.028614457831325303
1780064085,0.028258602711157453
1780064100,0.028442261141962126
1780064115,0.029037921348314608
1780064130,0.02895408609294681
1780064145,0.029138381201044384
1780064160,0.02892547720133927
1780064175,0.028806724986331328
1780064190,0.02939339255968906
1780064205,0.02869525706895949
1780064220,0.02841862416107382
1780064235,0.02865568083261058
1780064250,0.028545025156586915
1780064265,0.02840437309714918
1780064280,0.028722339213587876
1780064295,0.029177444386963267
1780064310,0.028683001002177144
1780064325,0.028982485404503756
1780064340,0.0281826680054011
1780064355,0.028268918030517974
1780064370,0.02843216896831844
1780064385,0.02804878048780488
1780064400,0.027658008202755283
1780064415,0.027196505319523705
1780064430,0.02689271112364303
1780064445,0.026403106247793854
1780064460,0.02611215151408077
1780064475,0.026321390564029795
1780064490,0.02609124885410056
1780064505,0.026431405895691606
1780064520,0.026481580352375866
1780064535,0.026127583108715186
1780064550,0.026278409090909092
1780064565,0.026159849689261456
1780064580,0.025634536119748356
1780064595,0.02473754949326165
1780064610,0.02499275572297885
1780064625,0.025582377366457878
1780064640,0.02609038454646454
1780064655,0.02604878750809527
1780064670,0.026030291095277307
1780064685,0.02613011877326715
1780064700,0.026277935655895868
1780064715,0.02590819487468319
1780064730,0.026111528418642917
1780064745,0.026824457593688362
1780064760,0.026598410539127943
1780064775,0.027082895382243715
1780064790,0.027149321266968326
1780064805,0.02762509308840739
1780064820,0.028113015024101896
1780064835,0.02805532837890694
1780064850,0.027788512207974705
1780064865,0.02805928990003447
1780064880,0.028530080628488733
1780064895,0.028632433756869333
1780064910,0.02859633827375763
1780064925,0.02787197965239508
1780064940,0.027652955409609405
1780064955,0.027491408934707907
1780064970,0.027636715376377522
1780064985,0.02767488992941506
1780065000,0.02766039185555129
1780065015,0.02800681905159517
1780065030,0.02776730314353296
1780065045,0.02698702282193384
1780065060,0.02728193663324833
1780065075,0.026602810599175
1780065090,0.02645576707726764
1780065105,0.02587254731724258
1780065120,0.025509501514734235
1780065135,0.02578954626948007
1780065150,0.02587663709336713
1780065165,0.0256746693145147
1780065180,0.026057827926657263
1780065195,0.026431564245810057
1780065210,0.027219882348846113
1780065225,0.027185292969443164
1780065240,0.02793256433007986
1780065255,0.02799900003571301
1780065270,0.02775021264530763
1780065285,0.028254323926895874
1780065300,0.028021511463345597
1780065315,0.028405858930602962
1780065330,0.02910249601699416
1780065345,0.0290578325192893
1780065360,0.02944776693596335
1780065375,0.029173477364792835
1780065390,0.029204610130904952
1780065405,0.02955454026270702
1780065420,0.029670525378450576
1780065435,0.029319959316802865
1780065450,0.02939728532245587
1780065465,0.029172059183602085
1780065480,0.02895315170753828
1780065495,0.02962519374383542
1780065510,0.029469548133595282
1780065525,0.0291074872873926
1780065540,0.02871813031161473
1780065555,0.02876247081299087
1780065570,0.028591825807603072
1780065585,0.028525811601915915
1780065600,0.028402532442547836
1780065615,0.02803937595508014
1780065630,0.02824110530460305
1780065645,0.0281936127744511
1780065660,0.027853067047075606
1780065675,0.02817745803357314
1780065690,0.02838358488565268
1780065705,0.02892354124748491
1780065720,0.02826741186586414
1780065735,0.02806929269695227
1780065750,0.028032746216819646
1780065765,0.027652390261240445
1780065780,0.027352099409484475
1780065795,0.02649150034287364
1780065810,0.02599834359583738
1780065825,0.026077662985393657
1780065840,0.0261241515837104
1780065855,0.026095768938434252
1780065870,0.026056159878573237
1780065885,0.02637552697005729
1780065900,0.026984069645630892
1780065915,0.02674082789603166
1780065930,0.026664274179077695
1780065945,0.02665618523547488
1780065960,0.0267197271176805
1780065975,0.027015406664278038
1780065990,0.026943586865001402
1780066005,0.02690120824449183
1780066020,0.02687336676318949
1780066035,0.02691547904614082
1780066050,0.0273596849064566
1780066065,0.0281982887033637
1780066080,0.02832289491997216
1780066095,0.027948691208676605
1780066110,0.02824585635359116
1780066125,0.02768763377753228
1780066140,0.027901936882026277
1780066155,0.02787279439157381
1780066170,0.027486154996092818
1780066185,0.02739075900877996
1780066200,0.026977687626774844
1780066215,0.027035095866781662
1780066230,0.026979865771812078
1780066245,0.027225201982483536
1780066260,0.026810195998781355
1780066275,0.026618166983954313
1780066290,0.02704261672095548
1780066305,0.027511065713312906
1780066320,0.027614429657140893
1780066335,0.027417077119140286
1780066350,0.027026091771056818
1780066365,0.026266154383513797
1780066380,0.02689562428881763
1780066395,0.0268271411128554
1780066410,0.027163790982886456
1780066425,0.02710264032173457
1780066440,0.026629710195775737
1780066455,0.02684822178661439
1780066470,0.02732451821634548
1780066485,0.027178510998307953
1780066500,0.026463371889239397
1780066515,0.02667325265497654
1780066530,0.02669255035185635
1780066545,0.026388009288579272
1780066560,0.026522971412575667
1780066575,0.025848765432098762
1780066590,0.025756036023408205
1780066605,0.02529249827942189
1780066620,0.02545213323091963
1780066635,0.02646832879391019
1780066650,0.026086045537086183
1780066665,0.02626010337530787
1780066680,0.02597936730986736
1780066695,0.02610716238381629
1780066710,0.025819230635577024
1780066725,0.02592271703344308
1780066740,0.025642790761711352
1780066755,0.025388636209354425
1780066770,0.025520460663054956
1780066785,0.02592592592592593
1780066800,0.026457041936489248
1780066815,0.02713841640180224
1780066830,0.027510647066904797
1780066845,0.027731063596114904
1780066860,0.027660087492680237
1780066875,0.027586206896551724
1780066890,0.0276143677763167
1780066905,0.027528031381261503
1780066920,0.027396796369670493
1780066935,0.02664763264334999
1780066950,0.02652218782249742
1780066965,0.026128020406052877
1780066980,0.026231318814068268
1780066995,0.026231627653783344
1780067010,0.02641573414716853
1780067025,0.026802185944515996
1780067040,0.026823809190739317
1780067055,0.026503996634413128
1780067070,0.026614769619187885
1780067085,0.026153475069777058
1780067100,0.025474543196735856
1780067115,0.024959910757860977
1780067130,0.024927455162045937
1780067145,0.024592457846498286
1780067160,0.02526476085000346
1780067175,0.02498440640377018
1780067190,0.024825691950137334
1780067205,0.024789605267791122
1780067220,0.02503619478088916
1780067235,0.024750939363645766
1780067250,0.02470880143359294
1780067265,0.025091841685728148
1780067280,0.024860905697584333
1780067295,0.024551430094155266
1780067310,0.024603628053135266
1780067325,0.02449779519843214
1780067340,0.024745834510025412
1780067355,0.02468300327682006
1780067370,0.024600638977635782
1780067385,0.02497231252902719
1780067400,0.025187249608082222
1780067415,0.02545109878536825
1780067430,0.02538372784168386
1780067445,0.025122245057047694
1780067460,0.024277170258696957
1780067475,0.023958987235823393
1780067490,0.023861095584125212
1780067505,0.0239377618192699
1780067520,0.02380019239676488
1780067535,0.023563279667341935
1780067550,0.024095095309488113
1780067565,0.02404456353123678
1780067580,0.024136232495953838
1780067595,0.02421863951350587
1780067610,0.023977532034404076
1780067625,0.024022228474957795
1780067640,0.02393841394825647
1780067655,0.023532274323056067
1780067670,0.02307178278760595
1780067685,0.023101840316092973
1780067700,0.02275349776431559
1780067715,0.022559131163672145
1780067730,0.02233509852660398
1780067745,0.022917357503408127
1780067760,0.025283536805605723
1780067775,0.026022572065272087
1780067790,0.026446042125799343
1780067805,0.026148486045759853
1780067820,0.026362101785008803
1780067835,0.02612382766179165
1780067850,0.026057930440400556
1780067865,0.026434396909429104
1780067880,0.026269702276707527
1780067895,0.026389087273246677
1780067910,0.02590339892665474
1780067925,0.026323339549562473
1780067940,0.026034831341113042
1780067955,0.026909660425713675
1780067970,0.027242904007987446
1780067985,0.02749080101896405
1780068000,0.027883396704689478
1780068015,0.028208003363935804
1780068030,0.028557464041335006
1780068045,0.028475826276973506
1780068060,0.02778545756151507
1780068075,0.028242094999303524
1780068090,0.028103370317554173
1780068105,0.028499266186559267
1780068120,0.028733666278990218
1780068135,0.02869550112906027
1780068150,0.02902702516135713
1780068165,0.02908145580589255
1780068180,0.0295102336658268
1780068195,0.02932680871308662
1780068210,0.02977829798953456
1780068225,0.030271934325295027
1780068240,0.0302843439534087
1780068255,0.030503616759929027
1780068270,0.030804412160344363
1780068285,0.030584565305845655
1780068300,0.030744666394890617
1780068315,0.03114292499236693
1780068330,0.030849549121974372
1780068345,0.03125627468040962
1780068360,0.031070156207180052
1780068375,0.03041525220313411
1780068390,0.03073489010989011
1780068405,0.03093668452135696
1780068420,0.03144247456358253
1780068435,0.031658614048721154
1780068450,0.03136308805790109
1780068465,0.031133463341202233
1780068480,0.031230652816949853
1780068495,0.03168797429411362
1780068510,0.03146333220682663
1780068525,0.031243534036830126
1780068540,0.031048845134418784
1780068555,0.030356220960247805
1780068570,0.03022396909836344
1780068585,0.02961191214122086
1780068600,0.029420799344687533
1780068615,0.029156519054642747
1780068630,0.028680491076034258
1780068645,0.028515515795359242
1780068660,0.028531686796037455
1780068675,0.02833194790800776
1780068690,0.02832409972299169
1780068705,0.027648188803512625
1780068720,0.027429872683987166
1780068735,0.027757982965149815
1780068750,0.02796125808549232
1780068765,0.02856747117282454
1780068780,0.02779523709756268
1780068795,0.027340455439977505
1780068810,0.02859128018064964
1780068825,0.02881379697139652
1780068840,0.028655813789951124
1780068855,0.028678524700307653
1780068870,0.028812119495964888
1780068885,0.028782287822878228
1780068900,0.02911990762458052
1780068915,0.029161090371205182
1780068930,0.029235880398671095
1780068945,0.02896299364816349
1780068960,0.028793957989143266
1780068975,0.028518078424715668
1780068990,0.02857336083589761
1780069005,0.028885095558456336
1780069020,0.028541826810601252
1780069035,0.027845890295925563
1780069050,0.027990160228708198
1780069065,0.028050255307712983
1780069080,0.02802760244628315
1780069095,0.028099983662800195
1780069110,0.026821300228683436
1780069125,0.0266548637749582
1780069140,0.026663198283150162
1780069155,0.026850011404737854
1780069170,0.026848034282375092
1780069185,0.02711328905796634
1780069200,0.026743508385676358
1780069215,0.026686578793584832
1780069230,0.026802849429138343
1780069245,0.02680717931829409
1780069260,0.026928795638526355
1780069275,0.02719202719202719
1780069290,0.02706721184063799
1780069305,0.026935797333697026
1780069320,0.02763379218015173
1780069335,0.027661301230894088
1780069350,0.027842462286119262
1780069365,0.027861108237646977
1780069380,0.02758788215289586
1780069395,0.027375925797743478
1780069410,0.027919994538876378
1780069425,0.02754858506648483
1780069440,0.02779784635497299
1780069455,0.028016720212802708
1780069470,0.028228041008589642
1780069485,0.02747309781668454
1780069500,0.027465368262241115
1780069515,0.027626418630479297
1780069530,0.027695934001178552
1780069545,0.027547156702678294
1780069560,0.027213251670378618
1780069575,0.027723374079827105
1780069590,0.027388943232030217
1780069605,0.027905539918994984
1780069620,0.02787912163557514
1780069635,0.02808005217809207
1780069650,0.028170449911648767
1780069665,0.028023549201009253
1780069680,0.027929733953994083
1780069695,0.028118314259517097
1780069710,0.02800257339247621
1780069725,0.027639561038783993
1780069740,0.027961413923367512
1780069755,0.027643540265621304
1780069770,0.027550463720676484
1780069785,0.02771993308981668
1780069800,0.02757585065356131
1780069815,0.02754627305285002
1780069830,0.028144627397725344
1780069845,0.028351393716349756
1780069860,0.02827692836282426
1780069875,0.027967000992708727
1780069890,0.027793881935681893
1780069905,0.027333243679397524
1780069920,0.027443128861886844
1780069935,0.02713138208018754
1780069950,0.026660220326691297
1780069965,0.026976551151691223
1780069980,0.02672095251129054
1780069995,0.026953621892941863
1780070010,0.026731555931725205
1780070025,0.026829615905365922
1780070040,0.02739239967356208
1780070055,0.027164210452620158
1780070070,0.02747504673226819
1780070085,0.02766231904830156
1780070100,0.027742428098752863
1780070115,0.027126019945602903
1780070130,0.026536312849162007
1780070145,0.026480086114101183
1780070160,0.026671498459865915
1780070175,0.026655045938192252
1780070190,0.02683780630105017
1780070205,0.02639774044032445
1780070220,0.026674315215832495
1780070235,0.026423357664233576
1780070250,0.026579647792321436
1780070265,0.026484284051222353
1780070280,0.026411690420349992
1780070295,0.0260611625114768
1780070310,0.02605567391987705
1780070325,0.02573296772832736
1780070340,0.025464022822526678
1780070355,0.0255247925238859
1780070370,0.02578065761356586
1780070385,0.025861774452529806
1780070400,0.025945908794116637
1780070415,0.026222112571811226
1780070430,0.02619728377412437
1780070445,0.026127680552132118
1780070460,0.026318523392319146
1780070475,0.026873188905754103
1780070490,0.026623285754268117
1780070505,0.02698034338618855
1780070520,0.027309623718786546
1780070535,0.027358394974161513
1780070550,0.027759910626629202
1780070565,0.027220729102060505
1780070580,0.027510268889579234
1780070595,0.02757473932171684
1780070610,0.027965517241379315
1780070625,0.027895837549753763
1780070640,0.02849881396136903
1780070655,0.028243178554332216
1780070670,0.028151606701455646
1780070685,0.028384655083433685
1780070700,0.028000796231172454
1780070715,0.027849185946872322
1780070730,0.028146361077603536
1780070745,0.027954682576925655
1780070760,0.027406484630147134
1780070775,0.027453329340121797
1780070790,0.02760106030483764
1780070805,0.027759039395574742
1780070820,0.027926202238128844
1780070835,0.028452534000947292
1780070850,0.028855250709555347
1780070865,0.028928227440300245
1780070880,0.028887901268332707
1780070895,0.029436933082320725
1780070910,0.028817466775155953
1780070925,0.028737983227653918
1780070940,0.028294862248696952
1780070955,0.02870484823513254
1780070970,0.029059296203934607
1780070985,0.02894654142951919
1780071000,0.028960039363160297
1780071015,0.029097861985051276
1780071030,0.02862728669180282
1780071045,0.028707798132940266
1780071060,0.029049641340423253
1780071075,0.028799322368885442
1780071090,0.02881592734893468
1780071105,0.028752279798304903
1780071120,0.027646638054363376
1780071135,0.027345978322875074
1780071150,0.02668938103350369
1780071165,0.026572000984148185
1780071180,0.02676598474588353
1780071195,0.027037687811525084
1780071210,0.027433912454068708
1780071225,0.027918153867901193
1780071240,0.028244034061043557
1780071255,0.027888305926265008
1780071270,0.02716724506607775
1780071285,0.027121025821183906
1780071300,0.026986401929597652
1780071315,0.027494658680956886
1780071330,0.027861838672649485
1780071345,0.028050441890522932
1780071360,0.02784668599979036
1780071375,0.02807737805302345
1780071390,0.028057503993332872
1780071405,0.02779943723090484
1780071420,0.027719067253386923
1780071435,0.02822145665866305
1780071450,0.02862390407873306
1780071465,0.028863833477883783
1780071480,0.02792183260638115
1780071495,0.027981480855665573
1780071510,0.02784029917933446
1780071525,0.027584776521829307
1780071540,0.027553231742974096
1780071555,0.02716823406478579
1780071570,0.027914007389989923
1780071585,0.028339668748303015
1780071600,0.02817475134933297
1780071615,0.028587745229776942
1780071630,0.028486154866522968
1780071645,0.02825589493582728
1780071660,0.027924252976486586
1780071675,0.027956189574741396
1780071690,0.0278518618547652
1780071705,0.027630288477797697
1780071720,0.027932032055332026
1780071735,0.02787584093785386
1780071750,0.027413426846950126
1780071765,0.02789742899448109
1780071780,0.027899750050665407
1780071795,0.027833338983625455
1780071810,0.028215878086111666
1780071825,0.0281031244664504
1780071840,0.02808487262239923
1780071855,0.02815493831414984
1780071870,0.027641045058689893
1780071885,0.027477986774934043
1780071900,0.027455893099488465
1780071915,0.027453719874257775
1780071930,0.0273732847941753
1780071945,0.027262662607251593
1780071960,0.027705422685294814
1780071975,0.027860831747757546
1780071990,0.027963546900447004
1780072005,0.028362654107217066
1780072020,0.02874991371574515
1780072035,0.029096689474047963
1780072050,0.029010645172261332
1780072065,0.028699861687413553
1780072080,0.028778709943611605
1780072095,0.028019290857220484
1780072110,0.027633435424481226
1780072125,0.027901785714285716
1780072140,0.027528941565600887
1780072155,0.027712670619054185
1780072170,0.02725158996102031
1780072185,0.02748060293263151
1780072200,0.026868262074029575
1780072215,0.02624314099723935
1780072230,0.026223294279807033
1780072245,0.02605728466549478
1780072260,0.026177828698399467
1780072275,0.026022052586938082
1780072290,0.025850896937453106
1780072305,0.025421377540403686
1780072320,0.025059872965186906
1780072335,0.0249260226283725
1780072350,0.02511133949982871
1780072365,0.025262219784739838
1780072380,0.025282372276812255
1780072395,0.026270258818544546
1780072410,0.025991406635204616
1780072425,0.025620127569099926
1780072440,0.025713785251357504
1780072455,0.025968093330522173
1780072470,0.0261808078649284
1780072485,0.025774112126275374
1780072500,0.026394849785407723
1780072515,0.026913167606712623
1780072530,0.026634551610988936
1780072545,0.026851589103291714
1780072560,0.026752045535396656
1780072575,0.02663667990301156
1780072590,0.026275062764384224
1780072605,0.02614065180102916
1780072620,0.025935492879084053
1780072635,0.02605168374304997
1780072650,0.025764439411098527
1780072665,0.026091283947106497
1780072680,0.02549304252381121
1780072695,0.025694200351493852
1780072710,0.025996838222378357
1780072725,0.02581459787450458
1780072740,0.025974025974025972
1780072755,0.025796189356478438
1780072770,0.0260659356059279
1780072785,0.026911981988320552
1780072800,0.02659348441926345
1780072815,0.02656122557537501
1780072830,0.027237896203413447
1780072845,0.026843033509700173
1780072860,0.027383654937570945
1780072875,0.02741671993749556
1780072890,0.027765021724539905
1780072905,0.02832951137766802
1780072920,0.02853400361100294
1780072935,0.028878006625378073
1780072950,0.028809331412711234
1780072965,0.029054916985951463
1780072980,0.02878369039391845
1780072995,0.028789455428373224
1780073010,0.028801001773974745
1780073025,0.028815033930746477
1780073040,0.029020178905762428
1780073055,0.028879622290381497
1780073070,0.028463450342174252
1780073085,0.028389656587768507
1780073100,0.028728376949060018
1780073115,0.028922656650162196
1780073130,0.028703229113275244
1780073145,0.028483448806774437
1780073160,0.028541511855704922
1780073175,0.02857822481989941
1780073190,0.028641072516758077
1780073205,0.028429113580916238
1780073220,0.02812313011102985
1780073235,0.02769654801519277
1780073250,0.027526649574956145
1780073265,0.027228899300604334
1780073280,0.027032534130272366
1780073295,0.02729446141585868
1780073310,0.02707659475140885
1780073325,0.026501105630209222
1780073340,0.026558616227995505
1780073355,0.026195041775099306
1780073370,0.02585535889539409
1780073385,0.025563960556531134
1780073400,0.02533725946723276
1780073415,0.02497952497952498
1780073430,0.024646797978756317
1780073445,0.024520292069960946
1780073460,0.02462407911999193
1780073475,0.02434765087147799
1780073490,0.023901389695086556
1780073505,0.023503325942350335
1780073520,0.023879575778309955
1780073535,0.02393661664484507
1780073550,0.024222498070922933
1780073565,0.024760356332351047
1780073580,0.02476022039317053
1780073595,0.025284707158351405
1780073610,0.02587150485919931
1780073625,0.02642182442697668
1780073640,0.026437585322811576
1780073655,0.02716970980866875
1780073670,0.027217237583803074
1780073685,0.027642276422764227
1780073700,0.027869284490710237
1780073715,0.02788085447798616
1780073730,0.02817673876529668
1780073745,0.028538306795322037
1780073760,0.028656430598775776
1780073775,0.028595658073270015
1780073790,0.028829373070210766
1780073805,0.028806724986331328
1780073820,0.029083990214732264
1780073835,0.02955648192441741
1780073850,0.029298275567696774
1780073865,0.029124249983145684
1780073880,0.02880785606372751
1780073895,0.02868654866037606
1780073910,0.028393232486819884
1780073925,0.02807053798994283
1780073940,0.027939864076336928
1780073955,0.027775875059935614
1780073970,0.027693579498484434
1780073985,0.027226279875184313
1780074000,0.027073514740789156
1780074015,0.026760415573512435
1780074030,0.026239365881991186
1780074045,0.026205559594281166
1780074060,0.02647671994440584
1780074075,0.02667360388484218
1780074090,0.026653810392919867
1780074105,0.026740354249622407
1780074120,0.026647869889626245
1780074135,0.026136482756210912
1780074150,0.025991696612357396
1780074165,0.025714581965230014
1780074180,0.02617943823288792
1780074195,0.02566546395261761
1780074210,0.02534672405547585
1780074225,0.02500258647446288
1780074240,0.02540772532188841
1780074255,0.025237449118046134
1780074270,0.024825739106548093
1780074285,0.024533553241933823
1780074300,0.024809361492778577
1780074315,0.024613485996366254
1780074330,0.024718005848767582
1780074345,0.02468884593210568
1780074360,0.024783568154812426
1780074375,0.02479876691214249
1780074390,0.024784593731763414
1780074405,0.025020735416090685
1780074420,0.024673081667900318
1780074435,0.024421864050455502
1780074450,0.024658803406620817
1780074465,0.02460020170004322
1780074480,0.02464981896646308
1780074495,0.024496481888239455
1780074510,0.02492177022798391
1780074525,0.02493632873379709
1780074540,0.024720149253731345
1780074555,0.0252310164724789
1780074570,0.025749846970006117
1780074585,0.026043419723998654
1780074600,0.02657835519891309
1780074615,0.02665428988197852
1780074630,0.02658713644980811
1780074645,0.02626358053849788
1780074660,0.025503486614326817
1780074675,0.02546732542148424
1780074690,0.025618328560270767
1780074705,0.025639661684132134
1780074720,0.026290975650341122
1780074735,0.026238256712435376
1780074750,0.025629211541784252
1780074765,0.02548294286888615
1780074780,0.025622518946228794
1780074795,0.026181549996927046
1780074810,0.025456383045922557
1780074825,0.024966305115204413
1780074840,0.02517845554834523
1780074855,0.025135599947082945
1780074870,0.024864076382442646
1780074885,0.02453779227841218
1780074900,0.023909794864828145
1780074915,0.02385247544598116
1780074930,0.023955691979180568
1780074945,0.02398352378421472
1780074960,0.02435777984826301
1780074975,0.02424403889702944
1780074990,0.024103625559190763
1780075005,0.024417831004657352
1780075020,0.023758675920982384
1780075035,0.023980490448448723
1780075050,0.023923118865866955
1780075065,0.0236617797476986
1780075080,0.023814411825087253
1780075095,0.024034511092851273
1780075110,0.024398625429553265
1780075125,0.02461220268872803
1780075140,0.02438517492206443
1780075155,0.02406696895709801
1780075170,0.02416060920733818
1780075185,0.024181979643418262
1780075200,0.02450072060942969
1780075215,0.025010306444963583
1780075230,0.024756852343059237
1780075245,0.025639286441022858
1780075260,0.025937183383991896
1780075275,0.02606806661839247
1780075290,0.025821138211382114
1780075305,0.025759749576105388
1780075320,0.026248941574936496
1780075335,0.026869158878504672
1780075350,0.02703228315830416
1780075365,0.027113550241735264
1780075380,0.027042877622833306
1780075395,0.026603356315857942
1780075410,0.026737277189356756
1780075425,0.026677026677026677
1780075440,0.026384385529912895
1780075455,0.026694045174537988
1780075470,0.026638423518839462
1780075485,0.026497695852534562
1780075500,0.026406210231611094
1780075515,0.026972010178117047
1780075530,0.026873120481156823
1780075545,0.027044265850235998
1780075560,0.02615225271879855
1780075575,0.025886737206361882
1780075590,0.02549215882549216
1780075605,0.025418599959653017
1780075620,0.02520390426527611
1780075635,0.02490510754478258
1780075650,0.024749518943666646
1780075665,0.024199334681364554
1780075680,0.024860974811907098
1780075695,0.02467029722459156
1780075710,0.02486842105263158
1780075725,0.0254003675505382
1780075740,0.02582097457627118
1780075755,0.02560150123986328
1780075770,0.024892933618843684
1780075785,0.025308848080133558
1780075800,0.024488697524219588
1780075815,0.023891708967851102
1780075830,0.023628977657413678
1780075845,0.023827252419955317
1780075860,0.023835319609967497
1780075875,0.024832398412915582
1780075890,0.025237671841871277
1780075905,0.02496259012379268
1780075920,0.02498808470075577
1780075935,0.02426189174412247
1780075950,0.025129041021461563
1780075965,0.0255420054200542
1780075980,0.025152129817444215
1780075995,0.024693863743995667
1780076010,0.024733072036761724
1780076025,0.024503222341568206
1780076040,0.023613619640109704
1780076055,0.023671786687944674
1780076070,0.023820675811308128
1780076085,0.02423596777415274
1780076100,0.024509149191932686
1780076115,0.025237431095171677
1780076130,0.025246099243286677
1780076145,0.025317301269205075
1780076160,0.02463672391017173
1780076175,0.02395051980523753
1780076190,0.024684873949579828
1780076205,0.024587491032413745
1780076220,0.02487399358512797
1780076235,0.025268642136112015
1780076250,0.024717514124293783
1780076265,0.02510806000508518
1780076280,0.025731807548839854
1780076295,0.026124545796266132
1780076310,0.026423661474427696
1780076325,0.026343783242600585
1780076340,0.02672633476288147
1780076355,0.02769096137017127
1780076370,0.027253801022017538
1780076385,0.02731688852438332
1780076400,0.02647390161472024
1780076415,0.027059417181783774
1780076430,0.026944044113039665
1780076445,0.02736709657124882
1780076460,0.02765208647561589
1780076475,0.02827796094344408
1780076490,0.02813673690241263
1780076505,0.028394983128541416
1780076520,0.028545997838387693
1780076535,0.02821256038647343
1780076550,0.027885819763992355
1780076565,0.027937058274436592
1780076580,0.027781514866137495
1780076595,0.027212269272529857
1780076610,0.02810124816958371
1780076625,0.02808793952423885
1780076640,0.02774117483875442
1780076655,0.02804247209365641
1780076670,0.028821199289714515
1780076685,0.0297623148467103
1780076700,0.030042031282298633
1780076715,0.029157519209659713
1780076730,0.029295274515159793
1780076745,0.028441795896255166
1780076760,0.028654851633054933
1780076775,0.02843409383250965
1780076790,0.028116531165311653
1780076805,0.027888715900629527
1780076820,0.02826189354686764
1780076835,0.02828296335918695
1780076850,0.02886225138953994
1780076865,0.028569480430928676
1780076880,0.02830765053288982
1780076895,0.027651006711409395
1780076910,0.02727934847381315
1780076925,0.027390900649953573
1780076940,0.027775918613211964
1780076955,0.02737530880683715
1780076970,0.027259971938264183
1780076985,0.02674979887369268
1780077000,0.02678214523650899
1780077015,0.027154742096505823
1780077030,0.026836252247452883
1780077045,0.02784253646839406
1780077060,0.028565721134638435
1780077075,0.028901734104046242
1780077090,0.02990383348702411
1780077105,0.0299555967923653
1780077120,0.02956846030900373
1780077135,0.030203589606214845
1780077150,0.03096646942800789
1780077165,0.03101688260698861
1780077180,0.031398296821166224
1780077195,0.032004197271773345
1780077210,0.03242712086472322
1780077225,0.032519788918205804
1780077240,0.03234203162621201
1780077255,0.03220360992078951
1780077270,0.03227711080495965
1780077285,0.03218031398605954
1780077300,0.03159205610539425
1780077315,0.031702001188825046
1780077330,0.03154699049630412
1780077345,0.031039316467525536
1780077360,0.030767172764363585
1780077375,0.030037124535943302
1780077390,0.028993252722292737
1780077405,0.029717582343865297
1780077420,0.02981300326079723
1780077435,0.029372407333065703
1780077450,0.02882663418595209
1780077465,0.02877211941104957
1780077480,0.02865559721478307
1780077495,0.028679545907189796
1780077510,0.028138961125558443
1780077525,0.02834845250800427
1780077540,0.027522935779816512
1780077555,0.02725861952634775
1780077570,0.026956171013713365
1780077585,0.02731687575880211
1780077600,0.02680328425052589
1780077615,0.026986404317824692
1780077630,0.02732165973972883
1780077645,0.027207669457196864
1780077660,0.026575601839329183
1780077675,0.027686628383921243
1780077690,0.028162258462381802
1780077705,0.02844698516401252
1780077720,0.02787167988961711
1780077735,0.02820845570657742
1780077750,0.02793258121516922
1780077765,0.02805097658955534
1780077780,0.027653003930376188
1780077795,0.02808439290205393
1780077810,0.028348688873139617
1780077825,0.028702721809826793
1780077840,0.02944507361268403
1780077855,0.029484550661104433
1780077870,0.029062657362779656
1780077885,0.028995806978892757
1780077900,0.0287734181689643
1780077915,0.02821981752599194
1780077930,0.02839384093798559
1780077945,0.027941176470588237
1780077960,0.027801003344481608
1780077975,0.027150892299145895
1780077990,0.026820985515281722
1780078005,0.026249057638270165
1780078020,0.026754026754026754
1780078035,0.027238146990897973
1780078050,0.027736636596203044
1780078065,0.027855899290210255
1780078080,0.027533918595371108
1780078095,0.02700561241333773
1780078110,0.02773114886188142
1780078125,0.02753826615867923
1780078140,0.02846451957770947
1780078155,0.02890365448504983
1780078170,0.028768020969855833
1780078185,0.0288530582936223
1780078200,0.029541905257678292
1780078215,0.02912431587177482
1780078230,0.028881329824786597
1780078245,0.02966237427125376
1780078260,0.029532878651396217
1780078275,0.02914495271183169
1780078290,0.029019859064702107
1780078305,0.028962031877672666
1780078320,0.028565851119208743
1780078335,0.02785533406921628
1780078350,0.027165249734325183
1780078365,0.02721313646295438
1780078380,0.02649137874083372
1780078395,0.026792855238603037
1780078410,0.026415836392239114
1780078425,0.02532814458149199
1780078440,0.024761904761904763
1780078455,0.0250198570293884
1780078470,0.0253029697696098
1780078485,0.025806019170185667
1780078500,0.026046884391905428
1780078515,0.026467203682393557
1780078530,0.026444263628966635
1780078545,0.026155717761557177
1780078560,0.025704697986577183
1780078575,0.02612794612794613
1780078590,0.026355013550135503
1780078605,0.027098435065374973
1780078620,0.026256100075606574
1780078635,0.026150987543871723
1780078650,0.026256717230120397
1780078665,0.02639929781918844
1780078680,0.026639757820383452
1780078695,0.026815793019808645
1780078710,0.026560604017796953
1780078725,0.026981450252951095
1780078740,0.027454410874099992
1780078755,0.027251264755480606
1780078770,0.026428475846380303
1780078785,0.025656524951306332
1780078800,0.02598009750884926
1780078815,0.025682075912213994
1780078830,0.026142047349116373
1780078845,0.02587569133526468
1780078860,0.02573313304160408
1780078875,0.025271458117890385
1780078890,0.025641025641025644
1780078905,0.025476161591653525
1780078920,0.025697291678697234
1780078935,0.025811823480432976
1780078950,0.02672404632876421
1780078965,0.026404151404151404
1780078980,0.02598979839689094
1780078995,0.025751072961373387
1780079010,0.02609131961866533
1780079025,0.026150310074157596
1780079040,0.026157521832262318
1780079055,0.026923537154481276
1780079070,0.027446026642168123
1780079085,0.027405466117558966
1780079100,0.027654072690705363
1780079115,0.02760876446382724
1780079130,0.027962850797496466
1780079145,0.028291621327529923
1780079160,0.029408906882591093
1780079175,0.029692470837751856
1780079190,0.029581529581529577
1780079205,0.029184365736637838
1780079220,0.02903030303030303
1780079235,0.029145546705286022
1780079250,0.02953085517703291
1780079265,0.031036168132942323
1780079280,0.03540557999323264
1780079295,0.035800508259212195
1780079310,0.04646948616357996
1780079325,0.053378886659979946
1780079340,0.06132830899670278
1780079355,0.06626737556850938
1780079370,0.06908446469824994
1780079385,0.07745315973324866
1780079400,0.08079648340112845
1780079415,0.08140337045432147
1780079430,0.08097389721418587
1780079445,0.08023413750727637
1780079460,0.08177154926744225
1780079475,0.08211075865715041
1780079490,0.08153570847567919
1780079505,0.08340780458742926
1780079520,0.08335533262935586
1780079535,0.08536791845856896
1780079550,0.08238075191865547
1780079565,0.07959041191528973
1780079580,0.07775426446069002
1780079595,0.07668672385097938
1780079610,0.07325212207607075
1780079625,0.06656141458793811
1780079640,0.05891805034815212
1780079655,0.05416258260347171
1780079670,0.04953031596925705
1780079685,0.04323666219211438
1780079700,0.04367137754309676
1780079715,0.04319281271596406
1780079730,0.04369190322681606
1780079745,0.04343944338402808
1780079760,0.042924397673774574
1780079775,0.04262438627763705
1780079790,0.04344394279038929
1780079805,0.04300080202356715
1780079820,0.042997266441550094
1780079835,0.04314736775897855
1780079850,0.04254725751471955
1780079865,0.04228369190649157
1780079880,0.03958222250101935
1780079895,0.03597144534750765
1780079910,0.034099055574603375
1780079925,0.03426692798887273
1780079940,0.03362765357880894
1780079955,0.03354995180498119
1780079970,0.03320384757676655
1780079985,0.03314238952536825
1780080000,0.033362191577515306
1780080015,0.033509754446427474
1780080030,0.03266844667818439
1780080045,0.03291882338088625
1780080060,0.033847980997624705
1780080075,0.033834827144686296
1780080090,0.03322417575430007
1780080105,0.03275219506032468
1780080120,0.03313620576363466
1780080120,0.03313620576363466
1780080135,0.03294481821914779
1780080150,0.032950605896759
1780080165,0.03382201244099903
1780080180,0.0341381919051822
1780080195,0.03453799820581827
1780080210,0.03419154858299595
1780080225,0.034829012599071646
1780080240,0.03495602306775347
1780080255,0.03440278314650175
1780080270,0.034848827078829345
1780080285,0.03475322025251881
1780080300,0.03460931715012395
1780080315,0.03510973804466757
1780080330,0.03409234262646651
1780080345,0.03381750703864858
1780080360,0.03396154214101215
1780080375,0.03380799551304023
1780080390,0.034400577001473864
1780080405,0.03479090475433296
1780080420,0.03488520002544044
1780080435,0.03503891476260432
1780080450,0.034356059416512263
1780080465,0.0333237849708775
1780080480,0.03296945292100544
1780080495,0.032838618965786597
1780080510,0.032636620254368996
1780080525,0.03190715618379028
1780080540,0.031889885555211876
1780080555,0.03207535553777011
1780080570,0.03206692227256884
1780080585,0.03176694032594045
1780080600,0.03137015563014953
1780080615,0.030781349410731056
1780080630,0.031175945588280556
1780080645,0.0313058762917841
1780080660,0.031342149262805895
1780080675,0.03129218308994969
1780080690,0.030678592142617294
1780080705,0.030059221152120594
1780080720,0.030265042979942695
1780080735,0.030793621756760876
1780080750,0.030593138439236528
1780080765,0.030663384834376205
1780080780,0.031333690412426354
1780080795,0.031171095346879885
1780080810,0.03131733522240916
1780080825,0.031943500487574245
1780080840,0.0318720343788236
1780080855,0.031238789907927778
1780080870,0.0313157972776608
1780080885,0.03284399845159753
1780080900,0.03349238671245783
1780080915,0.03560974137670882
1780080930,0.0436003051106026
1780080945,0.05071597215834177
1780080960,0.05715782338078511
1780080975,0.058776731160896135
1780080990,0.07147889579196824
1780081005,0.07808171193834984
1780081020,0.08477977005637122
1780081035,0.08973788013742207
1780081050,0.09117980255704805
1780081065,0.09155274234069626
1780081080,0.09065801727736922
1780081095,0.09271980279375514
1780081110,0.09503057329144286
1780081125,0.09523968264550971
1780081140,0.09565129653919888
1780081155,0.09526031597893474
1780081170,0.09401539935891082
1780081185,0.09247781837160753
1780081200,0.09107050619834711
1780081215,0.0842583082071502
1780081230,0.07445843828715365
1780081245,0.07185570987654322
1780081260,0.06604544711459866
1780081275,0.05849501242857604
1780081290,0.050449227587098446
1780081305,0.04128486221718703
1780081320,0.03742387531923253
1780081335,0.035406822448054896
1780081350,0.03472846321735781
1780081365,0.034764100744945015
1780081380,0.034613251557759434
1780081395,0.03306661525113275
1780081410,0.03230143739795755
1780081425,0.031904670382471655
1780081440,0.033089293135969824
1780081455,0.0329894931817456
1780081470,0.03278372384533796
1780081485,0.03339694656488549
1780081500,0.03363264780663641
1780081515,0.0329719245810944
1780081530,0.033253103623004814
1780081545,0.033451333181773894
1780081560,0.0348781500527005
1780081575,0.035041036163118745
1780081590,0.035480888775542736
1780081605,0.03471623391140494
1780081620,0.03408481790950654
1780081635,0.034664229666278
1780081650,0.034445365822542574
1780081665,0.03474344032507009
1780081680,0.03466583385384135
1780081695,0.03480111413638782
1780081710,0.03433314468968119
1780081725,0.03435341189709606
1780081740,0.03366728431895983
1780081755,0.03361186153169567
1780081770,0.033567948023822416
1780081785,0.03503534956794973
1780081800,0.036219473517285126
1780081815,0.03545004181946857
1780081830,0.03580314731637962
1780081845,0.035382997035478626
1780081860,0.033973875910575234
1780081875,0.03428280124896451
1780081890,0.03380245893827239
1780081905,0.03469839335535388
1780081920,0.035095110016526786
1780081935,0.03559743489072111
1780081950,0.03565425394362555
1780081965,0.03570270445554186
1780081980,0.035262293498212735
1780081995,0.035116508040695764
1780082010,0.03599272349272349
1780082025,0.03593412614006252
1780082040,0.036236658321254445
1780082055,0.03600741329097167
1780082070,0.03494224688649416
1780082085,0.03282064482913958
1780082100,0.03228541612314114
1780082115,0.03341927806426022
1780082130,0.03342636677064521
1780082145,0.03373143963847644
1780082160,0.03314502171570388
1780082175,0.03222394817728129
1780082190,0.03284930622781542
1780082205,0.03223121979323369
1780082220,0.032012970498474055
1780082235,0.030751415337107565
1780082250,0.030066530194472876
1780082265,0.03060736489717839
1780082280,0.0332996015432294
1780082295,0.032727960650775635
1780082310,0.03221060539660678
1780082325,0.03259641762142972
1780082340,0.03229695431472081
1780082355,0.03294701466754609
1780082370,0.03417046695356156
1780082385,0.034671940288986
1780082400,0.034817890167956216
1780082415,0.034362004815058
1780082430,0.034186685185769755
1780082445,0.03348270638727594
1780082460,0.034083141738644136
1780082475,0.03351206434316353
1780082490,0.03272068176036632
1780082505,0.032916392363396975
1780082520,0.03310685608400247
1780082535,0.033144203639971476
1780082550,0.03366748628711935
1780082565,0.031964745678552585
1780082580,0.03147782033856419
1780082595,0.03228520676867462
1780082610,0.03282907538760906
1780082625,0.032635697428890824
1780082640,0.032518564356435645
1780082655,0.03164717040784066
1780082670,0.03182527301092044
1780082685,0.03130684538056486
1780082700,0.030611609367214746
1780082715,0.030846371108501795
1780082730,0.030841560883874
1780082745,0.031352773514580136
1780082760,0.030989867498051438
1780082775,0.031635778107536386
1780082790,0.031791907514450865
1780082805,0.03179765701474628
1780082820,0.031876138433515486
1780082835,0.03163892160295381
1780082850,0.031125599473403754
1780082865,0.03071210547846062
1780082880,0.03020081334131963
1780082895,0.03001899936668778
1780082910,0.029658060013956735
1780082925,0.029479750482885276
1780082940,0.02895752895752896
1780082955,0.028547839065129716
1780082970,0.02809166087999495
1780082985,0.027931363203050525
1780083000,0.028178013481997374
1780083015,0.028714865858727977
1780083030,0.02868505117673903
1780083045,0.028460918614020954
1780083060,0.02841099003944114
1780083075,0.02845649091568569
1780083090,0.02837388298219294
1780083105,0.027926712937074438
1780083120,0.028232856310302406
1780083135,0.0283129775978055
1780083150,0.030574712643678167
1780083165,0.03024732620320856
1780083180,0.029751790771281022
1780083195,0.0294518768671256
1780083210,0.029708872917563675
1780083225,0.02970526804362961
1780083240,0.029460486569006402
1780083255,0.029299280482271338
1780083270,0.02953600422414362
1780083285,0.029276059266961273
1780083300,0.02822752101527492
1780083315,0.02908381034311617
1780083330,0.02883453613297195
1780083345,0.02856958388481777
1780083360,0.027957057958975018
1780083375,0.027622901201134226
1780083390,0.027637866460028415
1780083405,0.028044638524987866
1780083420,0.02910996748018817
1780083435,0.02827935416069552
1780083450,0.027356758270828795
1780083465,0.027928264524565666
1780083480,0.027802886263753386
1780083495,0.027707248952646948
1780083510,0.028128335530859545
1780083525,0.02848211184439041
1780083540,0.029109861124352494
1780083555,0.02941461993981167
1780083570,0.029901493485859548
1780083585,0.030878106058201897
1780083600,0.03131557194633433
1780083615,0.03127801254962223
1780083630,0.03163759994963168
1780083645,0.031333479996228666
1780083660,0.03140924970353515
1780083675,0.03235059760956175
1780083690,0.032069325405610555
1780083705,0.031305393770574834
1780083720,0.03165729515389866
1780083735,0.031596681394831364
1780083750,0.03104373914416548
1780083765,0.031575593436354944
1780083780,0.031728136575938155
1780083795,0.03316554097107175
1780083810,0.032758566537893774
1780083825,0.03272472357645859
1780083840,0.03178484107579462
1780083855,0.03235220283670139
1780083870,0.03279720499826886
1780083885,0.032722261393500415
1780083900,0.03191249798938395
1780083915,0.03199534613147178
1780083930,0.032024693739751135
1780083945,0.03347142763201157
1780083960,0.0325098814229249
1780083975,0.03263920621450486
1780083990,0.033447712962654495
1780084005,0.03345774460143962
1780084020,0.03340953625081646
1780084035,0.0338254593175853
1780084050,0.0332643857448035
1780084065,0.033576975788031066
1780084080,0.03275037662933124
1780084095,0.03193382546796731
1780084110,0.0321972248417082
1780084125,0.032535663456128155
1780084140,0.03298087440750439
1780084155,0.033171761136940675
1780084170,0.03223228556206713
1780084185,0.03208308526824105
1780084200,0.03205590918039242
1780084215,0.032769590874625
1780084230,0.03422115668823278
1780084245,0.032879118020098214
1780084260,0.03362026961182394
1780084275,0.03298565840938722
1780084290,0.03347672801371414
1780084305,0.03310115870329384
1780084320,0.03319502074688797
1780084335,0.033422015297638843
1780084350,0.03386064404868504
1780084365,0.03345872104533756
1780084380,0.033542701173994535
1780084395,0.033807369101486746
1780084410,0.03363439189407918
1780084425,0.03802441875568256
1780084440,0.04398727752588482
1780084455,0.05326756273588029
1780084470,0.05734898101665614
1780084485,0.06411343668374096
1780084500,0.07539895400295024
1780084515,0.07781680626857605
1780084530,0.08327716365597196
1780084545,0.09049773755656108
1780084560,0.09661869256112361
1780084575,0.10678821974446742
1780084590,0.11530212765957445
1780084605,0.12215034420728543
1780084620,0.12644656228727025
1780084635,0.12552781812654124
1780084650,0.12446380697050936
1780084665,0.12576460307857767
1780084680,0.12490800829597912
1780084695,0.12632040768114472
1780084710,0.12446911681102228
1780084725,0.11881220859098575
1780084740,0.11235620785402617
1780084755,0.10296499520708689
1780084770,0.09623121238453863
1780084785,0.08686263134145555
1780084800,0.08022103658536585
1780084815,0.07222945716736016
1780084830,0.06610255757729991
1780084845,0.061375694597055226
1780084860,0.049824449409511654
1780084875,0.048928238583411
1780084890,0.039027097012854894
1780084905,0.03259031995491829
1780084920,0.032590529247910865
1780084935,0.03298271742840299
1780084950,0.032339485723300206
1780084965,0.032324428789626256
1780084980,0.03206083178150217
1780084995,0.03147026091257574
1780085010,0.03250826612280214
1780085025,0.03144537294955122
1780085040,0.03247397124442241
1780085055,0.03268893893893894
1780085070,0.03370642378371444
1780085085,0.03388141504733433
1780085100,0.033979674543300704
1780085115,0.03516064508063508
1780085130,0.0350754121360926
1780085145,0.03451795490396214
1780085160,0.03480379905023744
1780085175,0.0340905530314899
1780085190,0.034172202350536536
1780085205,0.03459089911249098
1780085220,0.03551020408163265
1780085235,0.03671231077397957
1780085250,0.037450428553153385
1780085265,0.037524303305249515
1780085280,0.03792179626203993
1780085295,0.03883305051559849
1780085310,0.037626813920636965
1780085325,0.03751304801670146
1780085340,0.03828119982015544
1780085355,0.0374645471934569
1780085370,0.03784466837313287
1780085385,0.03770884643546562
1780085400,0.03926512968299713
1780085415,0.03894348084152213
1780085430,0.03915504080021058
1780085445,0.03997206611020584
1780085460,0.03976916735366859
1780085475,0.0399262697080412
1780085490,0.04026161835272464
1780085505,0.0399023070068319
1780085520,0.038195144912917756
1780085535,0.03657023444132436
1780085550,0.03549769281476599
1780085565,0.042461091101344876
1780085580,0.04926655558822569
1780085595,0.05244629877114639
1780085610,0.058476253298153036
1780085625,0.061015614748720644
1780085640,0.06432961078437852
1780085655,0.07114897536265255
1780085670,0.076744490223007
1780085685,0.07937984496124031
1780085700,0.08205685673814934
1780085715,0.08778026531225984
1780085730,0.09411211500352669
1780085745,0.09685564233773229
1780085760,0.09698646778928896
1780085775,0.09566582075597702
1780085790,0.09562951082598237
1780085805,0.09532878909382518
1780085820,0.09526342030912416
1780085835,0.09708607942189958
1780085850,0.094499815430048
1780085865,0.08557046979865772
1780085880,0.08043753751750818
1780085895,0.07619996678292643
1780085910,0.07471473457913015
1780085925,0.06977525447643364
1780085940,0.06829772340921969
1780085955,0.06338943509415099
1780085970,0.05726394638281096
1780085985,0.05294334192296108
1780086000,0.04867300619595109
1780086015,0.04255667135520591
1780086030,0.036849564689208344
1780086045,0.036185389049929975
1780086060,0.03640235910878113
1780086075,0.034750024020753924
1780086090,0.03457110426463435
1780086105,0.03455661402723611
1780086120,0.03505880115383396
1780086135,0.03459507320621067
1780086150,0.0354298978045714
1780086165,0.03564829563555272
1780086180,0.03601034551362822
1780086195,0.033595612001697736
1780086210,0.03271178785728111
1780086225,0.031022596706242817
1780086240,0.029778723134067753
1780086255,0.02964351528245536
1780086270,0.029833583543616444
1780086285,0.029350905675994018
1780086300,0.0291213125098596
1780086315,0.029822213725865035
1780086330,0.03050136620702802
1780086345,0.030140935297885973
1780086360,0.030001929384526338
1780086375,0.031223267750213862
1780086390,0.03175550251922567
1780086405,0.030871112282551395
1780086420,0.030653575710443602
1780086435,0.029945254270826466
1780086450,0.029386148833908582
1780086465,0.029369997418022206
1780086480,0.029367992856434166
1780086495,0.02975918553808001
1780086510,0.030519017689366938
1780086525,0.03023501875661291
1780086540,0.03076473263595608
1780086555,0.030743200102158093
1780086570,0.031000885739592556
1780086585,0.03469719679816309
1780086600,0.03595206391478029
1780086615,0.035484278317969443
1780086630,0.03547854785478548
1780086645,0.035423037716615695
1780086660,0.034542972346572685
1780086675,0.03404268500449153
1780086690,0.03414218547852703
1780086705,0.03660168195718654
1780086720,0.03551726275336267
1780086735,0.03569989773466795
1780086750,0.03622250970245795
1780086765,0.03609655042531153
1780086780,0.036629810365062694
1780086795,0.03658536585365854
1780086810,0.036914834536604484
1780086825,0.03690821256038647
1780086840,0.03691839259094802
1780086855,0.0369341131612111
1780086870,0.03349699592996963
1780086885,0.03201827777062685
1780086900,0.03169082753689137
1780086915,0.03184815827569567
1780086930,0.031912209889001
1780086945,0.03318710661834827
1780086960,0.033470812182741116
1780086975,0.034254070365089366
1780086990,0.036578465634881006
1780087005,0.037054860442733394
1780087020,0.03806020066889632
1780087035,0.04569971560262823
1780087050,0.054535954542485804
1780087065,0.05563009598513779
1780087080,0.06421534710553195
1780087095,0.06712978205043788
1780087110,0.0703708644610459
1780087125,0.07655548739143068
1780087140,0.0816400580551524
1780087155,0.08878367346938776
1780087170,0.09287193138124816
1780087185,0.09264643428832774
1780087200,0.09288686478162578
1780087215,0.09352541921746074
1780087230,0.0923494195084841
1780087245,0.09174463583165272
1780087260,0.09041422405462864
1780087275,0.08770633952084271
1780087290,0.08647085879492739
1780087305,0.08518602910061522
1780087320,0.0787192347294649
1780087335,0.07108631440761404
1780087350,0.06727106745994271
1780087365,0.061708561708561704
1780087380,0.05629170487966858
1780087395,0.05399499635810875
1780087410,0.05190708345282478
1780087425,0.04646024682006124
1780087440,0.03798466731867369
1780087455,0.034273113876200974
1780087470,0.03169375135941335
1780087485,0.032016054337758566
1780087500,0.032350055194406965
1780087515,0.03262997607135088
1780087530,0.03276620619635111
1780087545,0.03338903329620003
1780087560,0.03281600598354525
1780087575,0.03279096537348723
1780087590,0.03359117384202903
1780087605,0.033479846628635554
1780087620,0.03326650795639644
1780087635,0.03272079504969061
1780087650,0.03283049574361542
1780087665,0.03229747509554539
1780087680,0.03222108622238746
1780087695,0.03235181400102197
1780087710,0.03104693140794224
1780087725,0.030943396226415093
1780087740,0.03171937385132138
1780087755,0.03157126538900876
1780087770,0.031067899670635925
1780087785,0.03192307692307692
1780087800,0.031030998402816264
1780087815,0.03175732488196106
1780087830,0.031342801807617816
1780087845,0.031067263402045013
1780087860,0.030652956631742837
1780087875,0.030178861788617888
1780087890,0.030264577120741074
1780087905,0.030087809917355372
1780087920,0.030161510021404943
1780087935,0.03414477898782832
1780087950,0.03782412441105729
1780087965,0.03740349055991695
1780087980,0.03882195448460509
1780087995,0.03840482144002052
1780088010,0.03843700159489633
1780088025,0.03845530825801017
1780088040,0.037483774970715804
1780088055,0.03785339320726077
1780088070,0.03761152621457171
1780088085,0.0376378152325434
1780088100,0.0385902367326516
1780088115,0.038155852219807516
1780088130,0.038549736597458945
1780088145,0.03869775020367237
1780088160,0.03861099117991735
1780088175,0.039275966998149135
1780088190,0.03924277148149311
1780088205,0.03976379216277801
1780088220,0.03871425486627386
1780088235,0.03254409961324403
1780088250,0.031727523780300707
1780088265,0.030676902455370744
1780088280,0.031154644208470646
1780088295,0.030737075059937294
1780088310,0.0309904055421022
1780088325,0.03119260438349455
1780088340,0.0323076923076923
1780088355,0.03243609903493356
1780088370,0.032171746685941006
1780088385,0.03180999481026956
1780088400,0.031738557167074785
1780088415,0.031808745730931495
1780088430,0.03610634370648619
1780088445,0.03686786296900489
1780088460,0.036679348356257926
1780088475,0.03554563684585032
1780088490,0.03564401888772298
1780088505,0.035470800102907124
1780088520,0.035548936445753875
1780088535,0.03518946922550585
1780088550,0.035716645741095614
1780088565,0.036235497490110034
1780088580,0.035322495374041765
1780088595,0.03594381501358245
1780088610,0.03577638090143105
1780088625,0.0350715578220102
1780088640,0.033185038721370894
1780088655,0.03317504287033373
1780088670,0.03323143674193866
1780088685,0.03379322091636859
1780088700,0.02890566307730834
1780088715,0.02834728723053596
1780088730,0.026903225806451613
1780088745,0.026475978531221366
1780088760,0.02677288755387227
1780088775,0.027264674037862136
1780088790,0.027398605519002257
1780088805,0.027534049240440023
1780088820,0.028057943545657615
1780088835,0.029909099794741472
1780088850,0.02994543422523174
1780088865,0.030169169857007294
1780088880,0.030804913105971513
1780088895,0.03073951615543261
1780088910,0.030729917442012845
1780088925,0.03140985956795152
1780088940,0.03271642557013183
1780088955,0.03333227111946719
1780088970,0.035970997206440876
1780088985,0.037364615336871174
1780089000,0.04092930973791161
1780089015,0.04373196537351716
1780089030,0.04666833042176192
1780089045,0.0516887949793434
1780089060,0.05374274173188588
1780089075,0.058473986977685063
1780089090,0.0599758699517399
1780089105,0.06061662283342312
1780089120,0.06212795287925308
1780089135,0.06260123868508814
1780089150,0.06737944440960683
1780089165,0.06736901338001751
1780089180,0.0692913880254937
1780089195,0.0707700903249837
1780089210,0.07146368440457171
1780089225,0.07490531192287227
1780089240,0.07929683768032866
1780089255,0.08068090573309779
1780089270,0.07725813117985565
1780089285,0.07798239107298352
1780089300,0.0790906485815264
1780089315,0.08022552601738692
1780089330,0.07854502161789587
1780089345,0.07824942002633395
1780089360,0.07585715171430345
1780089375,0.07528215304477241
1780089390,0.07397293897462645
1780089405,0.08011613808946462
1780089420,0.08110415480933408
1780089435,0.07855098896261124
1780089450,0.07769802697222311
1780089465,0.0795172052858825
1780089480,0.08107068440455201
1780089495,0.0831207414344302
1780089510,0.08405648595856416
1780089525,0.08403444196135139
1780089540,0.08457904613990812
1780089555,0.08648153599581332
1780089570,0.08733424782807499
1780089585,0.08921494776143844
1780089600,0.08438431552396239
1780089615,0.08590652018461939
1780089630,0.08387619510614162
1780089645,0.08485106104698689
1780089660,0.08265184083783172
1780089675,0.08652948185360512
1780089690,0.0865444528252386
1780089705,0.08754388898177563
1780089720,0.0892742453436095
1780089735,0.09048296372922997
1780089750,0.08684101021094076
1780089765,0.08763432237369687
1780089780,0.08589847441609288
1780089795,0.08496506782793949
1780089810,0.08470939453307211
1780089825,0.081923280670593
1780089840,0.081759435582056
1780089855,0.08251883209861172
1780089870,0.07991072812374073
1780089885,0.07973554735547356
1780089900,0.08240444623839538
1780089915,0.08159115460379997
1780089930,0.08586129612677167
1780089945,0.09856803441854493
1780089960,0.09665216568942689
1780089975,0.09351481184947957
1780089990,0.08916259245330325
1780090005,0.08788093550673283
1780090020,0.08140918102790909
1780090035,0.08224079958046704
1780090050,0.08056500918591694
1780090065,0.0763758231420508
1780090080,0.07555608210170897
1780090095,0.07197025583522677
1780090110,0.07180415481424016
1780090125,0.07069330472351901
1780090140,0.06868604413865484
1780090155,0.06495417939461261
1780090170,0.0650061776929125
1780090185,0.0639434099424034
1780090200,0.0602119986886679
1780090215,0.0579177888408281
1780090230,0.043481866430782834
1780090245,0.04215158664934652
1780090260,0.04054089467753348
1780090275,0.03997178462261933
1780090290,0.04046819231576737
1780090305,0.03997693134453561
1780090320,0.04127216613485379
1780090335,0.040648274415189346
1780090350,0.04010709223581291
1780090365,0.040726931400411955
1780090380,0.04224137931034483
1780090395,0.04245083527172764
1780090410,0.04267986134998545
1780090425,0.04207222178259608
1780090440,0.0426636987571879
1780090455,0.04252342615811008
1780090470,0.04209504825849769
1780090485,0.0411541976759368
1780090500,0.0430970740466885
1780090515,0.04255486509871785
1780090530,0.042263157894736836
1780090545,0.04298407107980469
1780090560,0.043602843781255916
1780090575,0.044417410110840765
1780090590,0.04472938318261573
1780090605,0.043967697202055636
1780090620,0.04536754993665256
1780090635,0.045644856744109674
1780090650,0.04454605191107217
1780090665,0.04569704154766396
1780090680,0.046244952893674286
1780090695,0.04517937219730942
1780090710,0.045390523266629464
1780090725,0.04620148301056577
1780090740,0.044887710977821176
1780090755,0.044305679452869465
1780090770,0.04439665732095707
1780090785,0.045150086827090055
1780090800,0.04420144353394475
1780090815,0.04430986764584989
1780090830,0.04397287245679283
1780090845,0.04451816576595859
1780090860,0.04375838926174497
1780090875,0.04361496291518865
1780090890,0.04540954215835809
1780090905,0.04496957459000737
1780090920,0.04499251016477638
1780090935,0.044376052188552194
1780090950,0.04549982500067307
1780090965,0.04548199385155907
1780090980,0.04541685612646107
1780090995,0.04572971204188482
1780091010,0.04755070540767418
1780091025,0.05022428708747196
1780091040,0.050527169505271696
1780091055,0.051776894996779045
1780091070,0.052461344272641215
1780091085,0.05410591966736853
1780091100,0.054687086004981185
1780091115,0.05462207005530682
1780091130,0.054923724643228165
1780091145,0.05454254638515675
1780091160,0.05386299490912927
1780091175,0.052311532435805524
1780091190,0.05071853450544823
1780091205,0.049573753552053734
1780091220,0.04925125654178973
1780091235,0.04725625450427263
1780091250,0.04702514823144552
1780091265,0.04497434349532146
1780091280,0.043904919283081226
1780091295,0.04209151639961826
1780091310,0.03966618068473179
1780091325,0.03682726677742536
1780091340,0.036326765641038476
1780091355,0.03541298307653448
1780091370,0.03327544111354426
1780091385,0.03170116102978293
1780091400,0.030079155672823224
1780091415,0.029267800373416763
1780091430,0.02863533575852915
1780091445,0.028332617863185274
1780091460,0.0281729641527714
1780091475,0.028147922536104982
1780091490,0.026874475604485016
1780091505,0.027377074608344966
1780091520,0.027383158328186125
1780091535,0.026854518564645446
1780091550,0.02664589014413712
1780091565,0.026264767468913992
1780091580,0.025787816492752868
1780091595,0.02580831106220196
1780091610,0.025607958732498153
1780091625,0.025456292026897216
1780091640,0.02759757245997698
1780091655,0.027649525022554793
1780091670,0.02686199416160047
1780091685,0.026689107958643904
1780091700,0.0269081291158372
1780091715,0.026854777208846277
1780091730,0.026602608098833216
1780091745,0.026924039718521402
1780091760,0.026933856502242153
1780091775,0.026884629624355654
1780091790,0.02680213964282682
1780091805,0.02697543859649123
1780091820,0.027240673339399456
1780091835,0.027051450225914587
1780091850,0.02684899279517718
1780091865,0.027206429528203603
1780091880,0.027500746491489998
1780091895,0.027686063066064883
1780091910,0.02775982519311852
1780091925,0.0253540940627298
1780091940,0.02534365618581134
1780091955,0.02523455192494338
1780091970,0.025405671201442385
1780091985,0.025133564060347433
1780092000,0.02513110399782061
1780092015,0.02554353461684698
1780092030,0.025668110277807115
1780092045,0.024988577654377394
1780092060,0.024887122990789233
1780092075,0.02543216247097416
1780092090,0.025064560230897766
1780092105,0.0250154416306362
1780092120,0.025298554368321808
1780092135,0.02582789412565571
1780092150,0.0258638190750741
1780092165,0.02555739058629232
1780092180,0.025440806045340048
1780092195,0.025072935605259816
1780092210,0.02493252795270531
1780092225,0.025026068821689257
1780092240,0.024353854930010094
1780092255,0.02421602787456446
1780092270,0.024436504785849765
1780092285,0.02477954144620811
1780092300,0.024594946366859657
1780092315,0.023974620439610246
1780092330,0.02413327330031517
1780092345,0.02388786226168477
1780092360,0.0241873502418735
1780092375,0.024159424905591698
1780092390,0.024233589942149133
1780092405,0.023777767557374787
1780092420,0.023410909759911693
1780092435,0.023256876542081698
1780092450,0.023234372118753458
1780092465,0.022935147308912076
1780092480,0.023894862604540018
1780092495,0.024120097029612337
1780092510,0.0235197593326952
1780092525,0.024041970802919706
1780092540,0.02433708681438431
1780092555,0.024078935457590295
1780092570,0.02377944228860211
1780092585,0.02380404254339518
1780092600,0.02400218201654696
1780092615,0.02411634756995582
1780092630,0.024168768631047926
1780092645,0.024286045971674018
1780092660,0.02419058130978661
1780092675,0.024096940656100255
1780092690,0.023962622010454734
1780092705,0.02406810860561436
1780092720,0.024164429219516715
1780092735,0.023877522355915542
1780092750,0.02338121136057268
1780092765,0.02358490566037736
1780092780,0.023278781038374722
1780092795,0.023638232271325797
1780092810,0.02396841808440643
1780092825,0.02383195177091183
1780092840,0.024019814010000466
1780092855,0.02427913966375505
1780092870,0.024750629253286104
1780092885,0.024818001323626736
1780092900,0.024505363528009538
1780092915,0.023949819425964646
1780092930,0.02386804045751016
1780092945,0.023725128786804668
1780092960,0.02408446057406797
1780092975,0.02400338871370076
1780092990,0.0237412439471581
1780093005,0.02414892619337897
1780093020,0.024047441165483747
1780093035,0.024344743960451446
1780093050,0.024637543826400075
1780093065,0.024287671880168216
1780093080,0.024061913696060037
1780093095,0.02381064420497859
1780093110,0.024082837464274
1780093125,0.024176445638342994
1780093140,0.02483366132508668
1780093155,0.02446868008948546
1780093170,0.024550981575161272
1780093185,0.02435410686174646
1780093200,0.02489742633345766
1780093215,0.02506429740472293
1780093230,0.025264339852156825
1780093245,0.02478256803516319
1780093260,0.025136309028740412
1780093275,0.025298373346850374
1780093290,0.02467037258234943
1780093305,0.024413748795374238
1780093320,0.02508520790729379
1780093335,0.025073813309107424
1780093350,0.025407283722189627
1780093365,0.025605505407096257
1780093380,0.02544336511897335
1780093395,0.025557127697205518
1780093410,0.025348374253483744
1780093425,0.02499336459347076
1780093440,0.024579273693534104
1780093455,0.02459715427083801
1780093470,0.024010090544619125
1780093485,0.024412174616733357
1780093500,0.02448482662217613
1780093515,0.02464963273399126
1780093530,0.02465690759377859
1780093545,0.02503573239891189
1780093560,0.024655749906959436
1780093575,0.02502356267672008
1780093590,0.02537709894696898
1780093605,0.025547968100854784
1780093620,0.02559644547474162
1780093635,0.025413022351797866
1780093650,0.025394646533973917
1780093665,0.02527543745949449
1780093680,0.025020096463022504
1780093695,0.02519867216577809
1780093710,0.025937173296161697
1780093725,0.026164337186245588
1780093740,0.026000095588586725
1780093755,0.02605548854041013
1780093770,0.025695829771064882
1780093785,0.025545023696682462
1780093800,0.02553757060806
1780093815,0.025185465198695838
1780093830,0.02532942217255669
1780093845,0.025234687238590944
1780093860,0.024769237905283178
1780093875,0.02522506054928483
1780093890,0.025480900720211502
1780093905,0.025126320624712904
1780093920,0.02505124117513095
1780093935,0.025622616109490688
1780093950,0.02549638989169675
1780093965,0.025505873944700046
1780093980,0.025827098170017125
1780093995,0.025781285028919874
1780094010,0.026166200487232696
1780094025,0.025997414111562613
1780094040,0.025605018021813412
1780094055,0.026403712296983756
1780094070,0.026376357945129807
1780094085,0.026166674344681437
1780094100,0.025994233673516085
1780094115,0.026203837798696596
1780094130,0.025584133309183115
1780094145,0.025942219601795997
1780094160,0.026527113597401425
1780094175,0.026286915973301638
1780094190,0.026050648997004627
1780094205,0.026056024899955538
1780094220,0.026080444072426098
1780094235,0.025397389219429887
1780094250,0.025712763122835065
1780094265,0.025637625425451973
1780094280,0.02540578687367678
1780094295,0.024965325936199722
1780094310,0.024777183600713015
1780094325,0.024676429755027096
1780094340,0.02485991283465267
1780094355,0.024198617221873032
1780094370,0.02440416099723478
1780094385,0.024984412576823725
1780094400,0.02569937090081649
1780094415,0.02563987828888491
1780094430,0.02570842986989841
1780094445,0.025845550554788113
1780094460,0.02547174019717179
1780094475,0.025514909314478945
1780094490,0.025860130425005623
1780094505,0.025690372823703175
1780094520,0.02521269053527118
1780094535,0.025486338797814208
1780094550,0.02567710165318326
1780094565,0.02487146811969943
1780094580,0.025026671408250354
1780094595,0.02493013352260125
1780094610,0.024794128177586826
1780094625,0.02467982924226254
1780094640,0.024792655342174123
1780094655,0.02517469987457445
1780094670,0.025445406812368173
1780094685,0.024994370637243864
1780094700,0.02523090786213111
1780094715,0.025452565673063837
1780094730,0.02527306795850281
1780094745,0.025050935358399706
1780094760,0.02505171225005746
1780094775,0.024926551597502754
1780094790,0.024800586779132668
1780094805,0.024895130403064018
1780094820,0.025052484254723582
1780094835,0.02464706704561338
1780094850,0.024682158990359984
1780094865,0.024813780260707637
1780094880,0.02499185554055941
1780094895,0.025156935856893377
1780094910,0.025087924970691674
1780094925,0.024678061343947556
1780094940,0.024495677233429394
1780094955,0.024381233838197267
1780094970,0.02424494319756165
1780094985,0.024373545118444473
1780095000,0.02403149891383056
1780095015,0.02395908111988514
1780095030,0.024424379232505643
1780095045,0.024983270131608303
1780095060,0.024628789899528762
1780095075,0.024563124108416552
1780095090,0.024515495221934448
1780095105,0.024680851063829792
1780095120,0.025201837726928054
1780095135,0.02517953321364452
1780095150,0.025547445255474453
1780095165,0.02544040060806581
1780095180,0.025705913692061797
1780095195,0.026005563159521388
1780095210,0.026579958100558656
1780095225,0.026952041220768923
1780095240,0.026996080503809396
1780095255,0.027165214298417215
1780095270,0.02670161720277234
1780095285,0.026780088216761186
1780095300,0.026813028612560737
1780095315,0.026590950063097172
1780095330,0.025474819817777977
1780095345,0.025426486310602892
1780095360,0.025322304884247495
1780095375,0.025372996868668264
1780095390,0.025238336480449496
1780095405,0.025075639497570367
1780095420,0.02485508926501275
1780095435,0.025074764205198986
1780095450,0.023878939330834376
1780095465,0.02421307506053269
1780095480,0.0233642702128642
1780095495,0.023042113040265978
1780095510,0.023020723245876028
1780095525,0.02379086172714279
1780095540,0.02352670349907919
1780095555,0.02346570397111913
1780095570,0.023086551388438178
1780095585,0.023552912756666357
1780095600,0.023031203566121844
1780095615,0.02363430512312482
1780095630,0.02377714205318201
1780095645,0.023796296296296298
1780095660,0.024613833249301
1780095675,0.02442199775533109
1780095690,0.02481010382489101
1780095705,0.02497202953680913
1780095720,0.024643906850553923
1780095735,0.024607687059358653
1780095750,0.025047280778633704
1780095765,0.024844438388517964
1780095780,0.02566427858891811
1780095795,0.025240873931333965
1780095810,0.024687457688315206
1780095825,0.023898865362279996
1780095840,0.024209728476525926
1780095855,0.02393003019001954
1780095870,0.024388076940162588
1780095885,0.024524502125755205
1780095900,0.024707354123849525
1780095915,0.024341214001660623
1780095930,0.024193196209441457
1780095945,0.024260770378169694
1780095960,0.02366008940262789
1780095975,0.023244062657908033
1780095990,0.023386214442013126
1780096005,0.023509122265589544
1780096020,0.023483894187511248
1780096035,0.02378158844765343
1780096050,0.023475021320526056
1780096065,0.02373567093728928
1780096080,0.02392518273028556
1780096095,0.024404707599671564
1780096110,0.024525426077317447
1780096125,0.024858705141754353
1780096140,0.02457545216070689
1780096155,0.024786086309523808
1780096170,0.024096385542168672
1780096185,0.023893348354691826
1780096200,0.024319984888553078
1780096215,0.024363756551300818
1780096230,0.024794566095093333
1780096245,0.02464307590821279
1780096260,0.024997646172676774
1780096275,0.02499060503570086
1780096290,0.024943417578272353
1780096305,0.024679170779861797
1780096320,0.02459208004114264
1780096335,0.024798046214540674
1780096350,0.025367904695164676
1780096365,0.024985989164954227
1780096380,0.024529271597439613
1780096395,0.024544771916651022
1780096410,0.024559281827061727
1780096425,0.02461181923522595
1780096440,0.024767801857585137
1780096455,0.024847307051637978
1780096470,0.024523907384573232
1780096485,0.024405820902331097
1780096500,0.023740089310124855
1780096515,0.024440743574740062
1780096530,0.024285714285714285
1780096545,0.024863098392510156
1780096560,0.02412986898407517
1780096575,0.024269937579117377
1780096590,0.024565713283032115
1780096605,0.024997814876322
1780096620,0.024834290764471943
1780096635,0.02398092125601731
1780096650,0.022943456050731018
1780096665,0.02320777108698519
1780096680,0.023203493757995502
1780096695,0.022699115044247785
1780096710,0.02282555392091302
1780096725,0.022692480864475464
1780096740,0.022759024741989275
1780096755,0.022880462194506852
1780096770,0.022799066062354073
1780096785,0.022488411583826702
1780096800,0.023504077705488867
1780096815,0.02280979424634578
1780096830,0.022476655248463234
1780096845,0.022436954984680648
1780096860,0.022386643900588123
1780096875,0.022260602571483403
1780096890,0.02241635866173859
1780096905,0.02249310695109563
1780096920,0.022980833412796796
1780096935,0.02367205542725173
1780096950,0.024249198172805908
1780096965,0.023909918543363683
1780096980,0.024331013870078924
1780096995,0.02502582402103484
1780097010,0.025137324271483102
1780097025,0.02556057949617053
1780097040,0.025578281545777737
1780097055,0.02562218752869869
1780097070,0.025513722245207558
1780097085,0.025230938921825454
1780097100,0.024625806746921775
1780097115,0.024696430201771206
1780097130,0.024587172703220507
1780097145,0.02441012635297314
1780097160,0.024612498324920712
1780097175,0.02474345875349829
1780097190,0.024844720496894408
1780097205,0.02421497321545229
1780097220,0.024103724329968674
1780097235,0.024628192342713434
1780097250,0.024437885233093152
1780097265,0.024552319309600865
1780097280,0.02390057361376673
1780097295,0.023804361965052246
1780097310,0.023834107726725177
1780097325,0.023404439070731496
1780097340,0.023915271609156134
1780097355,0.024002400240024
1780097370,0.024485510289794205
1780097385,0.024479495268138803
1780097400,0.025447968368806258
1780097415,0.02570585756426465
1780097430,0.025839465448701686
1780097445,0.02586907256167957
1780097460,0.026144937708369894
1780097475,0.026292766035824467
1780097490,0.026314499926495812
1780097505,0.026733627555420282
1780097520,0.026648648648648646
1780097535,0.026138133979574173
1780097550,0.026473153108259623
1780097565,0.02671961233005788
1780097580,0.02749928387281581
1780097595,0.02758674585808065
1780097610,0.027414809121188828
1780097625,0.02819853291416595
1780097640,0.028602266594711278
1780097655,0.028476111044918383
1780097670,0.028785811732605728
1780097685,0.028773509082141133
1780097700,0.027899032074397416
1780097715,0.029037676985841133
1780097730,0.031338138514572234
1780097745,0.03459915611814346
1780097760,0.035583464154892726
1780097775,0.03495357728017477
1780097790,0.0356946732564525
1780097805,0.03653217011995638
1780097820,0.036736898973527825
1780097835,0.03519220357336221
1780097850,0.035827186512118026
1780097865,0.034518828451882845
1780097880,0.03156233561283535
1780097895,0.03380876914949815
1780097910,0.03516249334043686
1780097925,0.03379828326180257
1780097940,0.031198686371100168
1780097955,0.032061912658927584
1780097970,0.03238199780461032
1780097985,0.03015075376884422
1780098000,0.029411764705882353
1780098015,0.028904947192884937
1780098030,0.02771618625277162
1780098045,0.02751263335204941
1780098060,0.02763957987838585
1780098075,0.027600849256900213
1780098090,0.02736842105263158
1780098105,0.028051948051948054
1780098120,0.028406102051551814
1780098135,0.027733333333333332
1780098150,0.027041644131963225
1780098165,0.027747551686615888
1780098180,0.027838427947598252
1780098195,0.02717391304347826
1780098210,0.027337342810278838
1780098225,0.028230184581976115
1780098240,0.026881720430107524
1780098255,0.026400862068965514
1780098270,0.02562733582487987
1780098285,0.030655391120507396
1780098300,0.03160149973219068
1780098315,0.03153393907001604
1780098330,0.031891891891891885
1780098345,0.03148345784418356
1780098360,0.02984264785675529
1780098375,0.028716216216216218
1780098390,0.02900232018561485
1780098405,0.02541371158392435
1780098420,0.025087514585764296
1780098435,0.026439482961222092
1780098450,0.025730994152046785
1780098465,0.02374059061957151
1780098480,0.023094688221709007
1780098495,0.02199074074074074
1780098510,0.021301093839953943
1780098525,0.020821283979178713
1780098540,0.021191294387170677
1780098555,0.02065404475043029
1780098570,0.020642201834862383
1780098585,0.01656196459166191
1780098600,0.01653363740022805
1780098615,0.01712707182320442
1780098630,0.017689331122166946
1780098645,0.018528610354223433
1780098660,0.01822079314040729
1780098675,0.019754404698344902
1780098690,0.01898047722342733
1780098705,0.01939655172413793
1780098720,0.019754404698344902
1780098735,0.0192102454642476
1780098750,0.0202883075280299
1780098765,0.021356113187399894
1780098780,0.021424745581146227
1780098795,0.02084446819882416
1780098810,0.019504480759093307
1780098825,0.021331945889698233
1780098840,0.020408163265306124
1780098855,0.020376175548589344
1780098870,0.02177376526818906
1780098885,0.01981788966256026
1780098900,0.01893939393939394
1780098915,0.01698630136986301
1780098930,0.01644736842105263
1780098945,0.01642129105322763
1780098960,0.017857142857142856
1780098975,0.018623024830699775
1780098990,0.017957351290684626
1780099005,0.017683970336565887
1780099020,0.016082711085583
1780099035,0.017241379310344827
1780099050,0.017754868270332187
1780099065,0.017919075144508672
1780099080,0.018139262726740782
1780099095,0.021114369501466276
1780099110,0.02082093991671624
1780099125,0.02156980227681246
1780099140,0.022809123649459785
1780099155,0.022195560887822437
1780099170,0.020710059171597635
1780099185,0.02128917800118273
1780099200,0.023767082590612006
1780099215,0.024303497332542976
1780099230,0.023920653442240373
1780099245,0.023054755043227664
1780099260,0.02190201729106628
1780099275,0.02068965517241379
1780099290,0.02104664391353811
1780099305,0.022133938706015894
1780099320,0.0221969265793967
1780099335,0.02271436683702442
1780099350,0.02142051860202931
1780099365,0.02300109529025192
1780099380,0.0211864406779661
1780099395,0.0212987012987013
1780099410,0.02120141342756184
1780099425,0.02143569292123629
1780099440,0.021865889212827987
1780099455,0.023355576739752144
1780099470,0.02448210922787194
1780099485,0.02727693018955155
1780099500,0.026423690205011393
1780099515,0.029056772463120252
1780099530,0.030932390631904554
1780099545,0.03261348611723226
1780099560,0.03290917068889864
1780099575,0.03391304347826087
1780099590,0.034898750538560966
1780099605,0.03515459551037696
1780099620,0.0348982135438305
1780099635,0.036069651741293535
1780099650,0.036824877250409165
1780099665,0.03692946058091287
1780099680,0.03785357737104825
1780099695,0.03925707049387927
1780099710,0.04013519222644698
1780099725,0.03859202714164546
1780099740,0.03784693019343986
1780099755,0.038643194504079
1780099770,0.038723404255319144
1780099785,0.03757472245943638
1780099800,0.03969270166453265
1780099815,0.0373550880206097
1780099830,0.03892215568862275
1780099845,0.03767993226079594
1780099860,0.0385103681760474
1780099875,0.038213825676255905
1780099890,0.03705318221447254
1780099905,0.03538257408226449
1780099920,0.03634751773049646
1780099935,0.0351035103510351
1780099950,0.03310344827586207
1780099965,0.03098982423681776
1780099980,0.030131826741996236
1780099995,0.030374940673943994
1780100010,0.02966507177033493
1780100025,0.029140359397765905
1780100040,0.02755511022044088
1780100055,0.026539809714571858
1780100070,0.02748091603053435
1780100085,0.024214322514167955
1780100100,0.021299254526091587
1780100115,0.019354838709677417
1780100130,0.018498367791077257
1780100145,0.01582815149802148
1780100160,0.016958733747880157
1780100175,0.016901408450704224
1780100190,0.01804850535815003
1780100205,0.018140589569160998
1780100220,0.018171493469619535
1780100235,0.020833333333333332
1780100250,0.020350480497456188
1780100265,0.020658849804578445
1780100280,0.020089285714285712
1780100295,0.01978021978021978
1780100310,0.019079685746352413
1780100325,0.01978518937252685
1780100340,0.019079685746352413
1780100355,0.019920318725099605
1780100370,0.019275700934579438
1780100385,0.020384391380314504
1780100400,0.020600353148911125
1780100415,0.020408163265306124
1780100430,0.020278099652375436
1780100445,0.02149912841371296
1780100460,0.02063037249283668
1780100475,0.020091848450057407
1780100490,0.020011117287381877
1780100505,0.018794914317302378
1780100520,0.01729910714285714
1780100535,0.017543859649122806
1780100550,0.01875
1780100565,0.02030456852791878
1780100580,0.02001143510577473
1780100595,0.019042123485285632
1780100610,0.021179164281625643
1780100625,0.021947101857062466
1780100640,0.022637238256932656
1780100655,0.021824286513710132
1780100670,0.02040816326530612
1780100685,0.02263942573163998
1780100700,0.022259321090706732
1780100715,0.021787709497206705
1780100730,0.021897810218978103
1780100745,0.020786516853932582
1780100760,0.021566401816118047
1780100775,0.02177650429799427
1780100790,0.02162478082992402
1780100805,0.023682652457075192
1780100820,0.02373887240356083
1780100835,0.021971496437054632
1780100850,0.02314540059347181
1780100865,0.022485207100591716
1780100880,0.021971496437054632
1780100895,0.022632519356759976
1780100910,0.021314387211367674
1780100925,0.020118343195266272
1780100940,0.02236238532110092
1780100955,0.024319629415170817
1780100970,0.02382335851249274
1780100985,0.0215492137449039
1780101000,0.022504327755337568
1780101015,0.023603914795624643
1780101030,0.02277904328018223
1780101045,0.023375142531356898
1780101060,0.02518603319977104
1780101075,0.026512968299711816
1780101090,0.02762119503945885
1780101105,0.026419336706014613
1780101120,0.026628895184135973
1780101135,0.02885682574916759
1780101150,0.028042624789680316
1780101165,0.027574563871693866
1780101180,0.027149321266968326
1780101195,0.026689381033503688
1780101210,0.02710333145115754
1780101225,0.027373325567850902
1780101240,0.02764705882352941
1780101255,0.02715466351829988
1780101270,0.026564344746162927
1780101285,0.026066350710900472
1780101300,0.027611044417767107
1780101315,0.025888019265502712
1780101330,0.026586102719033233
1780101345,0.024301336573511544
1780101360,0.02408187838651415
1780101375,0.022142429682824653
1780101390,0.022465088038858532
1780101405,0.02156980227681246
1780101420,0.02215568862275449
1780101435,0.020274299344066788
1780101450,0.020858164481525627
1780101465,0.02205005959475566
1780101480,0.02261904761904762
1780101495,0.022023809523809522
1780101510,0.02061248527679623
1780101525,0.01982507288629738
1780101540,0.018648018648018648
1780101555,0.019230769230769232
1780101570,0.019664545980335454
1780101585,0.018954623779437105
1780101600,0.019384264538198404
1780101615,0.019165727170236752
1780101630,0.01939532230462065
1780101645,0.021860986547085202
1780101660,0.021775544388609715
1780101675,0.020774845592363842
1780101690,0.02068194522079374
1780101705,0.02045328911000553
1780101720,0.019230769230769232
1780101720,0.019230769230769232
1780101735,0.017714285714285714
1780101750,0.018922018348623854
1780101765,0.017805858701895463
1780101780,0.018824871648602397
1780101795,0.019362186788154895
1780101810,0.01876065946560546
1780101825,0.017967434025828184
1780101840,0.017289459007250416
1780101855,0.017089305402425578
1780101870,0.01715550636413946
1780101885,0.01728945900725042
1780101900,0.016713091922005572
1780101915,0.016863406408094434
1780101930,0.015918135304150087
1780101945,0.013364323067983729
1780101960,0.012753623188405798
1780101975,0.012658227848101267
1780101990,0.014848657909765849
1780102005,0.015774647887323943
1780102020,0.016004415011037526
1780102035,0.0180327868852459
1780102050,0.01776103336921421
1780102065,0.01884760366182014
1780102080,0.018867924528301886
1780102095,0.019169329073482427
1780102110,0.021253405994550407
1780102125,0.02300109529025192
1780102140,0.022577092511013218
1780102155,0.022676991150442482
1780102170,0.02338530066815145
1780102185,0.022739877981142544
1780102200,0.022790439132851587
1780102215,0.022727272727272728
1780102230,0.025377969762419003
1780102245,0.026143790849673203
1780102260,0.026805251641137853
1780102275,0.027412280701754388
1780102290,0.02564102564102564
1780102305,0.0276056338028169
1780102320,0.02707275803722504
1780102335,0.02818489289740699
1780102350,0.02824858757062147
1780102365,0.02727272727272727
1780102380,0.02598870056497175
1780102395,0.02727272727272727
1780102410,0.02551020408163265
1780102425,0.024705221785513758
1780102440,0.026830631637786474
1780102455,0.026003391746749573
1780102470,0.02717692734331669
1780102485,0.027382256297918947
1780102500,0.028072033898305086
1780102515,0.02863092139510672
1780102530,0.02793585100879462
1780102545,0.028904665314401622
1780102560,0.027961362480935434
1780102575,0.02693089430894309
1780102590,0.02803261977573904
1780102605,0.02655771195097038
1780102620,0.025454545454545452
1780102635,0.025375453133091662
1780102650,0.024857586742620404
1780102665,0.02704108164326573
1780102680,0.027906976744186046
1780102695,0.028394424367578733
1780102710,0.028616024973985434
1780102725,0.029090909090909094
1780102740,0.029896907216494847
1780102755,0.030145530145530147
1780102770,0.028465998945703744
1780102785,0.02854122621564482
1780102800,0.029670329670329672
1780102815,0.02860347728547392
1780102830,0.027999999999999997
1780102845,0.027826086956521737
1780102860,0.02895193977996526
1780102875,0.029019152640742892
1780102890,0.029850746268656716
1780102905,0.028901734104046246
1780102920,0.02865329512893983
1780102935,0.029528676888131745
1780102950,0.02931034482758621
1780102965,0.027167630057803465
1780102980,0.026635784597568036
1780102995,0.025551684088269456
1780103010,0.02431791221826809
1780103025,0.02210274790919952
1780103040,0.021213906894519737
1780103055,0.022261277094317515
1780103070,0.022144522144522144
1780103085,0.0220162224797219
1780103100,0.02190201729106628
1780103115,0.02028985507246377
1780103130,0.02067777139574957
1780103145,0.019176536943034405
1780103160,0.02054794520547945
1780103175,0.01943967981703831
1780103190,0.0195852534562212
1780103205,0.018900343642611686
1780103220,0.017765042979942695
1780103235,0.016958733747880157
1780103250,0.014867841409691631
1780103265,0.014697876973326076
1780103280,0.015616585891222402
1780103295,0.017094017094017096
1780103310,0.017979904812268643
1780103325,0.018286311389759665
1780103340,0.017675415104445636
1780103355,0.018056293149229952
1780103370,0.021085925144965736
1780103385,0.02053712480252765
1780103400,0.020397489539748955
1780103415,0.01970954356846473
1780103430,0.02245430809399478
1780103445,0.023772609819121448
1780103460,0.02259887005649718
1780103475,0.021852237252861603
1780103490,0.022312373225152133
1780103505,0.022437531871494137
1780103520,0.023601847101077475
1780103535,0.02389610389610389
1780103550,0.026063829787234042
1780103565,0.0263724434876211
1780103580,0.02399127589967285
1780103595,0.023717595146166576
1780103610,0.023026315789473686
1780103625,0.02516411378555799
1780103640,0.025683060109289616
1780103655,0.024539877300613498
1780103670,0.02069351230425056
1780103685,0.022828507795100223
1780103700,0.023424428332403796
1780103715,0.025013896609227346
1780103730,0.020247469066366704
1780103745,0.01986379114642452
1780103760,0.019090398652442452
1780103775,0.01919819311123659
1780103790,0.019675925925925927
1780103805,0.020918070889018012
1780103820,0.020242914979757085
1780103835,0.02037252619324796
1780103850,0.018465089440276975
1780103865,0.01853997682502897
1780103880,0.01897642323174238
1780103895,0.021449275362318842
1780103910,0.021701884637350087
1780103925,0.022564667033571822
1780103940,0.02347161572052402
1780103955,0.02488938053097345
1780103970,0.02452619843924192
1780103985,0.02299495232753786
1780104000,0.022905027932960894
1780104015,0.021727019498607242
1780104030,0.021751254880089235
1780104045,0.022058823529411766
1780104060,0.021566401816118047
1780104075,0.020892151326933932
1780104090,0.022714681440443214
1780104105,0.02182428651371013
1780104120,0.022234574763757644
1780104135,0.02267699115044248
1780104150,0.023098591549295774
1780104165,0.023401826484018267
1780104180,0.02231121281464531
1780104195,0.020161290322580648
1780104210,0.018604651162790697
1780104225,0.018923713778829093
1780104240,0.017964071856287425
1780104255,0.017406962785114045
1780104270,0.016577856719952638
1780104285,0.01927710843373494
1780104300,0.01911220715166461
1780104315,0.02262996941896024
1780104330,0.02310030395136778
1780104345,0.02389705882352941
1780104360,0.023227383863080684
1780104375,0.026796589524969553
1780104390,0.02345679012345679
1780104405,0.023794996949359364
1780104420,0.023128423615337797
1780104435,0.024833434282253184
1780104450,0.025856885147324114
1780104465,0.02447761194029851
1780104480,0.027909738717339667
1780104495,0.026642984014209593
1780104510,0.025641025641025644
1780104525,0.025950512975256492
1780104540,0.025810324129651865
1780104555,0.027446300715990454
1780104570,0.027380952380952377
1780104585,0.02653301886792453
1780104600,0.028135990621336458
1780104615,0.025519287833827894
1780104630,0.02524955960070464
1780104645,0.026666666666666665
1780104660,0.026391279403327594
1780104675,0.025171624713958812
1780104690,0.025524673851389675
1780104705,0.026180990324416613
1780104720,0.025366403607666288
1780104735,0.023783185840707967
1780104750,0.02735229759299781
1780104765,0.026044492674986434
1780104780,0.026058631921824102
1780104795,0.028938906752411574
1780104810,0.028465998945703744
1780104825,0.028481012658227847
1780104840,0.02867764206054169
1780104855,0.029100529100529102
1780104870,0.030478192327903306
1780104885,0.03023872679045093
1780104900,0.02823654768247203
1780104915,0.028954423592493297
1780104930,0.030385241454150842
1780104945,0.030467899891186073
1780104960,0.030844155844155847
1780104975,0.03162486368593238
1780104990,0.030820033021463952
1780105005,0.03166666666666667
1780105020,0.032276330690826735
1780105035,0.03165630299604296
1780105050,0.03233125354509359
1780105065,0.0322215941209723
1780105080,0.030456852791878174
1780105095,0.027428571428571427
1780105110,0.02761795166858458
1780105125,0.026734926052332193
1780105140,0.022818026240730177
1780105155,0.023321956769055747
1780105170,0.022831050228310504
1780105185,0.02288329519450801
1780105200,0.02295632698768197
1780105215,0.022321428571428572
1780105230,0.019933554817275746
1780105245,0.020555555555555556
1780105260,0.019262520638414972
1780105275,0.021346469622331693
1780105290,0.021184139054861488
1780105305,0.02074235807860262
1780105320,0.020670391061452513
1780105335,0.01878453038674033
1780105350,0.017887087758524316
1780105365,0.017435320584926885
1780105380,0.01689189189189189
1780105395,0.018404907975460124
1780105410,0.019422863485016647
1780105425,0.019988895058300944
1780105440,0.018899388549194
1780105455,0.01853932584269663
1780105470,0.01692047377326565
1780105485,0.017927170868347338
1780105500,0.016977928692699488
1780105515,0.016968325791855202
1780105530,0.016580903373356205
1780105545,0.017683970336565887
1780105560,0.01522248243559719
1780105575,0.014518002322880372
1780105590,0.017593643586833144
1780105605,0.018508132361189006
1780105620,0.01838440111420613
1780105635,0.01905829596412556
1780105650,0.0192090395480226
1780105665,0.02133632790567097
1780105680,0.021910112359550562
1780105695,0.02060133630289532
1780105710,0.021934758155230598
1780105725,0.021288515406162466
1780105740,0.021240916713247626
1780105755,0.02072829131652661
1780105770,0.021836506159014557
1780105785,0.022222222222222223
1780105800,0.022234574763757644
1780105815,0.022358859698155396
1780105830,0.021678710394663705
1780105845,0.021205357142857144
1780105860,0.02322946175637394
1780105875,0.022121384004537722
1780105890,0.02218430034129693
1780105905,0.02167712492869367
1780105920,0.02334851936218679
1780105935,0.024348810872027185
1780105950,0.022818026240730177
1780105965,0.022096317280453262
1780105980,0.02167712492869367
1780105995,0.022504327755337564
1780106010,0.0225825130283729
1780106025,0.023864959254947617
1780106040,0.02492753623188406
1780106055,0.026041666666666664
1780106070,0.025448235974551765
1780106085,0.02561117578579744
1780106100,0.02657423454650491
1780106115,0.027027027027027025
1780106130,0.02682648401826484
1780106145,0.02665910380034033
1780106160,0.02378255945639864
1780106175,0.025238362310712283
1780106190,0.023321956769055747
1780106205,0.023321956769055747
1780106220,0.02333523050654525
1780106235,0.021642619311875694
1780106250,0.02303894679100384
1780106265,0.022259321090706732
1780106280,0.022404371584699455
1780106295,0.02188183807439825
1780106310,0.0215633423180593
1780106325,0.02162162162162162
1780106340,0.021310602024507193
1780106355,0.0196078431372549
1780106370,0.020613107822410145
1780106385,0.019047619047619046
1780106400,0.018343815513626835
1780106415,0.01934134866701516
1780106430,0.0194634402945818
1780106445,0.019978969505783387
1780106460,0.020042194092827002
1780106475,0.020418848167539267
1780106490,0.02073365231259968
1780106505,0.021544929059379925
1780106520,0.022198731501057084
1780106535,0.02242391884676989
1780106550,0.021808510638297873
1780106565,0.02204301075268817
1780106580,0.021528525296017224
1780106595,0.021869874248223075
1780106610,0.021857923497267763
1780106625,0.022123893805309734
1780106640,0.022465753424657536
1780106655,0.021702838063439065
1780106670,0.020982882385422418
1780106685,0.021006080707573246
1780106700,0.02075154234436343
1780106715,0.019740552735476594
1780106730,0.019036954087346025
1780106745,0.02027027027027027
1780106760,0.020293122886133032
1780106775,0.01835915088927137
1780106790,0.01726121979286536
1780106805,0.016647531572904706
1780106820,0.01735106998264893
1780106835,0.018224573780129334
1780106850,0.019871420222092345
1780106865,0.02127659574468085
1780106880,0.020942408376963352
1780106895,0.02079722703639515
1780106910,0.022595596755504058
1780106925,0.023296447291788
1780106940,0.023864959254947613
1780106955,0.026004728132387706
1780106970,0.02573309395571514
1780106985,0.02628434886499403
1780107000,0.027611044417767107
1780107015,0.028622540250447224
1780107030,0.029080118694362018
1780107045,0.02915451895043732
1780107060,0.028372900984365953
1780107075,0.027920227920227917
1780107090,0.026361031518624643
1780107105,0.0254957507082153
1780107120,0.024280067758328628
1780107135,0.02247191011235955
1780107150,0.023635340461451885
1780107165,0.023516237402015677
1780107180,0.023569023569023573
1780107195,0.022535211267605635
1780107210,0.020134228187919462
1780107225,0.01901565995525727
1780107240,0.016997167138810197
1780107255,0.01569506726457399
1780107270,0.0165929203539823
1780107285,0.017070484581497798
1780107300,0.01719356627842485
1780107315,0.017270194986072424
1780107330,0.017454954954954957
1780107345,0.017084282460136675
1780107360,0.017805858701895463
1780107375,0.020761245674740483
1780107390,0.022569444444444444
1780107405,0.02380952380952381
1780107420,0.023515579071134628
1780107435,0.025029103608847497
1780107450,0.02363112391930836
1780107465,0.02284408909194746
1780107480,0.02209631728045326
1780107495,0.022009029345372463
1780107510,0.021775544388609715
1780107525,0.022766078542970976
1780107540,0.024225352112676058
1780107555,0.026800670016750416
1780107570,0.025498891352549888
1780107585,0.025136612021857924
1780107600,0.024429967426710095
1780107615,0.025557368134855898
1780107630,0.02573932092004381
1780107645,0.02684931506849315
1780107660,0.024838012958963283
1780107675,0.024030584380120155
1780107690,0.0238870792616721
1780107705,0.02276422764227642
1780107720,0.0221483942414175
1780107735,0.19340054995417047
1780107750,0.196105702364395
1780107765,0.1974050046339203
1780107780,0.1965105601469238
1780107795,0.19999999999999998
1780107810,0.19934944237918217
1780107825,0.1989843028624192
1780107840,0.20037192003719198
1780107855,0.19916044776119404
1780107870,0.2019961977186312
1780107885,0.20257387988560535
1780107900,0.2038647342995169
1780107915,0.2023010546500479
1780107930,0.19961795606494745
1780107945,0.19838249286393908
1780107960,0.19980879541108984
1780107975,0.20134874759152213
1780107990,0.2020250723240116
1780108005,0.2026112185686654
1780108020,0.07262569832402234
1780108035,0.020796197266785506
1780108050,0.019070321811680575
1780108065,0.017921146953405017
1780108080,0.017251635930993454
1780108095,0.01768867924528302
1780108110,0.01605231866825208
1780108125,0.015513126491646777
1780108140,0.014226437462951984
1780108155,0.013505578391074574
1780108170,0.015240328253223915
1780108185,0.016014234875444844
1780108200,0.016726403823178016
1780108215,0.016519174041297935
1780108230,0.019377568995889605
1780108245,0.018213866039952998
1780108260,0.019119351100811127
1780108275,0.020138089758342925
1780108290,0.018443804034582133
1780108305,0.018857142857142857
1780108320,0.02006688963210702
1780108335,0.021087680355160933
1780108350,0.0236784140969163
1780108365,0.025895316804407712
1780108380,0.026981450252951095
1780108395,0.02885682574916759
1780108410,0.028477546549835708
1780108425,0.030221262817053427
1780108440,0.03051771117166213
1780108455,0.030860855441256094
1780108470,0.028930131004366814
1780108485,0.030368763557483733
1780108500,0.03054662379421222
1780108515,0.031805929919137464
1780108530,0.032117583015786606
1780108545,0.032467532467532464
1780108560,0.03342318059299191
1780108575,0.03286637931034483
1780108590,0.0341833966359197
1780108605,0.034445051940951335
1780108620,0.03202650469353948
1780108635,0.0321701199563795
1780108650,0.03023758099352052
1780108665,0.028092922744462456
1780108680,0.027156549520766776
1780108695,0.026189203634420094
1780108710,0.026344086021505373
1780108725,0.02520107238605898
1780108740,0.02546419098143236
1780108755,0.025210084033613446
1780108770,0.02620545073375262
1780108785,0.02472382956338769
1780108800,0.023121387283236993
1780108815,0.022691292875989446
1780108830,0.022524882137244632
1780108845,0.023523261892315732
1780108860,0.02348643006263048
1780108875,0.022437531871494137
1780108890,0.022819472616632856
1780108905,0.022807906741003546
1780108920,0.02425467407781708
1780108935,0.026033690658499233
1780108950,0.026329375322663915
1780108965,0.026831785345717233
1780108980,0.028169014084507043
1780108995,0.02985856469355684
1780109010,0.030671602326811213
1780109025,0.03169572107765452
1780109040,0.03241232731137088
1780109055,0.030999465526456445
1780109070,0.030042918454935622
1780109085,0.031082529474812434
1780109100,0.029850746268656716
1780109115,0.03076923076923077
1780109130,0.030464991982896848
1780109145,0.02964531498147168
1780109160,0.030170049369171694
1780109175,0.029681597409606044
1780109190,0.030752916224814422
1780109205,0.030522503879979304
1780109220,0.03027193432529502
1780109235,0.027763755678950026
1780109250,0.028741328047571853
1780109265,0.027491408934707907
1780109280,0.027549540840985987
1780109295,0.02577565632458234
1780109310,0.025139664804469275
1780109325,0.026107226107226107
1780109340,0.027841168416248285
1780109355,0.027935399388913137
1780109370,0.02971576227390181
1780109385,0.03067746058798466
1780109400,0.031037414965986394
1780109415,0.030971574034789985
1780109430,0.030685161832702815
1780109445,0.03259506895110739
1780109460,0.03233935321293574
1780109475,0.031355932203389836
1780109490,0.03146551724137931
1780109505,0.0313179643323184
1780109520,0.03142983621071271
1780109535,0.03033046627433228
1780109550,0.03031694993109784
1780109565,0.03074056823474616
1780109580,0.030245746691871456
1780109595,0.029482841952634124
1780109610,0.0304642166344294
1780109625,0.028907398334149927
1780109640,0.02942643391521197
1780109655,0.02809573361082206
1780109670,0.029866666666666666
1780109685,0.029063509149623253
1780109700,0.02922077922077922
1780109715,0.02903225806451613
1780109730,0.02773155851358846
1780109745,0.02631578947368421
1780109760,0.027450980392156862
1780109775,0.02607709750566893
1780109790,0.026361031518624643
1780109805,0.02553916004540295
1780109820,0.027195467422096314
1780109835,0.02665910380034033
1780109850,0.02799552071668533
1780109865,0.029001673173452317
1780109880,0.028872848417545807
1780109895,0.026770775237032904
1780109910,0.026628895184135973
1780109925,0.026815642458100558
1780109940,0.02728285077951002
1780109955,0.02387562465297057
1780109970,0.022026431718061675
1780109985,0.02158273381294964
1780110000,0.021111111111111112
1780110015,0.020338983050847456
1780110030,0.02001143510577473
1780110045,0.019751693002257337
1780110060,0.019144144144144143
1780110075,0.020716685330347144
1780110090,0.021193530395984386
1780110105,0.02179988820570151
1780110120,0.022234574763757644
1780110135,0.023178807947019868
1780110150,0.02230897936419409
1780110165,0.020374449339207047
1780110180,0.02041942604856512
1780110195,0.021666666666666667
1780110210,0.020994475138121544
1780110225,0.021240916713247626
1780110240,0.021517553793884488
1780110255,0.02160318362706083
1780110270,0.02237136465324385
1780110285,0.022637238256932656
1780110300,0.022159090909090913
1780110315,0.02299495232753786
1780110330,0.0236784140969163
1780110345,0.02427184466019417
1780110360,0.024638457418318157
1780110375,0.025898520084566598
1780110390,0.026737967914438505
1780110405,0.027822364901016586
1780110420,0.026968716289104636
1780110435,0.027792624265098875
1780110450,0.028617710583153346
1780110465,0.02949208083014746
1780110480,0.029428095502498614
1780110495,0.030066815144766147
1780110510,0.02874859075535513
1780110525,0.02888888888888889
1780110540,0.02841225626740947
1780110555,0.027777777777777776
1780110570,0.02904328018223235
1780110585,0.028818443804034578
1780110600,0.030337721808815114
1780110615,0.030389908256880732
1780110630,0.029616724738675958
1780110645,0.029904306220095694
1780110660,0.028502122498483926
1780110675,0.02609223300970874
1780110690,0.02591922845087402
1780110705,0.024595080983803242
1780110720,0.025872442839951867
1780110735,0.02530120481927711
1780110750,0.024448419797257006
1780110765,0.024361259655377304
1780110780,0.023892773892773896
1780110795,0.02426343154246101
1780110810,0.022530329289428077
1780110825,0.022067363530778164
1780110840,0.022753128555176336
1780110855,0.023320377568017768
1780110870,0.023180592991913745
1780110885,0.022633744855967083
1780110900,0.022590361445783132
1780110915,0.022134776192818496
1780110930,0.021812893843916627
1780110945,0.02668539325842697
1780110960,0.02803738317757009
1780110975,0.028531983433041877
1780110990,0.029038112522686028
1780111005,0.028751123090745734
1780111020,0.026956521739130435
1780111035,0.029321663019693654
1780111050,0.029424491562094333
1780111065,0.0287183883411916
1780111080,0.02868150684931507
1780111095,0.028801355357899194
1780111110,0.03026481715006305
1780111125,0.031068765534382765
1780111140,0.03217718345173423
1780111155,0.03199658703071672
1780111170,0.030560271646859084
1780111185,0.030829353017802867
1780111200,0.03136042402826855
1780111215,0.031631269769543606
1780111230,0.02858460119870908
1780111245,0.026328161730136343
1780111260,0.025653206650831355
1780111275,0.0243436754176611
1780111290,0.02479732951835956
1780111305,0.023717328170377538
1780111320,0.02359882005899705
1780111335,0.021203155818540435
1780111350,0.020171457387796268
1780111365,0.021673387096774195
1780111380,0.022517911975435005
1780111395,0.023000522739153168
1780111410,0.021716101694915255
1780111425,0.018428184281842817
1780111440,0.017925040738728953
1780111455,0.01745771958537916
1780111470,0.017445132245357344
1780111485,0.017543859649122806
1780111500,0.016496018202502842
1780111515,0.01665741254858412
1780111530,0.016713091922005572
1780111545,0.017563739376770537
1780111560,0.016590389016018305
1780111575,0.018702513150204558
1780111590,0.018430439952437577
1780111605,0.01789976133651551
1780111620,0.018278301886792452
1780111635,0.0196078431372549
1780111650,0.020710059171597635
1780111665,0.019831730769230768
1780111680,0.020310633213859022
1780111695,0.019446081319976428
1780111710,0.020178041543026708
1780111725,0.022261277094317515
1780111740,0.023529411764705882
1780111755,0.024590163934426233
1780111770,0.02426343154246101
1780111785,0.022209567198177675
1780111800,0.021939953810623556
1780111815,0.022157434402332362
1780111830,0.022003474232773594
1780111845,0.021751574127074985
1780111860,0.01927437641723356
1780111875,0.018477043673012318
1780111890,0.018487394957983194
1780111905,0.02063580591187953
1780111920,0.020845070422535212
1780111935,0.01912260967379078
1780111950,0.01912260967379078
1780111965,0.015756893640967926
1780111980,0.01657142857142857
1780111995,0.017744705208929595
1780112010,0.02140845070422535
1780112025,0.020477815699658702
1780112040,0.020080321285140562
1780112055,0.01857225769007545
1780112070,0.01979045401629802
1780112085,0.019988242210464434
1780112100,0.020833333333333332
1780112115,0.020431990659661413
1780112130,0.019883040935672516
1780112145,0.019286966686148453
1780112160,0.021139166177334117
1780112175,0.02357100766057749
1780112190,0.02247191011235955
1780112205,0.021064950263311875
1780112220,0.02128917800118273
1780112235,0.022820362785254535
1780112250,0.022753792298716453
1780112265,0.024841132293471985
1780112280,0.024613623354321698
1780112295,0.02363534046145189
1780112310,0.020489470688673874
1780112325,0.019165727170236752
1780112340,0.019036954087346025
1780112355,0.018728717366628834
1780112370,0.018302828618968387
1780112385,0.017807456872565387
1780112400,0.020374449339207047
1780112415,0.020119630233822728
1780112430,0.020911528150134046
1780112445,0.021796916533758637
1780112460,0.021119324181626188
1780112475,0.019576719576719578
1780112490,0.020887728459530026
1780112505,0.022302904564315353
1780112520,0.021560574948665298
1780112535,0.020207253886010364
1780112550,0.02130977130977131
1780112565,0.02201740911418331
1780112580,0.022210743801652895
1780112595,0.021439509954058193
1780112610,0.023088763468445354
1780112625,0.023896103896103894
1780112640,0.024152106885919834
1780112655,0.025128205128205128
1780112670,0.0254942767950052
1780112685,0.026068821689259645
1780112700,0.02295252999478352
1780112715,0.02296450939457203
1780112730,0.023987206823027716
1780112745,0.023822128110111168
1780112760,0.025737265415549597
1780112775,0.026030368763557483
1780112790,0.027307482250136537
1780112805,0.027146814404432132
1780112820,0.02748763056624519
1780112835,0.02556976097832129
1780112850,0.02568397543271915
1780112865,0.0233983286908078
1780112880,0.02195945945945946
1780112895,0.02338530066815145
1780112910,0.02213613724405091
1780112925,0.0214168039538715
1780112940,0.021040974529346623
1780112955,0.02154696132596685
1780112970,0.02151694459386767
1780112985,0.023145712782745926
1780113000,0.025401762571280455
1780113015,0.025507548152004164
1780113030,0.02390640895218718
1780113045,0.0233160621761658
1780113060,0.020671834625323
1780113075,0.021560574948665298
1780113090,0.019072164948453606
1780113105,0.018343815513626835
1780113120,0.018134715025906734
1780113135,0.018257694314032343
1780113150,0.021298701298701296
1780113165,0.022066198595787363
1780113180,0.020885131775236203
1780113195,0.02143569292123629
1780113210,0.02203721841332027
1780113225,0.022417153996101363
1780113240,0.02242808386153096
1780113255,0.0234718826405868
1780113270,0.02179422199695895
1780113285,0.02188295165394402
1780113300,0.020155038759689922
1780113315,0.019597730789066528
1780113330,0.02104722792607803
1780113345,0.021212121212121213
1780113360,0.02223345123799899
1780113375,0.022460438999489536
1780113390,0.0232205956587582
1780113405,0.023552502453385672
1780113420,0.024752475247524754
1780113435,0.024281466798810703
1780113450,0.023338406900050734
1780113465,0.023364485981308414
1780113480,0.024210526315789474
1780113495,0.024115755627009648
1780113510,0.024096385542168676
1780113525,0.025136612021857924
1780113540,0.023835920177383594
1780113555,0.023458810692853247
1780113570,0.024056861673045382
1780113585,0.02380952380952381
1780113600,0.023503077783995525
1780113615,0.023702031602708805
1780113630,0.02346880366342301
1780113645,0.025360230547550433
1780113660,0.02383654937570942
1780113675,0.02428006775832863
1780113690,0.02333523050654525
1780113705,0.021876799078871616
1780113720,0.021586931155192533
1780113735,0.021511627906976746
1780113750,0.022336769759450172
1780113765,0.02289639381797367
1780113780,0.022818026240730177
1780113795,0.02380952380952381
1780113810,0.02220956719817768
1780113825,0.02252252252252252
1780113840,0.02290950744558992
1780113855,0.02199074074074074
1780113870,0.02238805970149254
1780113885,0.024473534433693798
1780113900,0.023295454545454546
1780113915,0.02333523050654525
1780113930,0.02223489167616876
1780113945,0.02051282051282051
1780113960,0.02099125364431487
1780113975,0.020564042303172738
1780113990,0.02032520325203252
1780114005,0.02122641509433962
1780114020,0.02101576182136602
1780114035,0.020442930153321978
1780114050,0.01877133105802048
1780114065,0.018130311614730877
1780114080,0.016901408450704224
1780114095,0.016505406943653954
1780114110,0.01707455890722823
1780114125,0.01728110599078341
1780114140,0.017775229357798163
1780114155,0.019751693002257337
1780114170,0.017663817663817666
1780114185,0.01619433198380567
1780114200,0.01639344262295082
1780114215,0.018411967779056387
1780114230,0.01940639269406393
1780114245,0.021058622652248147
1780114260,0.0196078431372549
1780114275,0.020498614958448753
1780114290,0.01995565410199556
1780114305,0.018712162905888827
1780114320,0.019271948608137045
1780114335,0.020833333333333332
1780114350,0.020765027322404372
1780114365,0.021029330381848368
1780114380,0.021893814997263273
1780114395,0.023420479302832246
1780114410,0.023205612520237454
1780114425,0.022282608695652174
1780114440,0.020685900925421885
1780114455,0.02065217391304348
1780114470,0.0203862660944206
1780114485,0.019659936238044632
1780114500,0.020159151193633953
1780114515,0.01841136244082062
1780114530,0.016595289079229122
1780114545,0.016595289079229122
1780114560,0.018408229561451002
1780114575,0.01950162513542795
1780114590,0.019754404698344902
1780114605,0.02
1780114620,0.019273127753303965
1780114635,0.02069351230425056
1780114650,0.01991150442477876
1780114665,0.020430701270016564
1780114680,0.020055710306406686
1780114695,0.019412090959511925
1780114710,0.01997780244173141
1780114725,0.01954215522054718
1780114740,0.019101123595505618
1780114755,0.020034344590726963
1780114770,0.01946193474527762
1780114785,0.02021336327905671
1780114800,0.02140845070422535
1780114815,0.0226628895184136
1780114830,0.021654636313159357
1780114845,0.021702838063439065
1780114860,0.021523178807947022
1780114875,0.019834710743801654
1780114890,0.019220208676551345
1780114905,0.0187018701870187
1780114920,0.01595159515951595
1780114935,0.01642935377875137
1780114950,0.0170610897083104
1780114965,0.01586433260393873
1780114980,0.01589041095890411
1780114995,0.01586433260393873
1780115010,0.016277807921866522
1780115025,0.016595289079229122
1780115040,0.018489170628631802
1780115055,0.017913593256059013
1780115070,0.018240343347639486
1780115085,0.015821058374249863
1780115100,0.015566290928609769
1780115115,0.016597510373443983
1780115130,0.01881860951385259
1780115145,0.01879895561357702
1780115160,0.019680851063829788
1780115175,0.020245071923281833
1780115190,0.01992460958535272
1780115205,0.020585048754062838
1780115220,0.019926586261143155
1780115235,0.019402202412165705
1780115250,0.019367991845056064
1780115265,0.019687026754164564
1780115280,0.019338422391857506
1780115295,0.01988781234064253
1780115310,0.019023136246786632
1780115325,0.017001545595054096
1780115340,0.016251904520060943
1780115355,0.01834407535944472
1780115370,0.020437956204379562
1780115385,0.01999024865919064
1780115400,0.020989505247376312
1780115415,0.01988781234064253
1780115430,0.018848700967906265
1780115445,0.018621036738802214
1780115460,0.017748478701825558
1780115475,0.018
1780115490,0.019970044932601096
1780115505,0.019588638589618023
1780115520,0.020865139949109414
1780115535,0.0203125
1780115550,0.020441097364174286
1780115565,0.019956850053937433
1780115580,0.020108695652173915
1780115595,0.01974386339381003
1780115610,0.021231422505307858
1780115625,0.021578947368421055
1780115640,0.022423918846769888
1780115655,0.02006507592190889
1780115670,0.019344438473938744
1780115685,0.022116903633491312
1780115700,0.020833333333333332
1780115715,0.023124357656731757
1780115730,0.02140672782874618
1780115745,0.022977022977022976
1780115760,0.0222329627839536
1780115775,0.02219006271104679
1780115790,0.022327790973871733
1780115805,0.021962616822429903
1780115820,0.021161638901395767
1780115835,0.02248162559446606
1780115850,0.023128679562657697
1780115865,0.02388663967611336
1780115880,0.02472952086553323
1780115895,0.025631500742942053
1780115910,0.02667140825035562
1780115925,0.026592022393282018
1780115940,0.027109454422229753
1780115955,0.026511477529906242
1780115970,0.029098873591989982
1780115985,0.02790555044464888
1780116000,0.027744630071599042
1780116015,0.026949541284403668
1780116030,0.02818080357142857
1780116045,0.027755322015629212
1780116060,0.028556457951270636
1780116075,0.028665651953323188
1780116090,0.028213935230618256
1780116105,0.028912783751493427
1780116120,0.029778393351800558
1780116135,0.028457092040907073
1780116150,0.02862061545082849
1780116165,0.02820137873407144
1780116180,0.02753977968176255
1780116195,0.028354632587859425
1780116210,0.02813348855258052
1780116225,0.028376844494892167
1780116240,0.027602815857725088
1780116255,0.028861862406970407
1780116270,0.027995720399429387
1780116285,0.028482111844390413
1780116300,0.028474576271186443
1780116315,0.028908456554244896
1780116330,0.029836225068915194
1780116345,0.02922490470139771
1780116360,0.029954989911531896
1780116375,0.02963075520437624
1780116390,0.02920249036466054
1780116405,0.02910512597741095
1780116420,0.029520821448944665
1780116435,0.02951874650251819
1780116450,0.029760264535684765
1780116465,0.029967159277504103
1780116480,0.031334413830361965
1780116495,0.029721444755431158
1780116510,0.029740755362547708
1780116525,0.03015728584427401
1780116540,0.03045685279187817
1780116555,0.02994393476044852
1780116570,0.031257814453613406
1780116585,0.03069210075813158
1780116600,0.03103406473511941
1780116615,0.030948696583740033
1780116630,0.030682601700758445
1780116645,0.03105934553521908
1780116660,0.03030971012895404
1780116675,0.03054697838553154
1780116690,0.031676679410158386
1780116705,0.032331070158422244
1780116720,0.03240391861341371
1780116735,0.033008252063015754
1780116750,0.03204029147021003
1780116765,0.03248709122203099
1780116780,0.03130360205831904
1780116795,0.03133047210300429
1780116810,0.03263180272108844
1780116825,0.03266923736075407
1780116840,0.03288710867502898
1780116855,0.03274718332104875
1780116870,0.03230247828849819
1780116885,0.032083862770012704
1780116900,0.03255713669685208
1780116915,0.033008252063015754
1780116930,0.032243961088643566
1780116945,0.03156744948115783
1780116960,0.032564747022183364
1780116975,0.0327158487704474
1780116990,0.031706254085857484
1780117005,0.03045464433326082
1780117020,0.030253385757972914
1780117035,0.030352658587182006
1780117050,0.02966009958865555
1780117065,0.02986844942850981
1780117080,0.030464991982896844
1780117095,0.030034777110338286
1780117110,0.02892301220025242
1780117125,0.02914351609183353
1780117140,0.0287519747235387
1780117155,0.02960387694900969
1780117170,0.02953852622726795
1780117185,0.029235461142075928
1780117200,0.028133508117374202
1780117215,0.027763704529334274
1780117230,0.0288559235927657
1780117245,0.028556539864512766
1780117260,0.027541259329338798
1780117275,0.027739833981296626
1780117290,0.027334609657519673
1780117305,0.027234860621595643
1780117320,0.027089216609141303
1780117335,0.027400125496757997
1780117350,0.02765509989484753
1780117365,0.02735658996925034
1780117380,0.027860484900042535
1780117395,0.028124339183759773
1780117410,0.02766798418972332
1780117425,0.027306666666666667
1780117440,0.027035589819410708
1780117455,0.027335092348284958
1780117470,0.027736131934032984
1780117485,0.02777186635454352
1780117500,0.028119891008174386
1780117515,0.029109214270080983
1780117530,0.029350335275365503
1780117545,0.02986844942850981
1780117560,0.02993562231759657
1780117575,0.030173792515193518
1780117590,0.030389665396018634
1780117605,0.030405405405405404
1780117620,0.03027050236152855
1780117635,0.0300967776241625
1780117650,0.03085762928282613
1780117665,0.03097345132743363
1780117680,0.031042128603104215
1780117695,0.030968289320182415
1780117710,0.03159340659340659
1780117725,0.031705770450221944
1780117740,0.03166170845728857
1780117755,0.032207792207792206
1780117770,0.030761421319796957
1780117785,0.031511319600244746
1780117800,0.03136209900584196
1780117815,0.030780391750440457
1780117830,0.030598624088715474
1780117845,0.03060187067913786
1780117860,0.030281547498480863
1780117875,0.030802292263610313
1780117890,0.031179254990738838
1780117905,0.03135996688056303
1780117920,0.03075498868545567
1780117935,0.03134437155055712
1780117950,0.03069584154308825
1780117965,0.030958790639884035
1780117980,0.03181247383842612
1780117995,0.0317937033968517
1780118010,0.030633655056651277
1780118025,0.030532765603904867
1780118040,0.03167278447823807
1780118055,0.031130471738206544
1780118070,0.03164693218514532
1780118085,0.0315412963364405
1780118100,0.03150450064294899
1780118115,0.031061806656101427
1780118130,0.03143919277748274
1780118145,0.03197424892703862
1780118160,0.0317745170484535
1780118175,0.031988291867029055
1780118190,0.03140820332678996
1780118205,0.03215010141987829
1780118220,0.031496062992125984
1780118235,0.0315146740200906
1780118250,0.031914893617021274
1780118265,0.031025790188093847
1780118280,0.031295558363300606
1780118295,0.030989158591576322
1780118310,0.0316070068545316
1780118325,0.030549898167006106
1780118340,0.030614203454894434
1780118355,0.030878859857482184
1780118370,0.030406689471683766
1780118385,0.030826140567200983
1780118400,0.0306689668391796
1780118415,0.030399845096330716
1780118430,0.029739044805514522
1780118445,0.028794533918984875
1780118460,0.02819122720551996
1780118475,0.02882156206964391
1780118490,0.0293357199681782
1780118505,0.0284355493906668
1780118520,0.029347393553521686
1780118535,0.02919780767314399
1780118550,0.02929453965723396
1780118565,0.028519417475728157
1780118580,0.02839180693571284
1780118595,0.028675282714054926
1780118610,0.028311324529811922
1780118625,0.028984092905240556
1780118640,0.028692148963348728
1780118655,0.028647110762287844
1780118670,0.02838277323346802
1780118685,0.028278888347147736
1780118700,0.028039196662462407
1780118715,0.0288153681963714
1780118730,0.029000765696784076
1780118745,0.028917732391677803
1780118760,0.029771654301955875
1780118775,0.029529285644674007
1780118790,0.02984059097978227
1780118805,0.030246853351546494
1780118820,0.0302731486046741
1780118835,0.030326978168527124
1780118850,0.03058194774346793
1780118865,0.030880031570639305
1780118880,0.031104966920114545
1780118895,0.031481111333200085
1780118910,0.03180354267310789
1780118925,0.030654515327257662
1780118940,0.031343746767352854
1780118955,0.03099238234373369
1780118970,0.03169160432252701
1780118985,0.03214731585518102
1780119000,0.031775896310233094
1780119015,0.031203088140681963
1780119030,0.031243312647121765
1780119045,0.031182563659905047
1780119060,0.03090555435487357
1780119075,0.03132451766746152
1780119090,0.03198203016365387
1780119105,0.031118768170560997
1780119120,0.03166791483898577
1780119135,0.030952380952380946
1780119150,0.029997857295907433
1780119165,0.02971366828741221
1780119180,0.028902359818142456
1780119195,0.029002955018058444
1780119210,0.02877070619006103
1780119225,0.028512575888985255
1780119240,0.028671099967295322
1780119255,0.028404163052905464
1780119270,0.02767607150549214
1780119285,0.027726831373395187
1780119300,0.027339196778637276
1780119315,0.027302320697259262
1780119330,0.02713260135135135
1780119345,0.026496358070305075
1780119360,0.02631859350026638
1780119375,0.025881057268722463
1780119390,0.024625027982986342
1780119405,0.024988844265952697
1780119420,0.024103139013452915
1780119435,0.02374875152591277
1780119450,0.024718850907471324
1780119465,0.02500829921434104
1780119480,0.024947565956507337
1780119495,0.02502204585537919
1780119510,0.025223848001747106
1780119525,0.025194636678200693
1780119540,0.025721387658056843
1780119555,0.026259607173356105
1780119570,0.026472464384435467
1780119585,0.027143608627038403
1780119600,0.02747896474597934
1780119615,0.028461784457946913
1780119630,0.029802744425385937
1780119645,0.03001290877796902
1780119660,0.029476555124305043
1780119675,0.030366056572379372
1780119690,0.030766075274330833
1780119705,0.031144695190442148
1780119720,0.03158528025669308
1780119735,0.032446863127631176
1780119750,0.03207624513219922
1780119765,0.0319138019497178
1780119780,0.031993520299686135
1780119795,0.03256098805756864
1780119810,0.0324285122254455
1780119825,0.03238738263529908
1780119840,0.031901452937460516
1780119855,0.03177766124803356
1780119870,0.030968821929273905
1780119885,0.031227230144686164
1780119900,0.03160621761658031
1780119915,0.0304437564499484
1780119930,0.028998686470647673
1780119945,0.029816050131392765
1780119960,0.029832572298325723
1780119975,0.03005547150781643
1780119990,0.030583501006036216
1780120005,0.030422081192706757
1780120020,0.030800405268490372
1780120035,0.030329974313376803
1780120050,0.030747446141397797
1780120065,0.031082853971137348
1780120080,0.03111020740138268
1780120095,0.030560098119378577
1780120110,0.031415209434729564
1780120125,0.031899714635140644
1780120140,0.03186001820572469
1780120155,0.031409341219661435
1780120170,0.03188616535105941
1780120185,0.030974826478814877
1780120200,0.03060483452640315
1780120215,0.03144525248386767
1780120230,0.03223131930770028
1780120245,0.03216883516033194
1780120260,0.03246620237607538
1780120275,0.03373543242690656
1780120290,0.03300871348026653
1780120305,0.032411230388108996
1780120320,0.03196205794411795
1780120335,0.03260869565217391
1780120350,0.033350436121087734
1780120365,0.033442088091353996
1780120380,0.033422185769940535
1780120395,0.03318055001992826
1780120410,0.03299970270538104
1780120425,0.03300951625693894
1780120440,0.03304140127388536
1780120455,0.03349802371541502
1780120470,0.033787788974510964
1780120485,0.03415018206869403
1780120500,0.03436459761112199
1780120515,0.03449283835135925
1780120530,0.03416058394160584
1780120545,0.03350540566864712
1780120560,0.03275845457173138
1780120575,0.0327774583093732
1780120590,0.03215311004784689
1780120605,0.03279467680608365
1780120620,0.03245572044040211
1780120635,0.03164556962025317
1780120650,0.031323267373159526
1780120665,0.030175635276532133
1780120680,0.030184916606236404
1780120695,0.030086736537766532
1780120710,0.02939055174900829
1780120725,0.029018260712348583
1780120740,0.029572542342503807
1780120755,0.02943275062433107
1780120770,0.029214298675376518
1780120785,0.029457223383943996
1780120800,0.02936065123936705
1780120815,0.02999815395975632
1780120830,0.029127997794725722
1780120845,0.02938706968933669
1780120860,0.029364554810688327
1780120875,0.02924420812761109
1780120890,0.029217989114866807
1780120905,0.029076996652319463
1780120920,0.02886836027713626
1780120935,0.028315656319937727
1780120950,0.029477794045876037
1780120965,0.030422757803239824
1780120980,0.029637871737811048
1780120995,0.030125436973061893
1780121010,0.0294238683127572
1780121025,0.029076338230761327
1780121040,0.029728609902631032
1780121055,0.029609690444145353
1780121070,0.029420841477214278
1780121085,0.029334677419354836
1780121100,0.029444613666362068
1780121115,0.029653701635015742
1780121130,0.029795540943182985
1780121145,0.02919933966157656
1780121160,0.0292822770553906
1780121175,0.029147064839435466
1780121190,0.028617985538242182
1780121205,0.029288702928870296
1780121220,0.029944360141628733
1780121235,0.03071535767883942
1780121250,0.030481123617890224
1780121265,0.03089608583349891
1780121280,0.03088803088803089
1780121295,0.030596131069877616
1780121310,0.030837004405286344
1780121325,0.030453879941434846
1780121340,0.031018337885290667
1780121355,0.030975586220206502
1780121370,0.03073194377120698
1780121385,0.02960302824420072
1780121400,0.029802931754198625
1780121415,0.03010257885150034
1780121430,0.030188679245283023
1780121445,0.030483825859979496
1780121460,0.030725995316159254
1780121475,0.03095507738769347
1780121490,0.031339031339031334
1780121505,0.03054017942355411
1780121520,0.031029482841952637
1780121535,0.031394899536321484
1780121550,0.031398104265402835
1780121565,0.031166781733898807
1780121580,0.03157894736842105
1780121595,0.03227087677489822
1780121610,0.0326938136256852
1780121625,0.03260869565217391
1780121640,0.03255310778914241
1780121655,0.03184901209082866
1780121670,0.03228346456692913
1780121685,0.032781984854523716
1780121700,0.032332563510392605
1780121715,0.0323321025845724
1780121730,0.032161939991779694
1780121745,0.03254437869822485
1780121760,0.03278688524590164
1780121775,0.03366457108091665
1780121790,0.033259867761971554
1780121805,0.033430966569033424
1780121820,0.03218045112781955
1780121835,0.03180533117932148
1780121850,0.03219275156914354
1780121865,0.03281658949063821
1780121880,0.032649348023855246
1780121895,0.032776934749620644
1780121910,0.0327192187657304
1780121925,0.033166137782782275
1780121940,0.03398259428097804
1780121955,0.03363275537915186
1780121970,0.03412828947368421
1780121985,0.034715821812596005
1780122000,0.03564805275087574
1780122015,0.03516597510373444
1780122030,0.03541031837764001
1780122045,0.03573305307409353
1780122060,0.0345984483120151
1780122075,0.034200587494754506
1780122090,0.034995719178082196
1780122105,0.03539068329602388
1780122120,0.035422049956933675
1780122135,0.03520898585160384
1780122150,0.03420996365191362
1780122165,0.033591449449231106
1780122180,0.0336832895888014
1780122195,0.0338680926916221
1780122210,0.03412162162162162
1780122225,0.03343465045592705
1780122240,0.03333702514121166
1780122255,0.03375668449197861
1780122270,0.03226161638405637
1780122285,0.031742508324084345
1780122300,0.030233573455577385
1780122315,0.029754062362758012
1780122330,0.028851448078405457
1780122345,0.02806866026125445
1780122360,0.027577937649880094
1780122375,0.028231476473769605
1780122390,0.027484819431128155
1780122405,0.02660140455416046
1780122420,0.027631855431813405
1780122435,0.02716255745925616
1780122450,0.027163083377031983
1780122465,0.027143156570949487
1780122480,0.02781829547822463
1780122495,0.027806070482786716
1780122510,0.027729100092773937
1780122525,0.026866283839212468
1780122540,0.026872795185723178
1780122555,0.026086956521739132
1780122570,0.026551538046411225
1780122585,0.026684022128213473
1780122600,0.02755604155276107
1780122615,0.027205009176292778
1780122630,0.027497011194435386
1780122645,0.027640127739235763
1780122660,0.027041762076109477
1780122675,0.02663086046771847
1780122690,0.027808800536073264
1780122705,0.02835369270424745
1780122720,0.0278682998089673
1780122735,0.027956261977229172
1780122750,0.02805747256476977
1780122765,0.027721203892283323
1780122780,0.026924839596700275
1780122795,0.0260879602908923
1780122810,0.026264923251847642
1780122825,0.026240730176839703
1780122840,0.02624200964449927
1780122855,0.02615672051873832
1780122870,0.026633864584447532
1780122885,0.02731268313101716
1780122900,0.02743271221532091
1780122915,0.028425583024722246
1780122930,0.028357045410251417
1780122945,0.029054310672236988
1780122960,0.02967032967032967
1780122975,0.02942209731248902
1780122990,0.028556815275765066
1780123005,0.028091755319148936
1780123020,0.027706185567010308
1780123035,0.02741736175471115
1780123050,0.02828037098981298
1780123065,0.027826340326340328
1780123080,0.027414682399491273
1780123095,0.02740286298568507
1780123110,0.02735143644234553
1780123125,0.02790815679309907
1780123140,0.02791157218722984
1780123155,0.027844311377245506
1780123170,0.027442754763153294
1780123185,0.0272753047916076
1780123200,0.02678276204122121
1780123215,0.026590591021638493
1780123230,0.026827985270910047
1780123245,0.026843198338525436
1780123260,0.026510480887792846
1780123275,0.026703025313850586
1780123290,0.026728204087842978
1780123305,0.026493062537703598
1780123320,0.025999301362343432
1780123320,0.025999301362343432
1780123335,0.026261434051342576
1780123350,0.026407692675692485
1780123365,0.026693947468595353
1780123380,0.02718676122931442
1780123395,0.02705505279034691
1780123410,0.026868885456162523
1780123425,0.026731124697852982
1780123440,0.026778520309019387
1780123455,0.026803928080079698
1780123470,0.026596749811035523
1780123485,0.026857739394514565
1780123500,0.02690131389661456
1780123515,0.026752018344241152
1780123530,0.026567882591666273
1780123545,0.026513560192316668
1780123560,0.026383526383526378
1780123575,0.02644969057987623
1780123590,0.026706369515656254
1780123605,0.0271399706098457
1780123620,0.02712452623407461
1780123635,0.026378240233661917
1780123650,0.02678328650412399
1780123665,0.02676977989292088
1780123680,0.027283511269276393
1780123695,0.02766581165262001
1780123710,0.027626583725929656
1780123725,0.02749407258799927
1780123740,0.02792613379197973
1780123755,0.02819888106839921
1780123770,0.02785439746778205
1780123785,0.027789019290435715
1780123800,0.028541937800116678
1780123815,0.0282480801185611
1780123830,0.02840300107181136
1780123845,0.02796037820801441
1780123860,0.028473444339154375
1780123875,0.028761947099355412
1780123890,0.02924964438122333
1780123905,0.029486712777575537
1780123920,0.02951674903898957
1780123935,0.029705681040383302
1780123950,0.028948083718401744
1780123965,0.02894139027714675
1780123980,0.028762572247758612
1780123995,0.02826983192135188
1780124010,0.029044318803574682
1780124025,0.028920221631605028
1780124040,0.02937720329024677
1780124055,0.02933579335793358
1780124070,0.029449838187702266
1780124085,0.028865497076023393
1780124100,0.028265061374218126
1780124115,0.027992459943449573
1780124130,0.02819513122860403
1780124145,0.02834066144140699
1780124160,0.02793349623880025
1780124175,0.027473323354739027
1780124190,0.02736236259848092
1780124205,0.026843421238854553
1780124220,0.026873508353221952
1780124235,0.026674937965260548
1780124250,0.02730553708804255
1780124265,0.02701802787423298
1780124280,0.026832523115050994
1780124295,0.026597007836618385
1780124310,0.02659198945733515
1780124325,0.025542484885410315
1780124340,0.025170131444019767
1780124355,0.024945919823261376
1780124370,0.025267646525131558
1780124385,0.025468370665567314
1780124400,0.0255699881914797
1780124415,0.0259522623307215
1780124430,0.02592308732699157
1780124445,0.025798636037329507
1780124460,0.02562849782357644
1780124475,0.025529627804899896
1780124490,0.025356010892370877
1780124505,0.025728833415941964
1780124520,0.02579064587973274
1780124535,0.025600362483008607
1780124550,0.02507636894177723
1780124565,0.02527372262773723
1780124580,0.025449718496818784
1780124595,0.02509749942647396
1780124610,0.025318219827185733
1780124625,0.025502354422117582
1780124640,0.026160219708606807
1780124655,0.026219167765016003
1780124670,0.025853202431042544
1780124685,0.02602803738317757
1780124700,0.0264723797029471
1780124715,0.026583898023977634
1780124730,0.026568089673264968
1780124745,0.02677293118259044
1780124760,0.0272031197983545
1780124775,0.027869086751464916
1780124790,0.027955043337460708
1780124805,0.02791227570492737
1780124820,0.028517379995270754
1780124835,0.028302326665734134
1780124850,0.02865475418942691
1780124865,0.028963771851712988
1780124880,0.02949673811742777
1780124895,0.02968227424749164
1780124910,0.02979979702924624
1780124925,0.029872174879585035
1780124940,0.029549132947976876
1780124955,0.030198565912851628
1780124970,0.030718595721338456
1780124985,0.03042902179375885
1780125000,0.030226472976630874
1780125015,0.030251947696933804
1780125030,0.029876735554231773
1780125045,0.029805436732441012
1780125060,0.029385944647230048
1780125075,0.029225726026132322
1780125090,0.029396857577293458
1780125105,0.02947845804988662
1780125120,0.029362726935902195
1780125135,0.02920805613779277
1780125150,0.029816618649105963
1780125165,0.029939844790375172
1780125180,0.02949049498661585
1780125195,0.029509540507309077
1780125210,0.0292306990742852
1780125225,0.028619836981408554
1780125240,0.02812758525599779
1780125255,0.028062750149514648
1780125270,0.02728990918729544
1780125285,0.027219372429409864
1780125300,0.02706316274781005
1780125315,0.02748548621190131
1780125330,0.027834477639636295
1780125345,0.028246244585752468
1780125360,0.0281592453877098
1780125375,0.027958387516254877
1780125390,0.027993707199703864
1780125405,0.02785010228752092
1780125420,0.027797644590664184
1780125435,0.027118161094224925
1780125450,0.02757467144563919
1780125465,0.027039670658682638
1780125480,0.027401129943502824
1780125495,0.02809633027522936
1780125510,0.028224467530003322
1780125525,0.029166864918875195
1780125540,0.029452282551897767
1780125555,0.030045162823864987
1780125570,0.03062987346500444
1780125585,0.03133796209420154
1780125600,0.030664154498351383
1780125615,0.03089056851790996
1780125630,0.030758492322010236
1780125645,0.02973189464260472
1780125660,0.029739952718676122
1780125675,0.029583844484288004
1780125690,0.02949670943610624
1780125705,0.029973524962178515
1780125720,0.030237580993520512
1780125735,0.030259028525926275
1780125750,0.029273121523522204
1780125765,0.029396498843957914
1780125780,0.029197765572924
1780125795,0.02911590992986342
1780125810,0.028552736109163975
1780125825,0.027688882704883826
1780125840,0.027422902335158407
1780125855,0.02695582631603707
1780125870,0.026992409867172676
1780125885,0.02682010556850064
1780125900,0.026454776949919837
1780125915,0.026518553533443626
1780125930,0.027509992946155658
1780125945,0.028249895799564672
1780125960,0.027785508859820018
1780125975,0.02818823529411765
1780125990,0.02798708288482239
1780126005,0.02835039607170983
1780126020,0.028388829713333032
1780126035,0.0290969744706482
1780126050,0.030116580310880832
1780126065,0.030083847784022847
1780126080,0.030509724398562085
1780126095,0.031231203442372648
1780126110,0.031802442135957724
1780126125,0.031975410588127355
1780126140,0.032849928184219064
1780126155,0.03287237509894306
1780126170,0.033537297398290436
1780126185,0.03358365595410234
1780126200,0.03427664144951901
1780126215,0.034224296422005376
1780126230,0.03362255965292842
1780126245,0.03383458646616541
1780126260,0.03397573162027124
1780126275,0.034241098725365696
1780126290,0.034861854477072185
1780126305,0.034370283822598706
1780126320,0.0339724680432645
1780126335,0.034494568940209414
1780126350,0.03408089315444129
1780126365,0.03420752565564424
1780126380,0.03451888063051828
1780126395,0.03432106155841565
1780126410,0.035184719778838906
1780126425,0.03519536618888671
1780126440,0.0352176088044022
1780126455,0.034897169004877555
1780126470,0.03515722955012789
1780126485,0.034604134648753164
1780126500,0.034089210067281335
1780126515,0.033683267824269864
1780126530,0.03317935727412706
1780126545,0.03258008443009685
1780126560,0.03260600663005293
1780126575,0.03217224220328127
1780126590,0.03249501386389064
1780126605,0.032423290649915434
1780126620,0.03253743027693512
1780126635,0.032599718214060144
1780126650,0.032
1780126665,0.032134292565947235
1780126680,0.03188475390156063
1780126695,0.030600161053479225
1780126710,0.029953479540491785
1780126725,0.02994181921384986
1780126740,0.029570392412125723
1780126755,0.029557333826726487
1780126770,0.02874637748901561
1780126785,0.029266672991177304
1780126800,0.0296229802513465
1780126815,0.030034836644383764
1780126830,0.031027704979408464
1780126845,0.03141923436041083
1780126860,0.0316028132518971
1780126875,0.03217057888338166
1780126890,0.032721841011996454
1780126905,0.03228527248020242
1780126920,0.03150260982031503
1780126935,0.03187306286718786
1780126950,0.03162593984962406
1780126965,0.03154441059292243
1780126980,0.03225205938474427
1780126995,0.032600065386950636
1780127010,0.032760947461491934
1780127025,0.03291186314615099
1780127040,0.033170958014381816
1780127055,0.032670652022799944
1780127070,0.03272429779110989
1780127085,0.03334990284242397
1780127100,0.033425301913247996
1780127115,0.03334556462709844
1780127130,0.03197141810186881
1780127145,0.03156878963330576
1780127160,0.03118225010378708
1780127175,0.030020321448365046
1780127190,0.029499609428847128
1780127205,0.029874718920655317
1780127220,0.03001057033871042
1780127235,0.029463679565512563
1780127250,0.02921040620721132
1780127265,0.02879904766265281
1780127280,0.028215497606098636
1780127295,0.027944486121530377
1780127310,0.027755525187314452
1780127325,0.027247956403269758
1780127340,0.027033358320839584
1780127355,0.02734632401393204
1780127370,0.027230536086379993
1780127385,0.027449864884084768
1780127400,0.027520319406815912
1780127415,0.02759520812939915
1780127430,0.02845301294588805
1780127445,0.02843027591349739
1780127460,0.028845241484011765
1780127475,0.028671626937111984
1780127490,0.02855245683930943
1780127505,0.027711759672972718
1780127520,0.028208410373109564
1780127535,0.028479210176571103
1780127550,0.028902554399243142
1780127565,0.02919257606683438
1780127580,0.02891734575087311
1780127595,0.029302842329413943
1780127610,0.02959899632916686
1780127625,0.029810680983328626
1780127640,0.029117939491501346
1780127655,0.028859756672639823
1780127670,0.028624795703945834
1780127685,0.02824060999717594
1780127700,0.027738465893008775
1780127715,0.027559240589814862
1780127730,0.027523800546705626
1780127745,0.027145276627775685
1780127760,0.027383225445908814
1780127775,0.027287543655413277
1780127790,0.02764694800301432
1780127805,0.027656612529002325
1780127820,0.02807695848292369
1780127835,0.027232715936181918
1780127850,0.02756584922797457
1780127865,0.0274339092187004
1780127880,0.027214875660062286
1780127895,0.02726291164297283
1780127910,0.027141645462256146
1780127925,0.027128157156220762
1780127940,0.0276332316526108
1780127955,0.02801335258029592
1780127970,0.027855530474040633
1780127985,0.02774519534422088
1780128000,0.028243999278108643
1780128015,0.028099769969780343
1780128030,0.028406528992695464
1780128045,0.02888768898488121
1780128060,0.02900049458207814
1780128075,0.029027833089959734
1780128090,0.028999233301763405
1780128105,0.02907134460620309
1780128120,0.028743983289437842
1780128135,0.02803354909289817
1780128150,0.02762911120259823
1780128165,0.027770140225460545
1780128180,0.027876793711726532
1780128195,0.02790782237171038
1780128210,0.028590878148400268
1780128225,0.028793011231948648
1780128240,0.02852386736851577
1780128255,0.028437290409121397
1780128270,0.02803821769800875
1780128285,0.02843220528409853
1780128300,0.028974473802060013
1780128315,0.02845510267996958
1780128330,0.02899588330051906
1780128345,0.028957528957528962
1780128360,0.02855488239486814
1780128375,0.028712206047032476
1780128390,0.028503353335686554
1780128405,0.028288670974739034
1780128420,0.028821713870733477
1780128435,0.029042814289610034
1780128450,0.029260213470739784
1780128465,0.028494273209796066
1780128480,0.02763441869193957
1780128495,0.027491246332923252
1780128510,0.027239018824871647
1780128525,0.027539954337899544
1780128540,0.027033380347907855
1780128555,0.027623529411764703
1780128570,0.027454919404983975
1780128585,0.026586333859321954
1780128600,0.026481472581342824
1780128615,0.0261939978052388
1780128630,0.025769777356702984
1780128645,0.02550297534712383
1780128660,0.02588224058067905
1780128675,0.026085703305149883
1780128690,0.02623559660984668
1780128705,0.026424287856071964
1780128720,0.02639296187683285
1780128735,0.026774208943826656
1780128750,0.027168732125834125
1780128765,0.027356201531947285
1780128780,0.028067361668003207
1780128795,0.02764174044076097
1780128810,0.027708284163323105
1780128825,0.027542574445818663
1780128840,0.027169775409212026
1780128855,0.026736961024289213
1780128870,0.026818095056308458
1780128885,0.02702702702702703
1780128900,0.026879381194102006
1780128915,0.02670272928448488
1780128930,0.026651724809978565
1780128945,0.026512742748128943
1780128960,0.026323472168158814
1780128975,0.025937866354044548
1780128990,0.026195345213750124
1780129005,0.02609709870243476
1780129020,0.025954198473282442
1780129035,0.0251063829787234
1780129050,0.02552380952380952
1780129065,0.025501514004542012
1780129080,0.025552289750639993
1780129095,0.025552849023260254
1780129110,0.0257563562331329
1780129125,0.025216409484380878
1780129140,0.02518441948973359
1780129155,0.025436080680803046
1780129170,0.025605472360880014
1780129185,0.02576940744143317
1780129200,0.026405957330165836
1780129215,0.026575304412241308
1780129230,0.026283903439276727
1780129245,0.026905829596412554
1780129260,0.0266404935501963
1780129275,0.027018168196291437
1780129290,0.026769360822805614
1780129305,0.02715722854578945
1780129320,0.027069532478673212
1780129335,0.027891637220259124
1780129350,0.02775544943023311
1780129365,0.028081198646689218
1780129380,0.028605943464604974
1780129395,0.02875461433844958
1780129410,0.028298223473449177
1780129425,0.028696826468602294
1780129440,0.02943166441136671
1780129455,0.03010534454431237
1780129470,0.030154888673765732
1780129485,0.030762606449143623
1780129500,0.030705314932429208
1780129515,0.03045369794903667
1780129530,0.030119030408173104
1780129545,0.03008492874622139
1780129560,0.03000861491337226
1780129575,0.029630696825625514
1780129590,0.02974905234873567
1780129605,0.029648696315362988
1780129620,0.029378316906747543
1780129635,0.028947244354344443
1780129650,0.029206260480715486
1780129665,0.02866779089376054
1780129680,0.02873481733541283
1780129695,0.028503787878787885
1780129710,0.028967016350061436
1780129725,0.029487964576758216
1780129740,0.029377147968551388
1780129755,0.02882504087829946
1780129770,0.027907847911593935
1780129785,0.02714252171871331
1780129800,0.027150171450044624
1780129815,0.02731887401938163
1780129830,0.027057182705718268
1780129845,0.02685757065319109
1780129860,0.026433775453017
1780129875,0.02691297824456114
1780129890,0.026716123579678844
1780129905,0.02731052731052731
1780129920,0.027538483265075558
1780129935,0.027594081545268566
1780129950,0.026740999716526503
1780129965,0.02678445561768714
1780129980,0.027011974380395435
1780129995,0.026630233419785102
1780130010,0.026654064272211717
1780130025,0.026221862656450767
1780130040,0.025263662511984662
1780130055,0.02515449980687524
1780130070,0.02548079252046698
1780130085,0.02487538111600445
1780130100,0.024305725023183174
1780130115,0.024619339529365236
1780130130,0.025190765016630798
1780130145,0.02558677360625892
1780130160,0.025628165906013342
1780130175,0.025531056057318736
1780130190,0.025408076673488742
1780130205,0.02478141393954534
1780130220,0.0246403504405396
1780130235,0.024380594431531576
1780130250,0.02412736082270345
1780130265,0.023532858119324283
1780130280,0.02388074339234051
1780130295,0.02385666682764282
1780130310,0.02366084496048395
1780130325,0.024434824434824434
1780130340,0.025296777840587904
1780130355,0.02581400796439447
1780130370,0.02635357324811264
1780130385,0.02658175273432092
1780130400,0.027609458289671512
1780130415,0.02795351550231076
1780130430,0.027710843373493974
1780130445,0.02763438946244215
1780130460,0.027470311449697516
1780130475,0.027230255839822026
1780130490,0.027736900780379044
1780130505,0.027918556059393612
1780130520,0.02798324570002673
1780130535,0.028280039191235413
1780130550,0.028737182946573122
1780130565,0.02836105808562858
1780130580,0.02822362488728584
1780130595,0.0286218122626153
1780130610,0.02913752913752914
1780130625,0.028214171208720745
1780130640,0.028035647976234687
1780130655,0.026950288586855334
1780130670,0.027159685863874343
1780130685,0.02678236397748593
1780130700,0.026625533934504033
1780130715,0.026215969654775052
1780130730,0.026512609070860102
1780130745,0.0262677679600461
1780130760,0.026406864836675672
1780130775,0.026685660018993352
1780130790,0.026737203317128967
1780130805,0.027353099203829435
1780130820,0.02681070464031426
1780130835,0.02692610062893082
1780130850,0.02692610062893082
1780130865,0.02749680840616714
1780130880,0.027673017583386392
1780130895,0.027367485056562762
1780130910,0.02725024727992087
1780130925,0.027752171170734072
1780130940,0.0278898012730188
1780130955,0.027888834714773283
1780130970,0.027548209366391182
1780130985,0.027624309392265192
1780131000,0.027440373739857388
1780131015,0.02734087902396002
1780131030,0.027401960784313725
1780131045,0.027453299817635172
1780131060,0.026803425419710678
1780131075,0.026632510029484264
1780131090,0.02586872586872587
1780131105,0.025829905290347264
1780131120,0.026067718353212775
1780131135,0.026141259621435833
1780131150,0.026689271009929766
1780131165,0.02618210238374365
1780131180,0.02638868639743403
1780131195,0.025947907980575856
1780131210,0.02619210809752276
1780131225,0.02672802036420599
1780131240,0.026913904706283152
1780131255,0.027146464646464644
1780131270,0.02723772858517805
1780131285,0.02672339611817573
1780131300,0.026741054251635244
1780131315,0.02665824997572108
1780131330,0.026704351639783633
1780131345,0.027243043033286223
1780131360,0.027525636622344335
1780131375,0.02795908426692645
1780131390,0.028641013151485633
1780131405,0.028402194494343835
1780131420,0.028227762149578037
1780131435,0.028262834847980204
1780131450,0.0286104826546003
1780131465,0.028707233281566193
1780131480,0.028986197049024272
1780131495,0.028811467628631095
1780131510,0.028195043358764157
1780131525,0.027917204455279888
1780131540,0.028043187464169696
1780131555,0.02786319125786461
1780131570,0.027775162414085303
1780131585,0.02778431834235931
1780131600,0.027750340999952966
1780131615,0.027714906000277147
1780131630,0.027924251455820993
1780131645,0.028189639392275305
1780131660,0.028259562462420795
1780131675,0.02793812052643732
1780131690,0.027965284474445518
1780131705,0.02769994028205246
1780131720,0.027930654925701702
1780131735,0.028255867464335022
1780131750,0.028091954022988506
1780131765,0.027781579307513342
1780131780,0.027956892275781214
1780131795,0.028269187485932924
1780131810,0.028876475358140367
1780131825,0.02912930681352692
1780131840,0.029414447282013863
1780131855,0.029849379663965572
1780131870,0.03091324200913242
1780131885,0.03152596659803249
1780131900,0.031339811140002734
1780131915,0.03178294573643411
1780131930,0.031710442024343366
1780131945,0.031132460234739652
1780131960,0.031275422579770416
1780131975,0.03124151045911437
1780131990,0.031605212087607436
1780132005,0.031893051056257705
1780132020,0.03107627813724597
1780132035,0.030933039607141218
1780132050,0.030574880995972168
1780132065,0.031001409154961586
1780132080,0.03125704749447477
1780132095,0.031029682518298983
1780132110,0.03064699205448354
1780132125,0.030565971919420953
1780132140,0.030718523401450232
1780132155,0.03026031801964498
1780132170,0.030223159374450886
1780132185,0.029785927355676436
1780132200,0.030106490205530478
1780132215,0.029679964927663307
1780132230,0.02978076839591925
1780132245,0.03041410306759175
1780132260,0.030551675977653632
1780132275,0.03052645194670806
1780132290,0.03047743623283192
1780132305,0.0305387116618332
1780132320,0.031083953241232736
1780132335,0.030933286331188862
1780132350,0.030936566665180756
1780132365,0.03096170289365915
1780132380,0.031292517006802724
1780132395,0.031086657496561216
1780132410,0.031424227065382664
1780132425,0.03181651712140633
1780132440,0.03188141391106043
1780132455,0.03267097966728281
1780132470,0.03219362631236644
1780132485,0.03211009174311927
1780132500,0.03271765361054389
1780132515,0.032315060212953925
1780132530,0.032175570744408806
1780132545,0.032357402215378965
1780132560,0.0321400453850785
1780132575,0.03181016067614006
1780132590,0.031587127445602485
1780132605,0.032023814893329124
1780132620,0.03200610495129506
1780132635,0.031854432120267666
1780132650,0.03217133743449533
1780132665,0.0321862072100741
1780132680,0.031222975740749163
1780132695,0.03158656892026428
1780132710,0.03077062310511788
1780132725,0.03070155340695597
1780132740,0.030162201567340983
1780132755,0.03032893848715295
1780132770,0.030955585464333784
1780132785,0.03087055871678838
1780132800,0.030697759154672977
1780132815,0.031006338060279966
1780132830,0.030621614176843264
1780132845,0.0300027652318186
1780132860,0.030108610971082903
1780132875,0.03042389388739449
1780132890,0.030694073186468794
1780132905,0.030560982416969022
1780132920,0.03081010534166123
1780132935,0.030883232843926908
1780132950,0.03091304549030497
1780132965,0.030607454699089293
1780132980,0.030201500637062905
1780132995,0.03013957889756328
1780133010,0.030431705590941258
1780133025,0.029948039678790738
1780133040,0.030066287878787883
1780133055,0.02967570390769669
1780133070,0.029347619950692204
1780133085,0.02901372334868702
1780133100,0.02882452193475815
1780133115,0.029039393796771305
1780133130,0.029514137224049965
1780133145,0.029810426540284356
1780133160,0.029747739171822947
1780133175,0.02966443590108691
1780133190,0.0294785653449418
1780133205,0.028704274801916778
1780133220,0.02831657935721365
1780133235,0.02842462524747808
1780133250,0.028862796463488796
1780133265,0.029521656902993684
1780133280,0.03032659409020218
1780133295,0.030421396075548
1780133310,0.030271063615098837
1780133325,0.03039665591348993
1780133340,0.03036748732802317
1780133355,0.030084399673291587
1780133370,0.029606156631960163
1780133385,0.029690944262000085
1780133400,0.030100184195157014
1780133415,0.03014446084350821
1780133430,0.02981610426709516
1780133445,0.030086667564776143
1780133460,0.03038338801743898
1780133475,0.03015751918502894
1780133490,0.030734129647027247
1780133505,0.031133808179904132
1780133520,0.030977430087222372
1780133535,0.031017872417053075
1780133550,0.03064958828911254
1780133565,0.03020696526425434
1780133580,0.029586343348824373
1780133595,0.029073760358957926
1780133610,0.029138280243049167
1780133625,0.028568769774799926
1780133640,0.028497168848046043
1780133655,0.029419940696812454
1780133670,0.029904362024725913
1780133685,0.02958689988835132
1780133700,0.029065163724439888
1780133715,0.029350200218420094
1780133730,0.029119123687813785
1780133745,0.029260921329792102
1780133760,0.029364086888055203
1780133775,0.029135687732342003
1780133790,0.029214112376330034
1780133805,0.028673163418290855
1780133820,0.02943800178412132
1780133835,0.029572633725781033
1780133850,0.030123295348402763
1780133865,0.030290122580339817
1780133880,0.031028245443161268
1780133895,0.03132126402010518
1780133910,0.03138930163447251
1780133925,0.03147711184521
1780133940,0.03136461958055112
1780133955,0.03125590179414542
1780133970,0.030903928064363467
1780133985,0.031535152002269404
1780134000,0.03165964696417586
1780134015,0.031033829242869328
1780134030,0.03147516116799393
1780134045,0.030868561195155284
1780134060,0.030626946135613703
1780134075,0.030290340591848132
1780134090,0.03027625337177937
1780134105,0.030764940979644953
1780134120,0.030150989402607145
1780134135,0.03029024241571717
1780134150,0.029630669849740207
1780134165,0.029851445709733353
1780134180,0.028723057585773478
1780134195,0.028291019674699353
1780134210,0.027962777118876018
1780134225,0.028641754307451334
1780134240,0.028390468597750025
1780134255,0.028697670266892798
1780134270,0.028177722816005658
1780134285,0.02770204907220121
1780134300,0.027950445555314056
1780134315,0.02824834465560237
1780134330,0.028150363092695425
1780134345,0.028305926687221646
1780134360,0.028140746434366724
1780134375,0.028906879159072602
1780134390,0.02867734787796148
1780134405,0.028448783772409728
1780134420,0.028340761920780427
1780134435,0.028029540114132258
1780134450,0.02767411631514948
1780134465,0.02803387426473656
1780134480,0.028429431832540118
1780134495,0.028591911609665586
1780134510,0.02899040696445928
1780134525,0.028752082710300334
1780134540,0.028454242501922584
1780134555,0.028596000860030103
1780134570,0.028437882229599858
1780134585,0.028106120304701863
1780134600,0.027798747724144056
1780134615,0.027421892560125876
1780134630,0.026700116477018192
1780134645,0.026384394102840703
1780134660,0.02671118530884808
1780134675,0.02658273707091749
1780134690,0.026195797943674565
1780134705,0.025889239081494823
1780134720,0.025419902474264042
1780134735,0.02602398732744965
1780134750,0.02533978346003225
1780134765,0.024869050330220906
1780134780,0.024140453547915143
1780134795,0.024335677107113506
1780134810,0.02399157547731331
1780134825,0.023766919018123424
1780134840,0.02404727006229388
1780134855,0.02459719276075281
1780134870,0.02507140590288797
1780134885,0.02541099321462726
1780134900,0.025280390738060782
1780134915,0.025665748393021118
1780134930,0.02607178922243643
1780134945,0.02588699683297379
1780134960,0.02615101289134438
1780134975,0.026205305651672433
1780134990,0.027036985859702458
1780135005,0.02715640246709012
1780135020,0.02766562672049917
1780135035,0.026960336318771705
1780135050,0.027391006619493268
1780135065,0.027220630372492834
1780135080,0.02778297474275023
1780135095,0.02741514360313316
1780135110,0.028202987290101122
1780135125,0.027993129381180076
1780135140,0.027777777777777776
1780135155,0.02744226942477671
1780135170,0.02726934869460188
1780135185,0.027393444145231677
1780135200,0.027753526627762714
1780135215,0.02806874348161248
1780135230,0.02785066519357363
1780135245,0.028131126612866455
1780135260,0.028382299601015598
1780135275,0.027927397818313496
1780135290,0.028083355692692963
1780135305,0.027649148046576446
1780135320,0.027915052758114064
1780135335,0.027987226115497213
1780135350,0.028249834473626136
1780135365,0.028112794540538225
1780135380,0.02828927508732589
1780135395,0.028451046824776303
1780135410,0.028995043207439574
1780135425,0.029385926381446017
1780135440,0.029546455306032587
1780135455,0.030007501875468873
1780135470,0.02977448907681466
1780135485,0.03024776477914684
1780135500,0.02998212689901698
1780135515,0.029921047909563972
1780135530,0.030356125980113013
1780135545,0.030217477612598707
1780135560,0.030237485653747686
1780135575,0.030028943560057884
1780135590,0.030413238168841207
1780135605,0.031223093306747638
1780135620,0.030593607305936077
1780135635,0.03129127761329993
1780135650,0.03114724150529777
1780135665,0.03186385444011949
1780135680,0.03168469860896445
1780135695,0.03149819494584838
1780135710,0.03100068383861409
1780135725,0.030724742454364726
1780135740,0.03061365203401517
1780135755,0.02995910490281671
1780135770,0.03000691403549205
1780135785,0.02968605724838412
1780135800,0.02972012033913758
1780135815,0.029620090148100454
1780135830,0.029441718359411173
1780135845,0.02890039766947193
1780135860,0.02890520386018377
1780135875,0.02906184724366543
1780135890,0.028454172366621067
1780135905,0.028340448723771457
1780135920,0.028122683469236468
1780135935,0.027908713305642416
1780135950,0.027698498105085855
1780135965,0.027255639097744363
1780135980,0.027480772838116677
1780135995,0.027954556168387303
1780136010,0.028126898098397423
1780136025,0.027792026113313124
1780136040,0.027516624627379038
1780136055,0.028185046899189513
1780136070,0.028297142857142858
1780136085,0.02866331096196868
1780136100,0.028826387591104462
1780136115,0.028340270308188746
1780136130,0.027992908463189324
1780136145,0.02823749415614773
1780136160,0.028371099554234773
1780136175,0.02799662352279122
1780136190,0.028014616321559077
1780136205,0.02809986908546849
1780136220,0.028509279400194383
1780136235,0.02834177391627561
1780136250,0.02819566657205034
1780136265,0.028192215371581876
1780136280,0.028102275392915793
1780136295,0.028013582342954164
1780136310,0.02812912969605437
1780136325,0.028226379351172146
1780136340,0.028015711513889544
1780136355,0.027542372881355928
1780136370,0.02716175922474842
1780136385,0.02685884237016701
1780136400,0.026682920222131926
1780136415,0.02691796212225432
1780136430,0.0274427706730988
1780136445,0.02776889700844942
1780136460,0.026872446663640488
1780136475,0.027427019687712155
1780136490,0.02736889489083952
1780136505,0.02743153285975964
1780136520,0.027651210578039848
1780136535,0.02780748663101604
1780136550,0.028122669240556307
1780136565,0.02837795696529603
1780136580,0.028082099897151543
1780136595,0.028075045896207403
1780136610,0.0281293323196637
1780136625,0.028172805168005022
1780136640,0.028780860727616132
1780136655,0.029116511469452645
1780136670,0.028851833340905995
1780136685,0.029241616198137945
1780136700,0.029550244383659927
1780136715,0.029065022218191714
1780136730,0.02862490869247626
1780136745,0.02845472486116848
1780136760,0.028899609464736964
1780136775,0.029136076095488763
1780136790,0.029278754254277593
1780136805,0.02923622120675184
1780136820,0.02929222144358795
1780136835,0.029496603703359082
1780136850,0.029437428243398397
1780136865,0.029178574721121047
1780136880,0.028770665927773158
1780136895,0.02897745683469889
1780136910,0.028712135290838135
1780136925,0.028283108827477667
1780136940,0.027750931934281374
1780136955,0.02779439510376881
1780136970,0.027789279963193
1780136985,0.027993413314514225
1780137000,0.02790304396843292
1780137015,0.028360277136258657
1780137030,0.028495102404274265
1780137045,0.028376738541958366
1780137060,0.02835347640273884
1780137075,0.028226359851777297
1780137090,0.02817158225828509
1780137105,0.028071303868418638
1780137120,0.0276327341620073
1780137135,0.02820227841066963
1780137150,0.027779063845548405
1780137165,0.028351337800264366
1780137180,0.028559602649006623
1780137195,0.028607080136796373
1780137210,0.02891947182443742
1780137225,0.02882246292594487
1780137240,0.02893157821294014
1780137255,0.028604868913857683
1780137270,0.029148817284410503
1780137285,0.028808319280494668
1780137300,0.028967136150234746
1780137315,0.02847460817997835
1780137330,0.0283579318667038
1780137345,0.029006976966453216
1780137360,0.028580987430100846
1780137375,0.02847248941900731
1780137390,0.028356203819211202
1780137405,0.02807879400857294
1780137420,0.02789413556740289
1780137435,0.02761877504293074
1780137450,0.028069670361307038
1780137465,0.027824337914850818
1780137480,0.028233235077376566
1780137495,0.028716528162511544
1780137510,0.028547399897210668
1780137525,0.02868756716348176
1780137540,0.029513641755634635
1780137555,0.02965882960251537
1780137570,0.029598506069094307
1780137585,0.029695619896065333
1780137600,0.029806397697200424
1780137615,0.0304247460757156
1780137630,0.030571718851020592
1780137645,0.03118890656967493
1780137660,0.031358092117240124
1780137675,0.03177995632579101
1780137690,0.03195689535045752
1780137705,0.03236275964391692
1780137720,0.0323789259447708
1780137735,0.032538361989277134
1780137750,0.03246304738223511
1780137765,0.03255166008822846
1780137780,0.03176387912860154
1780137795,0.0312005951827397
1780137810,0.030881681132937416
1780137825,0.030379630480742714
1780137840,0.03048054919908466
1780137855,0.030757896675568653
1780137870,0.03075786265182654
1780137885,0.030750706247394993
1780137900,0.030420711974110032
1780137915,0.03032413857156125
1780137930,0.029361047676748853
1780137945,0.029421333953056003
1780137960,0.028700554442529003
1780137975,0.02888633754305396
1780137990,0.02855826807922617
1780138005,0.02842832629968001
1780138020,0.02831033020867681
1780138035,0.028279210067398787
1780138050,0.027878673522335955
1780138065,0.02756726032588102
1780138080,0.02720441358318273
1780138095,0.027358085887231307
1780138110,0.02745265962508326
1780138125,0.027771161815843378
1780138140,0.027372861495195692
1780138155,0.026425918089058167
1780138170,0.02652383402722552
1780138185,0.026841564746522266
1780138200,0.026860872032535704
1780138215,0.026754116925399894
1780138230,0.027234800543758497
1780138245,0.02714359383057522
1780138260,0.02669846168233039
1780138275,0.026444340065758572
1780138290,0.026501849510699067
1780138305,0.026727723003597964
1780138320,0.027095176966807258
1780138335,0.026837913731989134
1780138350,0.026892384335070806
1780138365,0.02695115103874228
1780138380,0.02741587777673634
1780138395,0.027926657263751764
1780138410,0.027357474118143064
1780138425,0.027436006222599344
1780138440,0.027894983591186123
1780138455,0.027916392053478952
1780138470,0.027690577706976523
1780138485,0.027477919528949953
1780138500,0.02757472008883131
1780138515,0.027642049420633814
1780138530,0.027415626444752657
1780138545,0.026925426436727594
1780138560,0.02751561252758604
1780138575,0.02738056167659056
1780138590,0.027109422634960835
1780138605,0.027720546918898668
1780138620,0.02658970476911431
1780138635,0.027326266195524147
1780138650,0.028289073111329683
1780138665,0.0281991624011168
1780138680,0.028183424797693236
1780138695,0.028066092622760063
1780138710,0.028257679746296213
1780138725,0.028597130817669618
1780138740,0.028259838786154574
1780138755,0.028281674046564783
1780138770,0.028898398807520317
1780138785,0.028874939642684696
1780138800,0.028337927365926784
1780138815,0.028445747800586507
1780138830,0.02796931144993687
1780138845,0.028268037238169123
1780138860,0.027658536585365857
1780138875,0.027993025958930648
1780138890,0.027914776089958574
1780138905,0.028572828857086844
1780138920,0.028194567029518485
1780138935,0.02756059421422987
1780138950,0.027346601138630727
1780138965,0.027451362816324543
1780138980,0.027467727846258373
1780138995,0.027511846049705063
1780139010,0.02725756492732905
1780139025,0.02688274547187798
1780139040,0.026671135797739897
1780139055,0.026543538171445148
1780139070,0.02635502332515751
1780139085,0.026218683239463976
1780139100,0.026249515691592406
1780139115,0.026724345109348714
1780139130,0.026938113855249354
1780139145,0.02720410197977496
1780139160,0.027195467422096314
1780139175,0.027605901951451687
1780139190,0.027604630454140695
1780139205,0.02681152662501166
1780139220,0.02713678276240982
1780139235,0.027638550766146353
1780139250,0.027224880382775117
1780139265,0.027352560103651804
1780139280,0.02710155952833777
1780139295,0.027278393019799608
1780139310,0.0268783777320771
1780139325,0.027269688141745067
1780139340,0.02693409742120344
1780139355,0.02673897665644895
1780139370,0.02658970476911431
1780139385,0.02700650244434952
1780139400,0.027063211246055274
1780139415,0.026976521322472448
1780139430,0.02731716668264162
1780139445,0.026998411858125994
1780139460,0.0267369337136779
1780139475,0.026580942327991554
1780139490,0.026333270070222053
1780139505,0.026435690555291883
1780139520,0.026527667892213898
1780139535,0.026617564795823234
1780139550,0.026815849091497528
1780139565,0.02739275478081098
1780139580,0.02711083963726918
1780139595,0.027242462606086183
1780139610,0.027659574468085105
1780139625,0.02811753128075355
1780139640,0.02852993535088541
1780139655,0.029096334980882217
1780139670,0.028802003617642964
1780139685,0.028645952500800806
1780139700,0.02905646563558159
1780139715,0.028638089574088477
1780139730,0.02824262986566412
1780139745,0.02793065492570171
1780139760,0.028063096111518714
1780139775,0.02779431292641605
1780139790,0.028310586499446698
1780139805,0.028593721314485038
1780139820,0.028074928761620033
1780139835,0.02782256207103045
1780139850,0.0274524327577427
1780139865,0.02771067863816599
1780139880,0.027536037845316202
1780139895,0.026901835025832887
1780139910,0.026908218995604104
1780139925,0.026411576704545456
1780139940,0.02627016935591412
1780139955,0.026327512473271565
1780139970,0.026544724514833813
1780139985,0.02636375761347974
1780140000,0.025930554315808263
1780140015,0.0265636105188344
1780140030,0.02659830857543491
1780140045,0.027000879507475817
1780140060,0.02697978756778559
1780140075,0.027452203752395384
1780140090,0.027571627760536135
1780140105,0.027507943713118477
1780140120,0.028292064641709292
1780140135,0.02862098872506505
1780140150,0.028572736846925226
1780140165,0.028776000362532292
1780140180,0.029097171863669325
1780140195,0.029513080718741272
1780140210,0.02959741899284612
1780140225,0.02947249859207809
1780140240,0.02939652329580252
1780140255,0.029631733409069393
1780140270,0.030082987551867217
1780140285,0.030002843871457005
1780140300,0.03045977011494253
1780140315,0.030394844418794784
1780140330,0.03042615972524549
1780140345,0.030484589943919855
1780140360,0.03050492552229572
1780140375,0.030389135041417832
1780140390,0.029626386456509043
1780140405,0.029898714452668486
1780140420,0.029396070822216833
1780140435,0.029088966588966585
1780140450,0.028866179105923376
1780140465,0.028837622005323867
1780140480,0.028572819314641746
1780140495,0.028666760656045863
1780140510,0.02806872473355384
1780140525,0.028392484342379964
1780140540,0.028424497428705002
1780140555,0.02751005895012632
1780140570,0.027965421134678068
1780140585,0.028110750716871153
1780140600,0.0278703138929292
1780140615,0.027425663258093397
1780140630,0.02710829222457129
1780140645,0.026927727653241557
1780140660,0.026419957654423273
1780140675,0.026429490715205
1780140690,0.026381852206855634
1780140705,0.025959730312342336
1780140720,0.026583375131092973
1780140735,0.026250687190764153
1780140750,0.026155745575929396
1780140765,0.02606591801332968
1780140780,0.02577056778679027
1780140795,0.026100599030141673
1780140810,0.026733897821330038
1780140825,0.026617044330334006
1780140840,0.026775265646210737
1780140855,0.02702318977756744
1780140870,0.02707156308851224
1780140885,0.026878694061356602
1780140900,0.026898290837769682
1780140915,0.027312692919277896
1780140930,0.027966180432964786
1780140945,0.02848341232227488
1780140960,0.02898414341504729
1780140975,0.029207297158587223
1780140990,0.029723793055101175
1780141005,0.029630669849740207
1780141020,0.02967121090617482
1780141035,0.030097677244473525
1780141050,0.030341638354095885
1780141065,0.030304462934947048
1780141080,0.030482321200359725
1780141095,0.030333191146499835
1780141110,0.030094460530687803
1780141125,0.030119913133792843
1780141140,0.030023640661938536
1780141155,0.029946771580652627
1780141170,0.029715401785714284
1780141185,0.029520120914415266
1780141200,0.03024708889520023
1780141215,0.030155231440228865
1780141230,0.029941531497548097
1780141245,0.029334212261041527
1780141260,0.028987549917782476
1780141275,0.02885698198198198
1780141290,0.02888408792034567
1780141305,0.02903742811350995
1780141320,0.02889986611883108
1780141335,0.028582068708686344
1780141350,0.02868348927322559
1780141365,0.028031600989910522
1780141380,0.02798569725864124
1780141395,0.028119927432445336
1780141410,0.027931363203050525
1780141425,0.02787003610108303
1780141440,0.027739117915246914
1780141455,0.02765752765752766
1780141470,0.027607361963190184
1780141485,0.02787242097293205
1780141500,0.02746760895170789
1780141515,0.027185019723397184
1780141530,0.027072595019027892
1780141545,0.027828423375875634
1780141560,0.027261282200271162
1780141575,0.027538642144394446
1780141590,0.0275010932413391
1780141605,0.02743917245398475
1780141620,0.026879626022594465
1780141635,0.026716811565888444
1780141650,0.026471579150021657
1780141665,0.026896284829721367
1780141680,0.027103385528899102
1780141695,0.026676865707319405
1780141710,0.02705836876691148
1780141725,0.027059502066711524
1780141740,0.02688458004932063
1780141755,0.027042716849692807
1780141770,0.02756589746065463
1780141785,0.028192052342923123
1780141800,0.02815282964665326
1780141815,0.027930270634691324
1780141830,0.027696517882419554
1780141845,0.027317531095986856
1780141860,0.02727911881884228
1780141875,0.026726372849399008
1780141890,0.02712903986789337
1780141905,0.027460920997042667
1780141920,0.02828548606869332
1780141935,0.0282099343955014
1780141950,0.028475241969420678
1780141965,0.02862337420166892
1780141980,0.02851782363977486
1780141995,0.02844019671522688
1780142010,0.028883035260409445
1780142025,0.02953410981697172
1780142040,0.029756281881730587
1780142055,0.029354853933644818
1780142070,0.02937820878494011
1780142085,0.028959361944549948
1780142100,0.028158295281582955
1780142115,0.028808359697056855
1780142130,0.029101543772173753
1780142145,0.02949640287769785
1780142160,0.029486993870952178
1780142175,0.030104151804822375
1780142190,0.030255308995466475
1780142205,0.02959964890037548
1780142220,0.029647782422757202
1780142235,0.029712118264929
1780142250,0.030387941446446687
1780142265,0.030437295318821035
1780142280,0.03067218798151002
1780142295,0.030482278299861658
1780142310,0.030564562273507533
1780142325,0.03012134189864383
1780142340,0.030283265001863586
1780142355,0.03063213589529379
1780142370,0.03005438859714929
1780142385,0.03029032107740342
1780142400,0.030845357010728824
1780142415,0.03141818850913105
1780142430,0.031549815498154984
1780142445,0.030981383589979317
1780142460,0.03076782198617279
1780142475,0.03019919590643275
1780142490,0.030307148681706985
1780142505,0.030141607848359748
1780142520,0.02933016250495442
1780142535,0.029500354358610915
1780142550,0.029127516778523488
1780142565,0.029106215296435606
1780142580,0.02927093685066402
1780142595,0.029378734108979836
1780142610,0.029430294302943034
1780142625,0.029686290579611162
1780142640,0.029256769035071774
1780142655,0.029625921543642488
1780142670,0.029444869659177888
1780142685,0.029222252473001174
1780142700,0.029229366165070676
1780142715,0.02898816622328227
1780142730,0.028749534797171565
1780142745,0.028396539027982323
1780142760,0.028661975113016734
1780142775,0.029161205766710354
1780142790,0.028878662659654393
1780142805,0.02966502649507949
1780142820,0.029962192816635157
1780142835,0.02981651376146789
1780142850,0.029752686658219535
1780142865,0.029569766898678
1780142880,0.02926303961045042
1780142895,0.028836987607244995
1780142910,0.028727377190462512
1780142925,0.02847634894223913
1780142940,0.02858231707317073
1780142955,0.028321925890960584
1780142970,0.02892249527410208
1780142985,0.028688331844048346
1780143000,0.029219096093124088
1780143015,0.02870481649255801
1780143030,0.02900571747315577
1780143045,0.02923839820359281
1780143060,0.028911079410366147
1780143075,0.02904603701945895
1780143090,0.02874597461640463
1780143105,0.028662269254496275
1780143120,0.028537680132293887
1780143135,0.02859857482185273
1780143150,0.028559229564969875
1780143165,0.029223569859612268
1780143180,0.029690250749393347
1780143195,0.03030161764020325
1780143210,0.03054399176762243
1780143225,0.030402861445783132
1780143240,0.03017323434228061
1780143255,0.0301566457180377
1780143270,0.030523323547229596
1780143285,0.029885485522763242
1780143300,0.029904744458692067
1780143315,0.03039527487505679
1780143330,0.030318046670871252
1780143345,0.0302239136206744
1780143360,0.030242111703522426
1780143375,0.030168041282582814
1780143390,0.02986883684688975
1780143405,0.029263674312518827
1780143420,0.029132036672093225
1780143435,0.029142275388139478
1780143450,0.028832332797835463
1780143465,0.028100080165393865
1780143480,0.027801144010767158
1780143495,0.027625235799622724
1780143510,0.02785386203699802
1780143525,0.027864927344782037
1780143540,0.027647473950765913
1780143555,0.027564637197664724
1780143570,0.02731650614413816
1780143585,0.02718641515747208
1780143600,0.02759515933168628
1780143615,0.02661225183862603
1780143630,0.02656766384823383
1780143645,0.026830203142966653
1780143660,0.0266086519956489
1780143675,0.026608012300333137
1780143690,0.026946752184580952
1780143705,0.02768344581524309
1780143720,0.027347668687573604
1780143735,0.027234453118147525
1780143750,0.027231201686577656
1780143765,0.027649363800466696
1780143780,0.027870234766786493
1780143795,0.027276746242263485
1780143810,0.027739009071877183
1780143825,0.02765995051254861
1780143840,0.027885220832958534
1780143855,0.028236789540584714
1780143870,0.028803578764778386
1780143885,0.02913239103758579
1780143900,0.028939932549448544
1780143915,0.02968443165730465
1780143930,0.029852793270549512
1780143945,0.03029469728218525
1780143960,0.030037432666849266
1780143975,0.029783929468731443
1780143990,0.03024323083983479
1780144005,0.030621656520937096
1780144020,0.03061737421742905
1780144035,0.030606692663462408
1780144050,0.030949011731410046
1780144065,0.030826310003664342
1780144080,0.030562066271427914
1780144095,0.030314164982546393
1780144110,0.030081375148578216
1780144125,0.030191391859106832
1780144140,0.029927434984450357
1780144155,0.03006671474936891
1780144170,0.02930971512052593
1780144185,0.02912753504831904
1780144200,0.028899355251726187
1780144215,0.028835168852533934
1780144230,0.02833158447009444
1780144245,0.02770019687743236
1780144260,0.027855408439089204
1780144275,0.02752042353155949
1780144290,0.027823827232402884
1780144305,0.027391715018216165
1780144320,0.02787753636200395
1780144335,0.028374931681544906
1780144350,0.027919708029197084
1780144365,0.028260471922443756
1780144380,0.028551755795271975
1780144395,0.028913672036348616
1780144410,0.028853211009174314
1780144425,0.028272727272727272
1780144440,0.028321551567881097
1780144455,0.028430325680726107
1780144470,0.02828759800427655
1780144485,0.02872587562544675
1780144500,0.028495662726414673
1780144515,0.02818555490311216
1780144530,0.02866717992844527
1780144545,0.02884003996729949
1780144560,0.029022426420415776
1780144575,0.029704319389562615
1780144590,0.0296144193474789
1780144605,0.029348571428571425
1780144620,0.029346927528244703
1780144635,0.02936511533058413
1780144650,0.02969131891011134
1780144665,0.029634040214354413
1780144680,0.029232310354248246
1780144695,0.029495977821206196
1780144710,0.029685362517099856
1780144725,0.030582724893235984
1780144740,0.03082381127902691
1780144755,0.0311228264890862
1780144770,0.03150369003690037
1780144785,0.03118800461361015
1780144800,0.03147444988334324
1780144815,0.031638056975894814
1780144830,0.03178206583427923
1780144845,0.031600963943072796
1780144860,0.031567439529904796
1780144875,0.03140119091924079
1780144890,0.03058032587889258
1780144905,0.030651702348391964
1780144920,0.030279800689919513
1780144920,0.030279800689919513
1780144935,0.03002175489485134
1780144950,0.02997248427672956
1780144965,0.030314999506270365
1780144980,0.030848457577121145
1780144995,0.030290730123293922
1780145010,0.029843750000000002
1780145025,0.029075179324316927
1780145040,0.029056087551299587
1780145055,0.028463319591122152
1780145070,0.028646594562993274
1780145085,0.029277383671997115
1780145100,0.029168753129694542
1780145115,0.02902237005152286
1780145130,0.02921195652173913
1780145145,0.029162210338680924
1780145160,0.02917615932975674
1780145175,0.029560308972073675
1780145190,0.029763281671678615
1780145205,0.02967359050445104
1780145220,0.02900232018561485
1780145235,0.028997940974605355
1780145250,0.02889613249933927
1780145265,0.028622862286228623
1780145280,0.028085185529619635
1780145295,0.028741138149070703
1780145310,0.028925220083196288
1780145325,0.028596961572832886
1780145340,0.02858570714642679
1780145355,0.029061553985872852
1780145370,0.030038563020093362
1780145385,0.029637199795605522
1780145400,0.030371666838258007
1780145415,0.03024966331710349
1780145430,0.030610134436401235
1780145445,0.031110186244927687
1780145460,0.031893962928445686
1780145475,0.03093843149347312
1780145490,0.031029907114422786
1780145505,0.03133612330305195
1780145520,0.031272355646397555
1780145535,0.03184454166242751
1780145550,0.03127856199857825
1780145565,0.03115772324610528
1780145580,0.030786312708186128
1780145595,0.03123123123123123
1780145610,0.031190832087693077
1780145625,0.031666499649263456
1780145640,0.03128457901619556
1780145655,0.030813721579577187
1780145670,0.029810568295114657
1780145685,0.029379760609357996
1780145700,0.029171183601064354
1780145715,0.028326095538886695
1780145730,0.028350515463917522
1780145745,0.02839776803507373
1780145760,0.02678302738489317
1780145775,0.02701879126460132
1780145790,0.026294250051156126
1780145805,0.02658318792979575
1780145820,0.02654136114840442
1780145835,0.026283112582781456
1780145850,0.027419853623337796
1780145865,0.028235294117647056
1780145880,0.02825324809239018
1780145895,0.02755620014503263
1780145910,0.02679962605172951
1780145925,0.026261585993820797
1780145940,0.026277823577906013
1780145955,0.02607232968881413
1780145970,0.02657283898750131
1780145985,0.025991937194992574
1780146000,0.02553146031406901
1780146015,0.025917235494880543
1780146030,0.025321842749228638
1780146045,0.025130344108446296
1780146060,0.025475089881869542
1780146075,0.025762085599917887
1780146090,0.02592630397060325
1780146105,0.025025746652935114
1780146120,0.025523226135783564
1780146135,0.025071633237822348
1780146150,0.024966880668500967
1780146165,0.023672883787661407
1780146180,0.023578646524446256
1780146195,0.02490634808140123
1780146210,0.025667038652734096
1780146225,0.0256514657980456
1780146240,0.025063938618925828
1780146255,0.02587165234967155
1780146270,0.026115342763873773
1780146285,0.026936359151455348
1780146300,0.027548743816083035
1780146315,0.027953637868900358
1780146330,0.02800819752122572
1780146345,0.028330019880715703
1780146360,0.028202346908588898
1780146375,0.027827292533174886
1780146390,0.02815640234802507
1780146405,0.028146679881070367
1780146420,0.02823179791976226
1780146435,0.028003972194637534
1780146450,0.028522987932582025
1780146465,0.02928870292887029
1780146480,0.029710947728875014
1780146495,0.030138090918254205
1780146510,0.030123506376142185
1780146525,0.030687397708674305
1780146540,0.03078491335372069
1780146555,0.030648167322427002
1780146570,0.03035274815422477
1780146585,0.0297029702970297
1780146600,0.028773241923756104
1780146615,0.02795609857113274
1780146630,0.028742762613730356
1780146645,0.028732629819245636
1780146660,0.02862814752899383
1780146675,0.028467153284671535
1780146690,0.027774909654104285
1780146705,0.027578429362312893
1780146720,0.027902698282910872
1780146735,0.028306689746461663
1780146750,0.028262422201816143
1780146765,0.026850433894844303
1780146780,0.02679026179077111
1780146795,0.025837706903512312
1780146810,0.025464834276475345
1780146825,0.024982512241431
1780146840,0.024742061504557745
1780146855,0.024392702348553574
1780146870,0.02469010363747206
1780146885,0.024616626311541562
1780146900,0.02491744220954668
1780146915,0.024495532577050495
1780146930,0.025002500250025
1780146945,0.025625625625625623
1780146960,0.02606255012028869
1780146975,0.026773897994502697
1780146990,0.026977687626774844
1780147005,0.026662611516626113
1780147020,0.025876882644293945
1780147035,0.026047450782433115
1780147050,0.02625250501002004
1780147065,0.026545126715416208
1780147080,0.02676299989823954
1780147095,0.027193691872219976
1780147110,0.027861294848667065
1780147125,0.028565760761753625
1780147140,0.028701055330900484
1780147155,0.02893007747376679
1780147170,0.02962096852772094
1780147185,0.030095759233926128
1780147200,0.029400311526479747
1780147215,0.02950565928219019
1780147230,0.02960526315789473
1780147245,0.028610222092910483
1780147260,0.029246562076312217
1780147275,0.029312830370014413
1780147290,0.02900631820792648
1780147305,0.029392117568470277
1780147320,0.02917388792605431
1780147335,0.029157352512391873
1780147350,0.02904361431644827
1780147365,0.028700609396500886
1780147380,0.02909409360708378
1780147395,0.02769809081016916
1780147410,0.026937380641270478
1780147425,0.02701345651737297
1780147440,0.027609834744054818
1780147455,0.027339750153594102
1780147470,0.026364572605561274
1780147485,0.025866528711846873
1780147500,0.027228491562273523
1780147515,0.027664683161081536
1780147530,0.02791666666666667
1780147545,0.027660917122423224
1780147560,0.027450567942785022
1780147575,0.026830808080808084
1780147590,0.026800847457627123
1780147605,0.026656674874210473
1780147620,0.02727466439377797
1780147635,0.02854088722608231
1780147650,0.02857142857142857
1780147665,0.027853334784027853
1780147680,0.027660266840221284
1780147695,0.028102031993082578
1780147710,0.029650170648464164
1780147725,0.02898706896551724
1780147740,0.02867843766720171
1780147755,0.02883172561629153
1780147770,0.030153977758768175
1780147785,0.030479267635971998
1780147800,0.029386712095400343
1780147815,0.029002568493150686
1780147830,0.028635062042634427
1780147845,0.02858046825564227
1780147860,0.028847162488198887
1780147875,0.029537626552551922
1780147890,0.028471937730438348
1780147905,0.027696939287506276
1780147920,0.02791605661298194
1780147935,0.027809307604994324
1780147950,0.028563656147986945
1780147965,0.02875931608943446
1780147980,0.02874049027895182
1780147995,0.02824765971423879
1780148010,0.027306743093702728
1780148025,0.02814016990291262
1780148040,0.027524264812400407
1780148055,0.0272316776658562
1780148070,0.026540472566020247
1780148085,0.02661201119135923
1780148100,0.026949648347544656
1780148115,0.02689544617942172
1780148130,0.027485346838900585
1780148145,0.02803789198606272
1780148160,0.02823651992706434
1780148175,0.02809157252824153
1780148190,0.028279467680608367
1780148205,0.02845397016028454
1780148220,0.027832186944836697
1780148235,0.02836004932182491
1780148250,0.027978378378378375
1780148265,0.02776251848721741
1780148280,0.027882348074297767
1780148295,0.02775866952616032
1780148310,0.027739085445934647
1780148325,0.026902654867256636
1780148340,0.026611308817714507
1780148355,0.026915757175593268
1780148370,0.02663364450371499
1780148385,0.02633457304932567
1780148400,0.02590924319696236
1780148415,0.025970149253731343
1780148430,0.025478898533373238
1780148445,0.025439793751895663
1780148460,0.025348494578973216
1780148475,0.025503659548781407
1780148490,0.0251894867830612
1780148505,0.025240384615384612
1780148520,0.025001857493127274
1780148535,0.02477955128920638
1780148550,0.02500095132995928
1780148565,0.02531354274536877
1780148580,0.025328618648627874
1780148595,0.02573557953575033
1780148610,0.026534316944111853
1780148625,0.02665448176071891
1780148640,0.02709726734186891
1780148655,0.026933511579444028
1780148670,0.02691040326376902
1780148685,0.027285819936942898
1780148700,0.027761756450186487
1780148715,0.027943339267745185
1780148730,0.027852066936654696
1780148745,0.027316004231524856
1780148760,0.027147937139142736
1780148775,0.02719421101774043
1780148790,0.027318587504850604
1780148805,0.027485219842606004
1780148820,0.027833235466823255
1780148835,0.027714341010257403
1780148850,0.02724642038408058
1780148865,0.02698151335977846
1780148880,0.026819488576183995
1780148895,0.026773256910139896
1780148910,0.026444187865469846
1780148925,0.026627109215649918
1780148940,0.02687359457367199
1780148955,0.027008310249307475
1780148970,0.02672921667030329
1780148985,0.026363003917835307
1780149000,0.026150588759704323
1780149015,0.02613606999150947
1780149030,0.026409550045913683
1780149045,0.02684017893452623
1780149060,0.026861229082725323
1780149075,0.027948975204242513
1780149090,0.028117446324470358
1780149105,0.027846265409717182
1780149120,0.027842896815378514
1780149135,0.02782671220564444
1780149150,0.02815674891146589
1780149165,0.02848992561565682
1780149180,0.028448892065761257
1780149195,0.02811638368886954
1780149210,0.02764274831313937
1780149225,0.027816209131289595
1780149240,0.027788906289835012
1780149255,0.027487530491134816
1780149270,0.02778283508720824
1780149285,0.02817204301075269
1780149300,0.028088678433060694
1780149315,0.0283966168796113
1780149330,0.028151061582723333
1780149345,0.02848722986247544
1780149360,0.02814563429119481
1780149375,0.02773474957586487
1780149390,0.02776362710137545
1780149405,0.027324395220052464
1780149420,0.027379448696039827
1780149435,0.027565592826303557
1780149450,0.027585444902769596
1780149465,0.02742035998387038
1780149480,0.027693322099710614
1780149495,0.027712370947292158
1780149510,0.02774774774774775
1780149525,0.027929130732869054
1780149540,0.027874564459930317
1780149555,0.027893696463869976
1780149570,0.027900471142520613
1780149585,0.027060316512391762
1780149600,0.027056116389548693
1780149615,0.026332475476483534
1780149630,0.025920924300397635
1780149645,0.025532731810328276
1780149660,0.02564395671391556
1780149675,0.02563314246185773
1780149690,0.02537896187413872
1780149705,0.02551137669501264
1780149720,0.025141776937618144
1780149735,0.024718588378460603
1780149750,0.024400768898827037
1780149765,0.02490149724192277
1780149780,0.02467150421651304
1780149795,0.0257464900138422
1780149810,0.02734222638271316
1780149825,0.02726958923023818
1780149840,0.027952970489760958
1780149855,0.028014756744293292
1780149870,0.028377757352941173
1780149885,0.028655260450405822
1780149900,0.02856175208850757
1780149915,0.028959855389018598
1780149930,0.02907433013191823
1780149945,0.02921993216801461
1780149960,0.029162782024986008
1780149975,0.029166820890550393
1780149990,0.030047853989687286
1780150005,0.029997029997029998
1780150020,0.0303985171455051
1780150035,0.030499075785582256
1780150050,0.030824034022754535
1780150065,0.030621690672788537
1780150080,0.030922528220024267
1780150095,0.02894540014958863
1780150110,0.02880059690356277
1780150125,0.028661945583302272
1780150140,0.028225362451826018
1780150155,0.028245678558293488
1780150170,0.02830720649599639
1780150185,0.028304355954383995
1780150200,0.028660877343371468
1780150215,0.028950902850320846
1780150230,0.029507704997937836
1780150245,0.029052155188145554
1780150260,0.02974988063319499
1780150275,0.029626593128121038
1780150290,0.029438235955898895
1780150305,0.029012460479821464
1780150320,0.02881694940365953
1780150335,0.028729445826064362
1780150350,0.02902077582449513
1780150365,0.029228088011037687
1780150380,0.02905187298250882
1780150395,0.028942486085343225
1780150410,0.029190900390193623
1780150425,0.029488130563798218
1780150440,0.029440154440154444
1780150455,0.02941500091692646
1780150470,0.02892045036426521
1780150485,0.02945841830953999
1780150500,0.02945093413492637
1780150515,0.028624790364384815
1780150530,0.028598959337059165
1780150545,0.028246641405442648
1780150560,0.02799984699537161
1780150575,0.028072174738841403
1780150590,0.02821365076911185
1780150605,0.028604075414206818
1780150620,0.02939048996840141
1780150635,0.028873696673414048
1780150650,0.02851486656260707
1780150665,0.028687435965544718
1780150680,0.028915114028763334
1780150695,0.028701542229535797
1780150710,0.028785549577248274
1780150725,0.02872524514516439
1780150740,0.028885037550548817
1780150755,0.028394823256712384
1780150770,0.028912993659766257
1780150785,0.028448047274517975
1780150800,0.028209336946978664
1780150815,0.027860355210000763
1780150830,0.027790467488959955
1780150845,0.02966769184607306
1780150860,0.02931941134188325
1780150875,0.02966562703996518
1780150890,0.029498102670580652
1780150905,0.028732991694645695
1780150920,0.02834354080615297
1780150935,0.028887240880036722
1780150950,0.028959401413329637
1780150965,0.029531394196260725
1780150980,0.029743173281900313
1780150995,0.02985772493487409
1780151010,0.03053759226598733
1780151025,0.031246979995490125
1780151040,0.03108723958333333
1780151055,0.03235417948634906
1780151070,0.03260834227380604
1780151085,0.03301457194899818
1780151100,0.03341894060995185
1780151115,0.03367167675190318
1780151130,0.03367858771415543
1780151145,0.03287906853664991
1780151160,0.032543110554255
1780151175,0.032951821465950916
1780151190,0.03324728962312855
1780151205,0.03384195422411983
1780151220,0.03370080937761652
1780151235,0.03326768128916741
1780151250,0.03270149037765881
1780151265,0.03275408499759161
1780151280,0.032445002214675916
1780151295,0.031975438070989966
1780151310,0.03118344995436568
1780151325,0.03146478089865321
1780151340,0.030847732807607563
1780151355,0.031218762014609765
1780151370,0.031354436558897525
1780151385,0.03181766468201297
1780151400,0.03176248472957465
1780151415,0.031556852141739006
1780151430,0.031869737666133185
1780151445,0.03194933646422599
1780151460,0.031849805964409325
1780151475,0.03265834867389377
1780151490,0.033176943699731905
1780151505,0.03317836716947055
1780151520,0.03328076746172547
1780151535,0.03321201091901729
1780151550,0.03325469411498562
1780151565,0.03336772196788961
1780151580,0.033126027132407435
1780151595,0.033288730785548774
1780151610,0.03373890167707991
1780151625,0.03319261383777513
1780151640,0.03280010320583113
1780151655,0.03263766985241532
1780151670,0.03203759077317386
1780151685,0.03170343868018287
1780151700,0.031232120620603772
1780151715,0.03128367339844972
1780151730,0.03138127007659995
1780151745,0.031657805703238284
1780151760,0.031999717753316406
1780151775,0.031914124620500216
1780151790,0.03158894204433407
1780151805,0.031515868905822295
1780151820,0.03205599164765477
1780151835,0.03220261288104515
1780151850,0.032286412960415706
1780151865,0.03230622009569378
1780151880,0.032226976600747845
1780151895,0.03205956089037453
1780151910,0.0315041034756628
1780151925,0.03196294151708165
1780151940,0.031786641857580344
1780151955,0.03172240933657085
1780151970,0.0314435819022975
1780151985,0.03181373508119742
1780152000,0.03217116909104903
1780152015,0.031427475057559474
1780152030,0.031091885211077207
1780152045,0.030070402927488964
1780152060,0.029587673783023728
1780152075,0.029121559541405346
1780152090,0.028628230616302187
1780152105,0.02767498622155736
1780152120,0.027358121330724072
1780152135,0.027572739699277485
1780152150,0.02735864040660737
1780152165,0.026580938565883876
1780152180,0.026838810641627544
1780152195,0.026733990919054332
1780152210,0.02677909200921263
1780152225,0.02716783081850808
1780152240,0.02706386292834891
1780152255,0.029052168101584307
1780152270,0.030434951607260858
1780152285,0.0299063968617703
1780152300,0.029586257706774203
1780152315,0.029984949639177246
1780152330,0.03025947793660659
1780152345,0.030843149411035335
1780152360,0.03072864126639249
1780152375,0.03168839111654753
1780152390,0.03162717925793474
1780152405,0.032513049962714397
1780152420,0.03202232749439977
1780152435,0.03164918290159138
1780152450,0.03273173295952339
1780152465,0.03289403192971178
1780152480,0.03221104277029189
1780152495,0.03204053234381132
1780152510,0.03206541059367224
1780152525,0.031241134751773054
1780152540,0.0310578426263679
1780152555,0.028654296397246388
1780152570,0.02754456789682398
1780152585,0.027631339756407924
1780152600,0.027449705638025065
1780152615,0.027372988609654668
1780152630,0.027322209968337542
1780152645,0.027175648348529462
1780152660,0.027242140298831444
1780152675,0.025971647313088396
1780152690,0.026082732334367177
1780152705,0.025898842169408895
1780152720,0.025743771972933132
1780152735,0.024915280345040054
1780152750,0.025065354451791484
1780152765,0.025497273634897472
1780152780,0.025627315433678338
1780152795,0.025374539179543496
1780152810,0.025355450236966826
1780152825,0.025534418513434003
1780152840,0.025950465373087237
1780152855,0.02671230182147213
1780152870,0.026624600823361932
1780152885,0.026561599077455315
1780152900,0.027301435024183553
1780152915,0.02722235605878102
1780152930,0.02707405908539053
1780152945,0.027116429125658512
1780152960,0.027659662304421417
1780152975,0.02815863790774771
1780152990,0.02855382087099425
1780153005,0.02820425820680295
1780153020,0.028444819582190337
1780153035,0.027860820461717322
1780153050,0.027152539536440465
1780153065,0.027177295547902578
1780153080,0.027106317920747077
1780153095,0.027114923370868734
1780153110,0.027125673994193283
1780153125,0.027666349613332784
1780153140,0.027085500312044937
1780153155,0.026964337489127285
1780153170,0.027199145404494845
1780153185,0.026185710200580085
1780153200,0.026201741481452025
1780153215,0.026418362927674317
1780153230,0.026351405142902632
1780153245,0.026432757739055183
1780153260,0.02618880846758503
1780153275,0.025981161695447407
1780153290,0.02613333333333333
1780153305,0.026281453867660762
1780153320,0.02696470413210845
1780153335,0.027492458665852072
1780153350,0.02792623259315017
1780153365,0.028208424714512594
1780153380,0.02850579906612442
1780153395,0.028481967707861777
1780153410,0.028635993183670442
1780153425,0.02886291968094973
1780153440,0.029171220743979192
1780153455,0.029040740881893366
1780153470,0.02940165718431403
1780153485,0.029818793485740503
1780153500,0.029938717358210704
1780153515,0.030044552758843917
1780153530,0.02952154733627418
1780153545,0.02938954366878211
1780153560,0.028972142170989437
1780153575,0.028829106606027905
1780153590,0.028225961723593512
1780153605,0.027753185265021747
1780153620,0.028098982423681775
1780153635,0.0280980377185615
1780153650,0.027809742999616423
1780153665,0.02755267423014587
1780153680,0.02772199251821225
1780153695,0.02745606220134446
1780153710,0.02672199813838039
1780153725,0.026565764061329863
1780153740,0.02672033735863523
1780153755,0.02679621968345542
1780153770,0.02649305686222858
1780153785,0.02673858159283911
1780153800,0.026496116948378255
1780153815,0.02679524317731362
1780153830,0.026809753137916652
1780153845,0.026831941347643707
1780153860,0.027467323356696344
1780153875,0.02792776019363247
1780153890,0.027233074151336998
1780153905,0.027535462337859362
1780153920,0.02730883813306852
1780153935,0.026983885679537856
1780153950,0.02731301092520437
1780153965,0.02695528637655152
1780153980,0.0268481612393773
1780153995,0.027408700933869868
1780154010,0.027172256097560972
1780154025,0.026484018264840186
1780154040,0.026769802449474845
1780154055,0.027216589159106505
1780154070,0.027406112209213924
1780154085,0.027224185906595463
1780154100,0.027021869394297925
1780154115,0.02697841726618705
1780154130,0.027454630060493253
1780154145,0.02781635802469136
1780154160,0.027336176812718112
1780154175,0.027605699241133656
1780154190,0.0274986576666411
1780154205,0.027310269596384603
1780154220,0.02749365531031301
1780154235,0.02734344612991054
1780154250,0.02738669238187078
1780154265,0.027974476694420672
1780154280,0.027800522478262563
1780154295,0.028062787136294023
1780154310,0.02827561865171183
1780154325,0.028680163214061513
1780154340,0.02848475297454889
1780154355,0.028446130141045394
1780154370,0.02793450384691261
1780154385,0.028261388027665153
1780154400,0.028420151055049445
1780154415,0.02852203975799482
1780154430,0.02834939138019904
1780154445,0.028051886041699826
1780154460,0.027981977709271993
1780154475,0.02817346012705678
1780154490,0.02807554874936192
1780154505,0.028246587198552265
1780154520,0.027808500553009954
1780154535,0.027890220207253884
1780154550,0.028501366779224956
1780154565,0.028923126433082584
1780154580,0.02870066447842447
1780154595,0.02824949055020578
1780154610,0.027904616945712835
1780154625,0.027468679480196094
1780154640,0.02703350237591343
1780154655,0.02697956577266922
1780154670,0.02746791411778817
1780154685,0.027531721331098873
1780154700,0.02780560118594495
1780154715,0.027534027534027537
1780154730,0.02749208087286379
1780154745,0.027391853489106412
1780154760,0.027641446464329183
1780154775,0.02805792096691912
1780154790,0.028290187567818943
1780154805,0.028220718136973726
1780154820,0.02828139047048247
1780154835,0.028950813540302975
1780154850,0.02846039547376843
1780154865,0.028563801388147354
1780154880,0.029105159032110788
1780154895,0.02954769300704598
1780154910,0.030153425489898224
1780154925,0.030314541862938763
1780154940,0.030731979884522254
1780154955,0.030707055446442057
1780154970,0.03080819535797989
1780154985,0.030733305713532447
1780155000,0.03103746289407432
1780155015,0.03173113030416823
1780155030,0.03201000772655359
1780155045,0.03204799882929684
1780155060,0.031438399230683874
1780155075,0.031283994148317645
1780155090,0.03147128245476003
1780155105,0.03156308851224106
1780155120,0.030985809178743964
1780155135,0.0301711197838487
1780155150,0.030226606831584027
1780155165,0.0304754011903865
1780155180,0.03035083765306889
1780155195,0.030275813030949443
1780155210,0.030019391408114562
1780155225,0.02993368651131775
1780155240,0.03018575851393189
1780155255,0.030237111159451824
1780155270,0.029769665362885705
1780155285,0.02986341823551126
1780155300,0.02890642283017477
1780155315,0.028728583639944995
1780155330,0.028621670158635135
1780155345,0.028273698364084558
1780155360,0.02875281438009818
1780155375,0.028530407892799297
1780155390,0.028574630210667865
1780155405,0.028878843351888523
1780155420,0.02915996859695689
1780155435,0.029037495751991844
1780155450,0.028266426101338143
1780155465,0.02818148284765769
1780155480,0.027980758638416627
1780155495,0.027650285458412627
1780155510,0.02747356853234302
1780155525,0.027079598764254927
1780155540,0.027326383565843937
1780155555,0.02661096928908486
1780155570,0.026821549861068234
1780155585,0.027752258459653956
1780155600,0.027504297546491637
1780155615,0.027326238646552058
1780155630,0.02736405926273406
1780155645,0.02753953890943426
1780155660,0.026391121916787573
1780155675,0.026933674855435248
1780155690,0.026652287783084268
1780155705,0.02715036238831154
1780155720,0.02699410609037328
1780155735,0.027204724409448818
1780155750,0.027470622230784055
1780155765,0.02710878417684701
1780155780,0.027888910468052048
1780155795,0.02785536636694088
1780155810,0.028647720770551208
1780155825,0.029029646478275953
1780155840,0.028567016676961085
1780155855,0.028733197242229325
1780155870,0.027794863908965094
1780155885,0.027560420922792275
1780155900,0.027739829993928353
1780155915,0.02817704768423454
1780155930,0.028316509772787418
1780155945,0.028870887242292777
1780155960,0.028970990484262434
1780155975,0.029175784099197667
1780155990,0.029015263035562098
1780156005,0.028585699465939224
1780156020,0.028869407496977025
1780156035,0.02857577139382885
1780156050,0.028882377563834244
1780156065,0.02920669352339635
1780156080,0.028432893716058956
1780156095,0.028259696198627497
1780156110,0.028155562347188266
1780156125,0.02847093669011477
1780156140,0.02940512897646086
1780156155,0.030050959232613913
1780156170,0.029903906800727194
1780156185,0.0295677442789684
1780156200,0.02906699004152427
1780156215,0.028776717349493774
1780156230,0.028357142857142855
1780156245,0.028250760462920875
1780156260,0.028294654679768622
1780156275,0.028042254499965252
1780156290,0.0282190047793084
1780156305,0.028351702874153877
1780156320,0.027929998232278586
1780156335,0.028282110499200562
1780156350,0.027728842223944755
1780156365,0.02786247502891389
1780156380,0.028008737316798198
1780156395,0.02802380783674626
1780156410,0.027963636363636368
1780156425,0.026756347241213646
1780156440,0.026248144527714415
1780156455,0.025809049641235905
1780156470,0.025943221406863833
1780156485,0.02621877821245862
1780156500,0.026676629927143657
1780156515,0.026873843306600864
1780156530,0.026781519185591227
1780156545,0.026817081739401984
1780156560,0.026944226237234883
1780156575,0.02683504340962905
1780156590,0.026837851425035777
1780156605,0.028252299605781864
1780156620,0.030583049798948343
1780156635,0.03032308291163877
1780156650,0.030364058869093723
1780156665,0.0309262468707876
1780156680,0.030860144451739985
1780156695,0.03080532266748712
1780156710,0.03036139118613345
1780156725,0.03047524601418872
1780156740,0.03015879060203343
1780156755,0.030417818856774873
1780156770,0.03146159889267143
1780156785,0.03079513564078578
1780156800,0.031175417661097854
1780156815,0.031212265359142306
1780156830,0.030700292560085916
1780156845,0.030683506686478457
1780156860,0.030171130952380953
1780156875,0.030263549731983322
1780156890,0.029356444772266274
1780156905,0.02719301490991158
1780156920,0.026014834301582083
1780156935,0.026400822501285157
1780156950,0.02614009279167138
1780156965,0.025525126296197822
1780156980,0.025583517068349434
1780156995,0.025358029406148556
1780157010,0.025406386346963204
1780157025,0.02552204176334107
1780157040,0.025674383011287546
1780157055,0.025026561208830123
1780157070,0.02479501734468622
1780157085,0.02557514428018025
1780157100,0.024929872387499503
1780157115,0.024713850053467462
1780157130,0.02526709818295251
1780157145,0.025503251177821908
1780157160,0.026219609089464482
1780157175,0.026369411482680086
1780157190,0.026800260671228412
1780157205,0.026629935720844815
1780157220,0.0267839375970072
1780157235,0.02690067746919694
1780157250,0.02720824774233557
1780157265,0.02699516680419663
1780157280,0.02691380468719124
1780157295,0.02709232780132293
1780157310,0.027303215624383505
1780157325,0.026991831419438853
1780157340,0.027064238228236497
1780157355,0.02658232760293376
1780157370,0.026407965681451453
1780157385,0.02698638809749921
1780157400,0.027031268390286006
1780157415,0.027518968431811924
1780157430,0.027354435326299335
1780157445,0.026903195488721807
1780157460,0.027053028553836685
1780157475,0.027168436555305785
1780157490,0.026482801849095045
1780157505,0.026794445530999415
1780157520,0.02646688689633475
1780157535,0.026987455977207073
1780157550,0.026732518030730637
1780157565,0.026608815850099832
1780157580,0.026931281426177053
1780157595,0.02712364964638222
1780157610,0.027630098179983697
1780157625,0.028017158094060357
1780157640,0.028222230789991132
1780157655,0.028564820168844686
1780157670,0.028197685377162895
1780157685,0.028641695043511165
1780157700,0.028262708605706375
1780157715,0.028112449799196793
1780157730,0.02788364315159058
1780157745,0.02790230329262637
1780157760,0.027532869296210367
1780157775,0.02767309961554566
1780157790,0.028177618265816506
1780157805,0.028022973441776206
1780157820,0.028039566944466084
1780157835,0.02746083929607426
1780157850,0.027756301221586514
1780157865,0.028994377079906666
1780157880,0.028673700075357952
1780157895,0.029287608801225294
1780157910,0.028706037032979068
1780157925,0.02877671734949378
1780157940,0.02928075940124133
1780157955,0.02947488911146087
1780157970,0.0299607072691552
1780157985,0.02997770536786143
1780158000,0.03018539589050264
1780158015,0.030025890185266135
1780158030,0.03014663157534949
1780158045,0.030117179469608717
1780158060,0.03065120919192267
1780158075,0.030094346119413265
1780158090,0.030521451234653055
1780158105,0.030431078548304652
1780158120,0.030398216637957238
1780158135,0.030275800096771967
1780158150,0.029948460788410645
1780158165,0.028779779815214696
1780158180,0.02893902134787412
1780158195,0.028334583913960053
1780158210,0.028452639190166308
1780158225,0.028691858315462546
1780158240,0.028306125505466528
1780158255,0.027549758236815474
1780158270,0.026642307985080306
1780158285,0.026371839058203925
1780158300,0.026322962501460222
1780158315,0.026715334135828838
1780158330,0.026606348719521545
1780158345,0.02622656950235766
1780158360,0.026198157577642166
1780158375,0.026172897378803857
1780158390,0.025859387151967648
1780158405,0.02594220372603166
1780158420,0.025933097923073998
1780158435,0.026068702290076334
1780158450,0.02629648221801753
1780158465,0.026248349770909372
1780158480,0.02652519893899204
1780158495,0.026004821562660554
1780158510,0.025565272197274086
1780158525,0.0258674585808065
1780158540,0.025814999197045125
1780158555,0.025994438399226206
1780158570,0.026148036867107878
1780158585,0.026075990562199985
1780158600,0.025840736684110185
1780158615,0.025557545173368064
1780158630,0.025318516709406925
1780158645,0.025383916939718133
1780158660,0.025179856115107913
1780158675,0.02509683666881859
1780158690,0.024616252366947342
1780158705,0.024362652014060036
1780158720,0.024213862029739176
1780158735,0.023926955529287083
1780158750,0.023911221108937772
1780158765,0.023650551041750463
1780158780,0.02383179470494937
1780158795,0.023497002106627776
1780158810,0.023255813953488372
1780158825,0.022988963703733215
1780158840,0.022997179965841833
1780158855,0.022933996734820807
1780158870,0.02281028988886298
1780158885,0.022710972985895292
1780158900,0.02301380828497098
1780158915,0.023590195450176224
1780158930,0.02357756856324191
1780158945,0.02412564766839378
1780158960,0.024632913423734255
1780158975,0.024701737529025544
1780158990,0.025065316786414108
1780159005,0.025424417187880754
1780159020,0.025327227782955788
1780159035,0.02561331892584143
1780159050,0.026255935517337695
1780159065,0.026257513445112308
1780159080,0.026025636030700898
1780159095,0.026018459579885425
1780159110,0.026285117157670516
1780159125,0.026650151829950456
1780159140,0.026561118701277826
1780159155,0.026390197926484445
1780159170,0.026577544362218507
1780159185,0.027062604049711562
1780159200,0.026563106796116502
1780159215,0.02644240172110307
1780159230,0.02624733061541448
1780159245,0.02632792681989392
1780159260,0.027179254555076738
1780159275,0.0277851484022592
1780159290,0.028340833860229852
1780159305,0.028288490284005978
1780159320,0.02890835828620014
1780159335,0.028585199466113004
1780159350,0.02887363147151605
1780159365,0.02872436670687575
1780159380,0.02915496165818844
1780159395,0.02993944830679525
1780159410,0.029402132382373276
1780159425,0.02995349518473764
1780159440,0.030067680017752136
1780159455,0.029851299736715246
1780159470,0.029343252179140366
1780159485,0.029023946650500156
1780159500,0.02888113724166385
1780159515,0.02874426848533888
1780159530,0.028661429571439682
1780159545,0.02807113972753327
1780159560,0.027270571496324402
1780159575,0.026801266825019796
1780159590,0.025697298591436893
1780159605,0.02540761419266092
1780159620,0.024816741062287567
1780159635,0.02468780808412751
1780159650,0.024161128886701123
1780159665,0.02408501559166256
1780159680,0.023786948097456403
1780159695,0.022927689594356263
1780159710,0.022955087871555653
1780159725,0.022676137115630653
1780159740,0.022667790444927473
1780159755,0.022836376688052402
1780159770,0.022969868936630184
1780159785,0.023304411029846
1780159800,0.023495127948274293
1780159815,0.02343361230490839
1780159830,0.0234735351874686
1780159845,0.023651452282157672
1780159860,0.023479887745556597
1780159875,0.023709369024856593
1780159890,0.024114507520621057
1780159905,0.024879026345373673
1780159920,0.02521556045718869
1780159935,0.025434116445352397
1780159950,0.025666337611056265
1780159965,0.025754931514093818
1780159980,0.02605633802816901
1780159995,0.025499012941434522
1780160010,0.02544042017726228
1780160025,0.02570406794814483
1780160040,0.0255591054313099
1780160055,0.02543024424862499
1780160070,0.025875007504352524
1780160085,0.026066205714985007
1780160100,0.026109824056101683
1780160115,0.026759294995497233
1780160130,0.02678219771563608
1780160145,0.026987209535927145
1780160160,0.027931813514068596
1780160175,0.027812718378756113
1780160190,0.02705789962161776
1780160205,0.026168088053065093
1780160220,0.025542878174457117
1780160235,0.02553579571363429
1780160250,0.025755706354102407
1780160265,0.026039215686274507
1780160280,0.025004007052412246
1780160295,0.0255006129955047
1780160310,0.025433622414943294
1780160325,0.025432349949135298
1780160340,0.025920873124147342
1780160355,0.02597066436583261
1780160370,0.0251924422673198
1780160385,0.024880889359449442
1780160400,0.024542028223332457
1780160415,0.024727208729320663
1780160430,0.024850272637883253
1780160445,0.023828576509291363
1780160460,0.023459885386819482
1780160475,0.0235464589748234
1780160490,0.02424900470503076
1780160505,0.024133551079658862
1780160520,0.024303981137208667
1780160535,0.024582728592162557
1780160550,0.024383635871037656
1780160565,0.025078935498421287
1780160580,0.024665889317427574
1780160595,0.024194268368895634
1780160610,0.024134502395371956
1780160625,0.024145948846360222
1780160640,0.02473560003496198
1780160655,0.025356441560659096
1780160670,0.025142668100239848
1780160685,0.024874431954077972
1780160700,0.02466865854592814
1780160715,0.02390408943807002
1780160730,0.023552365688802174
1780160745,0.023355263157894737
1780160760,0.02289507972947819
1780160775,0.023155690016290434
1780160790,0.02329895782179298
1780160805,0.023078138995732127
1780160820,0.023296158612143743
1780160835,0.023126777637898072
1780160850,0.023821077242048613
1780160865,0.02339942866745085
1780160880,0.023442759276125606
1780160895,0.023491117298717598
1780160910,0.023134133124042305
1780160925,0.02325497287522604
1780160940,0.023152364273204905
1780160955,0.023060581140350873
1780160970,0.023181909413260187
1780160985,0.023378257558197293
1780161000,0.02343878052778233
1780161015,0.02347599265771423
1780161030,0.023801947432062622
1780161045,0.023758507688429548
1780161060,0.024181943314771946
1780161075,0.02427199847903926
1780161090,0.024132262166940664
1780161105,0.023576373729183562
1780161120,0.023853154020560926
1780161135,0.023652433710942364
1780161150,0.023670712670043646
1780161165,0.024022399694549623
1780161180,0.02436771357584252
1780161195,0.024712518308454612
1780161210,0.024574553050316396
1780161225,0.024526506430917517
1780161240,0.02422037745235208
1780161255,0.02459727385377943
1780161270,0.024650151575466208
1780161285,0.024614823593764244
1780161300,0.024541914450448274
1780161315,0.024622764671949477
1780161330,0.024410038706455237
1780161345,0.024757905293177472
1780161360,0.024790578343791538
1780161375,0.02432742731250194
1780161390,0.024718543559842446
1780161405,0.02482368658153913
1780161420,0.024888523449606275
1780161435,0.024607714678342014
1780161450,0.02488694838609075
1780161465,0.024654220678533772
1780161480,0.024958040653944177
1780161495,0.02455801792828685
1780161510,0.024822582185023707
1780161525,0.025222742131914624
1780161540,0.02554375316135559
1780161555,0.025009473285335353
1780161570,0.024601568429041234
1780161585,0.025148356054530873
1780161600,0.025480166007142167
1780161615,0.02540904716073147
1780161630,0.02529463390170511
1780161645,0.02524313944124388
1780161660,0.024692511287560334
1780161675,0.024629600127449417
1780161690,0.024556921603065624
1780161705,0.025062896086111907
1780161720,0.024613176940354378
1780161735,0.024017467248908297
1780161750,0.023797626483447847
1780161765,0.02326459940185739
1780161780,0.02319694979334209
1780161795,0.02288943613058029
1780161810,0.023139208969168483
1780161825,0.022950819672131147
1780161840,0.022954898911353033
1780161855,0.022684897451833438
1780161870,0.022585841993871814
1780161885,0.022155970500549196
1780161900,0.022273620176161208
1780161915,0.02263732784549628
1780161930,0.02290613602917653
1780161945,0.02303514376996805
1780161960,0.023319791433415435
1780161975,0.023328931648116707
1780161990,0.023473130282251634
1780162005,0.023781477826239215
1780162020,0.02423400965573822
1780162035,0.02470241904518111
1780162050,0.02509818948175113
1780162065,0.0252814288409534
1780162080,0.02553178059710913
1780162095,0.026126902095894345
1780162110,0.025777519679958706
1780162125,0.025933575948329568
1780162140,0.0261726604476382
1780162155,0.026309639077159358
1780162170,0.02629931120851597
1780162185,0.02635941644562334
1780162200,0.02599913336222126
1780162215,0.0260148849797023
1780162230,0.02572916312153286
1780162245,0.025808232412103647
1780162260,0.025968615470073602
1780162275,0.026178747361013367
1780162290,0.026460309535696454
1780162305,0.026330224904004385
1780162320,0.02603386275097393
1780162335,0.026308735112779074
1780162350,0.0264671589584143
1780162365,0.026159428958806876
1780162380,0.026052267361393797
1780162395,0.025848074921956295
1780162410,0.026214116571808402
1780162425,0.025686598112648642
1780162440,0.025152340204848956
1780162455,0.02527770488935538
1780162470,0.025281400750402003
1780162485,0.02487811545997175
1780162500,0.024685607824871916
1780162515,0.02517162471395881
1780162530,0.025229020722088866
1780162545,0.02494251724482655
1780162560,0.024474988503397885
1780162575,0.024034552845528454
1780162590,0.023391215526046984
1780162605,0.024080198429102938
1780162620,0.023576768257619323
1780162635,0.02329274748544203
1780162650,0.02379555033879315
1780162665,0.024636422834816585
1780162680,0.025114029785129416
1780162695,0.02464550979068197
1780162710,0.02487562189054727
1780162725,0.025372279495990836
1780162740,0.025411928521698768
1780162755,0.025303880317905564
1780162770,0.025824370641768114
1780162785,0.026476578411405292
1780162800,0.0266497461928934
1780162815,0.02633303544831695
1780162830,0.02615633811266423
1780162845,0.02670998014798773
1780162860,0.026373359261059794
1780162875,0.02638143944118748
1780162890,0.026322547508988187
1780162905,0.025499251935211083
1780162920,0.026169082442447696
1780162935,0.026440099724445613
1780162950,0.026499670402109425
1780162965,0.025793650793650792
1780162980,0.02536136662286465
1780162995,0.025627511693787467
1780163010,0.02579023938632456
1780163025,0.026503430647114218
1780163040,0.026769025367156207
1780163055,0.026607538802660757
1780163070,0.0266819006653673
1780163085,0.026344304483272383
1780163100,0.02639972853749576
1780163115,0.025902508668162346
1780163130,0.025760163990433887
1780163145,0.025953784644575453
1780163160,0.02684017893452623
1780163175,0.02565149350207525
1780163190,0.025647787960704157
1780163205,0.025377049180327866
1780163220,0.024773133735179177
1780163235,0.02564785823729265
1780163250,0.02540276756467678
1780163265,0.025370543463746825
1780163280,0.025217974513749162
1780163295,0.02436534404138025
1780163310,0.023347093456046557
1780163325,0.023205902079141517
1780163340,0.023540426670233396
1780163355,0.023851232987468
1780163370,0.0237467018469657
1780163385,0.023937963587322995
1780163400,0.02428494333513222
1780163415,0.024274477895307837
1780163430,0.02391791805395121
1780163445,0.024210094378334015
1780163460,0.024288451012588943
1780163475,0.02568870523415978
1780163490,0.026187829952764658
1780163505,0.02632473981361812
1780163520,0.026163988463123202
1780163535,0.02507384763344096
1780163550,0.024914821124361164
1780163565,0.024666054138101634
1780163580,0.025084554678692222
1780163595,0.025957536855470132
1780163610,0.026124408670479417
1780163625,0.02559763063253649
1780163640,0.025026511134676563
1780163655,0.024735984123609046
1780163670,0.024733475479744135
1780163685,0.024724498445888667
1780163700,0.024796891557753442
1780163715,0.02496308276492511
1780163730,0.02467826332909065
1780163745,0.024722751995479266
1780163760,0.02418558736426456
1780163775,0.02382978723404255
1780163790,0.023321355597829913
1780163805,0.02382290934645116
1780163820,0.023630881424865018
1780163835,0.023496503496503493
1780163850,0.023646801530891194
1780163865,0.023860423419074545
1780163880,0.023029045643153525
1780163895,0.022534614297824242
1780163910,0.022932251975110115
1780163925,0.022478146246704588
1780163940,0.02352941176470588
1780163955,0.023433205057724022
1780163970,0.023499588928473553
1780163985,0.023450931847878408
1780164000,0.02315099364884245
1780164015,0.023048429139799695
1780164030,0.02303145594130036
1780164045,0.023548628598652418
1780164060,0.023751850356614184
1780164075,0.023859411963501182
1780164090,0.024127069231284763
1780164105,0.02387940234791889
1780164120,0.024563758389261746
1780164135,0.02456772815274718
1780164150,0.024206956174768902
1780164165,0.024475524475524476
1780164180,0.02511415525114155
1780164195,0.026066505520350166
1780164210,0.02655397311327033
1780164225,0.026586506346025385
1780164240,0.026805508901578772
1780164255,0.026878844610858516
1780164270,0.027266576454668467
1780164285,0.02668749151161211
1780164300,0.026838285636039984
1780164315,0.026839648544755627
1780164330,0.027539317354577295
1780164345,0.027295971252850527
1780164360,0.0263653483992467
1780164375,0.026449502331732447
1780164390,0.025955902874686018
1780164405,0.02569652957195727
1780164420,0.025955902874686018
1780164435,0.026276648487853247
1780164450,0.02648629405482378
1780164465,0.026590828297191605
1780164480,0.02585278276481149
1780164495,0.02487846725764941
1780164510,0.024854836425435487
1780164525,0.02430900070871722
1780164540,0.02378263937896965
1780164555,0.023903818953323903
1780164570,0.02402166939910186
1780164585,0.02378231681188402
1780164600,0.02399886395910253
1780164615,0.02391871869046779
1780164630,0.023878693403245235
1780164645,0.023779372449697477
1780164660,0.024159367052839786
1780164675,0.0244005344209268
1780164690,0.023988216314792733
1780164705,0.023456098585632263
1780164720,0.023586206896551724
1780164735,0.023460008231581835
1780164750,0.023935621432010456
1780164765,0.024222630468803158
1780164780,0.024318349299926306
1780164795,0.024917382683410445
1780164810,0.024898406759981936
1780164825,0.025246422893481713
1780164840,0.025792000000000002
1780164855,0.02553191489361702
1780164870,0.02568450138156242
1780164885,0.025898553471037835
1780164900,0.02571841790857071
1780164915,0.026091888825865002
1780164930,0.02641079232376971
1780164945,0.026028440832910105
1780164960,0.02634398437007626
1780164975,0.026690167443031602
1780164990,0.02784062342885872
1780165005,0.02812382030955077
1780165020,0.02838372241357316
1780165035,0.02838579448684792
1780165050,0.02805636663704456
1780165065,0.027775995894541022
1780165080,0.02804523424878837
1780165095,0.028526970954356846
1780165110,0.02814725245196829
1780165125,0.0273674492218412
1780165140,0.02836012861736334
1780165155,0.028075384019620498
1780165170,0.028153728294177734
1780165185,0.028571428571428574
1780165200,0.028509206097802418
1780165215,0.028537297584284575
1780165230,0.028073443320915378
1780165245,0.027974362398184002
1780165260,0.02711978465679677
1780165275,0.026811840762164002
1780165290,0.025778805604679635
1780165305,0.026342520484864906
1780165320,0.025879635919032744
1780165335,0.024729940892723686
1780165350,0.024570691644607345
1780165365,0.024966170500676586
1780165380,0.024123403098668113
1780165395,0.02325739544372662
1780165410,0.023617747440273038
1780165425,0.02329225728328228
1780165440,0.022653953688436448
1780165455,0.022999929012564774
1780165470,0.022747889191263693
1780165485,0.022699047881882158
1780165500,0.02230843840931135
1780165515,0.02224344978165939
1780165530,0.022676683361157485
1780165545,0.023204419889502764
1780165560,0.02346261714207538
1780165575,0.023764387271496275
1780165590,0.023696682464454978
1780165605,0.02370180295766088
1780165620,0.024103665905733852
1780165635,0.023761713520749666
1780165650,0.02419624356660651
1780165665,0.024270557029177714
1780165680,0.02446261374126335
1780165695,0.024393477396261437
1780165710,0.024315514993481096
1780165725,0.024812127494169472
1780165740,0.025040544923775544
1780165755,0.024625407166123776
1780165770,0.024842684845306762
1780165785,0.024329627207325052
1780165800,0.024782099648757643
1780165815,0.024592823308026736
1780165830,0.024615977890609937
1780165845,0.024630229162699167
1780165860,0.024227936425894818
1780165875,0.024146812620734065
1780165890,0.02448662304851979
1780165905,0.024946404209705713
1780165920,0.025001619275859838
1780165935,0.02565920959319193
1780165950,0.02506136158119106
1780165965,0.024915430653135572
1780165980,0.02577957164247119
1780165995,0.025341888651241165
1780166010,0.025076933150003273
1780166025,0.024506600444386354
1780166040,0.02421418728263009
1780166055,0.024278215223097113
1780166070,0.02435351882160393
1780166085,0.024266402901417735
1780166100,0.024151735906018244
1780166115,0.024260355029585796
1780166130,0.024314502808060783
1780166145,0.024700255519884685
1780166160,0.024879195507378868
1780166175,0.024966442953020133
1780166190,0.02468971039636994
1780166205,0.025163156832402608
1780166220,0.024891481280520888
1780166235,0.024759843052360977
1780166250,0.025202156334231802
1780166265,0.025440313111545987
1780166280,0.02492107207630819
1780166295,0.02535647027172451
1780166310,0.02485262593783494
1780166325,0.02451708766716196
1780166340,0.024408333895219472
1780166355,0.02461725230997505
1780166370,0.0249949334594339
1780166385,0.025327569904092934
1780166400,0.025165742118793126
1780166415,0.02495603949682132
1780166430,0.024872620005363368
1780166445,0.024602219548067926
1780166460,0.024569368406996934
1780166475,0.024525316455696205
1780166490,0.024406289059930267
1780166505,0.02435301924353019
1780166520,0.0242603550295858
1780166520,0.0242603550295858
1780166535,0.024063818565400845
1780166550,0.023989396951623592
1780166565,0.0242906852248394
1780166580,0.024012914508643304
1780166595,0.023812709030100337
1780166610,0.024050121261115606
1780166625,0.02461148535983459
1780166640,0.02460154751669863
1780166655,0.024244415243101183
1780166670,0.023811094254996373
1780166685,0.023463317911434238
1780166700,0.023707039268922588
1780166715,0.024084460574067962
1780166730,0.024196243566606504
1780166745,0.023800131492439182
1780166760,0.024366150806717154
1780166775,0.02378442482540519
1780166790,0.023445802337938363
1780166805,0.02314723482606694
1780166820,0.023523122159850304
1780166835,0.023740668504943167
1780166850,0.02339418526031102
1780166865,0.023348404075848574
1780166880,0.023678561845988728
1780166895,0.0236982869524003
1780166910,0.023573533351192066
1780166925,0.023507892419212792
1780166940,0.023315886071647064
1780166955,0.023980815347721823
1780166970,0.023907103825136614
1780166985,0.02395168951010992
1780167000,0.0241869918699187
1780167015,0.02454780361757106
1780167030,0.02455849889624724
1780167045,0.02500171715090322
1780167060,0.024285018439913715
1780167075,0.025239777889954566
1780167090,0.0253393665158371
1780167105,0.024868483978957436
1780167120,0.024388220655329737
1780167135,0.024381748519679555
1780167150,0.024582645386167674
1780167165,0.024198308085776114
1780167180,0.02406674510642849
1780167195,0.02500573526038082
1780167210,0.025787965616045842
1780167225,0.026237085372485043
1780167240,0.026986280717624
1780167255,0.02700900300100033
1780167270,0.02756565468429875
1780167285,0.027179821700369648
1780167300,0.026246719160104987
1780167315,0.025965801139962004
1780167330,0.026962727993655834
1780167345,0.02622767857142857
1780167360,0.02773722627737226
1780167375,0.025680933852140077
1780167390,0.02868217054263566
1780167405,0.03076923076923077
1780167420,0.029710711493354185
1780167435,0.029780564263322883
1780167450,0.028391167192429023
1780167465,0.029133858267716535
1780167480,0.02768987341772152
1780167495,0.028436018957345967
1780167510,0.02802241793434748
1780167525,0.029272151898734177
1780167540,0.02983870967741935
1780167555,0.02902155887230514
1780167570,0.026913372582001684
1780167585,0.02593192868719611
1780167600,0.0248995983935743
1780167615,0.023255813953488372
1780167630,0.023181454836131096
1780167645,0.022838499184339316
1780167660,0.02448979591836735
1780167675,0.023848684210526314
1780167690,0.019704433497536943
1780167705,0.019785655399835116
1780167720,0.019214703425229743
1780167735,0.0205761316872428
1780167750,0.0204582651391162
1780167765,0.022894521668029435
1780167780,0.02394715111478117
1780167795,0.022350993377483447
1780167810,0.022764227642276424
1780167825,0.02236421725239617
1780167840,0.022780832678711706
1780167855,0.022029897718332025
1780167870,0.02252614641995173
1780167885,0.02241793434747798
1780167900,0.022435897435897436
1780167915,0.023387096774193546
1780167930,0.022328548644338118
1780167945,0.019778481012658226
1780167960,0.018867924528301883
1780167975,0.01875
1780167990,0.020979020979020976
1780168005,0.020030816640986132
1780168020,0.01984732824427481
1780168035,0.019186492709132773
1780168050,0.0202808112324493
1780168065,0.016304347826086956
1780168080,0.017543859649122806
1780168095,0.017391304347826087
1780168110,0.01660649819494585
1780168125,0.015328467153284672
1780168140,0.013392857142857142
1780168155,0.015590200445434299
1780168170,0.016454749439042633
1780168185,0.018250950570342206
1780168200,0.018223234624145785
1780168215,0.017080745341614908
1780168230,0.01921598770176787
1780168245,0.021439509954058193
1780168260,0.022865853658536585
1780168275,0.023201856148491882
1780168290,0.022256331542594016
1780168305,0.022359290670778718
1780168320,0.02242846094354215
1780168335,0.021756021756021756
1780168350,0.02147239263803681
1780168365,0.023023791250959325
1780168380,0.021565495207667734
1780168395,0.022462562396006656
1780168410,0.021830394626364397
1780168425,0.022222222222222223
1780168440,0.02396694214876033
1780168455,0.023712183156173343
1780168470,0.024193548387096777
1780168485,0.02388535031847134
1780168500,0.024038461538461536
1780168515,0.024505928853754938
1780168530,0.021844660194174758
1780168545,0.022328548644338118
1780168560,0.020193861066235864
1780168575,0.02011263073209976
1780168590,0.024859663191659984
1780168605,0.028203062046736505
1780168620,0.02654867256637168
1780168635,0.027508090614886734
1780168650,0.02631578947368421
1780168665,0.026211278792692614
1780168680,0.025416997617156472
1780168695,0.02614896988906498
1780168710,0.0260457774269929
1780168725,0.02545743834526651
1780168740,0.024313725490196076
1780168755,0.022151898734177215
1780168770,0.022562449637389206
1780168785,0.022690437601296597
1780168800,0.021880064829821716
1780168815,0.022040816326530613
1780168830,0.021189894050529748
1780168845,0.019984012789768187
1780168860,0.020995334370139968
1780168875,0.020077220077220077
1780168890,0.01763803680981595
1780168905,0.014626635873749039
1780168920,0.015151515151515152
1780168935,0.014774494556765163
1780168950,0.018025078369905953
1780168965,0.023882896764252697
1780168980,0.02375478927203065
1780168995,0.02539208364451083
1780169010,0.028384279475982533
1780169025,0.02981818181818182
1780169040,0.030679327976625276
1780169055,0.0293470286133529
1780169070,0.02844638949671772
1780169085,0.02749638205499276
1780169100,0.02819956616052061
1780169115,0.027027027027027025
1780169130,0.02753623188405797
1780169145,0.02896451846488052
1780169160,0.027326440177252585
1780169175,0.027366863905325445
1780169190,0.028464419475655433
1780169205,0.028749028749028745
1780169220,0.029298380878951424
1780169235,0.02745995423340961
1780169250,0.02375478927203065
1780169265,0.01921537229783827
1780169280,0.019401778496362165
1780169295,0.017283950617283952
1780169310,0.014950166112956811
1780169325,0.016047297297297296
1780169340,0.015113350125944582
1780169355,0.016183986371379896
1780169370,0.016295025728987993
1780169385,0.015625
1780169400,0.015706806282722512
1780169415,0.015957446808510637
1780169430,0.015138023152270705
1780169445,0.01601423487544484
1780169460,0.01699463327370304
1780169475,0.018150388936905792
1780169490,0.016088060965283656
1780169505,0.01682085786375105
1780169520,0.015424164524421592
1780169535,0.017994858611825194
1780169550,0.018440905280804696
1780169565,0.019150707743547043
1780169580,0.020815986677768527
1780169595,0.020460358056265986
1780169610,0.020903010033444816
1780169625,0.01949152542372881
1780169640,0.01981833195706028
1780169655,0.020695364238410594
1780169670,0.02127659574468085
1780169685,0.023731587561374792
1780169700,0.021844660194174758
1780169715,0.02348178137651822
1780169730,0.022653721682847898
1780169745,0.021634615384615384
1780169760,0.021686746987951807
1780169775,0.021207177814029365
1780169790,0.021103896103896104
1780169805,0.019277108433734938
1780169820,0.020048115477145148
1780169835,0.019032513877874704
1780169850,0.01918465227817746
1780169865,0.01987281399046105
1780169880,0.018972332015810275
1780169895,0.019825535289452818
1780169910,0.018268467037331215
1780169925,0.01796875
1780169940,0.017336485421591805
1780169955,0.0177133655394525
1780169970,0.01953125
1780169985,0.018039215686274507
1780170000,0.018067556952081697
1780170015,0.018735362997658076
1780170030,0.019892884468247895
1780170045,0.0207532667179093
1780170060,0.021571648690292763
1780170075,0.02177293934681182
1780170090,0.023328149300155518
1780170105,0.02454473475851148
1780170120,0.025356576862123614
1780170135,0.023538961038961036
1780170150,0.024429967426710095
1780170165,0.02466189339697693
1780170180,0.024800000000000003
1780170195,0.02442868400315209
1780170210,0.025600000000000005
1780170225,0.024038461538461536
1780170240,0.023847376788553257
1780170255,0.022745098039215685
1780170270,0.02170418006430868
1780170285,0.024622716441620333
1780170300,0.02454473475851148
1780170315,0.022888713496448304
1780170330,0.02216943784639747
1780170345,0.02070063694267516
1780170360,0.02109375
1780170375,0.02068416865552904
1780170390,0.021411578112609044
1780170405,0.02107728337236534
1780170420,0.019516003122560497
1780170435,0.020139426800929512
1780170450,0.01794071762870515
1780170465,0.018081761006289308
1780170480,0.016733067729083666
1780170495,0.01737756714060032
1780170510,0.018196202531645573
1780170525,0.01803921568627451
1780170540,0.01808176100628931
1780170555,0.020651310563939634
1780170570,0.020016012810248198
1780170585,0.018563357546408393
1780170600,0.0220949263502455
1780170615,0.02481389578163772
1780170630,0.025811823480432972
1780170645,0.026778242677824266
1780170660,0.029363784665579123
1780170675,0.030497592295345106
1780170690,0.02969502407704655
1780170705,0.0308191403081914
1780170720,0.029886914378029077
1780170735,0.03181076672104405
1780170750,0.031122031122031123
1780170765,0.031224322103533278
1780170780,0.030807660283097418
1780170795,0.030578512396694214
1780170810,0.03135313531353135
1780170825,0.031932773109243695
1780170840,0.03277310924369748
1780170855,0.030405405405405404
1780170870,0.029875518672199168
1780170885,0.030910609857978277
1780170900,0.026272577996715927
1780170915,0.02553542009884679
1780170930,0.027552674230145867
1780170945,0.02591093117408907
1780170960,0.027071369975389666
1780170975,0.02467105263157895
1780170990,0.02593192868719611
1780171005,0.0259529602595296
1780171020,0.026336791699920193
1780171035,0.0252486610558531
1780171050,0.027027027027027025
1780171065,0.028505392912172575
1780171080,0.0293896006028636
1780171095,0.03125
1780171110,0.030441400304414
1780171125,0.03375843960990248
1780171140,0.031650339110776186
1780171155,0.03242446573323508
1780171170,0.03115727002967359
1780171185,0.03039288361749444
1780171200,0.03286034353995519
1780171215,0.03244837758112095
1780171230,0.03125
1780171245,0.031660231660231665
1780171260,0.029595015576323987
1780171275,0.028906249999999998
1780171290,0.028458498023715414
1780171305,0.028301886792452834
1780171320,0.028432168968318444
1780171335,0.0275974025974026
1780171350,0.026463512429831595
1780171365,0.025620496397117692
1780171380,0.02574416733708769
1780171395,0.028044871794871796
1780171410,0.027844073190135245
1780171425,0.025
1780171440,0.026186579378068738
1780171455,0.02646815550041357
1780171470,0.02773109243697479
1780171485,0.026028547439126783
1780171500,0.024308466051969825
1780171515,0.023588879528222407
1780171530,0.023372287145242074
1780171545,0.023140495867768597
1780171560,0.02396694214876033
1780171575,0.025535420098846788
1780171590,0.024650780608052588
1780171605,0.02549342105263158
1780171620,0.024896265560165973
1780171635,0.02622673434856176
1780171650,0.025884383088869714
1780171665,0.02667814113597246
1780171680,0.02683982683982684
1780171695,0.02276707530647986
1780171710,0.023090586145648313
1780171725,0.022065313327449248
1780171740,0.027610008628127698
1780171755,0.02457627118644068
1780171770,0.025575447570332477
1780171785,0.026655202063628546
1780171800,0.0272108843537415
1780171815,0.0270042194092827
1780171830,0.027280477408354646
1780171845,0.025963149078726967
1780171860,0.024701873935264056
1780171875,0.023769100169779286
1780171890,0.023156089193825044
1780171905,0.026248941574936492
1780171920,0.026512013256006627
1780171935,0.026962727993655834
1780171950,0.025914634146341462
1780171965,0.024334600760456276
1780171980,0.022003034901365705
1780171995,0.022997032640949554
1780172010,0.022962962962962966
1780172025,0.02007434944237918
1780172040,0.017660044150110375
1780172055,0.018409425625920472
1780172070,0.019103600293901544
1780172085,0.019536903039073805
1780172100,0.018504811250925242
1780172115,0.01845018450184502
1780172130,0.018477457501847747
1780172145,0.02112676056338028
1780172160,0.021815622800844477
1780172175,0.02167832167832168
1780172190,0.02092050209205021
1780172205,0.017568517217146872
1780172220,0.018129079042784626
1780172235,0.015578635014836795
1780172250,0.01560178306092125
1780172265,0.016603773584905664
1780172280,0.018341892883345562
1780172295,0.01720269259536275
1780172310,0.017062314540059347
1780172325,0.017543859649122806
1780172340,0.018489984591679505
1780172355,0.017719568567026195
1780172370,0.01763803680981595
1780172385,0.02
1780172400,0.02158828064764842
1780172415,0.022988505747126436
1780172430,0.022012578616352203
1780172445,0.022894521668029435
1780172460,0.021686746987951807
1780172475,0.021969080553295366
1780172490,0.022332506203473945
1780172505,0.02218570254724733
1780172520,0.022838499184339316
1780172535,0.02380952380952381
1780172550,0.024349286314021827
1780172565,0.022900763358778626
1780172580,0.023396880415944545
1780172595,0.023952095808383235
1780172610,0.02278481012658228
1780172625,0.02270815811606392
1780172640,0.020955574182732608
1780172655,0.021867115222876366
1780172670,0.023708721422523286
1780172685,0.018257261410788383
1780172700,0.016908212560386476
1780172715,0.018853102906520033
1780172730,0.01867704280155642
1780172745,0.02147239263803681
1780172760,0.02223926380368098
1780172775,0.02426080363912055
1780172790,0.02531645569620253
1780172805,0.02470059880239521
1780172820,0.02373887240356083
1780172835,0.023031203566121844
1780172850,0.02363367799113737
1780172865,0.024390243902439025
1780172880,0.023426061493411417
1780172895,0.02507374631268437
1780172910,0.026041666666666668
1780172925,0.025506376594148537
1780172940,0.026258205689277895
1780172955,0.025125628140703522
1780172970,0.025510204081632657
1780172985,0.026041666666666668
1780173000,0.0243161094224924
1780173015,0.02242846094354215
1780173030,0.020376175548589344
1780173045,0.018110236220472437
1780173060,0.016509433962264154
1780173075,0.015297906602254429
1780173090,0.014516129032258065
1780173105,0.0196078431372549
1780173120,0.019546520719311962
1780173135,0.02185792349726776
1780173150,0.021028037383177572
1780173165,0.02109375
1780173180,0.02255054432348367
1780173195,0.023592085235920855
1780173210,0.022053231939163497
1780173225,0.02271006813020439
1780173240,0.02251552795031056
1780173255,0.02269170579029734
1780173270,0.021995286724273373
1780173285,0.02373417721518987
1780173300,0.025682182985553775
1780173315,0.025984251968503937
1780173330,0.025943396226415096
1780173345,0.02775574940523394
1780173360,0.027799841143764895
1780173375,0.026066350710900472
1780173390,0.023200000000000002
1780173405,0.02139917695473251
1780173420,0.02296964725184578
1780173435,0.023927392739273926
1780173450,0.023178807947019868
1780173465,0.02412645590682196
1780173480,0.02220324508966695
1780173495,0.02282333051563821
1780173510,0.023156089193825044
1780173525,0.024117140396210164
1780173540,0.02347826086956522
1780173555,0.02480752780153978
1780173570,0.023215821152192607
1780173585,0.02368866328257191
1780173600,0.022765598650927487
1780173615,0.02220324508966695
1780173630,0.023316062176165803
1780173645,0.02297872340425532
1780173660,0.023057216054654144
1780173675,0.02288135593220339
1780173690,0.022900763358778626
1780173705,0.02282333051563821
1780173720,0.021775544388609718
1780173735,0.020117351215423303
1780173750,0.021523178807947022
1780173765,0.02236951118475559
1780173780,0.020712510356255178
1780173795,0.019983347210657785
1780173810,0.01891447368421053
1780173825,0.018806214227309895
1780173840,0.01941747572815534
1780173855,0.016273393002441006
1780173870,0.0176
1780173885,0.0186385737439222
1780173900,0.0186536901865369
1780173915,0.01778496362166532
1780173930,0.02008032128514056
1780173945,0.019834710743801654
1780173960,0.022672064777327937
1780173975,0.025472473294987672
1780173990,0.02448979591836735
1780174005,0.025535420098846788
1780174020,0.02477291494632535
1780174035,0.024999999999999998
1780174050,0.024227234753550538
1780174065,0.022988505747126436
1780174080,0.0238290879211175
1780174095,0.02394715111478117
1780174110,0.02497918401332223
1780174125,0.02445193929173693
1780174140,0.025984911986588435
1780174155,0.02909393183707398
1780174170,0.02711864406779661
1780174185,0.028735632183908046
1780174200,0.029850746268656716
1780174215,0.028428093645484948
1780174230,0.027937551355792935
1780174245,0.027575020275750203
1780174260,0.025848142164781904
1780174275,0.024800000000000003
1780174290,0.025078369905956115
1780174305,0.02544333076329992
1780174320,0.02633559066967645
1780174335,0.025563909774436087
1780174350,0.026706231454005934
1780174365,0.027086383601756952
1780174380,0.0259927797833935
1780174395,0.026855123674911663
1780174410,0.026111503175723357
1780174425,0.026388888888888885
1780174440,0.023693379790940768
1780174455,0.02392681210415201
1780174470,0.023960535588442564
1780174485,0.02319044272663387
1780174500,0.023174157303370788
1780174515,0.02306079664570231
1780174530,0.023792862141357597
1780174545,0.02526315789473684
1780174560,0.024822695035460994
1780174575,0.026554856743535995
1780174590,0.02544169611307421
1780174605,0.021849963583394028
1780174620,0.022743947175348497
1780174635,0.021449704142011836
1780174650,0.023484848484848487
1780174665,0.024634334103156276
1780174680,0.024740622505985636
1780174695,0.02545743834526651
1780174710,0.028225806451612906
1780174725,0.028203062046736505
1780174740,0.029387755102040822
1780174755,0.030056864337936636
1780174770,0.030571198712791632
1780174785,0.029315960912052116
1780174800,0.030105777054515864
1780174815,0.029315960912052116
1780174830,0.030100334448160536
1780174845,0.028499580888516347
1780174860,0.028595458368376788
1780174875,0.028985507246376815
1780174890,0.029940119760479042
1780174905,0.03127641589180051
1780174920,0.030848329048843187
1780174935,0.030769230769230767
1780174950,0.027164685908319185
1780174965,0.02538071065989848
1780174980,0.025083612040133776
1780174995,0.02205258693808312
1780175010,0.022033898305084745
1780175025,0.021922428330522766
1780175040,0.020815986677768527
1780175055,0.021043771043771045
1780175070,0.019867549668874173
1780175085,0.020064205457463884
1780175100,0.020933977455716585
1780175115,0.019999999999999997
1780175130,0.019047619047619046
1780175145,0.018095987411487015
1780175160,0.018853102906520033
1780175175,0.018210609659540775
1780175190,0.018399999999999996
1780175205,0.019200000000000002
1780175220,0.019246190858059342
1780175235,0.019470404984423675
1780175250,0.02107728337236534
1780175265,0.02253302253302253
1780175280,0.026234567901234566
1780175295,0.02690238278247502
1780175310,0.02546296296296296
1780175325,0.026133743274404306
1780175340,0.02526799387442573
1780175355,0.02519083969465649
1780175370,0.024564183835182253
1780175385,0.02512155591572123
1780175400,0.02574416733708769
1780175415,0.02681388012618297
1780175430,0.02768987341772152
1780175445,0.028157683024939664
1780175460,0.026785714285714288
1780175475,0.02661290322580645
1780175490,0.02557953637090328
1780175505,0.026612903225806454
1780175520,0.024839743589743588
1780175535,0.02545743834526651
1780175550,0.022617124394184167
1780175565,0.023311897106109324
1780175580,0.020064205457463884
1780175595,0.0180675569520817
1780175610,0.018823529411764708
1780175625,0.01803921568627451
1780175640,0.01832669322709164
1780175655,0.0189873417721519
1780175670,0.01737756714060032
1780175685,0.017432646592709985
1780175700,0.017474185861795073
1780175715,0.016666666666666666
1780175730,0.01597444089456869
1780175745,0.014516129032258067
1780175760,0.015372168284789645
1780175775,0.015459723352318957
1780175790,0.013854930725346373
1780175805,0.013754045307443367
1780175820,0.014321819713563609
1780175835,0.014345991561181435
1780175850,0.015754560530679935
1780175865,0.014225941422594143
1780175880,0.0158465387823186
1780175895,0.01632302405498282
1780175910,0.01647875108412836
1780175925,0.015293118096856413
1780175940,0.013663535439795047
1780175955,0.015164279696714408
1780175970,0.01430976430976431
1780175985,0.015424164524421594
1780176000,0.013617021276595745
1780176015,0.013640238704177323
1780176030,0.013617021276595745
1780176045,0.015113350125944584
1780176060,0.014249790444258174
1780176075,0.01433389544688027
1780176090,0.01648804616652927
1780176105,0.019425019425019424
1780176120,0.019817073170731708
1780176135,0.0219198790627362
1780176150,0.02107728337236534
1780176165,0.02242846094354215
1780176180,0.021995286724273373
1780176195,0.022099447513812157
1780176210,0.0246422893481717
1780176225,0.025356576862123614
1780176240,0.024740622505985636
1780176255,0.0253968253968254
1780176270,0.027005559968228753
1780176285,0.026920031670625497
1780176300,0.027279812938425567
1780176315,0.026438569206842923
1780176330,0.02558139534883721
1780176345,0.02784222737819025
1780176360,0.027173913043478264
1780176375,0.027628549501151192
1780176390,0.025356576862123614
1780176405,0.0226890756302521
1780176420,0.021996615905245348
1780176435,0.020781379883624274
1780176450,0.02173913043478261
1780176465,0.020883534136546183
1780176480,0.019904458598726114
1780176495,0.021226415094339625
1780176510,0.018972332015810275
1780176525,0.018633540372670808
1780176540,0.018590240123934933
1780176555,0.017120622568093387
1780176570,0.017815646785437643
1780176585,0.01697530864197531
1780176600,0.01722787783868442
1780176615,0.01729559748427673
1780176630,0.018312101910828025
1780176645,0.015187849720223821
1780176660,0.014492753623188406
1780176675,0.014274385408406028
1780176690,0.015625
1780176705,0.01634241245136187
1780176720,0.019319938176197836
1780176735,0.019260400616332822
1780176750,0.01823949246629659
1780176765,0.018167456556082148
1780176780,0.018124507486209612
1780176795,0.01694915254237288
1780176810,0.019308125502815767
1780176825,0.021086780210867802
1780176840,0.022149302707137
1780176855,0.02125919869174162
1780176870,0.021241830065359478
1780176885,0.021035598705501618
1780176900,0.021809369951534735
1780176915,0.022580645161290325
1780176930,0.025518341307814992
1780176945,0.0267639902676399
1780176960,0.030134813639968283
1780176975,0.03183673469387755
1780176990,0.032072368421052634
1780177005,0.029850746268656716
1780177020,0.028075970272502065
1780177035,0.029875518672199168
1780177050,0.0294358135731807
1780177065,0.03008130081300813
1780177080,0.030032467532467532
1780177095,0.028432168968318444
1780177110,0.027615062761506277
1780177125,0.026890756302521007
1780177140,0.02682313495389774
1780177155,0.02695871946082561
1780177170,0.02777777777777778
1780177185,0.027754415475189236
1780177200,0.02680067001675042
1780177215,0.02587646076794658
1780177230,0.02396694214876033
1780177245,0.022500000000000003
1780177260,0.020475020475020474
1780177275,0.019433198380566803
1780177290,0.018821603927986905
1780177305,0.020441537203597707
1780177320,0.01944894651539708
1780177335,0.018062397372742206
1780177350,0.020651310563939634
1780177365,0.01976284584980237
1780177380,0.02197802197802198
1780177395,0.021209740769835037
1780177410,0.020108275328692964
1780177425,0.020233463035019456
1780177440,0.018532818532818532
1780177455,0.017746913580246916
1780177470,0.017107309486780718
1780177485,0.020061728395061727
1780177500,0.020817270624518117
1780177515,0.019516003122560497
1780177530,0.02107728337236534
1780177545,0.02196078431372549
1780177560,0.021496815286624206
1780177575,0.02129337539432177
1780177590,0.021110242376856922
1780177605,0.01971608832807571
1780177620,0.0199203187250996
1780177635,0.017727639000805803
1780177650,0.015702479338842976
1780177665,0.014214046822742474
1780177680,0.013366750208855471
1780177695,0.014049586776859505
1780177710,0.014061207609594707
1780177725,0.014802631578947368
1780177740,0.015741507870753936
1780177755,0.01739850869925435
1780177770,0.015676567656765675
1780177785,0.013628620102214651
1780177800,0.015037593984962403
1780177815,0.01341156747694887
1780177830,0.01283147989734816
1780177845,0.01201716738197425
1780177860,0.012798634812286689
1780177875,0.01283147989734816
1780177890,0.012755102040816325
1780177905,0.01343408900083963
1780177920,0.014014839241549875
1780177935,0.014003294892915982
1780177950,0.015359741309620048
1780177965,0.015310233682514102
1780177980,0.015236567762630313
1780177995,0.016103059581320453
1780178010,0.015273311897106108
1780178025,0.016012810248198558
1780178040,0.015322580645161291
1780178055,0.013888888888888888
1780178070,0.013776337115072933
1780178085,0.013621794871794872
1780178100,0.014285714285714284
1780178115,0.017254901960784313
1780178130,0.017996870109546165
1780178145,0.01813880126182965
1780178160,0.017488076311605726
1780178175,0.018253968253968255
1780178190,0.018808777429467082
1780178205,0.01875
1780178220,0.019638648860958365
1780178235,0.023603461841070022
1780178250,0.02241793434747798
1780178265,0.023107569721115533
1780178280,0.024271844660194174
1780178295,0.024271844660194174
1780178310,0.024330900243309
1780178325,0.024193548387096777
1780178340,0.02574416733708769
1780178355,0.025080906148867314
1780178370,0.025306122448979593
1780178385,0.025702811244979917
1780178400,0.023330651649235718
1780178415,0.022239872915011914
1780178430,0.024038461538461536
1780178445,0.02386634844868735
1780178460,0.023148148148148147
1780178475,0.0243531202435312
1780178490,0.023328149300155518
1780178505,0.023181454836131096
1780178520,0.018473895582329314
1780178535,0.020933977455716585
1780178550,0.02172164119066774
1780178565,0.02578125
1780178580,0.026771653543307086
1780178595,0.02683504340962905
1780178610,0.026920031670625497
1780178625,0.027977617905675465
1780178640,0.02859412231930103
1780178655,0.028731045490822026
1780178670,0.028481012658227847
1780178685,0.02875399361022364
1780178700,0.0300081103000811
1780178715,0.027138157894736843
1780178730,0.026938775510204085
1780178745,0.027227722772277228
1780178760,0.02693602693602694
1780178775,0.026586620926243566
1780178790,0.02849740932642487
1780178805,0.028037383177570093
1780178820,0.027966101694915254
1780178835,0.027164685908319188
1780178850,0.026405451448040886
1780178865,0.022530329289428077
1780178880,0.020087336244541485
1780178895,0.019197207678883072
1780178910,0.018404907975460124
1780178925,0.018134715025906738
1780178940,0.01710863986313088
1780178955,0.02220324508966695
1780178970,0.02222222222222222
1780178985,0.023116438356164382
1780179000,0.023017902813299233
1780179015,0.02282333051563821
1780179030,0.023569023569023573
1780179045,0.02448979591836735
1780179060,0.022819885900570498
1780179075,0.02252614641995173
1780179090,0.02350081037277147
1780179105,0.023481781376518213
1780179120,0.02252614641995173
1780179135,0.023330651649235718
1780179150,0.02168674698795181
1780179165,0.022435897435897436
1780179180,0.021756647864625306
1780179195,0.022997620935765267
1780179210,0.02379064234734338
1780179225,0.02356637863315004
1780179240,0.022257551669316377
1780179255,0.019108280254777066
1780179270,0.017699115044247787
1780179285,0.01819620253164557
1780179300,0.018706157443491817
1780179315,0.018691588785046728
1780179330,0.017670682730923697
1780179345,0.0189873417721519
1780179360,0.020064205457463884
1780179375,0.019999999999999997
1780179390,0.019308125502815767
1780179405,0.019984012789768187
1780179420,0.01987281399046105
1780179435,0.019825535289452818
1780179450,0.02070063694267516
1780179465,0.020850040096230954
1780179480,0.02245388933440257
1780179495,0.022471910112359553
1780179510,0.022029897718332022
1780179525,0.02158273381294964
1780179540,0.02132701421800948
1780179555,0.021445591739475776
1780179570,0.0203921568627451
1780179585,0.019778481012658226
1780179600,0.018312101910828025
1780179615,0.016786570743405275
1780179630,0.015273311897106108
1780179645,0.014598540145985401
1780179660,0.01314708299096138
1780179675,0.014586709886547814
1780179690,0.012944983818770227
1780179705,0.012145748987854251
1780179720,0.013854930725346373
1780179735,0.01458670988654781
1780179750,0.015103338632750398
1780179765,0.01598721023181455
1780179780,0.015310233682514102
1780179795,0.01461038961038961
1780179810,0.01485148514851485
1780179825,0.015434606011372868
1780179840,0.015625
1780179855,0.016570008285004142
1780179870,0.01764705882352941
1780179885,0.018821603927986905
1780179900,0.019656019656019656
1780179915,0.02021018593371059
1780179930,0.021669341894060997
1780179945,0.02125984251968504
1780179960,0.022099447513812154
1780179975,0.02119309262166405
1780179990,0.021555042340261742
1780180005,0.022900763358778626
1780180020,0.02084942084942085
1780180035,0.01770592763664357
1780180050,0.017926734216679653
1780180065,0.017719568567026195
1780180080,0.01876876876876877
1780180095,0.020437956204379562
1780180110,0.019636363636363636
1780180125,0.018922852983988356
1780180140,0.01956521739130435
1780180155,0.022111269614835952
1780180170,0.02156721782890007
1780180185,0.02266081871345029
1780180200,0.021818181818181816
1780180215,0.022928994082840236
1780180230,0.021674140508221224
1780180245,0.021260440394836752
1780180260,0.023219814241486066
1780180275,0.024143302180685357
1780180290,0.022979397781299524
1780180305,0.0231629392971246
1780180320,0.02476038338658147
1780180335,0.02444794952681388
1780180350,0.023790642347343374
1780180365,0.02137767220902613
1780180380,0.0234248788368336
1780180395,0.02134646962233169
1780180410,0.022314049586776862
1780180425,0.02497918401332223
1780180440,0.024267782426778243
1780180455,0.021903959561920813
1780180470,0.02027027027027027
1780180485,0.019311502938706968
1780180500,0.018739352640545145
1780180515,0.017948717948717947
1780180530,0.017602682313495387
1780180545,0.018425460636515914
1780180560,0.02061005770816158
1780180575,0.019834710743801654
1780180590,0.023045267489711935
1780180605,0.02145214521452145
1780180620,0.021434460016488046
1780180635,0.022295623451692816
1780180650,0.023352793994995832
1780180665,0.020491803278688527
1780180680,0.020185029436501262
1780180695,0.019279128248114
1780180710,0.021739130434782608
1780180725,0.019327731092436976
1780180740,0.017543859649122806
1780180755,0.017529215358931555
1780180770,0.01761744966442953
1780180785,0.017796610169491526
1780180800,0.01739850869925435
1780180815,0.018410041841004185
1780180830,0.01785714285714286
1780180845,0.015926236378876784
1780180860,0.015754560530679935
1780180875,0.01658374792703151
1780180890,0.014214046822742474
1780180905,0.017485428809325562
1780180920,0.01822700911350456
1780180935,0.018821603927986905
1780180950,0.01800327332242226
1780180965,0.02003338898163606
1780180980,0.018914473684210526
1780180995,0.020064205457463884
1780181010,0.02196078431372549
1780181025,0.02350265352539803
1780181040,0.024334600760456276
1780181055,0.02575757575757576
1780181070,0.02725208175624527
1780181085,0.02633559066967645
1780181100,0.03046062407132244
1780181115,0.030147058823529412
1780181130,0.029411764705882353
1780181145,0.030370370370370374
1780181160,0.029873039581777446
1780181175,0.0315712187958884
1780181190,0.032089552238805975
1780181205,0.03046062407132244
1780181220,0.03078078078078078
1780181235,0.03134328358208956
1780181250,0.03039288361749444
1780181265,0.030303030303030304
1780181280,0.030545454545454546
1780181295,0.03003003003003003
1780181310,0.030303030303030304
1780181325,0.028809704321455652
1780181340,0.030859662013225573
1780181355,0.032069970845481056
1780181370,0.030802292263610316
1780181385,0.031478770131771604
1780181400,0.03058994901675164
1780181415,0.031065088757396452
1780181430,0.03010279001468429
1780181445,0.029883381924198253
1780181460,0.028343023255813952
1780181475,0.027798098024871983
1780181490,0.025659824046920823
1780181505,0.027205882352941173
1780181520,0.027306273062730625
1780181535,0.026745913818722142
1780181550,0.029061102831594635
1780181565,0.030075187969924814
1780181580,0.028051554207733132
1780181595,0.02805155420773313
1780181610,0.027910685805422646
1780181625,0.025995125913891148
1780181640,0.027340513670256833
1780181655,0.024937655860349132
1780181670,0.026248941574936492
1780181685,0.026094276094276097
1780181700,0.025337837837837836
1780181715,0.0247229326513214
1780181730,0.025231286795626577
1780181745,0.0253592561284869
1780181760,0.026006711409395977
1780181775,0.027187765505522515
1780181790,0.027515047291487533
1780181805,0.02714164546225615
1780181820,0.025380710659898473
1780181835,0.024659863945578234
1780181850,0.02531645569620253
1780181865,0.024451939291736932
1780181880,0.02430846605196983
1780181895,0.02195945945945946
1780181910,0.020903010033444816
1780181925,0.020967741935483872
1780181940,0.02003205128205128
1780181955,0.01966955153422502
1780181970,0.021995286724273373
1780181985,0.022239872915011914
1780182000,0.02134387351778656
1780182015,0.021926389976507442
1780182030,0.022029897718332022
1780182045,0.022029897718332025
1780182060,0.022257551669316377
1780182075,0.021327014218009477
1780182090,0.020569620253164556
1780182105,0.019809825673534075
1780182120,0.02229299363057325
1780182135,0.021634615384615384
1780182150,0.021565495207667734
1780182165,0.02245388933440257
1780182180,0.023942537909018353
1780182195,0.02533650039588282
1780182210,0.025182778229082048
1780182225,0.024610336341263327
1780182240,0.024349286314021827
1780182255,0.023628691983122365
1780182270,0.022241231822070145
1780182285,0.021404109589041095
1780182300,0.02166377816291161
1780182315,0.020851433536055602
1780182330,0.021533161068044787
1780182345,0.021607605877268798
1780182360,0.021367521367521364
1780182375,0.022375215146299487
1780182390,0.022317596566523604
1780182405,0.025472473294987672
1780182420,0.0231980115990058
1780182435,0.02572347266881029
1780182450,0.024271844660194174
1780182465,0.0231980115990058
1780182480,0.02291325695581015
1780182495,0.022894521668029435
1780182510,0.02448979591836735
1780182525,0.022617124394184167
1780182540,0.022961203483768802
1780182555,0.022673964034401875
1780182570,0.02526799387442573
1780182585,0.026113671274961597
1780182600,0.02471042471042471
1780182615,0.025680933852140077
1780182630,0.024691358024691357
1780182645,0.0252486610558531
1780182660,0.02737642585551331
1780182675,0.02543006731488407
1780182690,0.024169184290030215
1780182705,0.023346303501945526
1780182720,0.022727272727272728
1780182735,0.0215311004784689
1780182750,0.021875000000000002
1780182765,0.021909233176838815
1780182780,0.02142310635042081
1780182795,0.02135774218154081
1780182810,0.02361005331302361
1780182825,0.02358490566037736
1780182840,0.02397525135344161
1780182855,0.02486402486402486
1780182870,0.02505873140172279
1780182885,0.025641025641025644
1780182900,0.027799227799227798
1780182915,0.027649769585253454
1780182930,0.028436018957345967
1780182945,0.02711323763955343
1780182960,0.027265437048917405
1780182975,0.02650602409638554
1780182990,0.027755749405233947
1780183005,0.027977617905675465
1780183020,0.028059236165237724
1780183035,0.0274294670846395
1780183050,0.02996845425867508
1780183065,0.028799999999999996
1780183080,0.028571428571428567
1780183095,0.028112449799196793
1780183110,0.024154589371980676
1780183125,0.022471910112359553
1780183140,0.024549918166939442
1780183155,0.023007395234182416
1780183170,0.021487603305785124
1780183185,0.020764119601328904
1780183200,0.021416803953871497
1780183215,0.019672131147540985
1780183230,0.01923076923076923
1780183245,0.01909307875894988
1780183260,0.020800000000000003
1780183275,0.0210016155088853
1780183290,0.01951219512195122
1780183305,0.0196238757154538
1780183320,0.01834862385321101
1780183335,0.018898931799506982
1780183350,0.018092105263157895
1780183365,0.01902398676592225
1780183380,0.019688269073010665
1780183395,0.021897810218978103
1780183410,0.0261437908496732
1780183425,0.026960784313725488
1780183440,0.02516233766233766
1780183455,0.02685109845402767
1780183470,0.027575020275750203
1780183485,0.02682926829268293
1780183500,0.024691358024691357
1780183515,0.024390243902439025
1780183530,0.02516233766233766
1780183545,0.026165167620605067
1780183560,0.02510121457489879
1780183575,0.02572347266881029
1780183590,0.025869037995149554
1780183605,0.028225806451612906
1780183620,0.030694668820678513
1780183635,0.029339853300733496
1780183650,0.030130293159609117
1780183665,0.028782894736842108
1780183680,0.028239202657807314
1780183695,0.02631578947368421
1780183710,0.024937655860349125
1780183725,0.02481389578163772
1780183740,0.02345058626465662
1780183755,0.023588879528222414
1780183770,0.024469820554649267
1780183785,0.026446280991735537
1780183800,0.029552715654952075
1780183815,0.030204081632653063
1780183830,0.030032467532467532
1780183845,0.028571428571428574
1780183860,0.029814665592264304
1780183875,0.02896218825422365
1780183890,0.028571428571428574
1780183905,0.028458498023715414
1780183920,0.027755749405233947
1780183935,0.027463651050080775
1780183950,0.02795527156549521
1780183965,0.029079159935379642
1780183980,0.028846153846153844
1780183995,0.028294260307194827
1780184010,0.0267639902676399
1780184025,0.026634382566585953
1780184040,0.026962727993655834
1780184055,0.027733755942947705
1780184070,0.02698282910874898
1780184085,0.0259529602595296
1780184100,0.024026512013256004
1780184115,0.025919732441471572
1780184130,0.02745424292845258
1780184145,0.02695871946082561
1780184160,0.027610008628127694
1780184175,0.02679343128781331
1780184190,0.02519548218940052
1780184205,0.025906735751295335
1780184220,0.026495726495726495
1780184235,0.025839793281653745
1780184250,0.02515177797051171
1780184265,0.02504317789291883
1780184280,0.024221453287197235
1780184295,0.024978466838931956
1780184310,0.02480752780153978
1780184325,0.025108225108225107
1780184340,0.024117140396210164
1780184355,0.02317596566523605
1780184370,0.023608768971332208
1780184385,0.0237892948173322
1780184400,0.02451394759087067
1780184415,0.021922428330522766
1780184430,0.01923076923076923
1780184445,0.01859678782755706
1780184460,0.01867572156196944
1780184475,0.01761744966442953
1780184490,0.019166666666666665
1780184505,0.019884009942004968
1780184520,0.019039735099337745
1780184535,0.021052631578947364
1780184550,0.022969647251845773
1780184565,0.022988505747126436
1780184580,0.02394715111478117
1780184595,0.024390243902439025
1780184610,0.02522375915378356
1780184625,0.02477291494632535
1780184640,0.025306122448979593
1780184655,0.023549201009251473
1780184670,0.023352793994995832
1780184685,0.022988505747126436
1780184700,0.025811823480432972
1780184715,0.026913372582001684
1780184730,0.027071369975389666
1780184745,0.027508090614886734
1780184760,0.027823240589198037
1780184775,0.028665028665028666
1780184790,0.027272727272727275
1780184805,0.026251025430680884
1780184820,0.027265437048917405
1780184835,0.02564102564102564
1780184850,0.025682182985553775
1780184865,0.026004728132387706
1780184880,0.02588235294117647
1780184895,0.027237354085603113
1780184910,0.025641025641025644
1780184925,0.02827965435978005
1780184940,0.028527370855821122
1780184955,0.029343629343629343
1780184970,0.028059236165237728
1780184985,0.02874902874902875
1780185000,0.024558710667689942
1780185015,0.02472952086553323
1780185030,0.025641025641025644
1780185045,0.02939015429831007
1780185060,0.0296242774566474
1780185075,0.027656477438136828
1780185090,0.027696793002915453
1780185105,0.027407407407407405
1780185120,0.025738077214231644
1780185135,0.025738077214231644
1780185150,0.026986506746626684
1780185165,0.026435045317220542
1780185180,0.02566037735849057
1780185195,0.0252486610558531
1780185210,0.02727272727272727
1780185225,0.024279210925644914
1780185240,0.025018953752843062
1780185255,0.02569916855631141
1780185270,0.02625656414103526
1780185285,0.025816249050873197
1780185300,0.026093630084420567
1780185315,0.02498048399687744
1780185330,0.024410089503661515
1780185345,0.02027027027027027
1780185360,0.02092050209205021
1780185375,0.021079258010118042
1780185390,0.021612635078969246
1780185405,0.021469859620148638
1780185420,0.01908713692946058
1780185435,0.019279128248113998
1780185450,0.019425675675675675
1780185465,0.020185029436501262
1780185480,0.01877133105802048
1780185495,0.01851851851851852
1780185510,0.01632302405498282
1780185525,0.01712328767123288
1780185540,0.014680483592400692
1780185555,0.0156794425087108
1780185570,0.01632302405498282
1780185585,0.018884120171673822
1780185600,0.017933390264731
1780185615,0.01864406779661017
1780185630,0.01788756388415673
1780185645,0.018456375838926176
1780185660,0.020016680567139282
1780185675,0.020938023450586266
1780185690,0.02441077441077441
1780185705,0.023549201009251473
1780185720,0.023178807947019868
1780185735,0.023538961038961036
1780185750,0.021311475409836068
1780185765,0.02105263157894737
1780185780,0.02061005770816158
1780185795,0.020729684908789386
1780185810,0.01972062448644207
1780185825,0.020729684908789386
1780185840,0.023577235772357725
1780185855,0.023083264633140973
1780185870,0.023140495867768597
1780185885,0.02136400986031224
1780185900,0.019983347210657785
1780185915,0.02085070892410342
1780185930,0.0238290879211175
1780185945,0.02074688796680498
1780185960,0.021469859620148638
1780185975,0.022040816326530613
1780185990,0.01797385620915033
1780186005,0.0196078431372549
1780186020,0.020185029436501262
1780186035,0.019279128248113998
1780186050,0.020695364238410598
1780186065,0.023255813953488375
1780186080,0.025472473294987672
1780186095,0.02532679738562092
1780186110,0.026785714285714288
1780186125,0.025223759153783568
1780186140,0.02463054187192118
1780186155,0.024650780608052588
1780186170,0.02487562189054726
1780186185,0.025726141078838173
1780186200,0.024896265560165973
1780186215,0.024066390041493774
1780186230,0.022406639004149378
1780186245,0.021469859620148638
1780186260,0.019983347210657785
1780186275,0.019214703425229736
1780186290,0.02032176121930567
1780186305,0.020903010033444816
1780186320,0.021422450728363324
1780186335,0.021684737281067557
1780186350,0.01761744966442953
1780186365,0.01585976627712855
1780186380,0.016074450084602367
1780186395,0.016225448334756618
1780186410,0.016295025728987993
1780186425,0.015319148936170214
1780186440,0.01553062985332183
1780186455,0.01471861471861472
1780186470,0.014617368873602753
1780186485,0.016778523489932886
1780186500,0.020798668885191347
1780186515,0.021294021294021293
