timestamp,memory_usage_percent
1779734520,36.33266949564998
1779734535,36.02823370944955
1779734550,36.0336531505105
1779734565,36.04275570685559
1779734580,35.89890374704364
1779734595,35.83081873021969
1779734610,35.78388531831324
1779734625,35.817769978927316
1779734640,35.78556902815742
1779734655,35.164858870914706
1779734670,35.20947718178542
1779734685,35.17280387674192
1779734700,35.17454020251872
1779734715,35.28324471933346
1779734730,35.32591624069684
1779734745,35.24951790651727
1779734760,35.262408810011756
1779734775,35.21989513644627
1779734790,35.232680808075486
1779734805,35.240678429835334
1779734820,35.18979882298159
1779734835,35.34006992657447
1779734850,35.33759697774082
1779734865,35.22505149784406
1779734880,35.23536422063965
1779734895,35.180433186973346
1779734910,35.149021475192896
1779734925,35.268143946668495
1779734940,35.34422658525228
1779734955,35.34249025947547
1779734970,35.36490464677608
1779734985,35.3292836603852
1779735000,35.30234430287835
1779735015,35.336123731627175
1779735030,35.43546261243367
1779735045,35.396684670084944
1779735060,35.58731219400547
1779735075,35.59283686693168
1779735090,35.2406258139027
1779735105,35.39579019923023
1779735120,35.37242872514226
1779735135,35.39579019923023
1779735150,35.42425541878336
1779735165,35.525646320962444
1779735180,35.54264126720212
1779735195,35.535380268499104
1779735210,35.51933240904679
1779735225,35.60204465514203
1779735240,35.50260054247026
1779735255,35.43788294533468
1779735270,35.439145727717815
1779735285,35.42383449132232
1779735300,35.4532467976628
1779735315,35.51391296798584
1779735330,35.4455122555661
1779735345,35.432673968004245
1779735360,35.49860173159034
1779735375,35.55353276525665
1779735390,35.53253900813706
1779735405,35.538168912928526
1779735420,35.584523549576055
1779735435,35.61372539218601
1779735450,35.5672129077406
1779735465,35.53532765256647
1779735480,35.478712909055986
1779735495,35.431463801553754
1779735510,35.37795339806847
1779735525,35.403051197933245
1779735540,35.31665583655387
1779735555,35.2832973352661
1779735570,35.359064278254095
1779735585,35.35485500364365
1779735600,35.38489870117571
1779735615,36.408489054570616
1779735630,36.50430266789086
1779735645,36.624477458019065
1779735660,36.6565731769237
1779735675,36.486728946392255
1779735690,36.60790343924044
1779735705,36.710136196341615
1779735720,36.57696527085367
1779735735,36.66225569764781
1779735750,36.65662579285633
1779735765,36.69714006098187
1779735780,36.7292357798865
1779735795,36.72849915682968
1779735810,36.78195694438233
1779735825,36.747072581048265
1779735840,36.7462833420588
1779735855,35.63250928013512
1779735870,35.47129406255508
1779735885,35.423413563861274
1779735900,35.42099323096026
1779735915,35.37448074651485
1779735930,35.41625779702352
1779735945,35.48792069726634
1779735960,35.49423460918201
1779735975,35.262724505607544
1779735990,35.18858865653108
1779736005,35.13997153478044
1779736020,35.287085682415494
1779736035,35.20258449461081
1779736050,35.25099115263093
1779736065,35.30960530158137
1779736080,35.28087700236509
1779736095,35.292452507543814
1779736110,35.226051200564044
1779736125,35.28392872645766
1779736140,35.44393377758719
1779736155,35.42783330220224
1779736170,35.42899085272011
1779736185,35.365115110506615
1779736200,35.36032706063723
1779736215,35.41673134041719
1779736230,35.419519984846616
1779736245,35.48239602434013
1779736260,35.45456219597857
1779736275,35.47387224325398
1779736290,35.52285767653303
1779736305,35.49623401462196
1779736320,35.50423163638181
1779736335,35.59194239607696
1779736350,35.58031427496561
1779736365,35.58184013701189
1779736380,35.58804881706229
1779736395,35.768784545648266
1779736410,35.59720398934001
1779736425,35.514702206975294
1779736440,35.564003335850124
1779736455,35.632719743865636
1779736470,35.54890256318516
1779736485,35.48786808133371
1779736500,35.42830684559591
1779736515,35.48313264739696
1779736530,35.42336094792864
1779736545,35.44509132810506
1779736560,35.49086718949365
1779736575,35.49086718949365
1779736590,35.18122242596281
1779736605,35.1743297387882
1779736620,35.236469155224896
1779736635,35.19863829966352
1779736650,35.3148142789118
1779736665,35.31428811958549
1779736680,35.29571469536691
1779736695,35.19690197388671
1779736710,35.20647807362547
1779736725,35.38695072254829
1779736740,35.33559757230087
1779736755,35.33691297061663
1779736770,35.298345491998425
1779736785,35.3160244453623
1779736800,35.33659727502085
1779736815,35.36122153149195
1779736830,35.34927771478481
1779736845,35.41715226787824
1779736860,35.56963324064159
1779736875,35.61083151589133
1779736890,35.250149297708845
1779736905,35.2836656467945
1779736920,35.291137109228046
1779736935,35.37658538382007
1779736950,35.33401909432195
1779736965,35.39042337410191
1779736980,35.44151344468619
1779736995,35.490814573561025
1779737010,35.478712909055986
1779737025,35.50775690386806
1779737040,35.49860173159034
1779737055,35.478818140921256
1779737070,35.44388116165456
1779737085,35.411101435625724
1779737100,35.41499501464038
1779737115,35.44961629831129
1779737130,35.40562937863214
1779737145,35.386424563221986
1779737160,35.41394269598778
1779737175,35.39331725039659
1779737190,35.31786600300437
1779737205,35.32512700170739
1779737220,35.30334400559833
1779737235,35.30739543241089
1779737250,35.27393169925786
1779737265,35.38237313640944
1779737280,35.3666409725529
1779737295,35.41925690518346
1779737310,35.36211600234667
1779737325,35.30029228150576
1779737340,35.27314246026839
1779737355,35.28156100948928
1779737370,35.226419512092455
1779737385,35.1434968022667
1779737400,35.32396945118952
1779737415,35.5145443591774
1779737430,35.513439424592164
1779737445,35.43688324261469
1779737460,35.432673968004245
1779737475,35.50796736759858
1779737490,35.59836153985788
1779737505,35.62124947055217
1779737520,35.59920339477998
1779737535,35.60251819853569
1779737550,35.520753039227806
1779737565,35.55295398999772
1779737580,35.578998876649834
1779737595,35.55832081512603
1779737610,35.49118288508944
1779737625,35.40252503860694
1779737640,35.564055951782755
1779737655,35.522699828735135
1779737670,35.460086868904774
1779737685,35.5026531584029
1779737700,35.52317337212882
1779737715,35.67902176458053
1779737730,35.64334816225701
1779737745,35.66855119398705
1779737760,35.76389126391363
1779737775,35.6872298500709
1779737790,35.74768555666341
1779737805,35.56626582095325
1779737820,35.449826762041816
1779737835,35.45935024584794
1779737850,35.46692694014675
1779737865,35.39121261309137
1779737880,35.46755833133831
1779737895,35.44556487149874
1779737910,35.41667872448456
1779737925,35.56968585657423
1779737940,35.40578722643003
1779737955,35.425097273705454
1779737970,35.40694477694791
1779737985,35.36479941491083
1779738000,35.27356338772943
1779738015,35.47745012667286
1779738030,35.436778010749435
1779738045,35.593783953719026
1779738060,35.572842812532066
1779738075,35.44640672642083
1779738090,35.53532765256647
1779738105,35.683546734786766
1779738120,35.555532170696615
1779738135,35.3952114239713
1779738150,35.47997569143912
1779738165,35.34238502761021
1779738180,35.382688832005215
1779738195,35.332124920747255
1779738210,35.33580803603139
1779738225,35.2325229602776
1779738240,35.33691297061663
1779738255,35.39137046088926
1779738270,35.40468229184479
1779738285,35.3692191532518
1779738300,35.44103990129251
1779738315,35.443828545721935
1779738330,35.367114515946575
1779738345,35.394422184981835
1779738360,35.392159699878725
1779738375,35.35375006905841
1779738390,35.4203618397687
1779738405,35.382794063870485
1779738420,35.40615553795845
1779738435,35.47292515646663
1779738450,35.7667851402083
1779738465,35.52917158844869
1779738480,35.418046738732954
1779738495,35.482132944676984
1779738510,35.52164751008253
1779738525,35.506967664878594
1779738540,35.516438532752105
1779738555,35.533380863059136
1779738570,35.50670458521545
1779738585,35.5348541091728
1779738600,35.4892360955821
1779738615,35.72485024190175
1779738630,35.676443583881635
1779738645,35.52191058974567
1779738660,35.56053068429651
1779738675,35.52301552433092
1779738690,35.52717218300874
1779738705,35.506967664878594
1779738720,35.489183479649476
1779738735,35.42557081709913
1779738750,35.44524917590296
1779738765,35.46524323030257
1779738780,35.41457408717934
1779738795,35.475135025637115
1779738810,35.46939988898038
1779738825,35.43893526398729
1779738840,35.457666536003764
1779738855,35.39431695311658
1779738870,35.406102922025816
1779738885,35.23536422063965
1779738900,35.227366598879804
1779738915,35.184379381920635
1779738930,35.20190048748661
1779738945,35.182116896817526
1779738960,35.17627652829554
1779738975,35.23262819214287
1779738990,35.236311307427
1779739005,35.124449834654435
1779739020,35.293662673994305
1779739035,35.538379376659044
1779739050,35.41441623938145
1779739065,35.447406429140806
1779739080,35.62461689024053
1779739095,35.621775629878485
1779739110,35.61356754438811
1779739125,35.71148579501359
1779739140,36.11931188883306
1779739155,35.54016831836848
1779739170,35.55579525035976
1779739185,35.51927979311416
1779739200,35.48934132744736
1779739215,35.587417425870726
1779739230,35.578998876649834
1779739245,35.57594715255726
1779739260,35.628405237389934
1779739275,35.706066353952636
1779739290,35.84071052555424
1779739305,35.7016992315443
1779739320,35.643032466661225
1779739335,35.78919952750893
1779739350,35.38000541944106
1779739365,35.707855295662085
1779739380,35.58725957807284
1779739395,35.59031130216541
1779739410,35.58126136175295
1779739425,35.78225422440169
1779739440,35.55795250359761
1779739455,35.66718317973866
1779739470,35.67549649709429
1779739485,35.89101135714906
1779739500,35.6541870443789
1779739515,35.41720488381087
1779739530,35.4355152283663
1779739545,35.465822005561506
1779739560,35.59525719983269
1779739575,35.612462609802876
1779739590,35.57594715255726
1779739605,35.72427146664281
1779739620,35.597730148666315
1779739635,35.6252482814321
1779739650,35.587364809938094
1779739665,35.58394477431711
1779739680,35.55658448934922
1779739695,35.592468555403265
1779739710,35.56689721214481
1779739725,35.54821855606096
1779739740,35.51770131513524
1779739755,35.432831815802146
1779739770,35.541483716684255
1779739785,35.57021201590054
1779739800,35.629720635705695
1779739815,34.918405842473156
1779739830,35.91489899056334
1779739845,35.53111837795603
1779739860,35.51754346733734
1779739875,35.52596201655823
1779739890,35.525067545703514
1779739905,35.55600571409029
1779739920,35.662447745801906
1779739935,35.66918258517862
1779739950,35.7006469128917
1779739965,35.53880030412009
1779739980,35.46818972252987
1779739995,35.39252801140713
1779740010,35.52601463249086
1779740025,35.29981873811209
1779740040,35.45913978211742
1779740055,35.579840731571934
1779740070,35.55732111240605
1779740085,35.58468139737394
1779740100,35.45629852175537
1779740115,35.458771470589014
1779740130,35.420414455701334
1779740145,35.467453099473055
1779740160,35.42025660790345
1779740175,35.42856992525907
1779740190,35.580682586494014
1779740205,35.33054644276834
1779740220,35.48849947252527
1779740235,35.50954584557749
1779740250,35.546061302823105
1779740265,35.572842812532066
1779740280,35.38047896283474
1779740295,35.50270577433553
1779740310,35.09666862222549
1779740325,35.36716713187921
1779740340,35.425781280829646
1779740355,35.335860651964026
1779740370,35.38011065130632
1779740385,35.382846679803116
1779740400,35.40936510984891
1779740415,35.49860173159034
1779740430,35.52033211176676
1779740445,35.65555505862731
1779740460,35.69580624708968
1779740475,35.67318139605854
1779740490,35.42351879572654
1779740505,35.48860470439054
1779740520,35.66702533194076
1779740535,35.49107765322417
1779740550,35.35901166232147
1779740565,35.546061302823105
1779740580,35.487447153872665
1779740595,35.48018615516965
1779740610,35.33964899911343
1779740625,35.476345192087614
1779740640,35.31386719212445
1779740655,35.38879228019036
1779740670,35.36290524133613
1779740685,35.456403753620634
1779740700,35.52196320567831
1779740715,35.55674233714711
1779740730,35.35743318434255
1779740745,35.51086124389327
1779740760,35.5556900184945
1779740775,35.58578633195918
1779740790,35.58078781835927
1779740805,35.4778710541339
1779740820,35.60814810332717
1779740835,35.57136956641841
1779740850,35.83723787400063
1779740865,35.98829821658296
1779740880,35.748527411585506
1779740895,35.66218466613875
1779740910,35.61556694982808
1779740925,35.69017634229821
1779740940,35.72632348801541
1779740955,35.614882942703886
1779740970,35.438093409065196
1779740985,35.43367367072423
1779741000,35.39942069858174
1779741015,35.03421351019303
1779741030,35.343121650667044
1779741045,35.42204554961288
1779741060,35.435094300905256
1779741075,35.49570785529566
1779741090,35.58520755670025
1779741105,35.58389215838448
1779741120,35.63687640254345
1779741135,35.65408181251365
1779741150,35.68049501069419
1779741165,35.603096973794635
1779741180,35.60883211045136
1779741195,35.81150868294428
1779741210,35.667709339064956
1779741225,35.55269091033456
1779741240,35.70927592584311
1779741255,35.72037788762815
1779741270,35.73021706703007
1779741285,35.68370458258465
1779741300,35.70212015900535
1779741315,35.60435975617777
1779741330,35.540378782099005
1779741345,35.56089899582493
1779741360,35.939102319573394
1779741375,35.91221557799918
1779741390,35.89253721919534
1779741405,35.91700362786856
1779741420,35.994769976296524
1779741435,35.930368074756714
1779741450,35.93426165377138
1779741465,35.80735202426647
1779741480,35.8464982781436
1779741495,35.9895609989661
1779741510,35.95872806244459
1779741525,35.92784250999045
1779741540,36.56423221515707
1779741555,35.794724200435134
1779741570,35.61272568946603
1779741585,35.68696677040775
1779741600,35.67928484424369
1779741615,35.09851017986757
1779741630,35.553848460852436
1779741645,35.60741148027034
1779741660,35.59825630799263
1779741675,35.64987253790321
1779741690,35.74573876715609
1779741705,35.77857110911755
1779741720,35.84428840897312
1779741735,35.73326879112264
1779741750,35.75394685264644
1779741765,35.77783448606072
1779741780,35.711801490609375
1779741795,35.76389126391363
1779741810,35.6209337749564
1779741825,35.72721795887013
1779741840,35.77052087142507
1779741855,35.71843109812082
1779741870,35.84123668488055
1779741885,36.14867157924091
1779741900,36.15151283960296
1779741915,35.8869599303365
1779741930,35.82797746985765
1779741945,35.79183032414045
1779741960,35.796723605875094
1779741975,35.80545785069177
1779741990,35.83350214278386
1779742005,35.69338591418868
1779742020,35.85118109614772
1779742035,35.807667719862245
1779742050,35.72853335718589
1779742065,35.80061718488976
1779742080,35.828766708847105
1779742095,35.99692722953437
1779742110,35.94331159418383
1779742125,35.88185618487134
1779742140,35.94257497112701
1779742155,35.892431987330085
1779742170,35.63072033842568
1779742185,35.607779791798755
1779742200,35.667077947873395
1779742215,35.238468560664856
1779742230,35.76988948023351
1779742245,35.546745309947305
1779742260,35.51228187407429
1779742275,35.534380565779124
1779742290,35.463454288593134
1779742305,35.35969566944567
1779742320,35.42688621541489
1779742335,35.43488383717474
1779742350,35.500074977704
1779742365,35.47829198159494
1779742380,35.47255684493822
1779742395,35.53585381189278
1779742410,35.545114216035756
1779742425,35.575684072894106
1779742440,35.65266118233262
1779742455,35.47823936566231
1779742470,35.51764869920261
1779742485,35.68765077753194
1779742500,35.632140968606706
1779742515,35.628142157726785
1779742530,35.5322759284739
1779742545,35.48465850944324
1779742560,35.45093169662705
1779742575,36.2285425649741
1779742590,35.855390370758165
1779742605,35.77262550873029
1779742620,35.87769952619353
1779742635,35.894010465309
1779742650,35.784464093572176
1779742665,35.80030148929397
1779742680,35.83534370042592
1779742695,35.742739658996136
1779742710,35.772415044999775
1779742725,35.81029851649377
1779742740,35.85833686298548
1779742755,35.81650719654419
1779742770,35.83255505599651
1779742785,35.736741442676255
1779742800,35.7946715845025
1779742815,36.75222894244607
1779742830,36.86398518335338
1779742845,36.7471251969809
1779742860,36.73896972742317
1779742875,36.82689095084882
1779742890,36.753176029233416
1779742905,37.050192968932926
1779742920,37.068871625016776
1779742935,36.864721806410195
1779742950,36.80926461341759
1779742965,36.17897835643611
1779742980,36.11094595554479
1779742995,36.06948460063192
1779743010,36.10000184155764
1779743025,36.068169202316156
1779743040,36.04743852485971
1779743055,36.04928008250178
1779743070,36.14525154361993
1779743085,36.09500332795774
1779743100,35.76131308321473
1779743115,35.710380860428344
1779743130,35.639770278838135
1779743145,35.657186152538856
1779743160,35.63193050487619
1779743175,35.68801908906036
1779743190,35.66060618815984
1779743205,35.74242396340036
1779743220,35.54253603533686
1779743235,35.40936510984891
1779743250,35.64234845953703
1779743265,35.54790286046517
1779743280,35.470399591700364
1779743295,35.43704109041259
1779743310,35.44088205349462
1779743325,35.361800306750894
1779743340,35.446827653881876
1779743355,35.47381962732135
1779743370,35.59099530928961
1779743385,35.5178065470005
1779743400,35.48660529895058
1779743415,35.61351492845548
1779743430,35.74884310718128
1779743445,35.77594031248602
1779743460,35.83355475871649
1779743475,35.7517895994086
1779743490,35.76994209616614
1779743505,35.705434962761075
1779743520,35.77478276196815
1779743535,35.76783745886092
1779743550,35.75105297635177
1779743565,35.76215493813682
1779743580,35.55395369271769
1779743595,35.600729256826256
1779743610,35.63392991031614
1779743625,35.653818732850496
1779743640,35.745843999021346
1779743655,35.77420398670922
1779743670,35.765469741892545
1779743685,35.71153841094622
1779743700,35.63461391744034
1779743715,35.58620725942022
1779743730,35.633824678450885
1779743745,35.63408775811403
1779743760,35.709381157708364
1779743775,35.69891058711489
1779743790,35.646768197877996
1779743805,35.665815165490265
1779743820,35.65339780538945
1779743835,35.674075866913256
1779743850,35.65929078984408
1779743865,35.68965018297191
1779743880,35.736478363013106
1779743895,35.78041266675962
1779743910,35.791146317016256
1779743925,35.73137461754794
1779743940,35.768731929715635
1779743955,35.76710083580409
1779743970,35.66739364346918
1779743985,35.72937521210798
1779744000,35.72611302428489
1779744015,35.85938918163809
1779744030,35.825136209495604
1779744045,35.84986569783196
1779744060,35.83492277296488
1779744075,35.81745428333154
1779744090,35.845288111693094
1779744105,35.933525030714556
1779744120,35.95346646918153
1779744135,35.85444328397082
1779744150,35.81192961040532
1779744165,35.90958478136764
1779744180,35.66734102753655
1779744195,35.572106189475235
1779744210,35.5672129077406
1779744225,35.79288264279307
1779744240,35.60620131381984
1779744255,35.671076758753316
1779744270,35.63324590319195
1779744285,35.75573579435589
1779744300,35.65360826911997
1779744315,35.556479257483964
1779744330,35.55900482225023
1779744345,35.62056546342798
1779744360,35.62193347767637
1779744375,35.60662224128088
1779744390,35.58804881706229
1779744405,35.5916793164138
1779744420,35.536853514612766
1779744435,35.518701017855214
1779744450,35.50133776008714
1779744465,35.594731040506375
1779744480,35.54443020891156
1779744495,35.55626879375343
1779744510,35.58878544011912
1779744525,35.6176715871333
1779744540,35.6075167121356
1779744555,35.52301552433092
1779744570,35.60367574905358
1779744585,35.64639988634959
1779744600,35.601571111748356
1779744615,35.79093585328573
1779744630,35.65271379826525
1779744645,35.604622835840914
1779744660,35.62593228855629
1779744675,35.68407289411306
1779744690,35.68023193103104
1779744705,35.61372539218601
1779744720,35.67097152688806
1779744735,35.64392693751594
1779744750,35.73000660329954
1779744765,35.6879138571951
1779744780,35.70264631833165
1779744795,35.70690820887473
1779744810,35.73921439150989
1779744825,35.65050392909477
1779744840,35.678022061860545
1779744855,35.70727652040314
1779744870,35.723376995788094
1779744885,35.701383535948516
1779744900,35.7016992315443
1779744915,35.63392991031614
1779744930,35.553164453728236
1779744945,35.637770873398175
1779744960,35.57031724776579
1779744975,35.565160886368
1779744990,35.577052087142505
1779745005,35.510072004903805
1779745020,35.516070221223686
1779745035,35.55995190903758
1779745050,35.586417723150745
1779745065,35.58699649840968
1779745080,35.6156195657607
1779745095,35.61551433389545
1779745110,35.550849352692495
1779745125,35.56542396603115
1779745140,35.57058032742895
1779745155,35.56952800877634
1779745170,35.491761660348374
1779745185,35.51254495373745
1779745200,35.4248341940423
1779745215,35.19858568373089
1779745230,35.48860470439054
1779745245,35.672023845540664
1779745260,35.54516683196839
1779745275,35.72763888633117
1779745290,35.451405240020726
1779745305,35.60804287146191
1779745320,35.728375509388
1779745335,35.60972658130609
1779745350,35.54637699841889
1779745365,35.63429822184455
1779745380,35.62651106381524
1779745395,35.73379495044895
1779745410,35.6908603494224
1779745425,35.610726284026065
1779745440,35.649346378576894
1779745455,35.68286272766257
1779745470,35.54322004246105
1779745485,35.62466950617317
1779745500,35.75184221534122
1779745515,35.6013080320852
1779745530,35.60020309749995
1779745545,35.64292723479598
1779745560,35.679074380513164
1779745575,35.6345613015077
1779745590,35.387371650009335
1779745605,35.606043466021944
1779745620,35.65655476134728
1779745635,35.72611302428489
1779745650,36.002820213989
1779745665,35.70454049190636
1779745680,35.71595814928719
1779745695,35.68996587856768
1779745710,35.70275155019692
1779745725,35.61946052884274
1779745740,35.398420995861756
1779745755,35.645189719899086
1779745770,35.68891355991508
1779745785,35.54048401396427
1779745800,35.72232467713549
1779745815,35.445354407768214
1779745830,35.604675451773545
1779745845,35.71627384488297
1779745860,35.80587877815281
1779745875,35.86365107218117
1779745890,35.747054165471845
1779745905,35.6934385301213
1779745920,35.60509637923459
1779745935,35.605727770426164
1779745950,35.61777681899856
1779745965,35.61046320436291
1779745980,35.6784429893216
1779745995,35.65781754373042
1779746010,35.4551409712375
1779746025,35.54763978080202
1779746040,35.53085529829288
1779746055,35.4546148119112
1779746070,35.49339275425992
1779746085,35.545482527564175
1779746100,35.51149263508483
1779746115,35.4892360955821
1779746130,35.581471825483476
1779746145,35.57584192069201
1779746160,35.58057735462875
1779746175,35.563792872119606
1779746190,35.63892842391605
1779746205,35.68644061108144
1779746220,35.617145427806996
1779746235,35.59573074322636
1779746250,35.59809846019473
1779746265,28.797804863290654
1779746280,28.75539642159042
1779746295,28.587288516835784
1779746310,28.63532686332748
1779746325,28.53577751879046
1779746340,28.829006111340572
1779746355,28.760763246718735
1779746370,28.704201119140883
1779746385,28.628065864624464
1779746400,28.681418420311854
1779746415,28.671474009044683
1779746430,28.72251146369632
1779746445,28.713935066677543
1779746460,28.703517112016684
1779746475,28.77449600513532
1779746490,28.705358669658764
1779746505,28.787544756427696
1779746520,28.87330872661551
1779746535,28.83347846561417
1779746550,28.873677038143917
1779746565,27.618313501511395
1779746580,27.504189543635704
1779746595,27.405061126559737
1779746610,27.23500643229776
1779746625,27.22643003527898
1779746640,27.347394064396635
1779746655,27.30314406505434
1779746670,27.33402961750848
1779746685,27.39090744068211
1779746700,27.317876526190897
1779746715,27.29840863111759
1779746730,27.358601258046946
1779746745,27.28215030793475
1779746760,27.351708570872347
1779746775,27.34507896336089
1779746790,27.324506133702343
1779746805,27.321717489272924
1779746820,27.33381915377796
1779746835,27.35739109159645
1779746850,27.27915119977481
1779746865,27.309721056633162
1779746880,27.28109798928213
1779746895,27.29230518293244
1779746910,27.327768321525436
1779746925,27.358443410249055
1779746940,27.271521889543372
1779746955,27.297935087723914
1779746970,27.363968083175273
1779746985,27.396800425136735
1779747000,27.305459166090085
1779747015,27.349919629162912
1779747030,27.43468389663074
1779747045,27.440945192613775
1779747060,27.51287117251975
1779747075,27.548807854506418
1779747090,27.566539423802926
1779747105,27.71702099112632
1779747120,27.629415463296436
1779747135,27.53049750995099
1779747150,27.623259399178668
1779747165,27.621575689334488
1779747180,27.59374186097292
1779747195,27.66377366730419
1779747210,27.651251075338124
1779747225,27.564013859036653
1779747240,27.542757022253905
1779747255,27.590795368745614
1779747270,27.53812682018242
1779747285,27.545966594144378
1779747300,27.53702188559718
1779747315,27.5568580921989
1779747330,27.513397331846058
1779747345,27.367966894055186
1779747360,27.42516041282461
1779747375,27.4700944192911
1779747390,27.322085800801343
1779747405,27.290674089020893
1779747420,27.457466595459767
1779747435,27.449784669295706
1779747450,27.429317071502425
1779747465,27.318613149247728
1779747480,27.318402685517206
1779747495,27.381226109078092
1779747510,27.42942230336768
1779747525,27.408533778113352
1779747540,27.48687890180025
1779747555,27.51907985257016
1779747570,27.59563603454762
1779747585,27.58869073144039
1779747600,27.57222194452702
1779747615,27.547018912796982
1779747630,27.73164822039762
1779747645,27.74385511676791
1779747660,27.708602441905438
1779747675,27.724071526098815
1779747690,27.666194000205202
1779747705,27.53512771202248
1779747720,27.650093524820253
1779747735,27.654828958757005
1779747750,27.611262966538895
1779747765,27.523973134304804
1779747780,27.569170220434447
1779747795,27.531497212670963
1779747810,27.56475048209348
1779747825,27.323822126578147
1779747840,27.270837882419173
1779747855,27.24431945237338
1779747870,27.223904470512718
1779747885,27.31229923733206
1779747900,27.254526943303702
1779747915,27.21759055859705
1779747930,27.297935087723914
1779747945,27.248844422579598
1779747960,27.272626824128608
1779747975,27.227219274268442
1779747990,27.28593865508414
1779748005,27.337975812455774
1779748020,27.340080449760997
1779748035,27.41711017513213
1779748050,27.30182866673857
1779748065,27.256631580608925
1779748080,27.27352129498334
1779748095,27.33287206699061
1779748110,27.279519511303217
1779748125,27.2741526861749
1779748140,27.24547700289125
1779748155,27.21874810911492
1779748170,27.24852872698382
1779748185,27.295199059227127
1779748200,27.24963366156906
1779748215,27.284254945239972
1779748230,27.274205302107536
1779748245,27.232112556003084
1779748260,27.305248702359563
1779748275,27.337133957533677
1779748290,27.342132471133585
1779748305,27.342448166729373
1779748320,27.347551912194533
1779748335,27.337765348725252
1779748350,27.500295964621046
1779748365,27.42663365893826
1779748380,27.5219211129322
1779748395,27.525656844148973
1779748410,27.51581766474707
1779748425,27.52223680852799
1779748440,27.4752507806889
1779748455,27.53123413300782
1779748470,27.588217188046716
1779748485,27.565644952948197
1779748500,27.59600434607603
1779748515,27.640096497620448
1779748530,27.569064988569192
1779748545,27.587796260585673
1779748560,27.53481201642669
1779748575,27.486405358406575
1779748590,27.580850957478432
1779748605,27.504031695837817
1779748620,27.50592586941252
1779748635,27.56790743805132
1779748650,27.577273074059562
1779748665,27.564329554632437
1779748680,27.539757914093965
1779748695,27.55364852030844
1779748710,27.460360471754452
1779748725,27.44083996074851
1779748740,27.45957123276499
1779748755,27.455782885615598
1779748770,27.408744241843873
1779748785,27.41369013951115
1779748800,27.242372662866043
1779748815,27.33887028331049
1779748830,27.242898822192352
1779748845,27.31172046207312
1779748860,27.407323611662846
1779748875,27.40385096010923
1779748890,27.45241546592724
1779748905,27.55948888883043
1779748920,27.589532586362473
1779748935,27.51481796202708
1779748950,27.459623848697625
1779748965,27.479512671231976
1779748980,27.573958270303834
1779748995,27.642411598656192
1779749010,27.63509798402054
1779749025,27.578641088307954
1779749040,27.70902336936648
1779749055,27.672086984659828
1779749070,27.75074780394251
1779749085,27.727596793585064
1779749100,27.78179120419454
1779749115,27.790157137482797
1779749130,27.760166055883385
1779749145,27.74453912389211
1779749160,27.647147032592944
1779749175,27.66598353647468
1779749190,27.6429377579825
1779749205,27.678190432844975
1779749220,27.63736046912365
1779749235,27.58400791343627
1779749250,27.659564392693746
1779749265,27.617050719128255
1779749280,27.50597848534515
1779749295,27.551280803340063
1779749310,27.60536998208427
1779749325,27.58348175410996
1779749340,27.48498472822556
1779749355,27.558699649840968
1779749370,27.484511184831884
1779749385,27.580850957478432
1779749400,27.5992139179665
1779749415,27.577957081183758
1779749430,27.717494534519993
1779749445,27.65061968414656
1779749460,27.699920813021393
1779749475,27.7402246174164
1779749490,27.766953511192728
1779749505,27.82430487776003
1779749520,27.78536908761342
1779749535,27.826830442526308
1779749550,27.846614033195394
1779749565,27.595372954884468
1779749580,27.535811719146675
1779749595,27.57874632017321
1779749610,27.516396440005998
1779749625,27.63357212197426
1779749640,27.47309352745104
1779749655,27.4404716492201
1779749670,27.510766535214525
1779749685,27.413269212050096
1779749700,27.47861820037726
1779749715,27.373544182914035
1779749730,27.373912494442443
1779749745,27.292515646662963
1779749760,27.244214220508113
1779749775,27.34018568162625
1779749790,27.349919629162912
1779749805,27.38527753589064
1779749820,27.471515049472128
1779749835,27.55107033960954
1779749850,27.56490832989138
1779749865,27.74959025342464
1779749880,27.74043508114692
1779749895,27.66598353647468
1779749910,27.676348875202905
1779749925,27.709496912760155
1779749940,27.62047075474925
1779749955,27.6429377579825
1779749970,27.68360987390591
1779749985,27.661353334403195
1779750000,27.667562014453594
1779750015,27.712232941256943
1779750030,27.770899706140018
1779750045,27.774845901087307
1779750060,27.925537932141232
1779750075,28.0349790720128
1779750090,27.95021480454496
1779750105,28.016879191187883
1779750120,28.09243567044537
1779750135,28.013880083027942
1779750150,28.086174374462335
1779750165,28.125688939867878
1779750180,28.085595599203394
1779750195,28.09696064065159
1779750210,27.436314990542286
1779750225,27.353181816986005
1779750240,27.36112682281322
1779750255,27.39332777358312
1779750270,27.50371600024203
1779750285,27.451468379139886
1779750300,27.51045083961875
1779750315,27.495402682886404
1779750330,27.405639901818667
1779750345,27.492350958793832
1779750360,27.448258807249427
1779750375,27.580377414084754
1779750390,27.62967854295959
1779750405,27.667877710049382
1779750420,27.759271585028667
1779750435,27.79263008631644
1779750450,27.793577173103788
1779750465,27.74474958762263
1779750480,27.8022061860552
1779750495,27.80483698268673
1779750510,27.78989405781965
1779750525,27.73217437972393
1779750540,27.79436641209324
1779750555,27.70155190693294
1779750570,27.714495426360052
1779750585,27.580850957478432
1779750600,27.612104821460992
1779750615,27.70376177610342
1779750630,27.615103929620933
1779750645,27.630152086353267
1779750660,27.669666651758817
1779750675,27.718599469105243
1779750690,27.66577307274416
1779750705,27.68445172882801
1779750720,27.655828661476978
1779750735,27.692028423126803
1779750750,27.751905354460384
1779750765,27.698815878436143
1779750780,27.657512371321157
1779750795,27.730385438014483
1779750810,27.686030206806922
1779750825,27.673612846706106
1779750840,27.722650895917788
1779750855,27.723913678300928
1779750870,27.778529016371444
1779750885,27.837195781254522
1779750900,27.886339062331466
1779750915,27.776161299403068
1779750930,27.835038528016664
1779750945,27.674296853830306
1779750960,27.700710052010848
1779750975,27.64504239528772
1779750990,27.737278125189093
1779751005,27.650198756685505
1779751020,27.716652679597907
1779751035,27.659511776761125
1779751050,27.66166902999897
1779751065,27.60252872172222
1779751080,27.54433550023283
1779751095,27.49924364596844
1779751110,27.50561017381673
1779751125,27.51366041150921
1779751140,27.64272729425197
1779751155,27.596267425739185
1779751170,27.57295856758385
1779751185,27.599266533899126
1779751200,27.65777545098431
1779751215,27.69986819708876
1779751230,27.822621167915862
1779751245,27.86150434212984
1779751260,27.86818656557393
1779751275,27.803837279966746
1779751290,27.707813202915975
1779751305,27.707023963926513
1779751320,27.736488886199627
1779751335,27.747696079849938
1779751350,27.627942217182788
1779751365,27.648672894639226
1779751380,27.552911897251608
1779751395,27.669824499556704
1779751410,27.668930028701986
1779751425,27.65903823336745
1779751440,27.655618197746456
1779751455,27.626048043608087
1779751470,27.676033179607117
1779751485,27.73443686482704
1779751500,27.743644653037393
1779751515,27.724281989829336
1779751530,27.774004046165224
1779751545,27.751905354460384
1779751560,27.672192216525083
1779751575,27.686293286470075
1779751590,27.67140297753563
1779751605,27.60105547560857
1779751620,27.553490672510538
1779751635,27.64383222883722
1779751650,27.561067366809343
1779751665,27.567381278725012
1779751680,27.559278425099908
1779751695,27.62931023143118
1779751710,27.606895844130563
1779751725,27.52418359803532
1779751740,27.59147937586981
1779751755,27.58621778260675
1779751770,27.573747806573312
1779751785,27.592163382994006
1779751800,27.57879893610584
1779751815,27.628994535835393
1779751830,27.61747164658931
1779751845,27.58758579685514
1779751860,27.574537045562764
1779751875,27.55670024440101
1779751890,27.564066474969284
1779751905,27.578641088307954
1779751920,27.63972818609203
1779751935,27.588795963305646
1779751950,27.656144357072765
1779751965,27.72470291729039
1779751980,27.681768316263845
1779751995,27.75732479552133
1779752010,27.729543583092397
1779752025,27.638570635574155
1779752040,27.663878899169458
1779752055,27.650672300079183
1779752070,27.738909219100638
1779752085,27.744433892026844
1779752100,27.740961240473226
1779752115,27.78347491403872
1779752130,27.787473724918645
1779752145,27.84340446130493
1779752160,27.742276638788987
1779752175,27.684241265097487
1779752190,27.66035363168321
1779752205,27.666088768339936
1779752220,27.750853035807776
1779752235,27.672192216525083
1779752250,27.74738038425416
1779752265,27.72533430848195
1779752280,27.606317068871622
1779752295,27.628257912778565
1779752310,27.66130071847056
1779752325,27.654671110959107
1779752340,27.58926950669932
1779752355,27.64819935124555
1779752370,27.668666949038833
1779752385,27.765006721685392
1779752400,27.59200553519612
1779752415,27.62294370358288
1779752430,27.642622062386714
1779752445,27.65824899437799
1779752460,27.54622967380752
1779752475,27.55801564271677
1779752490,27.69087087260893
1779752505,27.65046183634866
1779752520,27.752536745651945
1779752535,27.73443686482704
1779752550,27.772741263782088
1779752565,27.823199943174792
1779752580,27.805994533204604
1779752595,27.73412116923125
1779752610,27.80999334408453
1779752625,27.785000776085013
1779752640,27.709339064962258
1779752655,27.62778436938489
1779752670,27.684346496962743
1779752685,27.729070039698723
1779752700,27.757745722982374
1779752715,27.746012370005758
1779752730,27.762428540986495
1779752745,27.833617897835637
1779752760,27.696500777400402
1779752775,27.884023961295725
1779752790,27.897125328520733
1779752805,27.90044013227645
1779752820,27.955897325269063
1779752835,27.954739774751193
1779752850,27.91932925209083
1779752865,27.951688050658618
1779752880,28.00561938160494
1779752895,27.9838363854959
1779752910,27.931220452865336
1779752925,27.994517419819896
1779752940,28.01829982136891
1779752955,27.970682402338255
1779752970,27.95994875208162
1779752985,27.93879714716413
1779753000,27.746538529332064
1779753015,27.795734426341646
1779753030,27.753325984641407
1779753045,27.872869383578035
1779753060,27.85718983565414
1779753075,27.88228763551891
1779753090,27.884129193160977
1779753105,27.816254640067562
1779753120,27.80052247621102
1779753135,27.737330741121724
1779753150,27.775161596683095
1779753165,27.629731158892223
1779753180,27.752378897854058
1779753195,27.786947565592335
1779753210,27.854611654955242
1779753225,27.83588038293876
1779753240,27.97289227150873
1779753255,27.963316171769968
1779753270,27.87013335508125
1779753285,27.88344518603678
1779753300,27.78968359408912
1779753315,27.828935079831517
1779753330,27.857347683452026
1779753345,27.872448456116995
1779753360,27.848666054567982
1779753375,27.767111358990615
1779753390,27.738856603168006
1779753405,27.737593820784866
1779753420,27.750011180885682
1779753435,27.746328065601546
1779753450,27.727859873248217
1779753465,27.745380978814193
1779753480,27.784211537095548
1779753495,27.6794532152281
1779753510,27.702498993720294
1779753525,27.794945187352184
1779753540,27.789525746291233
1779753555,27.777792393314616
1779753570,27.78442200082607
1779753585,27.813676459368665
1779753600,27.82409441402951
1779753615,27.745591442544715
1779753630,27.743697268970013
1779753645,27.808151786442448
1779753660,27.75311552091089
1779753675,27.81699126312439
1779753690,27.803626816236225
1779753705,27.888496315569324
1779753720,27.80331112064044
1779753735,27.745012667285785
1779753750,27.94032300921042
1779753765,27.8944945318892
1779753780,27.895862546137597
1779753795,27.849928836951122
1779753810,27.90133460313118
1779753825,27.910384543543632
1779753840,27.956633948325894
1779753855,27.880867005337883
1779753870,27.882708562979953
1779753885,27.974102437959235
1779753900,27.969998395214056
1779753915,27.899966588882773
1779753930,27.8495605254227
1779753945,27.937323901050483
1779753960,27.888759395232466
1779753975,27.73859352350485
1779753990,27.802890193179397
1779754005,27.781475508598763
1779754020,27.753273368708776
1779754035,27.74080339267534
1779754050,27.748380086974134
1779754065,27.847140192521703
1779754080,27.86718686285394
1779754095,27.756272476868716
1779754110,27.79431379616062
1779754125,27.7894731303586
1779754140,27.799101846029995
1779754155,27.76179714979493
1779754170,27.78100196520509
1779754185,27.93206230778742
1779754200,27.836511774130322
1779754215,27.841720751460752
1779754230,27.878814983965295
1779754245,27.959738288351097
1779754260,28.025402972274037
1779754275,28.0089868012933
1779754290,28.056025445065025
1779754305,28.080912781199274
1779754320,28.112745420440767
1779754335,28.097644647775788
1779754350,28.04245053444634
1779754365,28.10606319699668
1779754380,28.13810629996869
1779754395,28.141210639993897
1779754410,28.09154119959065
1779754425,28.160099759808265
1779754440,28.13979000981287
1779754455,27.915067361547752
1779754470,27.929957670482196
1779754485,27.882550715182063
1779754500,27.939270690557805
1779754515,27.95879120156375
1779754530,27.94574245027137
1779754545,27.95316129677228
1779754560,28.075914267599366
1779754575,27.918066469707693
1779754590,27.911542094061502
1779754605,27.93337770610318
1779754620,27.873816470365387
1779754635,27.872658919847517
1779754650,27.85908400922883
1779754665,27.893231749506064
1779754680,27.859294472959363
1779754695,27.86376682723295
1779754710,27.836880085658734
1779754725,27.829619086955727
1779754740,27.912857492377263
1779754755,27.946373841462936
1779754770,27.85387503189841
1779754785,27.887391380984074
1779754800,27.781317660800863
1779754815,28.00877633756278
1779754830,27.96231646905
1779754845,28.018615516964694
1779754860,28.03234827538127
1779754875,27.969367004022484
1779754890,27.95226682591756
1779754905,27.988677051297906
1779754920,28.023508798699336
1779754935,28.02171985698989
1779754950,28.050816467734595
1779754965,28.15005011667583
1779754980,28.170359866671223
1779754995,28.21482032974405
1779755010,28.133265634166683
1779755025,28.165150889340808
1779755040,28.067653566176375
1779755055,28.100748987800994
1779755070,28.07880814389405
1779755085,28.10416902342199
1779755100,28.069074196357402
1779755115,28.05970856034916
1779755130,28.07223115231523
1779755145,28.041766527322142
1779755160,27.888496315569324
1779755175,27.991991855053634
1779755190,27.97289227150873
1779755205,27.95679179612378
1779755220,28.02766545737715
1779755235,28.04281884597475
1779755250,28.00598769313336
1779755265,28.02940178315396
1779755280,28.05371034402927
1779755295,28.09501385114427
1779755310,27.84671926506065
1779755325,27.89538900274392
1779755340,27.81136135833292
1779755355,27.831671108328315
1779755370,27.90270261737957
1779755385,27.869238884226533
1779755400,27.87429001375906
1779755415,27.777792393314616
1779755430,27.95979090428372
1779755445,27.958317658170074
1779755460,27.971419025395083
1779755475,28.04429209208841
1779755490,28.06060303120388
1779755505,28.105431805805114
1779755520,28.091646431455906
1779755535,28.08759500464335
1779755550,28.20114018726011
1779755565,28.18472401627937
1779755580,28.151681210587377
1779755595,28.231762660051086
1779755610,28.212136917179887
1779755625,28.263174371831536
1779755640,28.242443694375098
1779755655,28.224869972876487
1779755670,28.258859865355824
1779755685,28.1878809722372
1779755700,28.231183884792156
1779755715,28.244285252017164
1779755730,28.236235014324684
1779755745,28.285062599805844
1779755760,28.29148174358678
1779755775,28.31489583360738
1779755790,28.04623888159573
1779755805,28.063917834959607
1779755820,28.070652674336316
1779755835,28.033242746235988
1779755850,28.046554577191518
1779755865,28.033926753360184
1779755880,27.990518608939972
1779755895,27.961053686666858
1779755910,28.001673186657648
1779755925,27.973207967104518
1779755940,28.066916943119548
1779755955,28.01593210440053
1779755970,28.053920807759802
1779755985,27.988519203500005
1779756000,28.01582687253528
1779756015,28.09338275723272
1779756030,28.087858084306504
1779756045,28.193405645163416
1779756060,28.247705287638148
1779756075,28.263016524033645
1779756090,28.343676748756288
1779756105,28.247073896446583
1779756120,28.23670855771836
1779756120,28.23670855771836
1779756135,28.241128296059326
1779756150,28.169675859547027
1779756165,28.206717476118946
1779756180,28.216398807722964
1779756195,28.18746004477616
1779756210,28.164782577812385
1779756225,28.27117199359138
1779756240,28.297585191771923
1779756255,28.250441316134946
1779756270,28.222975799301786
1779756285,28.289587570012074
1779756300,28.183092922367827
1779756315,28.32520855640297
1779756330,28.36188186144647
1779756345,28.33930962634795
1779756360,28.334732040209097
1779756375,28.290271577136274
1779756390,28.28706200524581
1779756405,28.206927939849468
1779756420,28.227869081036427
1779756435,28.220765930131307
1779756450,28.27411848581869
1779756465,28.2979008873677
1779756480,28.28737770084159
1779756495,28.25780754670322
1779756510,28.242548926240353
1779756525,28.27801206483336
1779756540,28.184408320683584
1779756555,28.212873540236714
1779756570,28.245074491006616
1779756585,28.21124244632517
1779756600,28.33683667751432
1779756615,28.347359864040435
1779756630,28.525412180062247
1779756645,28.453907127617317
1779756660,28.446751360779555
1779756675,28.53982894560302
1779756690,28.465324784998145
1779756705,28.51941396374236
1779756720,28.45790593849724
1779756735,28.486634237713528
1779756750,28.47395379794956
1779756765,28.353042384764528
1779756780,28.3213149773883
1779756795,28.308160994230658
1779756810,28.289377106281556
1779756825,28.31526414513579
1779756840,28.345149994869946
1779756855,28.33399541715227
1779756870,28.32241991197354
1779756885,28.116218071994382
1779756900,28.107852138706125
1779756915,28.131845003985656
1779756930,28.12895112769097
1779756945,28.13679090165293
1779756960,28.222397024042856
1779756975,28.186092030527764
1779756990,28.18861759529403
1779757005,28.183619081694122
1779757020,28.118743636760644
1779757035,28.112534956710245
1779757050,28.119690723547997
1779757065,28.114481746217567
1779757080,28.130161294141477
1779757095,28.12458400528264
1779757110,28.13679090165293
1779757125,28.161204694393504
1779757140,28.115691912668073
1779757155,28.17251711990908
1779757170,28.19798323130227
1779757185,28.05071123586933
1779757200,28.143052197635964
1779757215,29.43445764812043
1779757230,29.482548610544757
1779757245,29.501700810022278
1779757260,29.51122429382842
1779757275,29.551633330088688
1779757290,29.502174353415956
1779757305,29.495439514039244
1779757320,29.51364462672942
1779757335,29.520274234240873
1779757350,29.050308723984706
1779757365,29.047993622948965
1779757380,29.057201411159316
1779757395,29.09734736775643
1779757410,29.107449626821502
1779757425,29.164537913725653
1779757440,29.183637497270553
1779757455,29.151068234972232
1779757470,28.482477579035702
1779757485,28.51704624677398
1779757500,28.353200232562425
1779757515,28.363302491627486
1779757530,28.3555679495308
1779757545,28.526990658041164
1779757560,28.479004927482087
1779757575,28.47811045662737
1779757590,28.286588461852137
1779757605,28.381823299913446
1779757620,28.333100946297552
1779757635,28.37277335950099
1779757650,28.373246902894667
1779757665,28.35551533359817
1779757680,28.40697371571086
1779757695,28.423337270758964
1779757710,28.333574489691227
1779757725,28.461378590050856
1779757740,28.519624427472877
1779757755,28.600600347791318
1779757770,28.49552633032809
1779757785,28.589551001938894
1779757800,28.593812892481974
1779757815,28.566136911918292
1779757830,28.563506115286774
1779757845,28.615595888591027
1779757860,28.58381586528217
1779757875,28.64295617355892
1779757890,28.594444283673536
1779757905,28.54282805376296
1779757920,28.494316163877585
1779757935,28.557455283034262
1779757950,28.432334595238785
1779757965,28.454748982539403
1779757980,28.549141965678626
1779757995,28.63922044234215
1779758010,28.67810361655613
1779758025,28.705832213052428
1779758040,28.70735807509872
1779758055,28.633906233146455
1779758070,28.7223009999658
1779758085,28.620015626931995
1779758100,28.679366398939266
1779758115,28.68694309323806
1779758130,28.689047730543283
1779758145,28.60607240478489
1779758160,28.633537921618046
1779758175,28.672999871090965
1779758190,28.598916637947134
1779758205,28.7520816178347
1779758220,28.769339643737524
1779758235,28.755501653455685
1779758250,28.736822997371835
1779758265,28.643008789491542
1779758280,28.635011167731705
1779758295,28.638536435217954
1779758310,28.48742347670298
1779758325,28.318736796689404
1779758340,28.367459150305308
1779758355,28.368669316755803
1779758370,28.36282894823381
1779758385,28.45432805507836
1779758400,28.36935332388001
1779758415,28.441279303785983
1779758430,28.349674965076176
1779758445,28.39260956610271
1779758460,28.455064678135187
1779758475,28.433702609487177
1779758490,28.467902965697046
1779758505,28.465482632796036
1779758520,28.491790599111322
1779758535,28.432913370497726
1779758550,28.514625913872983
1779758565,28.349411885413023
1779758580,28.373089055096777
1779758595,28.459221336813002
1779758610,28.416812895112763
1779758625,28.43859589122182
1779758640,28.377193097841957
1779758655,28.450381860131067
1779758670,28.400501955997292
1779758685,28.34151949551844
1779758700,28.310476095266413
1779758715,28.28574660693004
1779758730,28.289429722214187
1779758745,28.356357188520253
1779758760,28.34015148127005
1779758775,28.34451860367838
1779758790,28.356409804452888
1779758805,28.250020388673892
1779758820,28.242969853701393
1779758835,28.18204060371521
1779758850,28.2004561801359
1779758865,28.138369379631843
1779758880,28.163414563563993
1779758895,28.105642269535636
1779758910,28.150365812271616
1779758925,28.02771807330978
1779758940,28.09143596772539
1779758955,28.131845003985656
1779758970,28.15941575268407
1779758985,28.126636026655227
1779759000,28.155206478073623
1779759015,28.287535548639486
1779759030,28.37177365678101
1779759045,28.29095558426047
1779759060,28.418917532417986
1779759075,28.356567652250774
1779759090,28.407605106902423
1779759105,28.352095297977176
1779759120,28.341361647720543
1779759135,28.34841218269304
1779759150,28.33867823515639
1779759165,28.369669019475786
1779759180,28.275749579730235
1779759195,28.225974907461726
1779759210,28.21482032974405
1779759225,28.189827761744535
1779759240,28.217345894510316
1779759255,28.08454328055079
1779759270,28.2264484508554
1779759285,28.167729070039695
1779759300,28.135422887404538
1779759315,28.163309331698727
1779759330,28.146367001391692
1779759345,28.2183455972303
1779759360,28.171306953458576
1779759375,28.15194429025053
1779759390,28.196404753323357
1779759405,28.191827167184492
1779759420,28.049711533149356
1779759435,28.106799820053507
1779759450,28.3276815052366
1779759465,28.243548628960337
1779759480,28.40718417944138
1779759495,28.346412777253082
1779759510,28.35404208748451
1779759525,28.30652990031911
1779759540,28.2245542772807
1779759555,28.270645834265075
1779759570,28.183513849828866
1779759585,28.174358677551147
1779759600,28.245337570669772
1779759615,28.49158013538079
1779759630,28.118322709299605
1779759645,29.090244216851303
1779759660,28.764341130137616
1779759675,28.790754328318158
1779759690,28.393504036957427
1779759705,28.579659206604347
1779759720,28.988116691615385
1779759735,29.12349748627382
1779759750,29.121340233035966
1779759765,28.966438927371595
1779759780,28.64595528171886
1779759795,28.62311996695719
1779759810,28.736454685843416
1779759825,28.685996006450708
1779759840,28.612754628228977
1779759855,28.55613988471849
1779759870,28.61712175063731
1779759885,28.750608371721043
1779759900,28.73803316382234
1779759915,28.788702306945567
1779759930,28.569293867876134
1779759945,28.621331025247756
1779759960,28.56960956347191
1779759975,28.56345349935414
1779759990,28.5003669961301
1779760005,28.596812000641915
1779760020,28.618016221492027
1779760035,28.832426146961566
1779760050,28.196720448919134
1779760065,28.390031385403812
1779760080,28.410288519466576
1779760095,28.56345349935414
1779760110,28.787702604225586
1779760125,28.667422582232128
1779760140,28.61186015737426
1779760155,28.470007603002266
1779760170,28.502471633435324
1779760185,28.463272763625557
1779760200,28.51778286983081
1779760215,28.217714206038735
1779760230,28.421443097184262
1779760245,28.42454743720946
1779760260,28.57166158484451
1779760275,28.688153259688566
1779760290,28.670737385987856
1779760305,28.694835483132653
1779760320,28.691310215646403
1779760335,28.287167237111067
1779760350,28.69367793261478
1779760365,28.719722819266902
1779760380,28.63395884907909
1779760395,28.634853319933807
1779760410,28.651322106847175
1779760425,28.837687740224617
1779760440,28.965123529055838
1779760455,28.84731645589601
1779760470,28.775390475990037
1779760485,28.78612412624667
1779760500,28.627224009702378
1779760515,28.579764438469613
1779760530,28.65832002588704
1779760545,28.676314674846694
1779760560,28.61954208353832
1779760575,29.1188146682697
1779760590,28.823849749942777
1779760605,28.749766516798946
1779760620,28.606756411909096
1779760635,28.662003141171176
1779760650,28.75860599348089
1779760665,28.83453078426679
1779760680,28.772654447493238
1779760695,28.756448740243034
1779760710,28.746556944908484
1779760725,28.682365507099206
1779760740,28.605441013593325
1779760755,28.61249154856582
1779760770,28.63885213081373
1779760785,28.59039285686099
1779760800,28.5826583147643
1779760815,28.064023066824863
1779760830,28.465535248728667
1779760845,28.59223441450306
1779760860,28.56497936140042
1779760875,28.59675938470928
1779760890,28.706884531705047
1779760905,28.72066990605425
1779760920,28.716039703982766
1779760935,28.750555755788408
1779760950,28.72061729012162
1779760965,28.82505991639328
1779760980,28.60533578172807
1779760995,28.7670771586344
1779761010,28.924661876862935
1779761025,28.842738869757156
1779761040,28.799962116528512
1779761055,28.898511758345546
1779761070,28.661582213710133
1779761085,29.104292670863664
1779761100,28.933080426083823
1779761115,28.89987977259394
1779761130,28.99269427775425
1779761145,29.178849447401166
1779761160,29.14017673691771
1779761175,29.30486460605136
1779761190,29.415200216777638
1779761205,29.32954147845509
1779761220,29.097452599621686
1779761235,28.911770973368444
1779761250,29.01642406337063
1779761265,28.799330725336937
1779761280,28.905825372981198
1779761295,28.922294159894555
1779761310,29.111448437701416
1779761325,29.1706413619108
1779761340,29.006111340575035
1779761355,28.85068387558437
1779761370,29.007426738890807
1779761385,29.051203194839424
1779761400,29.075143444186335
1779761415,29.089770673457625
1779761430,29.19800164687869
1779761445,29.260825070439576
1779761460,29.344168707726382
1779761475,29.211892253093165
1779761490,29.15159439429854
1779761505,29.144386011528155
1779761520,29.24946002899138
1779761535,29.228571503737044
1779761550,29.309389576257583
1779761565,29.343011157208508
1779761580,29.66749361374118
1779761595,29.497070607950793
1779761610,29.477707944742747
1779761625,29.433721025063598
1779761640,29.50127988256124
1779761655,29.52264195120925
1779761670,29.43508903931199
1779761685,29.243935356065165
1779761700,29.239989161117876
1779761715,29.296551288695728
1779761730,29.236569125496892
1779761745,29.18884647460097
1779761760,29.34337946873693
1779761775,29.402677624811567
1779761790,29.363847066530212
1779761805,29.395311394243294
1779761820,29.137756404016702
1779761835,29.10218803355844
1779761850,29.31849213260267
1779761865,29.251143738835562
1779761880,29.295393738177854
1779761895,29.372528695414257
1779761910,29.327542073015135
1779761925,29.268612228468903
1779761940,29.311546829495438
1779761955,29.135020375519915
1779761970,29.109764727857247
1779761985,29.180270077582193
1779762000,29.230465677311745
1779762015,29.123444870341185
1779762030,29.171535832765517
1779762045,29.217469541952003
1779762060,29.155067045852157
1779762075,29.145490946113394
1779762090,29.19442376345981
1779762105,29.2245200769245
1779762120,29.140018889119812
1779762135,29.193581908537723
1779762150,29.091770078897593
1779762165,29.22999213391807
1779762180,29.070671089912736
1779762195,29.251248970700814
1779762210,29.246776616427216
1779762225,29.403151168205245
1779762240,29.22283636708032
1779762255,29.306443084030278
1779762270,29.358217161738743
1779762285,29.440929407833984
1779762300,29.52974510211437
1779762315,29.493703188262433
1779762330,29.479075958991142
1779762345,29.49212471028352
1779762360,29.443191892937104
1779762375,29.48575818243522
1779762390,29.611773341085414
1779762405,29.70790265000145
1779762420,29.639396705716457
1779762435,29.52942940651859
1779762450,29.554948133844405
1779762465,29.61471983331273
1779762480,29.60814284173391
1779762495,29.510014127377914
1779762510,29.446191001097045
1779762525,29.581677027620735
1779762540,29.799349140913357
1779762555,29.521379168826112
1779762570,29.39862619799901
1779762585,29.54453017918356
1779762600,29.478234104069056
1779762615,28.968701412474708
1779762630,29.300076556181974
1779762645,29.41577899203658
1779762660,29.368003725208027
1779762675,29.44482298684865
1779762690,29.429722214183673
1779762705,29.47586638710068
1779762720,29.46034468697466
1779762735,29.48218029901635
1779762750,29.361111038033428
1779762765,29.39394337999489
1779762780,29.42182982428909
1779762795,29.201789994028093
1779762810,29.067671981752795
1779762825,29.054675846393042
1779762840,29.208051290011127
1779762855,29.149016213599644
1779762870,29.206157116436426
1779762885,29.28439700825807
1779762900,29.29155277509583
1779762915,29.288290587272737
1779762930,29.287869659811683
1779762945,29.274084285462475
1779762960,29.33217227508662
1779762975,29.52621983462812
1779762990,29.500122332043365
1779763005,29.492229942148786
1779763020,29.407676138411475
1779763035,29.49796507880551
1779763050,29.39978374851688
1779763065,29.315598256307997
1779763080,29.290816152039
1779763095,29.3357501585055
1779763110,29.556842307419107
1779763125,29.356375604096673
1779763140,29.24288303741256
1779763155,29.032261459092425
1779763170,29.165695464243523
1779763185,29.21431258599416
1779763200,29.035944574376572
1779763215,28.67368387821516
1779763230,28.983802185139684
1779763245,29.22983428612018
1779763260,29.233464785471686
1779763275,29.240147008915773
1779763290,29.135967462307267
1779763305,29.208945760865845
1779763320,29.324016805528885
1779763335,29.207577746617453
1779763350,29.208209137809014
1779763365,29.273137198675126
1779763380,29.293657412401053
1779763395,29.286185949967514
1779763410,29.245198138448302
1779763425,29.28665949336119
1779763440,29.21068208664266
1779763455,29.281345284165493
1779763470,29.309284344392328
1779763485,29.25487947005233
1779763500,29.270822097639382
1779763515,29.31086282237124
1779763530,29.24498767471778
1779763545,29.248355094406143
1779763560,29.209524536124785
1779763575,29.269401467458355
1779763590,29.262614012149022
1779763605,29.2711904091678
1779763620,29.28797489167695
1779763635,29.4242501571901
1779763650,29.42835419993528
1779763665,29.378263832070996
1779763680,29.341064367701186
1779763695,29.21162917343001
1779763710,29.574047717389305
1779763725,29.83623290968739
1779763740,29.300287019912496
1779763755,29.28113482043497
1779763770,29.282660682481264
1779763785,29.36995051471536
1779763800,29.355428517309324
1779763815,29.302128577554566
1779763830,29.433089633872033
1779763845,29.433668409130963
1779763860,29.420987969367008
1779763875,29.30318089620718
1779763890,29.430458837240504
1779763905,29.47192019215339
1779763920,29.598882437590923
1779763935,29.309915735583893
1779763950,29.472551583344952
1779763965,29.249512644924014
1779763980,29.41020170317774
1779763995,29.39562708983907
1779764010,29.367372334016462
1779764025,29.29623559309995
1779764040,29.3193866034574
1779764055,29.141071207772427
1779764070,29.25840473753858
1779764085,29.223836069800292
1779764100,29.236253429901105
1779764115,29.258878280932255
1779764130,29.2736107420688
1779764145,28.964176442268485
1779764160,29.315756104105883
1779764175,29.3407486721054
1779764190,29.50317405613594
1779764205,29.444717754983387
1779764220,29.416305151362888
1779764235,29.42924867079
1779764250,29.439666625450855
1779764265,29.39673202442432
1779764280,29.532849442139575
1779764295,29.469236779589224
1779764310,29.553632735528645
1779764325,29.464396113787217
1779764340,29.4507685872359
1779764355,29.50427899072118
1779764370,29.445296530242327
1779764385,29.438403843067718
1779764400,29.495807825567656
1779764415,30.345870833146982
1779764430,30.506349427670187
1779764445,30.61137082920079
1779764460,30.57601292247305
1779764475,30.603267975575687
1779764490,30.61679027026174
1779764505,30.663723682168197
1779764520,30.66987974628598
1779764535,30.69539847361179
1779764550,30.620262921815357
1779764565,29.184374120327373
1779764580,29.23909469026316
1779764595,29.236200813968484
1779764610,29.31138898169755
1779764625,29.176218650769638
1779764640,29.190793264108304
1779764655,29.304969837916616
1779764670,29.29044784051058
1779764685,29.258878280932255
1779764700,29.190740648175673
1779764715,29.249354797126117
1779764730,29.236463893631626
1779764745,29.23877899466738
1779764760,29.38342019346878
1779764775,29.3357501585055
1779764790,29.299497780923044
1779764805,29.413832202529242
1779764820,29.42382922972906
1779764835,29.459187136456787
1779764850,29.415726376103947
1779764865,29.39410122779279
1779764880,29.38752423621397
1779764895,29.38342019346878
1779764910,29.34601026536846
1779764925,29.367319718083827
1779764940,29.36716187028594
1779764955,29.37521210797842
1779764970,29.219995106718265
1779764985,29.34616811316635
1779765000,29.280766508906563
1779765015,29.391049503700216
1779765030,29.396837256289576
1779765045,29.305706460973447
1779765060,29.33680247715811
1779765075,29.340327744644355
1779765090,29.354902357983025
1779765105,29.301655034160888
1779765120,29.292342014085282
1779765135,29.222783751147684
1779765150,29.30728493895236
1779765165,29.24346181267149
1779765180,29.241725486894687
1779765195,29.200527211644957
1779765210,29.275347067845615
1779765225,29.200685059442854
1779765240,29.23283339428012
1779765255,29.240357472646295
1779765270,29.28802750760958
1779765285,29.243514428604122
1779765300,29.30097102703669
1779765315,29.2369374370253
1779765330,29.287869659811683
1779765345,29.339170194126485
1779765360,29.344063475861127
1779765375,29.400152060045304
1779765390,29.34116959956644
1779765405,29.353955271195677
1779765420,29.321438624829987
1779765435,29.286606877428557
1779765450,29.330015021848766
1779765465,29.24219903028836
1779765480,29.32417465332677
1779765495,29.35069308337258
1779765510,29.349325069124177
1779765525,29.30097102703669
1779765540,29.359322096323993
1779765555,29.387734699944488
1779765570,29.41577899203658
1779765585,29.39031288064339
1779765600,29.437825067808788
1779765615,29.462870251740924
1779765630,29.57394248552404
1779765645,29.615351224504295
1779765660,29.5387424265942
1779765675,29.56941751531781
1779765690,29.571048609229354
1779765705,29.51474956131466
1779765720,29.629978453775585
1779765735,29.612089036681198
1779765750,29.596462104689923
1779765765,29.596619952487814
1779765780,29.47270943114284
1779765795,29.443244508869725
1779765810,29.407307826883056
1779765825,29.418725484263884
1779765840,29.418725484263884
1779765855,29.422303367682765
1779765870,29.419251643590194
1779765885,29.460660382570445
1779765900,29.429616982318418
1779765915,29.43998232104663
1779765930,29.36253166821445
1779765945,29.30097102703669
1779765960,29.368056341140658
1779765975,29.368003725208027
1779765990,29.21878494026776
1779766005,29.25877304906699
1779766020,29.282555450615998
1779766035,29.26945408339099
1779766050,29.31123113389965
1779766065,29.309600039988105
1779766080,29.261035534170098
1779766095,29.29492019478418
1779766110,29.267875605412076
1779766125,29.319912762783694
1779766140,29.264560801656348
1779766155,29.231886307492772
1779766170,29.344063475861127
1779766185,29.34748351148211
1779766200,29.358585473267162
1779766215,29.397731727144294
1779766230,29.43808814747194
1779766245,29.495649977769766
1779766260,29.631293852091357
1779766275,29.587201700546938
1779766290,29.58330812153228
1779766305,29.506278396161147
1779766320,29.490651464169872
1779766335,29.4607656144357
1779766350,29.579256694719724
1779766365,29.57520526790718
1779766380,29.25935182432592
1779766395,29.225467163711848
1779766410,29.353481727802
1779766425,29.315440408510096
1779766440,29.31254653221542
1779766455,29.239989161117876
1779766470,29.239620849589464
1779766485,29.275925843104556
1779766500,29.21431258599416
1779766515,29.201789994028093
1779766530,29.193055749211418
1779766545,29.199422277059718
1779766560,29.221415736899292
1779766575,29.170746593776066
1779766590,29.168536724605577
1779766605,29.131916035494708
1779766620,29.10329296814368
1779766635,29.128601231738983
1779766650,29.09655812876697
1779766665,29.091033455840765
1779766680,29.15327810414271
1779766695,29.108817641069894
1779766710,29.119182979798108
1779766725,29.13928226606298
1779766740,29.10124094677109
1779766755,29.102398497288963
1779766770,29.10781793834991
1779766785,29.16901026799925
1779766800,29.199580124857604
1779766815,29.370424058109034
1779766830,29.449926732313813
1779766845,29.50091157103283
1779766860,29.62929444665139
1779766875,29.484074472591047
1779766890,29.513749858594686
1779766905,29.54268862154149
1779766920,29.620770665565242
1779766935,29.603828335258196
1779766950,29.5728375509388
1779766965,29.529061094990173
1779766980,29.633556337194467
1779766995,29.555263829440193
1779767010,29.54137322322572
1779767025,29.55673707555385
1779767040,29.599355980984598
1779767055,29.564629465448434
1779767070,29.507435946679017
1779767085,29.55315919213497
1779767100,29.55447459045073
1779767115,29.266560207096315
1779767130,29.536743021154233
1779767145,29.41430574592292
1779767160,29.44445467532023
1779767175,29.39394337999489
1779767190,29.364267993991255
1779767205,29.371371144896386
1779767220,29.337170788686517
1779767235,29.204473406592246
1779767250,29.144228163730258
1779767265,29.283555153335982
1779767280,29.3040753670619
1779767295,29.77283071086756
1779767310,29.713953482253963
1779767325,29.78256465840421
1779767340,29.155224893650043
1779767355,29.321228161099466
1779767370,29.32527958791201
1779767385,29.55368535146128
1779767400,29.76478047317508
1779767415,28.91655902323783
1779767430,29.392943677274918
1779767445,29.376001346967872
1779767460,29.4287225114637
1779767475,29.437088444751957
1779767490,29.51027720704107
1779767505,29.73394753665357
1779767520,29.69685330414903
1779767535,30.063796818314557
1779767550,30.116202287214588
1779767565,29.946200208885255
1779767580,30.106626187475825
1779767595,29.365530776374392
1779767610,29.383209729738258
1779767625,29.49738630354658
1779767640,29.47644516235961
1779767655,29.46671121482296
1779767670,29.5044894544517
1779767685,29.440087552911898
1779767700,29.491493319091955
1779767715,29.45681941948841
1779767730,29.64281674133744
1779767745,29.67643832228837
1779767760,29.622822686937834
1779767775,29.84244158973779
1779767790,29.6158773838306
1779767805,29.74273439740288
1779767820,29.637449916209125
1779767835,30.063375890853507
1779767850,29.638817930457517
1779767865,29.581887491351257
1779767880,29.535427622838473
1779767895,29.09734736775643
1779767910,29.286396413698036
1779767925,29.819711506841383
1779767940,29.381052476500415
1779767955,29.199053965531306
1779767970,29.526535530223907
1779767985,29.827340817072823
1779768000,29.870959425223553
1779768015,28.958757001207537
1779768030,29.493124413003503
1779768045,29.565103008842108
1779768060,29.66544159236858
1779768075,29.553474887730758
1779768090,29.78782625166727
1779768105,29.663810498457032
1779768120,29.73052750103259
1779768135,30.018231420656495
1779768150,29.98824033905707
1779768165,29.778986774985338
1779768180,29.936361029483336
1779768195,30.171712096139835
1779768210,29.65665473161928
1779768225,30.13151352361009
1779768240,29.520747777634547
1779768255,29.66828285273063
1779768270,30.329454662166256
1779768285,29.787878867599893
1779768300,29.760781662295155
1779768315,29.756046228358414
1779768330,29.746417512687017
1779768345,29.69085508782915
1779768360,29.688960914254448
1779768375,29.74757506320489
1779768390,30.003604191385193
1779768405,29.956670779478735
1779768420,29.841020959556765
1779768435,29.70716602694462
1779768450,29.536953484884755
1779768465,29.384314664323508
1779768480,29.491809014687743
1779768495,29.4633437951346
1779768510,29.39620586509801
1779768525,29.568943971924135
1779768540,29.53795318760474
1779768555,29.55221210534762
1779768570,29.47449837285229
1779768585,29.50733071481375
1779768600,29.6677040774717
1779768615,29.801716857881733
1779768630,29.897372623404095
1779768645,29.70527185336992
1779768660,29.65607595636035
1779768675,29.59861935792777
1779768690,29.24551383404409
1779768705,29.444559907185496
1779768720,29.484179704456302
1779768735,29.46876323619555
1779768750,29.526851225819694
1779768765,29.463449026999868
1779768780,29.48002304577849
1779768795,29.549265613120312
1779768810,29.481969835285827
1779768825,29.486652653289948
1779768840,29.41709439035234
1779768855,29.589201105986906
1779768870,29.90721180280601
1779768885,29.790667512029323
1779768900,30.065638375956627
1779768915,29.731211508156786
1779768930,29.413358659135568
1779768945,29.332803666278185
1779768960,29.510803366367366
1779768975,29.45324153606954
1779768990,29.417725781543915
1779769005,29.436614901358283
1779769020,29.37536995577631
1779769035,29.46913154772397
1779769050,29.475603307437524
1779769065,29.491914246552998
1779769080,29.42346091820064
1779769095,29.35500758984828
1779769110,29.47749748101223
1779769125,29.58441305611752
1779769140,29.62971537411243
1779769155,29.600250451839315
1779769170,29.6246642445799
1779769185,29.44950580485277
1779769200,29.608984696655995
1779769215,29.01084677451179
1779769230,29.46255455614515
1779769245,29.444349443454975
1779769260,29.596093793161504
1779769275,29.57415294925456
1779769290,29.61356228279486
1779769305,29.620928513363133
1779769320,29.672702591071598
1779769335,29.58441305611752
1779769350,29.595409786037308
1779769365,29.597093495881488
1779769380,30.02586073088792
1779769395,29.62634795442408
1779769410,29.69574836956379
1779769425,29.445664841770736
1779769440,29.564366385785277
1779769455,29.606301284091842
1779769470,29.637239452478603
1779769485,29.58141394795758
1779769500,29.55899956065696
1779769515,29.71595288769392
1779769530,29.73452631191251
1779769545,29.70621894015727
1779769560,29.796139569022895
1779769575,29.789720425241974
1779769590,29.680700212831447
1779769605,29.768463588459227
1779769620,29.768779284055004
1779769635,29.715689808030767
1779769650,29.684909487441892
1779769665,29.569522747183075
1779769680,29.81681763054671
1779769695,29.980768876623532
1779769710,30.135828030085786
1779769725,29.913473098789044
1779769740,29.885376190764323
1779769755,29.852859544398637
1779769770,29.80724153080795
1779769785,29.79982268430703
1779769800,29.855648188828056
1779769815,29.15780307434894
1779769830,29.60219724134665
1779769845,29.60798499393601
1779769860,29.774619652576995
1779769875,29.691276015290192
1779769890,30.069005795644976
1779769905,29.768042660998173
1779769920,29.8169754783446
1779769935,29.772409783406516
1779769950,29.84512500230194
1779769965,29.774461804779108
1779769980,29.69916840518477
1779769995,30.02112529695117
1779770010,29.97477066030365
1779770025,30.191022143415246
1779770040,30.186497173209016
1779770055,30.499193660832436
1779770070,30.33666304493664
1779770085,30.38870020230826
1779770100,30.24142820687532
1779770115,30.619105371297483
1779770130,30.471096752807714
1779770145,30.107362810532656
1779770160,29.934993015234944
1779770175,29.982663050198234
1779770190,30.054536414171572
1779770205,29.992239149936996
1779770220,29.925101219900398
1779770235,30.049274820908522
1779770250,29.88732298027166
1779770265,29.875116083901364
1779770280,30.108257281387374
1779770295,30.03354265705198
1779770310,29.99913183711159
1779770325,30.003867271048346
1779770340,29.97140324061529
1779770355,30.06605930341767
1779770370,29.971350624682657
1779770385,30.32408783703794
1779770400,30.383964768371506
1779770415,30.200913938749796
1779770430,30.19070644781946
1779770445,30.171185936813526
1779770460,30.17760508059445
1779770475,30.188970122042658
1779770490,30.242112213999516
1779770505,30.42626797820648
1779770520,30.42069068934764
1779770535,30.32766572045681
1779770550,30.366864590266573
1779770565,30.179762333832304
1779770580,30.401854185465904
1779770595,30.26047517448759
1779770610,30.087316140200414
1779770625,30.084790575434152
1779770640,30.151665425807582
1779770655,30.121200800814496
1779770670,30.13435478397214
1779770685,30.249425828635168
1779770700,30.263421666714898
1779770715,30.405642532615296
1779770730,30.26089610194863
1779770745,30.072320599400705
1779770760,29.92404890124779
1779770775,29.836759069013684
1779770790,29.91931346731104
1779770805,29.903160375993455
1779770820,30.08163361947631
1779770835,30.075898482819586
1779770850,30.05464164603684
1779770865,29.941201695285347
1779770880,30.00244664086732
1779770895,29.925416915496182
1779770910,29.972613407065797
1779770925,29.9738235735163
1779770940,29.89784616679777
1779770955,29.964510553440682
1779770970,29.946463288548408
1779770985,29.983767984783473
1779771000,29.99739551133479
1779771015,29.297235295819924
1779771030,29.74157684688501
1779771045,29.80618921215533
1779771060,29.912683859799582
1779771075,30.10141721014541
1779771090,30.32977035776203
1779771105,30.143562572182482
1779771120,30.30725073859616
1779771135,30.32808664791785
1779771150,30.21485716089689
1779771165,30.26426352163699
1779771180,30.456206443873267
1779771195,30.131934451071128
1779771210,30.192284925798386
1779771225,29.9003191156314
1779771240,29.93678195694438
1779771255,29.965089328699623
1779771270,30.033805736715134
1779771285,29.96430008971016
1779771300,30.058114297590453
1779771315,30.01944158710699
1779771330,30.003972502913612
1779771345,29.5000171001781
1779771360,29.915472504229
1779771375,29.92815294399297
1779771390,29.993554548252753
1779771405,29.742260854009206
1779771420,30.08847369071829
1779771435,30.022756390862714
1779771450,30.0104968785598
1779771465,30.142352405731977
1779771480,30.24363807604581
1779771495,30.165871727617844
1779771510,30.27136667254211
1779771525,30.258949312441295
1779771540,30.27862767124513
1779771555,30.323245982115843
1779771570,30.232693962058654
1779771585,30.296148776811105
1779771600,30.158821192645348
1779771615,30.916490622525405
1779771630,30.98152391525678
1779771645,31.094069395153547
1779771660,31.03498170280943
1779771675,30.875344963208306
1779771690,30.754486165955907
1779771705,30.749382420490747
1779771720,30.735333966478386
1779771735,30.73670198072679
1779771750,30.76590382333675
1779771765,30.95679442692042
1779771780,30.66766987711549
1779771795,29.834496583910575
1779771810,29.77919723871586
1779771825,29.853911863051252
1779771840,29.846440400617713
1779771855,30.027228745136313
1779771870,29.817501637670908
1779771885,29.824604788576025
1779771900,29.84617732095456
1779771915,29.778776311254806
1779771930,29.799138677182835
1779771945,29.723529581992725
1779771960,29.760255502968857
1779771975,29.684435944048214
1779771990,30.032648186197264
1779772005,29.83512797510214
1779772020,29.834338736112688
1779772035,29.708218345597224
1779772050,29.88290324193069
1779772065,29.866539686882586
1779772080,30.01407476197867
1779772095,29.9913972950149
1779772110,30.08926292970775
1779772125,29.975559899293103
1779772140,30.316511142739134
1779772155,30.00023677169684
1779772170,30.14093177555095
1779772185,30.156400859744338
1779772200,30.087263524267783
1779772215,30.061639565076703
1779772230,30.0989968772444
1779772245,30.225275115557736
1779772260,29.968719828051128
1779772275,30.2646318331654
1779772290,30.247636886925733
1779772305,30.108309897320005
1779772320,30.151718041740217
1779772335,30.296411856474258
1779772350,30.200177315692965
1779772365,30.22590650674931
1779772380,30.258423153115
1779772395,29.884271256179083
1779772410,29.78635300555361
1779772425,29.74378671605549
1779772440,29.96766750939852
1779772455,30.026492122079485
1779772470,30.067479933598694
1779772485,30.142194557934086
1779772500,30.178289087718657
1779772515,29.90331822379134
1779772530,29.851017986756567
1779772545,29.862225180406877
1779772560,30.017547413532284
1779772575,29.854543254242817
1779772590,29.955723692691382
1779772605,30.023545629852176
1779772620,30.05390502298001
1779772635,30.00549836495989
1779772650,30.066111919350302
1779772665,29.975454667427847
1779772680,30.08158100354368
1779772695,30.094261443307644
1779772710,30.077003417404825
1779772725,30.047696342929598
1779772740,29.979927021701446
1779772755,29.958670184918688
1779772770,29.905580708894462
1779772785,29.878904431050767
1779772800,29.898740637652487
1779772815,30.11809646078929
1779772830,30.164240633706296
1779772845,30.11283486752624
1779772860,30.381070892076835
1779772875,30.178078623988124
1779772890,30.317458229526483
1779772905,30.13082951648589
1779772920,30.167239741866236
1779772935,30.265105376559077
1779772950,30.268998955573736
1779772965,30.02280900679535
1779772980,30.188812274244768
1779772995,30.385069702956756
1779773010,30.43621238947366
1779773025,30.78126767566487
1779773040,30.56869930783741
1779773055,30.758958520229505
1779773070,30.4025381925901
1779773085,30.45494366149013
1779773100,30.303672855177275
1779773115,30.256792059203452
1779773130,30.187075948467957
1779773145,30.110940693951537
1779773160,29.888533146722164
1779773175,29.801769473814367
1779773190,29.844072683649337
1779773205,29.808504313191076
1779773220,29.745996585225974
1779773235,29.72942256644735
1779773250,29.62992583784295
1779773265,29.6916443268186
1779773280,29.76146566941935
1779773295,29.799506988711254
1779773310,29.825709723161275
1779773325,29.73447369597988
1779773340,29.75452036631212
1779773355,29.86133070955216
1779773370,29.856595275615405
1779773385,29.679542662313573
1779773400,29.905370245163944
1779773415,29.68754028407342
1779773430,29.727265313209493
1779773445,29.77177839221494
1779773460,29.72452928471271
1779773475,29.834812279506362
1779773490,29.76015027110359
1779773505,29.862225180406877
1779773520,29.869696642840417
1779773535,30.10720496273477
1779773550,29.916998366275294
1779773565,29.878115192061305
1779773580,29.95903849644711
1779773595,29.91541988829638
1779773610,30.100996282684356
1779773625,29.92762678466666
1779773640,29.999289684909492
1779773655,29.86717107807415
1779773670,29.81102987795734
1779773685,29.836022445956857
1779773700,29.83233933067272
1779773715,29.887480828069545
1779773730,29.75057417136483
1779773745,29.752889272400573
1779773760,29.79229860594087
1779773775,29.99665888827796
1779773790,29.780933564492663
1779773805,29.720004314506475
1779773820,30.077740040461652
1779773835,30.072320599400705
1779773850,29.81834349259299
1779773865,29.81850134039088
1779773880,29.948252230257843
1779773895,29.6182977167316
1779773910,29.70585062862886
1779773925,29.70553493303307
1779773940,29.648709725792067
1779773955,29.623454078129395
1779773970,29.631241236158722
1779773985,29.72863332745789
1779774000,29.64371121219216
1779774015,29.973770957583667
1779774030,29.77588243496013
1779774045,29.80261132873645
1779774060,29.771304848821266
1779774075,29.79150936695141
1779774090,29.832234098807465
1779774105,29.855279877299644
1779774120,29.867328925872037
1779774135,29.851859841678664
1779774150,29.857121434941714
1779774165,29.923259662258328
1779774180,29.90715918687338
1779774195,29.865960911623645
1779774210,29.85480633390597
1779774225,29.657601818406633
1779774240,29.667598845606435
1779774255,29.87164343234775
1779774270,29.644079523720578
1779774285,29.60309171220137
1779774300,29.595725481633096
1779774315,29.57073291363358
1779774330,29.56889135599151
1779774345,29.573153246534577
1779774360,29.658443673328716
1779774375,29.584307824252264
1779774390,29.69280187733647
1779774405,29.5879909395364
1779774420,29.847229639607164
1779774435,29.90684349127759
1779774450,29.789615193376704
1779774465,29.71900461178649
1779774480,29.743576252324967
1779774495,29.844809306706168
1779774510,29.908264121458615
1779774525,29.752573576804796
1779774540,29.687171972545002
1779774555,29.748995693385915
1779774570,29.74799599066593
1779774585,29.756993315145763
1779774600,29.783038201797886
1779774615,29.807925537932146
1779774630,29.89426828337889
1779774645,29.52469397258184
1779774660,29.96545764022803
1779774675,30.233693664778627
1779774690,30.337820595454513
1779774705,30.418480820177162
1779774720,29.852912160331268
1779774735,30.084106568309956
1779774750,30.094734986701322
1779774765,29.96014343103235
1779774780,29.939833681036955
1779774795,29.90626471601866
1779774810,29.82150044855083
1779774825,29.580361629304974
1779774840,29.840652648028353
1779774855,29.788668106589355
1779774870,30.00597190835357
1779774885,29.995659185557976
1779774900,30.220960609082038
1779774915,30.233220121384953
1779774930,29.992081302139095
1779774945,29.671124113092684
1779774960,29.65344515972882
1779774975,29.816870246479333
1779774990,29.663336955063357
1779775005,29.65439224651617
1779775020,29.77735568107378
1779775035,29.83102393235696
1779775050,29.736052173958793
1779775065,29.748785229655393
1779775080,29.689434457648122
1779775095,29.670019178507445
1779775110,29.745891353360708
1779775125,29.73973528924294
1779775140,30.101101514549622
1779775155,29.92126025681837
1779775170,29.792456453738758
1779775185,30.148876781378164
1779775200,30.41916482730136
1779775215,30.022335463401674
1779775230,29.943201100725314
1779775245,30.21375222631165
1779775260,30.19912499704035
1779775275,30.229747469831338
1779775290,30.25900192837393
1779775305,30.251635697805657
1779775320,30.327192177063132
1779775335,30.333085161517758
1779775350,30.466834862264648
1779775365,30.468623803974083
1779775380,30.803997758561273
1779775395,30.684401743692003
1779775410,30.403906206838492
1779775425,29.879167510713923
1779775440,29.964352705642796
1779775455,29.974823276236272
1779775470,29.990765903823334
1779775485,30.048327734121173
1779775500,29.990765903823334
1779775515,29.997132431671638
1779775530,30.016758174542836
1779775545,30.043539684251787
1779775560,29.999921076101053
1779775575,29.922575655134132
1779775590,29.8484924219903
1779775605,29.87758903273501
1779775620,29.85538510916491
1779775635,29.803558415523803
1779775650,29.766727262682412
1779775665,29.77530365970119
1779775680,29.758308713461524
1779775695,30.04517077816333
1779775710,30.290361024221745
1779775725,30.31830008444857
1779775740,30.20044039535612
1779775755,30.32298290245269
1779775770,30.1831823694533
1779775785,30.20249241672871
1779775800,30.128514415450148
1779775815,30.013232907056587
1779775830,29.749521852712224
1779775845,29.82428909298025
1779775860,29.976875297608874
1779775875,30.270893129148433
1779775890,30.055009957565247
1779775905,30.159294736039023
1779775920,30.18281405792488
1779775935,30.345344673820684
1779775950,30.304199014503585
1779775965,30.34839639791326
1779775980,30.335873805947177
1779775995,30.239007873974323
1779776010,30.22459110843354
1779776025,30.207227850665465
1779776040,30.438580106442036
1779776055,30.220539681620995
1779776070,30.344239739235434
1779776085,30.265789383683273
1779776100,30.16487202489786
1779776115,30.135564950422634
1779776130,30.155822084485408
1779776145,30.433160665381088
1779776160,30.082475474398407
1779776175,30.14561459355507
1779776190,30.06926887530813
1779776205,29.84959735657554
1779776220,29.901634513947172
1779776235,30.465361616150986
1779776250,29.970350921962673
1779776265,29.903476071589242
1779776280,29.892374109804187
1779776295,29.9693512192427
1779776310,30.026702585810007
1779776325,30.056956747072583
1779776340,29.932362218603416
1779776355,29.916156511353197
1779776370,29.995606569625345
1779776385,29.954092598779837
1779776400,29.97140324061529
1779776415,29.74499688250599
1779776430,29.647183863745784
1779776445,29.772778094934928
1779776460,29.841389271085173
1779776475,30.09315650872241
1779776490,29.804400270445896
1779776505,29.85406971084914
1779776520,29.802821792466972
1779776535,29.738998666186113
1779776550,29.9395706013738
1779776565,29.92573261109196
1779776580,29.86564521602787
1779776595,29.920050090367866
1779776610,30.019546818972252
1779776625,30.069742418701807
1779776640,29.9826104342656
1779776655,30.076214178415363
1779776670,30.00655068361251
1779776685,30.059271848108327
1779776700,30.156348243811703
1779776715,30.10257476066328
1779776730,30.369758466561258
1779776745,30.147193071533994
1779776760,30.175605675154493
1779776775,30.038435938786623
1779776790,30.22648528200824
1779776805,29.710375598835082
1779776820,30.009234096176662
1779776835,30.192916316989947
1779776850,30.086526901210952
1779776865,30.1465090644098
1779776880,30.008655320917732
1779776895,30.13046120495747
1779776910,30.24011280855956
1779776925,29.950883026889375
1779776940,30.225959122681946
1779776955,30.15198112140337
1779776970,30.094103595509758
1779776985,30.172448719196666
1779777000,30.001236474416814
1779777015,30.008181777524058
1779777030,29.716373815154963
1779777045,30.13267107412796
1779777060,30.297464175126866
1779777075,30.08757921986357
1779777090,30.138984986043628
1779777105,30.132250146666916
1779777120,30.22590650674931
1779777135,30.275207635624145
1779777150,30.506296811737567
1779777165,30.20622814794548
1779777180,30.31982594649486
1779777195,30.36307624311718
1779777210,30.292413045594337
1779777225,30.36865353197602
1779777240,30.38349122497783
1779777255,30.60726678645561
1779777270,30.48751292378845
1779777285,30.48688153259689
1779777300,30.47698973726234
1779777315,30.502034921194486
1779777330,30.641624990463367
1779777345,30.38685864466619
1779777360,30.448208822113422
1779777375,30.385543246350434
1779777390,30.265841999615905
1779777405,30.350764114881624
1779777420,30.29793771852054
1779777435,30.16808159678832
1779777450,30.179920181630205
1779777465,30.220276601957842
1779777480,30.32040472175379
1779777495,30.155979932283294
1779777510,29.989976664833872
1779777525,30.084001336444686
1779777540,30.240007576694296
1779777555,30.219434747035745
1779777570,30.210858350016967
1779777585,30.32035210582117
1779777600,30.47214907146033
1779777615,30.176026602615536
1779777630,29.966878270409058
1779777645,29.96708873413958
1779777660,30.056114892150486
1779777675,29.99513302623167
1779777690,30.074372620773293
1779777705,30.027912752260512
1779777720,29.979927021701446
1779777720,29.979927021701446
1779777735,30.065690991889248
1779777750,30.09226203786769
1779777765,30.308723984709808
1779777780,30.323298598048474
1779777795,30.251372618142504
1779777810,30.23279919392391
1779777825,30.23785032345645
1779777840,30.231431179675518
1779777855,30.272050679666307
1779777870,30.294833378495344
1779777885,30.30372547110991
1779777900,30.19838837398353
1779777915,30.396329512539687
1779777930,30.359919287159343
1779777945,30.488723090238956
1779777960,30.447630046854492
1779777975,30.178867862977587
1779777990,30.286046517746033
1779778005,30.166450502876774
1779778020,30.231536411540784
1779778035,30.280206149224043
1779778050,30.427846456185392
1779778065,30.22811637591979
1779778080,29.994501635040105
1779778095,30.07968682996899
1779778110,30.192863701057316
1779778125,30.08105484421738
1779778140,30.061060789817763
1779778155,30.272945150521025
1779778170,30.139932072830977
1779778185,30.069321491240764
1779778200,30.240007576694296
1779778215,30.1893910495037
1779778230,29.880745988692837
1779778245,29.936624109146493
1779778260,29.95903849644711
1779778275,30.418375588311896
1779778290,30.63620554940242
1779778305,30.558860128435494
1779778320,30.499351508630323
1779778335,30.348764709441667
1779778350,30.24742642319521
1779778365,30.334347943900898
1779778380,30.446788191932395
1779778395,30.26705216606641
1779778410,30.3639707139719
1779778425,30.338346754780822
1779778440,30.189127969840545
1779778455,30.45083961874495
1779778470,30.41879651577294
1779778485,30.275523331219922
1779778500,30.33913599377027
1779778515,30.313038491185516
1779778530,30.463888370037328
1779778545,30.095945153151828
1779778560,30.26126441347704
1779778575,30.220802761284148
1779778590,30.20001946789508
1779778605,30.234325055970203
1779778620,30.4309507962106
1779778635,30.5618066206628
1779778650,30.299989739893142
1779778665,30.418322972379265
1779778680,30.368916611639175
1779778695,30.28241601839453
1779778710,30.324561380431614
1779778725,30.688190090841406
1779778740,30.56948854682686
1779778755,30.37302065438435
1779778770,30.404905909558476
1779778785,31.18514757453704
1779778800,30.283731416710292
1779778815,31.467958212426307
1779778830,31.127585744239216
1779778845,31.034560775348385
1779778860,31.109222783751143
1779778875,31.077232296711767
1779778890,31.025563450868553
1779778905,31.122271535043524
1779778920,31.109380631549044
1779778935,31.1809382999266
1779778950,31.004043534422653
1779778965,30.965896983265505
1779778980,31.010620526001475
1779778995,31.00383307069213
1779779010,30.99778223843962
1779779025,31.01725013351293
1779779040,30.944534914617496
1779779055,31.034034616022076
1779779070,30.52918474243186
1779779085,30.41374538624041
1779779100,30.539076537766398
1779779115,30.56890977156793
1779779130,30.519608642693097
1779779145,30.55265144838508
1779779160,30.532078618726533
1779779175,30.522081591526728
1779779190,30.441368750871455
1779779205,30.467571485321464
1779779220,30.42184823986551
1779779235,30.510769166011166
1779779250,30.517398773522608
1779779265,30.506244195804932
1779779280,30.611528676998677
1779779295,30.714392825291426
1779779310,30.377177313062166
1779779325,30.460310486618457
1779779340,30.55017849955145
1779779355,30.551756977530363
1779779370,30.675457035144817
1779779385,30.654515893957846
1779779400,30.67387855716589
1779779415,30.7427528129793
1779779430,31.029877957344265
1779779445,30.910702869936046
1779779460,30.874187412690436
1779779475,30.780267972944884
1779779490,30.926435033792586
1779779505,31.122850310302464
1779779520,30.822308103116704
1779779535,31.053028967701714
1779779550,31.254021830350453
1779779565,31.114010833620533
1779779580,31.43870375388371
1779779595,31.157629441771263
1779779610,30.990416007871346
1779779625,30.838776890030072
1779779640,30.919068803224302
1779779655,30.98841660243138
1779779670,31.0335610726284
1779779685,31.018618147761323
1779779700,31.374775395737586
1779779715,31.18325340096234
1779779730,30.97926143015366
1779779745,31.025458219003298
1779779760,31.16810001236474
1779779775,31.284802150939328
1779779790,31.23334376882664
1779779805,31.265807799259694
1779779820,31.260072662602965
1779779835,31.325421650930117
1779779850,31.296745967646466
1779779865,31.31316213862719
1779779880,31.40197783290758
1779779895,31.411764396376864
1779779910,31.347415110769695
1779779925,31.34136427851718
1779779940,31.44222902136996
1779779955,31.316950485776594
1779779970,31.26401885755026
1779779985,31.21987409007322
1779780000,31.45027925906244
1779780015,31.436546500645857
1779780030,31.410291150263213
1779780045,31.301218321920064
1779780060,31.274962971537413
1779780075,31.315056312201893
1779780090,31.293536395755993
1779780105,31.236290261053945
1779780120,31.199985267538864
1779780135,31.194197514949508
1779780150,31.213086634763876
1779780165,31.090859823263084
1779780180,31.230134196936177
1779780195,31.211402924919696
1779780210,31.222031343311063
1779780225,31.294693946273867
1779780240,31.217611604970095
1779780255,31.25654739511672
1779780270,31.214191569349115
1779780285,31.138845553822147
1779780300,31.191882413913753
1779780315,31.30427004601263
1779780330,31.37856374288699
1779780345,31.53783217095969
1779780360,31.619755178065468
1779780375,31.417236453370446
1779780390,31.394979913867715
1779780405,31.230502508464586
1779780420,31.317844956631312
1779780435,31.286433244850876
1779780450,31.310531341995674
1779780465,31.3074796179031
1779780480,31.446069984451995
1779780495,31.44691183937408
1779780510,31.520731992854756
1779780525,31.766080086711057
1779780540,31.314635384740853
1779780555,31.408449592621146
1779780570,31.34320583615925
1779780585,31.29958722800852
1779780600,31.37630125778387
1779780615,31.70025755499023
1779780630,31.79270374862212
1779780645,31.71299061068682
1779780660,31.626121705913768
1779780675,31.693259635950366
1779780690,31.635592573787264
1779780705,31.72440826806765
1779780720,31.805121108722933
1779780735,31.8329549370845
1779780750,31.860420453917648
1779780765,31.71109643711212
1779780780,31.74124536650943
1779780795,31.147737646436713
1779780810,31.26780720469966
1779780825,31.481901434573402
1779780840,31.41244840350106
1779780855,31.402661840031776
1779780870,31.46164430051064
1779780885,31.417973076427273
1779780900,31.65700725836791
1779780915,31.578767366546266
1779780930,31.58576528558613
1779780945,31.714358624935212
1779780960,31.374407084209167
1779780975,31.356254587451627
1779780990,31.45191035297399
1779781005,31.510471885991798
1779781020,31.532938889225047
1779781035,31.60391778234367
1779781050,31.709938886594248
1779781065,31.272069095242728
1779781080,31.296956431376987
1779781095,31.57413716447477
1779781110,31.677211776498037
1779781125,31.628857734410552
1779781140,31.534149055675552
1779781155,31.675054523260194
1779781170,32.10082265010668
1779781185,32.223943932462184
1779781200,32.187428475216585
1779781215,31.39766332643188
1779781230,31.746033416378815
1779781245,32.41188804381855
1779781260,32.24888388452908
1779781275,32.43651230028966
1779781290,32.665023295704174
1779781305,32.21168442015927
1779781320,32.229731685051554
1779781335,32.10182235282666
1779781350,32.59162406968454
1779781365,32.024319084061844
1779781380,31.87115410417428
1779781395,31.664215641138295
1779781410,31.817380621025848
1779781425,31.635382110056742
1779781440,31.66768829269191
1779781455,31.81611783864272
1779781470,31.83127122724032
1779781485,31.317687108833425
1779781500,31.578767366546266
1779781515,32.10518977251502
1779781530,32.19879351666478
1779781545,32.201476929228946
1779781560,31.920086921520706
1779781575,31.857316113892452
1779781590,31.636487044641992
1779781605,31.934661534859366
1779781620,31.620860112650718
1779781635,31.70720285809746
1779781650,31.685577709786305
1779781665,31.947341974623335
1779781680,31.80448971753137
1779781695,31.63922307313878
1779781710,31.964021225267224
1779781725,31.772183534896204
1779781740,31.80022782698829
1779781755,31.702414808228074
1779781770,31.514681160602244
1779781785,31.4908461431206
1779781800,31.514681160602244
1779781815,31.042611013040855
1779781830,31.74424447466937
1779781845,31.944921641722335
1779781860,31.744034010938847
1779781875,31.796702559502044
1779781890,31.86757622075541
1779781905,31.864840192258615
1779781920,31.80901468773759
1779781935,31.874626755727895
1779781950,31.959496255060994
1779781965,31.561141029115024
1779781980,31.637328899564075
1779781995,31.673160349685492
1779782010,31.724723963663436
1779782025,31.701678185171257
1779782040,31.665531039454052
1779782055,31.791651429969512
1779782070,31.873100893681617
1779782085,31.91303638654821
1779782100,31.784074735670707
1779782115,31.79943858799883
1779782130,31.812697803021727
1779782145,31.793440371678948
1779782160,31.75624090730914
1779782175,31.738825033608432
1779782190,31.763080978551116
1779782205,31.789809872327435
1779782220,31.448069389891952
1779782235,31.410659461791624
1779782250,31.57224299090008
1779782265,31.672002799167622
1779782280,31.729406781667556
1779782295,31.86231462749235
1779782310,31.709886270661613
1779782325,31.649904107462778
1779782340,31.871259336039547
1779782355,31.64074893518506
1779782370,31.74634911197459
1779782385,31.773235853548808
1779782400,31.646641919639684
1779782415,30.90065322680361
1779782430,31.324053636681725
1779782445,31.539252801140716
1779782460,31.556931754504582
1779782475,31.639696616532454
1779782490,31.678474558881177
1779782505,31.729143702004404
1779782520,31.460591981858023
1779782535,31.809488231131265
1779782550,31.559773014866632
1779782565,31.753452262879723
1779782580,31.73750963529266
1779782595,31.78275933735495
1779782610,31.808541144343916
1779782625,31.768658267409954
1779782640,31.724881811461326
1779782655,31.95533959638318
1779782670,31.771446911839373
1779782685,31.74424447466937
1779782700,31.504789365267694
1779782715,31.612599411227716
1779782730,31.641275094511368
1779782745,31.580819387918858
1779782760,31.618176700086554
1779782775,31.636381812776726
1779782790,31.779076222070803
1779782805,31.79964905172935
1779782820,31.676738233104363
1779782835,31.5622985796329
1779782850,31.335418678129923
1779782865,31.40555571632646
1779782880,31.470168081596782
1779782895,31.638328602284062
1779782910,31.670056009660286
1779782925,31.793177292015795
1779782940,31.89693591116326
1779782955,32.09677122329413
1779782970,31.84921326026734
1779782985,31.838479610010705
1779783000,31.87273258215321
1779783015,31.754294117801805
1779783030,31.780759931914982
1779783045,31.787547387224325
1779783060,31.6914180783083
1779783075,31.791861893700034
1779783090,31.826483177370935
1779783105,31.865734663113333
1779783120,32.06351795387161
1779783135,31.830376756385604
1779783150,31.729564629465447
1779783165,31.810435317918618
1779783180,31.65774388142474
1779783195,31.736667780370574
1779783210,31.662058387900437
1779783225,31.55466926940147
1779783240,31.765080383991073
1779783255,31.805173724655567
1779783270,31.771289064041486
1779783285,31.79044126351901
1779783300,31.765290847721595
1779783315,31.669477234401345
1779783330,31.6716344876392
1779783345,31.614125273273995
1779783360,31.66453133673408
1779783375,31.697731990223964
1779783390,32.00379887033593
1779783405,31.935398157916197
1779783420,31.667793524557176
1779783435,31.7709733684457
1779783450,31.56029917419294
1779783465,31.588448698150284
1779783480,31.727249528429702
1779783495,31.732353273894866
1779783510,31.68794542675467
1779783525,31.80706789823027
1779783540,31.710675509651075
1779783555,31.356780746777936
1779783570,31.484584847137565
1779783585,31.77865529460976
1779783600,31.886149644973994
1779783615,31.996590487565534
1779783630,31.734352679334833
1779783645,32.32680808075493
1779783660,31.719988529726685
1779783675,32.14533572911213
1779783690,32.021793519295585
1779783705,31.929189477865794
1779783720,32.08929976086059
1779783735,32.00153638523281
1779783750,31.981910642361612
1779783765,32.08151260283126
1779783780,32.20747514554883
1779783795,31.92424358019852
1779783810,32.13833781007227
1779783825,32.16559286317489
1779783840,32.28434702312207
1779783855,32.312286083348894
1779783870,32.31033929384157
1779783885,32.16622425436646
1779783900,32.43161901855501
1779783915,32.03015945258384
1779783930,31.797807494087284
1779783945,31.89730422269167
1779783960,32.04820671747613
1779783975,32.39110475042948
1779783990,32.62503518690495
1779784005,32.62919184558276
1779784020,32.69759255800248
1779784035,32.11587080683902
1779784050,32.03421087939638
1779784065,32.017005469426195
1779784080,32.06357056980424
1779784095,32.55347751852739
1779784110,32.42509464290882
1779784125,32.25867044799836
1779784140,32.10813626474233
1779784155,32.07677716889451
1779784170,31.911089597040878
1779784185,31.858841975938734
1779784200,31.960864269309386
1779784215,32.253093159139524
1779784230,32.20931670319089
1779784245,32.373267949267714
1779784260,32.25004143504695
1779784275,32.22683780875687
1779784290,32.18463983078716
1779784305,32.33259583334429
1779784320,32.26956194605288
1779784335,32.360113966110085
1779784350,32.40104916169665
1779784365,32.34006729577783
1779784380,32.25861783206573
1779784395,32.09398257886471
1779784410,32.4335131921297
1779784425,32.25314577507214
1779784440,32.23946563258821
1779784455,31.893358027744377
1779784470,31.988540249873065
1779784485,32.08351200827122
1779784500,32.09324595580788
1779784515,32.00395671813382
1779784530,32.01690023756094
1779784545,32.080249820448124
1779784560,32.04341866760674
1779784575,32.151965336623576
1779784590,32.03920939299629
1779784605,32.24414845059233
1779784620,32.248410341135404
1779784635,32.19784642987743
1779784650,32.13018234051454
1779784665,32.14791390981103
1779784680,32.10782056914654
1779784695,32.01674238976304
1779784710,31.983541736273157
1779784725,32.19937229192372
1779784740,32.34853846093135
1779784755,32.44230005287901
1779784770,32.127393696085115
1779784785,32.18395582366297
1779784800,31.992486444820358
1779784815,32.151386561364646
1779784830,32.20326587093838
1779784845,32.413045594336424
1779784860,32.581942738080514
1779784875,32.47797365520253
1779784890,32.648712356588696
1779784905,32.65192192847917
1779784920,32.454717412979825
1779784935,32.678124662929186
1779784950,32.61161812408415
1779784965,32.73068797962711
1779784980,32.71684998934528
1779784995,32.352326808080754
1779785010,32.53937644858239
1779785025,32.59925337991597
1779785040,32.61388060918728
1779785055,32.83392043944827
1779785070,32.51091122902926
1779785085,32.502387447943114
1779785100,32.659235543114804
1779785115,32.64755480607082
1779785130,32.55768679313783
1779785145,32.55937050298201
1779785160,32.59009820763825
1779785175,32.8353410696293
1779785190,32.68643798028481
1779785205,32.81492608776864
1779785220,32.8415497496797
1779785235,32.63966241617624
1779785250,32.56389547318823
1779785265,32.58615201269096
1779785280,32.63319065646269
1779785295,32.54879470052327
1779785310,32.39057859110317
1779785325,32.57610236955853
1779785340,32.75173435267934
1779785355,32.62492995503968
1779785370,32.54327002759706
1779785385,32.5192245463849
1779785400,32.472659446006844
1779785415,32.53616687669193
1779785430,32.16506670384859
1779785445,32.30639309889428
1779785460,32.52843233459524
1779785475,32.46487228797752
1779785490,32.543375259462316
1779785505,32.63687377174682
1779785520,32.55889695958834
1779785535,32.34169838968938
1779785550,32.625771809961776
1779785565,32.498336021130555
1779785580,32.505018244574636
1779785595,32.52075040843118
1779785610,32.58873019338986
1779785625,32.44487823357791
1779785640,32.43924832878644
1779785655,32.224733171451646
1779785670,32.36111366883006
1779785685,32.57357680479226
1779785700,32.56826259559658
1779785715,32.61025010983576
1779785730,32.50396592592203
1779785745,32.47286990973737
1779785760,32.408678471928084
1779785775,32.4362492206265
1779785790,32.38663239615588
1779785805,32.44261574847479
1779785820,32.390473359237916
1779785835,32.31439072065412
1779785850,32.410099102109115
1779785865,32.34322425173567
1779785880,32.2337831118641
1779785895,32.25924922325729
1779785910,32.6044623572464
1779785925,32.55963358264516
1779785940,32.653026863064404
1779785955,32.41678132555319
1779785970,32.484761110511876
1779785985,32.71753399646947
1779786000,32.97482590703291
1779786015,33.51655954939715
1779786030,33.207756640788396
1779786045,33.18008066022472
1779786060,33.28794332211737
1779786075,33.277104439995476
1779786090,33.474729882955856
1779786105,33.50119569706903
1779786120,33.17876526190896
1779786135,33.07116567967946
1779786150,33.27657828066917
1779786165,33.20880895944101
1779786180,33.303833333771806
1779786195,33.305359195818085
1779786210,33.24458779362979
1779786225,33.18460563043095
1779786240,33.37628547300409
1779786255,33.10925961490398
1779786270,32.91773762012875
1779786285,32.95293767905859
1779786300,33.00234403979869
1779786315,33.198338388847525
1779786330,33.27963000476174
1779786345,33.02896770170975
1779786360,32.88779915446196
1779786375,32.899900818966984
1779786390,32.84702180667328
1779786405,32.82923762144415
1779786420,32.80177210461099
1779786435,33.362394866789614
1779786450,33.142039340932826
1779786465,33.17776555918898
1779786480,33.04070105468637
1779786495,33.182764072788885
1779786510,32.782093745807174
1779786525,32.76925545824532
1779786540,32.885641901224105
1779786555,32.931891306006364
1779786570,32.86138595628142
1779786585,32.90253161559852
1779786600,32.95904112724374
1779786615,32.954726620768035
1779786630,32.89363952298395
1779786645,32.82397602818109
1779786660,32.9730895812561
1779786675,33.10447156503461
1779786690,32.99945016350401
1779786705,33.107786368790336
1779786720,33.224120195836505
1779786735,33.240062823423564
1779786750,33.27157976706927
1779786765,33.13083214728252
1779786780,33.03880688111167
1779786795,33.07784790312355
1779786810,32.9939254905778
1779786825,33.00860533578172
1779786840,33.17602923341217
1779786855,33.06669332540587
1779786870,33.00750040119649
1779786885,33.07953161296773
1779786900,33.004659140834434
1779786915,33.009710270366966
1779786930,32.97251080599717
1779786945,34.84405952966618
1779786960,33.09931520363681
1779786975,33.096684407005284
1779786990,32.86506907156556
1779787005,32.67596740969133
1779787020,32.7416847095469
1779787035,32.765993270422214
1779787050,32.74368411498686
1779787065,32.70411693364868
1779787080,32.77909463764722
1779787095,32.764046480914885
1779787110,32.627718599469105
1779787125,32.6456080165635
1779787140,32.60035831450121
1779787155,32.636610692083664
1779787170,32.560001894173574
1779787185,32.60277864740222
1779787200,32.66376051332104
1779787215,32.648975436251845
1779787230,32.5266433928858
1779787245,32.524643987445835
1779787260,32.533273000397244
1779787275,32.366533109891
1779787290,32.34590766429982
1779787305,32.55647662668733
1779787320,32.65586812342646
1779787335,32.754312533378226
1779787350,32.88016984423054
1779787365,32.84312822765861
1779787380,32.71058869336224
1779787395,33.063378521650144
1779787410,33.217701052055574
1779787425,33.1065235864072
1779787440,33.33219332145967
1779787455,33.42606014527259
1779787470,33.530344923746355
1779787485,33.73375811929611
1779787500,33.43789873011447
1779787515,33.58838029743787
1779787530,33.51540199887928
1779787545,33.58285562451165
1779787560,33.61253101051529
1779787575,33.213333929647234
1779787590,32.762994162262274
1779787605,32.73121413895341
1779787620,32.803718894118326
1779787635,32.76283631446438
1779787650,33.00497483643022
1779787665,32.92526169849492
1779787680,32.84865290058483
1779787695,32.924104147977054
1779787710,32.86885741871496
1779787725,32.850073530765854
1779787740,32.82744867973471
1779787755,32.755627931694
1779787770,32.81461039217285
1779787785,32.75504915643506
1779787800,32.758995351382346
1779787815,32.695014377303586
1779787830,32.72458453144197
1779787845,32.55147811308743
1779787860,32.853125254858426
1779787875,33.04043797502322
1779787890,32.98287614472538
1779787905,32.96819629952146
1779787920,32.921683815076044
1779787935,33.05248702359561
1779787950,32.952201056001776
1779787965,33.05753815312815
1779787980,32.94120432608199
1779787995,33.08426704690447
1779788010,33.057380305330256
1779788025,32.8971647904702
1779788040,32.90237376780063
1779788055,33.029493861036066
1779788070,33.07474356309834
1779788085,33.02770491932662
1779788100,33.07663773667304
1779788115,33.00008155469558
1779788130,32.981402898611734
1779788145,33.16440111230081
1779788160,32.90463625290374
1779788175,33.235748316947856
1779788190,32.81597840642125
1779788205,33.347399325989905
1779788220,33.43126912260301
1779788235,33.27058006434929
1779788250,33.59122155779992
1779788265,33.54644539913131
1779788280,33.37207619839364
1779788295,33.30714813752752
1779788310,33.399699563024676
1779788325,33.31514575928737
1779788340,33.46168113166348
1779788355,33.438161809777625
1779788370,33.468731666635975
1779788385,33.55318023850802
1779788400,33.193760802708674
1779788415,33.29199474892992
1779788430,33.17534522628798
1779788445,32.929313125307466
1779788460,32.819398442042235
1779788475,32.953095526856494
1779788490,33.05506520429451
1779788505,32.97366835651504
1779788520,33.23311752031633
1779788535,32.97614130534867
1779788550,33.16519035129028
1779788565,33.07442786750256
1779788580,33.051645168673524
1779788595,32.75531223609821
1779788610,33.063168057919626
1779788625,33.113153193918656
1779788640,33.081110090946645
1779788655,32.944361282039814
1779788670,33.158665975644084
1779788685,32.87027804889598
1779788700,33.021706703006735
1779788715,33.17581876968164
1779788730,33.062484050795426
1779788745,33.10515557215881
1779788760,33.131674002204605
1779788775,33.1722935021954
1779788790,33.15182590440211
1779788805,33.08353042384764
1779788820,33.14640646334116
1779788835,33.10252477552728
1779788850,33.21696442899874
1779788865,33.50829884797416
1779788880,33.496144567536504
1779788895,32.77551675422835
1779788910,33.692138916585336
1779788925,34.05987166974032
1779788940,33.28604914854267
1779788955,34.12658867231586
1779788970,34.12432618721275
1779788985,34.253077374359734
1779789000,34.37840852588573
1779789015,35.169489072986195
1779789030,34.7659248697098
1779789045,34.185728980592614
1779789060,34.23550365286112
1779789075,34.20667012177958
1779789090,34.32005745659843
1779789105,34.19698879017555
1779789120,34.23113653045279
1779789135,34.363728680681795
1779789150,34.459384446204155
1779789165,34.63133331404082
1779789180,34.492848179357196
1779789195,34.52525959385761
1779789210,34.37930299674045
1779789225,34.63948878359856
1779789240,34.73061957891469
1779789255,34.701470352237365
1779789270,34.721780102232756
1779789285,34.61149710743911
1779789300,34.74166892476711
1779789315,34.698734323740574
1779789330,34.82727504715702
1779789345,34.49963563466654
1779789360,35.020428135843815
1779789375,35.28919031972072
1779789390,34.98054525890984
1779789405,35.14938978672132
1779789420,35.24109935729638
1779789435,35.27256368500946
1779789450,34.92903426086453
1779789465,35.077411190882714
1779789480,35.050840144904285
1779789495,35.10429793245693
1779789510,35.06488859891663
1779789525,35.049419514723255
1779789540,35.04878812353168
1779789555,34.99301523494329
1779789570,35.13371023879741
1779789585,35.22815583786927
1779789600,35.18164335342385
1779789615,35.571790493879455
1779789630,35.55642664155133
1779789645,35.629825867570965
1779789660,35.98566741995144
1779789675,34.99796113261057
1779789690,35.5386424563222
1779789705,35.54369358585473
1779789720,35.55342753339139
1779789735,35.60293912599675
1779789750,35.3988419233228
1779789765,35.251464696024605
1779789780,35.11150631522732
1779789795,35.02779436641209
1779789810,34.90577801864182
1779789825,34.90825096747546
1779789840,34.78876018447146
1779789855,34.867105308158365
1779789870,34.79254853162086
1779789885,34.943661490135824
1779789900,34.81391060026887
1779789915,34.5529355744213
1779789930,34.60102653684562
1779789945,34.964813095053316
1779789960,34.49747838142868
1779789975,34.62075751158208
1779789990,34.68689573889869
1779790005,34.602447167026654
1779790020,34.44123194944662
1779790035,34.4895859915341
1779790050,34.46122600384622
1779790065,34.42229021369961
1779790080,34.355415363326166
1779790095,34.273492356220395
1779790110,34.300747409323016
1779790125,34.181835401577956
1779790140,34.2915922370453
1779790155,34.22424384327818
1779790170,34.10196441584476
1779790185,34.12190585431174
1779790200,34.14211037244188
1779790215,34.06997392880539
1779790230,34.17204883810867
1779790245,34.16826049095927
1779790260,34.286804187175925
1779790275,34.15821084782683
1779790290,34.18851762502203
1779790305,34.251341048582916
1779790320,34.999223914993706
1779790335,34.492164172233
1779790350,34.47969419619955
1779790365,34.50679140150429
1779790380,34.549199843204526
1779790395,34.513052697487325
1779790410,34.392720059561235
1779790425,34.58524175705645
1779790440,34.59397600187313
1779790455,34.53231012883011
1779790470,34.57892784514078
1779790485,34.563090449418986
1779790500,34.481693601639506
1779790515,34.61291773762013
1779790530,34.58303188788597
1779790545,34.463067561488295
1779790560,34.46201524283568
1779790575,34.61749532375899
1779790590,34.34326108288851
1779790605,34.34689158224001
1779790620,34.37903991707729
1779790635,34.31216506670385
1779790650,34.356415066046154
1779790665,34.35089039311994
1779790680,34.29332856282211
1779790695,34.20193468784283
1779790710,34.148739979953326
1779790725,34.128009302496885
1779790740,34.09086245405971
1779790755,34.20467071633961
1779790770,34.08460115807668
1779790785,33.919702825212504
1779790800,33.97210829411254
1779790815,34.07307826883058
1779790830,34.10085948125952
1779790845,34.633385335413415
1779790860,34.02204081417894
1779790875,34.0922304683081
1779790890,33.87129616719239
1779790905,33.99983689060885
1779790920,34.007624048638164
1779790935,34.06287077790026
1779790950,34.07055270406432
1779790965,33.93759224230689
1779790980,33.925122266273455
1779790995,33.87882024555856
1779791010,33.956744441784416
1779791025,33.93185710565017
1779791040,33.95116715292558
1779791055,33.89171114905305
1779791070,33.82541507393854
1779791085,33.86293023390413
1779791100,33.82720401564798
1779791115,33.837358890645675
1779791130,33.82215288611544
1779791145,33.80826227990098
1779791160,34.200619289527054
1779791175,34.05187404798047
1779791190,34.27933272474238
1779791205,34.40166476810843
1779791220,34.11043558099828
1779791235,34.12232678177279
1779791250,34.12095876752439
1779791265,33.97747511924085
1779791280,34.11417131221505
1779791295,34.19898819561551
1779791310,33.922701933372444
1779791325,34.00857113542551
1779791340,33.790635942469734
1779791355,33.72091983173425
1779791370,33.74086127020123
1779791385,33.735126133544505
1779791400,34.03624711598919
1779791415,33.94822066069827
1779791430,34.298379692354644
1779791445,34.02798641456619
1779791460,34.02940704474722
1779791475,33.93227803311121
1779791490,33.96616269372529
1779791505,33.927753062904976
1779791520,34.01914693788426
1779791535,34.41455567160292
1779791550,34.06513326300337
1779791565,34.22603278498762
1779791580,34.31958391320475
1779791595,34.20477594820488
1779791610,34.41213533870191
1779791625,34.347733437162105
1779791640,34.11664426104869
1779791655,34.06181845924765
1779791670,34.08539039706614
1779791685,34.05087434526048
1779791700,34.0555571632646
1779791715,34.04182440484803
1779791730,33.97968498841134
1779791745,33.98989247934166
1779791760,33.9248591866103
1779791775,33.92622720085869
1779791790,33.62210711025405
1779791805,33.8330970001026
1779791820,33.80031727407376
1779791835,33.72518172227732
1779791850,34.313164769423835
1779791865,34.36656994104384
1779791880,34.39408807380963
1779791895,34.29232886010213
1779791910,34.340525054391726
1779791925,34.38014485166253
1779791940,34.34189306864012
1779791955,34.3194786813395
1779791970,34.37851375775098
1779791985,34.3403145906612
1779792000,34.33778902589493
1779792015,34.295801511655746
1779792030,34.30664039377764
1779792045,34.26118022798483
1779792060,34.35204794363781
1779792075,34.243396042755705
1779792090,34.28154259391286
1779792105,34.27622838471718
1779792120,34.180151691733776
1779792135,34.20114544885337
1779792150,34.0026781509709
1779792165,34.066448661319136
1779792180,34.01883124228847
1779792195,34.12264247736857
1779792210,34.08575870859455
1779792225,34.19298997929563
1779792240,34.072078566110605
1779792255,34.1342179825473
1779792270,34.183413879556866
1779792285,33.9103898051369
1779792300,33.84193647678454
1779792315,33.91833481096411
1779792330,33.87761007910805
1779792345,33.88481846187844
1779792360,33.853827677559046
1779792375,33.77763980710999
1779792390,33.9033392701644
1779792405,33.81836453896604
1779792420,33.69697958238734
1779792435,33.721130295464775
1779792450,33.60979498201851
1779792465,33.771062815531174
1779792480,34.11611810172238
1779792495,34.03698373904602
1779792510,33.86571887833355
1779792525,33.99594331159418
1779792540,33.9329620402354
1779792555,33.92848968596181
1779792570,34.249078563479806
1779792585,34.25381399741656
1779792600,34.22587493718973
1779792615,34.11548671053082
1779792630,34.122011086177004
1779792645,34.067027436578066
1779792660,34.28648849158014
1779792675,34.31784758742795
1779792690,34.26275870596376
1779792705,33.958322919763326
1779792720,33.86556103053565
1779792735,33.95795460823492
1779792750,33.89392101822353
1779792765,33.88118796252694
1779792780,33.96200603504747
1779792795,33.91249444244212
1779792810,33.96484729540953
1779792825,33.70024177021044
1779792840,33.7666430771902
1779792855,34.03393201495345
1779792870,33.96905657001997
1779792885,34.00404616521929
1779792900,34.03356370342503
1779792915,33.835043789609934
1779792930,34.062081538910796
1779792945,33.781059842730976
1779792960,33.85614277859479
1779792975,33.82452060308382
1779792990,33.86361424102833
1779793005,33.85145996059067
1779793020,33.80784135243993
1779793035,33.86140437185784
1779793050,33.88166150592061
1779793065,33.88655478765526
1779793080,33.92585888933027
1779793095,33.88129319439219
1779793110,33.790635942469734
1779793125,33.997732253303624
1779793140,33.94132797352366
1779793155,33.886081244261575
1779793170,33.79531876047386
1779793185,33.92212315811351
1779793200,34.03772036210285
1779793215,34.33931488794122
1779793230,34.84416476153144
1779793245,34.67463622659578
1779793260,34.75929526219834
1779793275,34.79060174211352
1779793290,34.72372689174009
1779793305,34.78597154004204
1779793320,34.839745023190474
1779793335,34.84321767474409
1779793350,34.842165356091485
1779793365,33.88397660695636
1779793380,34.009097294751825
1779793395,34.15026584199962
1779793410,34.12327386856013
1779793425,34.103805973486836
1779793440,34.041456093319624
1779793455,34.11048819693091
1779793470,34.22966328433913
1779793485,34.251709360111334
1779793500,34.090020599137624
1779793515,34.04114039772384
1779793530,34.0202518724695
1779793545,33.960111861472775
1779793560,33.95684967364968
1779793575,34.095071728670156
1779793590,34.05061126559733
1779793605,33.780060140010995
1779793620,33.795055680810705
1779793635,33.62626376893188
1779793650,33.7053455156756
1779793665,33.66267399431222
1779793680,33.67256578964676
1779793695,33.73244272098034
1779793710,33.7539100214936
1779793725,33.76085532460085
1779793740,33.76453843988499
1779793755,33.81747006811132
1779793770,33.855353539605325
1779793785,33.899340459284474
1779793800,33.87387434789129
1779793815,33.79416120995599
1779793830,33.84009491914246
1779793845,33.89797244503608
1779793860,33.69387524236214
1779793875,33.685035765680205
1779793890,33.90586483493067
1779793905,33.88944866394993
1779793920,33.87987256421117
1779793935,33.897761981305564
1779793950,33.88234551304481
1779793965,33.8298348122795
1779793980,33.7914251814592
1779793995,33.80026465814113
1779794010,34.16026286919942
1779794025,34.02130419112211
1779794040,34.15226524743957
1779794055,34.01709491651167
1779794070,34.18294033616319
1779794085,34.20104021698811
1779794100,34.354731356201974
1779794115,34.025776545395715
1779794130,33.97216091004517
1779794145,33.85282797483906
1779794160,33.84030538287299
1779794175,33.922333621844025
1779794190,33.859983741676814
1779794205,33.9128101380379
1779794220,34.088126425562926
1779794235,34.183782191085285
1779794250,34.02188296638104
1779794265,34.08018141973571
1779794280,34.0052563316698
1779794295,34.10280627076685
1779794310,34.27759639896557
1779794325,34.1126980661014
1779794340,33.973371076495674
1779794355,34.14247868397029
1779794370,34.19472630507244
1779794385,34.15047630573014
1779794400,33.93469836601221
1779794415,33.895446880269816
1779794430,33.92670074425237
1779794445,34.23866060881896
1779794460,34.35841447148611
1779794475,34.365675470189124
1779794490,34.24939425907559
1779794505,33.964794679476896
1779794520,34.048980171685784
1779794535,33.996153775324714
1779794550,34.00799236016658
1779794565,34.06129229992134
1779794580,34.07360442815689
1779794595,34.073341348493734
1779794610,34.02088326366107
1779794625,34.12127446312018
1779794640,34.2979587648936
1779794655,34.15158124031537
1779794670,34.02104111145896
1779794685,34.013780112755946
1779794700,33.94469539321202
1779794715,33.93138356225649
1779794730,33.92848968596181
1779794745,33.94827327663089
1779794760,33.92817399036602
1779794775,33.927384751376565
1779794790,33.95179854411714
1779794805,33.96358451302639
1779794820,33.84525128054025
1779794835,33.771115431463805
1779794850,33.87019123260715
1779794865,33.78021798780889
1779794880,33.860772980666276
1779794895,33.91912404995357
1779794910,33.95784937636965
1779794925,33.84167339712138
1779794940,34.027355023374625
1779794955,33.99957381094569
1779794970,34.05655686598459
1779794985,34.39803426875693
1779795000,34.343787242214816
1779795015,34.17362731608758
1779795030,34.17862582968749
1779795045,34.18009907580114
1779795060,34.28412077461176
1779795075,34.21898225001513
1779795090,34.34420816967586
1779795105,34.34420816967586
1779795120,34.33489514960025
1779795135,34.303167742224026
1779795150,34.33215912110346
1779795165,34.33058064312454
1779795180,34.27791209456136
1779795195,34.132797352366275
1779795210,34.19504200066822
1779795225,34.17878367748538
1779795240,34.16226227463939
1779795255,34.139690039540874
1779795270,34.289803295335865
1779795285,34.270966791454114
1779795300,34.22377029988451
1779795315,34.168365722824525
1779795330,34.163367209224624
1779795345,34.21351019302155
1779795360,34.16568231026037
1779795375,33.850828569399106
1779795390,34.05482054020778
1779795405,34.07665615224946
1779795420,34.056714713782476
1779795435,33.91717726044624
1779795450,34.04640199098689
1779795465,34.03356370342503
1779795480,34.18814931349362
1779795495,34.314848479268015
1779795510,34.193673986419824
1779795525,34.127062215709536
1779795540,34.04703338217846
1779795555,34.00662434591819
1779795570,34.13516506933465
1779795585,34.122379397705416
1779795600,33.957744144504396
1779795615,34.056346402254064
1779795630,34.15089723319118
1779795645,34.3542578128083
1779795660,34.19625216711872
1779795675,34.20630181025116
1779795690,34.19630478305136
1779795705,34.190411798596735
1779795720,34.25691833744177
1779795735,34.247394853635626
1779795750,34.23255716063382
1779795765,34.23723997863794
1779795780,34.21761423576674
1779795795,34.11033034913302
1779795810,34.21640406931623
1779795825,34.23608242812006
1779795840,34.07528813800107
1779795855,34.15800038409631
1779795870,34.13227119303996
1779795885,34.138058945629325
1779795900,34.0615553795845
1779795915,34.13648046765041
1779795930,34.132113345242075
1779795945,34.03887791262073
1779795960,33.97252922157359
1779795975,34.376672200108914
1779795990,34.27417636334459
1779796005,34.02519777013677
1779796020,34.085127317402986
1779796035,34.252288135370264
1779796050,34.026513168452546
1779796065,33.860036357609445
1779796080,33.916966796715705
1779796095,33.969319649683115
1779796110,33.97484432260933
1779796125,34.010781004596005
1779796140,33.9463791030562
1779796155,33.90933748648428
1779796170,34.107699552501494
1779796185,33.93853932909424
1779796200,34.00262553503827
1779796215,33.999784274676216
1779796230,33.879083325221714
1779796245,33.94011780707316
1779796260,34.11627594952027
1779796275,34.08760026623662
1779796290,34.37714574350259
1779796305,34.59697511003307
1779796320,34.95023848171465
1779796335,34.05471530834252
1779796350,33.882819056438485
1779796365,33.92254408557456
1779796380,33.90418112508649
1779796395,34.39324621888754
1779796410,34.307692712430246
1779796425,34.32521381799623
1779796440,34.43533896499199
1779796455,34.312691226030154
1779796470,34.13721709070724
1779796485,34.10038593786584
1779796500,34.11280329796666
1779796515,34.31521679079642
1779796530,34.33578962045497
1779796545,34.23624027591795
1779796560,34.36678040477437
1779796575,34.145740871793386
1779796590,34.13600692425673
1779796605,34.22066595985931
1779796620,34.11722303630762
1779796635,33.95385056548974
1779796650,34.12364218008855
1779796665,34.19456845727454
1779796680,34.15957886207522
1779796695,34.16799741129611
1779796710,34.28927713600955
1779796725,34.30858718328496
1779796740,34.277070239639265
1779796755,34.11795965936445
1779796770,33.98552535693333
1779796785,33.99557500006577
1779796800,34.23960769560631
1779796815,34.22613801685288
1779796830,33.879767332345914
1779796845,34.05824057582877
1779796860,34.10659461791625
1779796875,34.14942398707753
1779796890,34.18767577009994
1779796905,34.19409491388087
1779796920,34.238976304414734
1779796935,34.288961440413765
1779796950,34.21619360558571
1779796965,34.238765840684216
1779796980,34.19114842165356
1779796995,34.21514128693309
1779797010,34.21987672086985
1779797025,34.17878367748538
1779797040,34.253656149618664
1779797055,34.22666417617919
1779797070,34.17320638862654
1779797085,34.1708912875908
1779797100,34.16136780378466
1779797115,34.15279140676588
1779797130,33.94280121963732
1779797145,34.04945371507946
1779797160,34.02772333490304
1779797175,34.01388534462121
1779797190,33.925069650340824
1779797205,33.89713059011399
1779797220,33.91491477534312
1779797235,33.95237731937608
1779797250,33.874190043487076
1779797265,33.91565139839995
1779797280,33.909758413945326
1779797295,33.86524533493988
1779797310,33.80594717886524
1779797325,33.80447393275158
1779797340,33.81447095995138
1779797355,33.72528695414259
1779797370,33.72297185310684
1779797385,33.67530181814355
1779797400,33.70508243601245
1779797415,33.82304735697016
1779797430,33.90739069697695
1779797445,34.08891566455239
1779797460,34.10912018268252
1779797475,34.13064009912842
1779797490,34.14032143073244
1779797505,34.150739385393294
1779797520,34.21256310623419
1779797535,34.195936471522934
1779797550,34.13453367814307
1779797565,34.154738196273215
1779797580,34.27449205894037
1779797595,34.33357975128448
1779797610,34.357046457237715
1779797625,34.32737107123408
1779797640,34.28533094106226
1779797655,34.220034568667735
1779797670,34.285383556994894
1779797685,34.13248165677049
1779797700,34.11611810172238
1779797715,34.030301515601934
1779797730,33.912389210576855
1779797745,33.88776495410575
1779797760,34.02177773451579
1779797775,34.019304785682145
1779797790,34.02261958943787
1779797805,33.8021062157832
1779797820,33.82767755904166
1779797835,33.745070544811675
1779797850,33.759013766958766
1779797865,33.81205062705037
1779797880,33.873348188564975
1779797895,33.77916566915628
1779797910,33.80221144764847
1779797925,33.93648730772165
1779797940,34.01114931612441
1779797955,33.98952416781326
1779797970,34.075130290203184
1779797985,34.06029259720136
1779798000,34.11853843462339
1779798015,34.10206964771002
1779798030,33.91733510824413
1779798045,33.994733145143684
1779798060,33.99236542817531
1779798075,34.177152583573836
1779798090,34.10412166908261
1779798105,34.03961453567755
1779798120,34.0063086503224
1779798135,33.99704824617943
1779798150,34.3112179799165
1779798165,34.32684491190777
1779798180,33.97231875784307
1779798195,33.98157916198604
1779798210,33.75790883237353
1779798225,33.68214188938552
1779798240,33.63925990429162
1779798255,33.67672244832458
1779798270,33.623369892637186
1779798285,33.646783982657794
1779798300,33.63347215170226
1779798315,33.66656757332688
1779798330,33.5719115105245
1779798345,33.65088802540297
1779798360,33.700399618008326
1779798375,33.71592131813435
1779798390,33.76295996190607
1779798405,33.82157411085651
1779798420,33.837358890645675
1779798435,33.91149473972214
1779798450,33.851407344658035
1779798465,33.84193647678454
1779798480,33.82604646513011
1779798495,33.868086595301925
1779798510,33.88402922288898
1779798525,34.048085700831066
1779798540,34.02861780575777
1779798555,33.970266736470464
1779798570,33.99746917364047
1779798585,33.996101159392076
1779798600,34.02151465485264
1779798615,34.10864663928884
1779798630,34.178678445620115
1779798645,34.192937363362994
1779798660,34.16747125196981
1779798675,34.141321133452415
1779798690,34.03303754409873
1779798705,34.356415066046154
1779798720,34.232031001307504
1779798735,34.61291773762013
1779798750,34.31090228432071
1779798765,34.16989158487082
1779798780,34.06739574810649
1779798795,34.132639504568374
1779798810,34.288382665154835
1779798825,34.227400799236015
1779798840,34.051768816115214
1779798855,34.12653605638324
1779798870,34.327318455301445
1779798885,33.903812813558076
1779798900,33.914651695679964
1779798915,33.937434394509005
1779798930,33.979737604343974
1779798945,33.720972447666874
1779798960,33.884081838821615
1779798975,33.82962434854898
1779798990,33.8432518751003
1779799005,33.86366685696096
1779799020,33.88187196965114
1779799035,33.95190377598241
1779799050,33.985998900327004
1779799065,33.8762946807923
1779799080,34.11143528371826
1779799095,33.977948662634525
1779799110,33.77721887964895
1779799125,33.756067274731464
1779799140,33.79631846319384
1779799155,33.7767979521879
1779799170,33.80694688158521
1779799185,33.7668009249881
1779799200,33.65883303123019
1779799215,33.790741174335004
1779799230,33.84193647678454
1779799245,34.204091941080684
1779799260,34.12190585431174
1779799275,34.10896233488463
1779799290,33.91896620215567
1779799305,33.894657641280354
1779799320,33.86692904478406
1779799320,33.86692904478406
1779799335,33.9818422416492
1779799350,33.92501703440819
1779799365,33.87724176757963
1779799380,33.9140203044884
1779799395,33.94038088673631
1779799410,33.896657046720314
1779799425,33.929752468344944
1779799440,34.127009599776905
1779799455,34.05392606935306
1779799470,34.12895638928424
1779799485,34.06634342945387
1779799500,34.032090457311384
1779799515,33.98426257455019
1779799530,34.12937731674528
1779799545,34.06129229992134
1779799560,34.4250262421964
1779799575,33.99226019631004
1779799590,33.96226911471063
1779799605,33.91649325332203
1779799620,33.955481659401286
1779799635,34.05218974357626
1779799650,33.978790517556625
1779799665,33.91291536990316
1779799680,33.93327773583119
1779799695,33.92922630901863
1779799710,33.95427149295078
1779799725,33.94416923388571
1779799740,33.94095966199525
1779799755,33.926753360185
1779799770,34.02304051689892
1779799785,34.024092835551535
1779799800,34.022093430111575
1779799815,34.04524444046901
1779799830,33.90481251627805
1779799845,33.987998305766965
1779799860,34.09917577141535
1779799875,34.142057756509246
1779799890,34.228821429417046
1779799905,34.21624622151834
1779799920,34.28054289119288
1779799935,34.18825454535887
1779799950,34.22829527009073
1779799965,34.27486037046879
1779799980,34.184308350411584
1779799995,34.179362452744314
1779800010,34.16868141842031
1779800025,34.104542596543666
1779800040,34.0791291010831
1779800055,33.89723582197925
1779800070,33.86819182716718
1779800085,33.89686751045083
1779800100,33.89997185047604
1779800115,33.93227803311121
1779800130,33.952219471578196
1779800145,33.99094479799428
1779800160,33.96158510758642
1779800175,33.8737165000934
1779800190,33.90633837832434
1779800205,33.885712932733156
1779800220,33.97594925719457
1779800235,33.94064396639946
1779800250,34.08970490354184
1779800265,33.95158808038662
1779800280,33.76864248263016
1779800295,33.93227803311121
1779800310,33.96732024424316
1779800325,33.969424881548385
1779800340,33.94864158815931
1779800355,33.96953011341364
1779800370,33.92670074425237
1779800385,33.924385643216624
1779800400,33.884450150350034
1779800415,34.70988890145825
1779800430,34.92998134765188
1779800445,34.93492724531916
1779800460,35.069360953190234
1779800475,35.0775690386806
1779800490,34.97528366564679
1779800505,35.00753723234933
1779800520,34.95818348754186
1779800535,34.98822718507392
1779800550,35.08924977572458
1779800565,35.038107089207685
1779800580,35.02079644737223
1779800595,34.80628129003743
1779800610,34.7760797447075
1779800625,34.814384143662544
1779800640,34.86063354844481
1779800655,34.86194894676057
1779800670,34.80417665273221
1779800685,34.85684520129541
1779800700,34.75966357372676
1779800715,34.63028099538822
1779800730,34.242028028507306
1779800745,34.194410609476655
1779800760,34.1481612046944
1779800775,34.111119588122484
1779800790,34.04861186015737
1779800805,34.15631667425213
1779800820,34.13006132386948
1779800835,33.93359343142697
1779800850,33.77143112705958
1779800865,33.91570401433258
1779800880,34.02272482130314
1779800895,34.068658530489614
1779800910,34.08802119369766
1779800925,34.103700741621566
1779800940,34.179783380205365
1779800955,34.02782856676831
1779800970,33.954481956681306
1779800985,33.90807470410115
1779801000,33.99410175395211
1779801015,34.027355023374625
1779801030,33.97231875784307
1779801045,34.041087781791205
1779801060,34.123431716358034
1779801075,34.05503100393831
1779801090,34.067711443702265
1779801105,34.03535264513447
1779801120,34.32852862175195
1779801135,34.075656449529475
1779801150,34.044297353681664
1779801165,33.97915882908503
1779801180,33.93990734334263
1779801195,33.92670074425237
1779801210,33.96032232520329
1779801225,33.90360234982756
1779801240,34.07418320341583
1779801255,33.85224919958012
1779801270,33.9140203044884
1779801285,33.859457582350515
1779801300,33.8671921244472
1779801315,33.8868178673184
1779801330,33.81031430127357
1779801345,33.77521947420898
1779801360,33.861351755925206
1779801375,33.84977625074649
1779801390,33.831992065517355
1779801405,33.810998308397764
1779801420,33.81426049622086
1779801435,34.05729348904142
1779801450,33.98226316911024
1779801465,34.052031895778356
1779801480,33.89476287314561
1779801495,33.744491769552745
1779801510,33.74154527732542
1779801525,33.814102648422974
1779801540,33.782690936642524
1779801555,34.145740871793386
1779801570,33.879346404884856
1779801585,34.046033679458475
1779801600,33.95022006613823
1779801615,33.906180530526456
1779801630,33.88018825980696
1779801645,33.8671921244472
1779801660,33.93369866329223
1779801675,33.97463385887881
1779801690,33.99489099294157
1779801705,33.98652505965332
1779801720,34.22776911076443
1779801735,34.41560799025552
1779801750,34.33352713535186
1779801765,34.34415555374323
1779801780,34.33936750387385
1779801795,34.09512434460279
1779801810,34.27759639896557
1779801825,34.275754841323504
1779801840,34.10559491519627
1779801855,34.07923433294836
1779801870,34.103648125688935
1779801885,34.08696887504505
1779801900,34.04703338217846
1779801915,34.08128635432095
1779801930,33.998363644495186
1779801945,34.04719122997635
1779801960,34.01183332324861
1779801975,34.03898314448598
1779801990,34.05161096831731
1779802005,34.09128338152075
1779802020,33.99746917364047
1779802035,34.006045570659246
1779802050,33.97142428698834
1779802065,33.9159144780631
1779802080,33.9103898051369
1779802095,33.86124652405995
1779802110,33.95411364515289
1779802125,33.85856311149579
1779802140,33.94785234916985
1779802155,33.95227208751081
1779802170,33.956691825851784
1779802185,33.92649028052185
1779802200,33.94916774748562
1779802215,34.00494063607401
1779802230,34.052452823239406
1779802245,33.924385643216624
1779802260,33.97363415615883
1779802275,33.98626197999016
1779802290,34.05119004085627
1779802305,34.03193260951348
1779802320,34.20277654276491
1779802335,34.138216793427226
1779802350,34.18830716129151
1779802365,34.197409717636596
1779802380,34.21840347475619
1779802395,34.08775811403451
1779802410,34.13290258423153
1779802425,34.20909045468058
1779802440,34.3043252927419
1779802455,34.36730656410067
1779802470,34.355099667730386
1779802485,34.34168260490959
1779802500,34.331001570585585
1779802515,34.33263266449713
1779802530,34.256392178115455
1779802545,34.09344063475861
1779802560,34.136112156122
1779802575,34.0626076982371
1779802590,34.354731356201974
1779802605,34.278017326426614
1779802620,34.19325305895878
1779802635,34.13521768526727
1779802650,34.178731061552746
1779802665,34.15668498578054
1779802680,34.05124265678891
1779802695,34.11190882711194
1779802710,33.99710086211205
1779802725,34.038930528553344
1779802740,34.027091943711476
1779802755,33.94885205188983
1779802770,33.927963526635494
1779802785,33.94958867494666
1779802800,33.94853635629404
1779802815,34.063028625698145
1779802830,34.048085700831066
1779802845,34.16941804147714
1779802860,34.14584610365865
1779802875,34.16078902852573
1779802890,34.0803392675336
1779802905,34.13721709070724
1779802920,34.095966199524874
1779802935,34.14774027723335
1779802950,34.11048819693091
1779802965,34.23955507967368
1779802980,34.19851465222183
1779802995,34.257654960498584
1779803010,34.2878038898959
1779803025,34.050821729327865
1779803040,33.922754549305075
1779803055,33.97968498841134
1779803070,34.00209937571196
1779803085,34.01883124228847
1779803100,33.94495847287517
1779803115,34.05103219305838
1779803130,34.018094619231654
1779803145,33.99825841262994
1779803160,33.95116715292558
1779803175,34.032037841378745
1779803190,34.17436393914441
1779803205,34.140742358193485
1779803220,34.1290616211495
1779803235,34.03761513023758
1779803250,34.05566239512987
1779803265,34.057819648367726
1779803280,34.160052405468896
1779803295,34.0488223238879
1779803310,34.21435204794364
1779803325,34.13316566389468
1779803340,34.403032782356824
1779803355,34.43886423247824
1779803370,34.494531889201376
1779803385,34.599079747338294
1779803400,34.15158124031537
1779803415,34.12190585431174
1779803430,34.117854427499196
1779803445,34.19719925390608
1779803460,34.1664189333172
1779803475,34.21503605506784
1779803490,34.19083272605777
1779803505,34.192095508440914
1779803520,34.209353534343734
1779803535,34.42828843001949
1779803550,34.17983599613799
1779803565,34.1912010375862
1779803580,34.05902981481822
1779803595,34.1848345097379
1779803610,34.19919865934604
1779803625,34.006098186591885
1779803640,34.40950454207038
1779803655,34.20956399807425
1779803670,34.32147808677946
1779803685,34.33521084519603
1779803700,34.20588088279012
1779803715,34.18388742295054
1779803730,34.230399907395956
1779803745,34.14016358293455
1779803760,34.241396637315745
1779803775,34.39687671823904
1779803790,34.34478694493479
1779803805,34.407136825102015
1779803820,34.15526435559953
1779803835,34.11290852983192
1779803850,34.119748601073894
1779803865,34.26223254663745
1779803880,34.442705195560265
1779803895,34.32426673120887
1779803910,34.25355091775341
1779803925,34.08791596183241
1779803940,34.12358956415592
1779803955,33.94011780707316
1779803970,34.06971084914223
1779803985,34.03640496378708
1779804000,34.004414476747705
1779804015,34.01351703309279
1779804030,34.11353992102348
1779804045,34.20588088279012
1779804060,34.23455656607377
1779804075,34.027091943711476
1779804090,34.112066674909826
1779804105,34.182098481241106
1779804120,34.1386903368209
1779804135,34.234240870478
1779804150,34.49395311394243
1779804165,34.75550691504895
1779804180,34.544359177402505
1779804195,34.408452223417775
1779804210,34.3756198814563
1779804225,34.662429330225486
1779804240,34.143478386690276
1779804255,34.04861186015737
1779804270,33.82499414647749
1779804285,33.86961245734821
1779804300,33.98189485758183
1779804315,33.98452565421335
1779804330,33.82141626305861
1779804345,33.84930270735281
1779804360,33.819048546090244
1779804375,33.752436775379955
1779804390,33.73559967693818
1779804405,33.77569301760266
1779804420,33.70929171062289
1779804435,33.605322627744904
1779804450,33.672460557781505
1779804465,33.64662613485989
1779804480,33.696663886791555
1779804495,33.59995580261659
1779804510,33.61042637321007
1779804525,33.68156311412659
1779804540,33.627526551315
1779804555,33.62221234211932
1779804570,33.76490675141339
1779804585,33.74496531294642
1779804600,33.770010496878555
1779804615,33.81168231552196
1779804630,33.63415615882646
1779804645,33.73417904675715
1779804660,33.83214991331525
1779804675,33.89023790293939
1779804690,33.8761368329944
1779804705,33.90612791459382
1779804720,33.73365288743084
1779804735,33.96737286017579
1779804750,34.02898611728617
1779804765,34.28301584002652
1779804780,34.577296751229234
1779804795,34.92098402317205
1779804810,35.179696563916515
1779804825,34.98754317794972
1779804840,34.96270845774809
1779804855,35.001486400096816
1779804870,34.89604407110517
1779804885,34.979756019920394
1779804900,34.72299026868326
1779804915,34.5503573937224
1779804930,34.50963266186634
1779804945,34.410767324453516
1779804960,34.282700144430734
1779804975,34.349048835477866
1779804990,34.35567844298932
1779805005,34.37372570788161
1779805020,34.31779497149532
1779805035,33.955481659401286
1779805050,34.043613346557464
1779805065,33.95043052986875
1779805080,33.91844004282937
1779805095,33.86519271900724
1779805110,33.907706392572734
1779805125,33.94553724813411
1779805140,34.003151694364576
1779805155,33.895709959932965
1779805170,34.05976643787505
1779805185,34.017410612107454
1779805200,34.07307826883058
1779805215,33.992838971568986
1779805230,33.7105018770734
1779805245,34.01677922091588
1779805260,34.17125959911921
1779805275,33.997363941775205
1779805290,34.03824652142915
1779805305,33.98941893594799
1779805320,34.049716794742615
1779805335,34.062292002641314
1779805350,34.02967012441037
1779805365,34.11164574744878
1779805380,34.09864961208904
1779805395,33.88260859270796
1779805410,33.97321322869779
1779805425,34.03524741326921
1779805440,34.003151694364576
1779805455,34.0391936082165
1779805470,33.978843133489256
1779805485,34.13300781609679
1779805500,34.09917577141535
1779805515,34.005992954726615
1779805530,33.99657470278575
1779805545,34.01020222933706
1779805560,33.95984878180962
1779805575,33.93233064904384
1779805590,34.29732737370203
1779805605,34.413135041421896
1779805620,34.55577683478334
1779805635,34.430393067324715
1779805650,34.37151583871112
1779805665,34.8279064383486
1779805680,34.66427088786755
1779805695,34.72704169549581
1779805710,34.32463504273729
1779805725,34.15047630573014
1779805740,34.14795074096387
1779805755,34.09728159784065
1779805770,34.22624324871815
1779805785,34.59229229202895
1779805800,34.659061910537126
1779805815,34.87547124144662
1779805830,34.29632767098205
1779805845,34.306693009710266
1779805860,34.33231696890135
1779805875,34.29153962111266
1779805890,34.31042874092704
1779805905,34.49658391057396
1779805920,34.387405850365546
1779805935,34.56803634708626
1779805950,34.77455388266121
1779805965,34.773343716210704
1779805980,34.60802445588549
1779805995,34.01283302596859
1779806010,34.230452523328594
1779806025,34.08054973126412
1779806040,34.19177981284513
1779806055,34.02798641456619
1779806070,33.951745928184515
1779806085,33.935171909405895
1779806100,33.93369866329223
1779806115,33.901339864724434
1779806130,33.81262940230931
1779806145,33.92259670150718
1779806160,33.80526317174104
1779806175,33.774693314882676
1779806190,33.85335413416537
1779806205,33.84693499038443
1779806220,33.8647717915462
1779806235,33.7769557999858
1779806250,33.76390704869342
1779806265,33.766432613459685
1779806280,34.107804784366756
1779806295,33.84719807004759
1779806310,33.90718023324643
1779806325,33.82078487186705
1779806340,33.834465014351004
1779806355,33.88755449037523
1779806370,33.90854824749482
1779806385,33.88623909205947
1779806400,33.85798433623685
1779806415,33.85345936603063
1779806430,33.75427833302203
1779806445,33.86345639323043
1779806460,34.004677556410854
1779806475,33.87050692820293
1779806490,33.90739069697695
1779806505,34.024829458608366
1779806520,34.04645460691952
1779806535,34.137111858841976
1779806550,34.11417131221505
1779806565,34.18551851686209
1779806580,34.13690139511145
1779806595,34.13074533099368
1779806610,34.146845806378636
1779806625,34.43270816836046
1779806640,34.43965347146769
1779806655,34.30264158289772
1779806670,34.31032350906178
1779806685,34.226401096516035
1779806700,34.28648849158014
1779806715,34.19183242877776
1779806730,34.02656578438516
1779806745,34.03419509461661
1779806760,34.02104111145896
1779806775,34.03256400070506
1779806790,34.00625603438977
1779806805,34.001362752655126
1779806820,34.01093885239389
1779806835,33.98078992299658
1779806850,33.96884610628944
1779806865,33.91512523907364
1779806880,33.93590853246271
1779806895,33.969319649683115
1779806910,33.907127617313805
1779806925,33.90539129153699
1779806940,34.07691923191262
1779806955,34.024355915214684
1779806970,34.037457282439696
1779806985,33.911442123789506
1779807000,33.951377616656096
1779807015,33.942853835569956
1779807030,34.04534967233428
1779807045,34.42986690799841
1779807060,34.31384877654803
1779807075,34.141268517519784
1779807090,34.18593944432313
1779807105,34.15037107386488
1779807120,34.0980708368301
1779807135,34.19251643590195
1779807150,34.07281518916743
1779807165,34.20467071633961
1779807180,34.19519984846612
1779807195,34.20056667359444
1779807210,34.123484332290666
1779807225,34.08623225198822
1779807240,34.40597927458414
1779807255,34.327423687166714
1779807270,34.11611810172238
1779807285,34.29874800388305
1779807300,34.24002862306735
1779807315,34.57140376677462
1779807330,34.074077971550565
1779807345,34.04782262116791
1779807360,34.076708768182094
1779807375,34.113382073225594
1779807390,34.09149384525128
1779807405,34.018462930760066
1779807420,34.061029220258185
1779807435,34.12053784006335
1779807450,33.98136869825552
1779807465,34.00594033879399
1779807480,34.114118696282425
1779807495,34.128745925553716
1779807510,34.28564663665805
1779807525,34.31421708807644
1779807540,34.26759937176577
1779807555,34.29169746891056
1779807570,34.42234282963225
1779807585,34.46580358998508
1779807600,34.48774443389203
1779807615,34.82211868575924
1779807630,34.828064286146486
1779807645,34.942714403348475
1779807660,34.96896975373113
1779807675,34.9945937129222
1779807690,34.936137411769664
1779807705,34.907461728486
1779807720,34.88078545064231
1779807735,34.97791446227833
1779807750,35.04068526990658
1779807765,35.05283955034424
1779807780,35.090407326242456
1779807795,35.10855982300001
1779807810,34.75187641569744
1779807825,34.12390525975171
1779807840,34.156053594588975
1779807855,34.202408231236504
1779807870,34.16284104989832
1779807885,34.100438553798476
1779807900,34.171101751321316
1779807915,34.18625513991892
1779807930,34.03330062376189
1779807945,34.04319241909642
1779807960,33.99931073128254
1779807975,33.89449979348247
1779807990,34.19598908745557
1779808005,33.967688555771566
1779808020,33.877452231310166
1779808035,33.92459610694715
1779808050,33.90323403829913
1779808065,33.90633837832434
1779808080,33.932120185313316
1779808095,33.97147690292097
1779808110,33.91528308687154
1779808125,34.09249354797126
1779808140,34.14768766130072
1779808155,34.14410977788184
1779808170,34.04929586728157
1779808185,33.88650217172262
1779808200,34.010096997471805
1779808215,34.02425068334942
1779808230,34.05676732971511
1779808245,34.088705200821856
1779808260,34.11885413021917
1779808275,34.01793677143375
1779808290,34.01756845990535
1779808305,34.070394856266425
1779808320,34.045033976738495
1779808335,33.984473038280726
1779808350,33.99357559462581
1779808365,34.035089565471324
1779808380,33.97594925719457
1779808395,34.028039030498825
1779808410,34.07818201429574
1779808425,33.935014061607994
1779808440,33.86587672613144
1779808455,33.86366685696096
1779808470,33.920071136740916
1779808485,33.913020601768416
1779808500,33.956428746188635
1779808515,33.99636423905523
1779808530,33.9685830266263
1779808545,33.80678903378732
1779808560,33.974107699552505
1779808575,34.083338375693536
1779808590,34.08949443981132
1779808605,33.94806281290037
1779808620,33.96821471509788
1779808635,33.947378805776175
1779808650,33.95195639191504
1779808665,34.02603962505887
1779808680,34.04019331093649
1779808695,34.02898611728617
1779808710,33.96921441781786
1779808725,33.99689039838153
1779808740,34.027302407441994
1779808755,34.05482054020778
1779808770,33.972687069371474
1779808785,33.981105618592366
1779808800,33.992681123771085
1779808815,34.138058945629325
1779808830,34.1392164961472
1779808845,34.141426365317685
1779808860,34.120432608198094
1779808875,34.21619360558571
1779808890,34.183729575152654
1779808905,34.18588682839051
1779808920,34.276386232515065
1779808935,34.359308942340824
1779808950,34.27191387824146
1779808965,34.28775127396327
1779808980,34.2309786826549
1779808995,34.23808183356002
1779809010,34.22440169107608
1779809025,34.29527535232943
1779809040,34.04534967233428
1779809055,34.02388237182101
1779809070,34.02425068334942
1779809085,34.145425176197605
1779809100,34.10396382128472
1779809115,34.10301673449737
1779809130,34.04582321572796
1779809145,34.107015545377294
1779809160,34.04682291844794
1779809175,34.01351703309279
1779809190,34.0259343931936
1779809205,34.0026781509709
1779809220,33.94395877015519
1779809235,33.93427743855116
1779809250,33.93217280124594
1779809265,33.95848076756123
1779809280,33.98363118335863
1779809295,33.967162396445275
1779809310,33.876347296724916
1779809325,33.926385048656584
1779809340,33.89113237379411
1779809355,33.853775061626415
1779809370,33.92649028052185
1779809385,33.97058243206625
1779809400,33.93527714127115
1779809415,33.94427446575098
1779809430,33.932751576504884
1779809445,34.00515109980453
1779809460,33.93548760500167
1779809475,34.01919955381689
1779809490,33.95658659398653
1779809505,33.94553724813411
1779809520,33.98394687895442
1779809535,34.09428248968071
1779809550,34.12564158552851
1779809565,34.146845806378636
1779809580,34.12553635366326
1779809595,34.16320936142674
1779809610,34.06581727012756
1779809625,34.06039782906662
1779809640,34.09191477271233
1779809655,34.08996798320499
1779809670,34.02830211016198
1779809685,34.092388316106
1779809700,34.08617963605559
1779809715,34.24686869430933
1779809730,34.08239128890619
1779809745,34.08702149097769
1779809760,34.09896530768483
1779809775,33.938171017565836
1779809790,33.99215496444479
1779809805,33.97405508361987
1779809820,33.95195639191504
1779809835,33.929068461220744
1779809850,33.889659127680446
1779809865,33.86645550139038
1779809880,33.94227506031101
1779809895,33.82220550204808
1779809910,33.85577446706637
1779809925,33.85046025787069
1779809940,33.842673099841356
1779809955,33.89786721317082
1779809970,33.77516685827635
1779809985,33.80720996124836
1779810000,33.66651495739424
1779810015,33.789636239749754
1779810030,33.7964236950591
1779810045,34.07470936274213
1779810060,33.90444420474964
1779810075,33.802158831715836
1779810090,33.74970074688316
1779810105,33.81889069829235
1779810120,33.871401399057646
1779810135,33.82625692886063
1779810150,33.82425752342066
1779810165,33.82520461020802
1779810180,33.845040816809735
1779810195,33.78526911734142
1779810210,33.90423374101912
1779810225,33.86761305190825
1779810240,33.96295312183483
1779810255,33.90012969827394
1779810270,33.92959462054704
1779810285,33.98189485758183
1779810300,33.915335702804164
1779810315,33.92670074425237
1779810330,33.96116418012538
1779810345,33.87750484724279
1779810360,33.82220550204808
1779810375,33.85735294504529
1779810390,34.20335531802385
1779810405,33.96710978051264
1779810420,34.04824354862897
1779810435,34.05492577207304
1779810450,34.23881845661685
1779810465,34.089757519474475
1779810480,34.292697171630536
1779810495,34.17762612696751
1779810510,34.11154051558353
1779810525,33.981684393851296
1779810540,34.473432900216515
1779810555,34.344418633406384
1779810570,34.04250841197223
1779810585,34.690368390452306
1779810600,34.77018676025288
1779810615,33.557073817522685
1779810630,34.19588385559032
1779810645,34.273387124355125
1779810660,34.078760789554686
1779810675,34.291118693651626
1779810690,34.143741466353426
1779810705,34.160052405468896
1779810720,34.1612625719194
1779810735,34.410714708520885
1779810750,34.418817562145996
1779810765,34.47948373246903
1779810780,34.683423087345076
1779810795,34.68010828358935
1779810810,34.57966446819761
1779810825,34.531994433234324
1779810840,34.50295043842226
1779810855,34.539044968206824
1779810870,34.54293854722148
1779810885,34.690105310789164
1779810900,34.441442413177136
1779810915,34.398349964352704
1779810930,34.59292368322051
1779810945,34.48827059321833
1779810960,34.40787344815883
1779810975,34.32268825322996
1779810990,34.135691228660946
1779811005,34.36888504207959
1779811020,34.06297600976552
1779811035,34.21224741063842
1779811050,34.16457737567513
1779811065,34.37877683741414
1779811080,34.18067785106008
1779811095,34.15584313085846
1779811110,34.05150573645206
1779811125,34.18693914704312
1779811140,34.095440040198575
1779811155,34.164103832281455
1779811170,34.299747706603036
1779811185,34.922720348948864
1779811200,34.59123997337634
1779811215,34.32768676682987
1779811230,34.614811911194835
1779811245,34.59660679850466
1779811260,34.73593378811037
1779811275,34.62986006792717
1779811290,34.851425760234456
1779811305,34.54946292286767
1779811320,34.618758106142124
1779811335,34.28622541191698
1779811350,34.170996519456054
1779811365,34.187307458571524
1779811380,34.12579943332641
1779811395,34.2738606677488
1779811410,34.31116536398386
1779811425,34.088073809630295
1779811440,34.11901197801706
1779811455,33.98605151625964
1779811470,34.01914693788426
1779811485,34.01493766327381
1779811500,33.99257589190583
1779811515,33.91844004282937
1779811530,33.910179341406376
1779811545,33.88623909205947
1779811560,33.88702833104893
1779811575,33.84851346836335
1779811590,33.82225811798071
1779811605,33.80063296966954
1779811620,33.96616269372529
1779811635,33.95979616587699
1779811650,33.997363941775205
1779811665,34.008623751358144
1779811680,33.9202289845388
1779811695,33.93822363349845
1779811710,34.02130419112211
1779811725,33.95416626108552
1779811740,33.885028925608964
1779811755,34.35652029791141
1779811770,33.973371076495674
1779811785,34.12711483164217
1779811800,33.97984283620923
1779811815,34.122747709233835
1779811830,34.163156745494106
1779811845,34.280332427462355
1779811860,34.40482172406626
1779811875,34.57135115084199
1779811890,34.34389247408007
1779811905,34.440705790120305
1779811920,34.588819640475336
1779811935,34.5698252887957
1779811950,34.64101464564485
1779811965,34.694419817264865
1779811980,34.55062047338554
1779811995,34.43939039180455
1779812010,34.50116149671282
1779812025,34.446651390507554
1779812040,34.63896262427225
1779812055,34.468118691020834
1779812070,34.44123194944662
1779812085,34.49274294749193
1779812100,34.35189009583992
1779812115,34.53025810745752
1779812130,34.62412493127044
1779812145,34.929665652056094
1779812160,34.76297837748249
1779812175,34.74119538137344
1779812190,34.777447758955894
1779812205,34.442863043358166
1779812220,34.46217309063358
1779812235,34.3212150071163
1779812250,34.350837777187316
1779812265,34.387511082230816
1779812280,34.35567844298932
1779812295,34.371147527182714
1779812310,34.25928605441013
1779812325,34.425657633387964
1779812340,34.274544674873
1779812355,34.41734431603234
1779812370,34.32589782512042
1779812385,34.320373152194215
1779812400,34.253866613349196
1779812415,33.62921026115918
1779812430,34.41381904854609
1779812445,34.30322035815665
1779812460,34.27570222539087
1779812475,34.42844627781738
1779812490,34.44822986848648
1779812505,34.25760234456596
1779812520,34.28701465090644
1779812535,34.30400959714611
1779812550,34.09354586662388
1779812565,34.01199117104651
1779812580,33.916440637389414
1779812595,33.91891358622304
1779812610,33.83683273131937
1779812625,33.747753957375835
1779812640,33.87587375333124
1779812655,33.73707292305183
1779812670,33.70734492111557
1779812685,33.85456430061588
1779812700,34.05029557000155
1779812715,34.33331667162134
1779812730,34.0563990181867
1779812745,34.00415139708455
1779812760,33.909179638686396
1779812775,33.87729438351227
1779812790,33.99468052921105
1779812805,34.26170638731114
1779812820,34.3971397979022
1779812835,34.32942309260667
1779812850,34.56798373115363
1779812865,34.623335692280975
1779812880,34.51747243582829
1779812895,34.51952445720089
1779812910,34.42376345981326
1779812925,34.29117130958426
1779812940,34.5369403309016
1779812955,34.51389455240942
1779812970,34.26365317681848
1779812985,34.184413582276854
1779813000,34.04740169370687
1779813015,34.518735218211425
1779813030,34.500740569251775
1779813045,34.46485650319774
1779813060,34.58971411133005
1779813075,34.54088652584889
1779813090,34.324687658669916
1779813105,34.25039396179557
1779813120,34.40429556473996
1779813135,34.42597332898375
1779813150,34.65885144680661
1779813165,34.70141773630473
1779813180,34.60097392091299
1779813195,34.6192316495358
1779813210,34.39819211655482
1779813225,34.461804779105165
1779813240,34.38393319881193
1779813255,34.21303664962787
1779813270,34.180362155464294
1779813285,34.20556518719433
1779813300,34.21435204794364
1779813315,34.1485295162228
1779813330,34.07149979085167
1779813345,34.127167447574806
1779813360,34.193673986419824
1779813375,34.18546590092946
1779813390,33.835727796734126
1779813405,33.710659724871284
1779813420,33.67019807267839
1779813435,33.76948433755226
1779813450,33.767748011775446
1779813465,33.742808059708565
1779813480,33.745438856340094
1779813495,33.77779765490788
1779813510,33.74333421903487
1779813525,33.71123850013022
1779813540,33.741440045460166
1779813555,33.708660319431324
1779813570,33.698715908164154
1779813585,33.789057464490824
1779813600,33.854616916548494
1779813615,34.02246174163999
1779813630,34.226769408044454
1779813645,34.38345965541826
1779813660,34.71230923435925
1779813675,34.46690852457033
1779813690,34.266389205315264
1779813705,34.235082725400076
1779813720,34.297485221499926
1779813735,34.309113342611276
1779813750,34.31832113082163
1779813765,34.302746814762976
1779813780,34.314743247402745
1779813795,34.18115139445376
1779813810,34.24350127462097
1779813825,34.123326484492765
1779813840,34.177468279169624
1779813855,34.192042892508276
1779813870,34.2239281476824
1779813885,33.97095074359466
1779813900,33.98315763996496
1779813915,33.99862672415834
1779813930,33.98526227727018
1779813945,33.996153775324714
1779813960,33.95569212313181
1779813975,34.00815020796447
1779813990,34.01320133749701
1779814005,33.89434194568457
1779814020,33.9293315408839
1779814035,33.875715905533355
1779814050,33.92922630901863
1779814065,33.91765080383992
1779814080,33.93317250396593
1779814095,33.932804192437516
1779814110,33.971161207325196
1779814125,33.99089218206165
1779814140,34.44859818001489
1779814155,33.83862167302881
1779814170,33.941064893860506
1779814185,34.002046759779326
1779814200,33.952429935308714
1779814215,33.96732024424316
1779814230,34.163735520753036
1779814245,34.16231489057201
1779814260,34.201198064786
1779814275,34.13484937373886
1779814290,34.223980763615025
1779814305,34.080286651600964
1779814320,34.0985969961564
1779814335,34.298432308287275
1779814350,34.38587998831927
1779814365,34.40034936979267
1779814380,34.38330180762037
1779814395,34.40224354336737
1779814410,34.59166090083738
1779814425,34.49816238855288
1779814440,34.068816378287515
1779814455,34.075393369866326
1779814470,34.08612702012296
1779814485,34.08838950522608
1779814500,34.12722006350744
1779814515,34.159368398344704
1779814530,34.24897333161455
1779814545,34.17825751815907
1779814560,34.156053594588975
1779814575,34.18146709004953
1779814590,34.26686274870894
1779814605,34.16889188215083
1779814620,34.151318160652224
1779814635,34.122747709233835
1779814650,34.05403130121832
1779814665,34.07023700846853
1779814680,33.997732253303624
1779814695,34.03482648580817
1779814710,33.99710086211205
1779814725,33.93027862767124
1779814740,33.888028033768904
1779814755,33.954797652277094
1779814770,33.91791388350306
1779814785,33.90297095863598
1779814800,34.21187909911
1779814815,34.48932291187094
1779814830,34.42918290087421
1779814845,34.5040553730075
1779814860,34.52915317287227
1779814875,34.65385293320671
1779814890,34.65585233864667
1779814905,34.694419817264865
1779814920,34.68415971040191
1779814935,34.691368093172294
1779814950,34.742931707150234
1779814965,34.683738782940864
1779814980,34.70194389563104
1779814995,34.57834906988185
1779815010,34.66605982957699
1779815025,34.65722035289506
1779815040,34.26807291515944
1779815055,34.13064009912842
1779815070,34.13085056285894
1779815085,34.13548076493043
1779815100,34.157105913241594
1779815115,34.12069568786124
1779815130,34.12579943332641
1779815145,34.112434986438245
1779815160,34.06487018334021
1779815175,34.06134491585397
1779815190,33.920281600471434
1779815205,33.88008302794169
1779815220,33.94232767624364
1779815235,34.012359482574915
1779815250,33.97500217040722
1779815265,34.068448066759096
1779815280,34.05718825717615
1779815295,34.00567725913084
1779815310,33.914756927545234
1779815325,33.99652208685312
1779815340,34.01488504734118
1779815355,34.05287375070045
1779815370,34.12390525975171
1779815385,34.1044373646784
1779815400,34.114066080349794
1779815415,33.9684251788284
1779815430,34.07434105121372
1779815445,34.15463296440795
1779815460,34.179099373081165
1779815475,34.28927713600955
1779815490,34.243764354284124
1779815505,34.305482843259774
1779815520,34.18388742295054
1779815535,34.199777434604975
1779815550,34.27054586399307
1779815565,34.328055078358275
1779815580,34.28690941904118
1779815595,34.27517606606456
1779815610,34.259391286275395
1779815625,34.203671013619626
1779815640,34.21961364120669
1779815655,34.10717339317518
1779815670,34.20214515157335
1779815685,34.2208238076572
1779815700,34.20730151297114
1779815715,34.13221857710733
1779815730,34.17694211984331
1779815745,34.13427059847992
1779815760,34.28790912176116
1779815775,34.12558896959589
1779815790,34.06123968398871
1779815805,34.1314819540505
1779815820,34.1252732740001
1779815835,34.08717933877558
1779815850,34.156158826454245
1779815865,34.15168647218064
1779815880,34.09386156221965
1779815895,34.01199117104651
1779815910,34.06023998126872
1779815925,34.06197630704554
1779815940,34.103121966362636
1779815955,34.02372452402312
1779815970,34.04466566521008
1779815985,34.0860217882577
1779816000,34.158473927489986
1779816015,34.13427059847992
1779816030,34.252972142494464
1779816045,34.266283973449994
1779816060,34.24944687500822
1779816075,34.32026792032895
1779816090,34.23560888472639
1779816105,34.28990852720112
1779816120,34.314690631470114
1779816135,34.37919776487518
1779816150,34.43649651550986
1779816165,34.428077966288974
1779816180,34.42486839439851
1779816195,34.32768676682987
1779816210,34.43960085553507
1779816225,34.53494092546164
1779816240,34.40813652782199
1779816255,34.449124339341196
1779816270,34.48290376809001
1779816285,34.36220281863551
1779816300,34.43681221110565
1779816315,34.372778621094255
1779816330,34.43939039180455
1779816345,34.4394956236698
1779816360,34.372410309565836
1779816375,34.23161007384646
1779816390,34.19062226232725
1779816405,34.05787226430035
1779816420,34.175731953392805
1779816435,34.32258302136469
1779816450,34.28154259391286
1779816465,34.271019407386746
1779816480,34.19577862372505
1779816495,34.179625532407464
1779816510,34.12064307192861
1779816525,34.188991168415704
1779816540,34.123694796021184
1779816555,34.13427059847992
1779816570,34.167681715700326
1779816585,34.16962850520766
1779816600,34.12995609200422
1779816615,34.30427267680927
1779816630,34.234240870478
1779816645,34.215509598461516
1779816660,34.34831221242104
1779816675,34.25949651814065
1779816690,34.329475708539306
1779816705,34.209721845872146
1779816720,34.221770894444546
1779816735,34.297485221499926
1779816750,34.1511076969217
1779816765,34.11674949291395
1779816780,34.00346738996035
1779816795,34.12195847024437
1779816810,34.14942398707753
1779816825,34.03393201495345
1779816840,34.0992810032806
1779816855,34.10401643721735
1779816870,34.09249354797126
1779816885,34.14053189446297
1779816900,34.13284996829889
1779816915,34.31926821760898
1779816930,34.27486037046879
1779816945,34.30953427007232
1779816960,34.29422303367683
1779816975,34.35173224804203
1779816990,34.243659122418855
1779817005,34.24444836140832
1779817020,34.25049919366083
1779817035,34.24792101296193
1779817050,36.439900766351066
1779817065,43.723892631927875
1779817080,43.31706624082838
1779817095,42.89577046825549
1779817110,42.0140852851652
1779817125,42.0318168544617
1779817140,41.98304188491318
1779817155,42.03297440497957
1779817170,42.03444765109323
1779817185,42.04702285899194
1779817200,42.093219647841565
1779817215,42.115160491748505
1779817230,42.14772975404683
1779817245,42.089589148490056
1779817260,42.034184571430075
1779817275,42.00866584410426
1779817290,42.01329604617574
1779817305,41.97209777092601
1779817320,41.938897117436134
1779817335,41.84061055528224
1779817350,41.918850447103885
1779817365,41.908958651769346
1779817380,41.85329099504621
1779817395,41.836874824065475
1779817410,41.809830234693365
1779817425,41.737535943258976
1779817440,41.757582613591225
1779817455,41.79299313625159
1779817470,41.727801995722324
1779817485,41.73101156761278
1779817500,41.86476126835967
1779817515,41.81640722627219
1779817530,41.92663760513321
1779817545,41.91364146977347
1779817560,41.91211560772717
1779817575,42.10179604486034
1779817590,42.02897559409965
1779817605,42.02434539202816
1779817620,41.96557339527982
1779817635,42.01071786547684
1779817650,42.01903118283248
1779817665,41.93910758116666
1779817680,42.000299910816
1779817695,42.05733558178753
1779817710,42.00692951832744
1779817725,41.98814563037834
1779817740,41.98667238426468
1779817755,42.043865903034096
1779817770,41.9180085921818
1779817785,41.93389860383623
1779817800,41.98835609410886
1779817815,42.03428980329533
1779817830,42.118580527369495
1779817845,42.08401185963121
1779817860,42.047128090857186
1779817875,41.9636266057725
1779817890,42.12278980197994
1779817905,42.0772770202545
1779817920,42.08979961222058
1779817935,41.98988195615514
1779817950,42.09395627089839
1779817965,41.87870449050677
1779817980,41.89922470423269
1779817995,41.80930407536706
1779818010,41.89543635708329
1779818025,41.8116191764028
1779818040,41.82109004427631
1779818055,41.82577286228043
1779818070,41.84602999634319
1779818085,41.84050532341699
1779818100,41.69981031956287
1779818115,41.88664949633398
1779818130,41.868865311104855
1779818145,41.87002286162272
1779818160,41.863445870043904
1779818175,41.864235109033366
1779818190,41.829824289092976
1779818205,41.80067506241565
1779818220,41.80451602549768
1779818235,41.85907874763557
1779818250,41.81667030593535
1779818265,41.97572827027752
1779818280,41.9818843343953
1779818295,41.96273213491778
1779818310,41.97230823465654
1779818325,41.96541554748193
1779818340,41.94473748595813
1779818355,41.98867178970465
1779818370,41.90795894904936
1779818385,41.942211921191856
1779818400,41.95389265823584
1779818415,42.087221431521684
1779818430,42.18277196517878
1779818445,42.151255021533075
1779818460,42.17708944445467
1779818475,42.13594378513758
1779818490,42.14725621065315
1779818505,42.22060282074015
1779818520,42.15272826764672
1779818535,42.239544556487154
1779818550,42.20045091854264
1779818565,42.10910965949599
1779818580,42.155937839537195
1779818595,42.21150026439506
1779818610,42.16377761349914
1779818625,42.17240662645055
1779818640,42.05901929163169
1779818655,42.43201363804974
1779818670,42.31494318794674
1779818685,42.255171488478425
1779818700,42.1487294567668
1779818715,42.10574223980763
1779818730,42.12710430845564
1779818745,42.12247410638415
1779818760,42.02366138490397
1779818775,42.07864503450289
1779818790,41.90848510837567
1779818805,41.86034153001871
1779818820,41.82472054362781
1779818835,41.87475829555948
1779818850,41.933161980779396
1779818865,41.85934182729872
1779818880,41.7928352884537
1779818895,41.89901424050216
1779818910,41.849555263829444
1779818925,41.743271079915715
1779818940,41.880914359677256
1779818955,41.91879783117126
1779818970,42.37587243793293
1779818985,42.372189322648794
1779819000,42.516935753315465
1779819015,42.31210192758469
1779819030,41.97230823465654
1779819045,41.88080912781199
1779819060,41.93121519127207
1779819075,42.309786826548944
1779819090,42.10832042050653
1779819105,42.32009954934453
1779819120,42.24175442565763
1779819135,42.40607398326287
1779819150,42.587809414568824
1779819165,42.186244616732395
1779819180,42.12005377348314
1779819195,42.06948986222518
1779819210,42.09585044447309
1779819225,42.03413195549744
1779819240,41.9805163201469
1779819255,42.02345092117344
1779819270,42.01329604617574
1779819285,41.77257815439093
1779819300,41.64003862009456
1779819315,41.579161986040994
1779819330,41.72880169844231
1779819345,41.7497954555619
1779819360,41.72564474248447
1779819375,41.76168665633641
1779819390,41.78878386164114
1779819405,41.72527643095606
1779819420,41.69854753717973
1779819435,41.644510974368146
1779819450,41.72506596722554
1779819465,41.75337333898078
1779819480,41.766159010610004
1779819495,41.75337333898078
1779819510,41.77431448016774
1779819525,41.77715574052979
1779819540,41.76363344584374
1779819555,41.74163998600417
1779819570,41.71633172240886
1779819585,41.816722921867964
1779819600,41.960417033882024
1779819615,42.26611560246558
1779819630,42.119211918561064
1779819645,41.94947291989487
1779819660,41.97257131431969
1779819675,41.980095392685854
1779819690,41.968256807843986
1779819705,41.98830347817623
1779819720,42.005929815607466
1779819735,42.011191408870516
1779819750,42.0237140008366
1779819765,41.98030585641638
1779819780,41.897804074051656
1779819795,41.9484732171749
1779819810,41.955523752147386
1779819825,42.053599850570755
1779819840,41.99977375148969
1779819855,42.13578593733969
1779819870,42.05628326313491
1779819885,42.0369732158595
1779819900,41.94010728388663
1779819915,42.01082309734211
1779819930,41.969887901755534
1779819945,41.933793371970964
1779819960,41.966888793595594
1779819975,41.94163314593292
1779819990,41.89864592897376
1779820005,41.961521968467274
1779820020,41.99535401314872
1779820035,42.140258291613286
1779820050,42.130471728144
1779820065,42.122158410788366
1779820080,42.19013819574705
1779820095,42.12552583047673
1779820110,42.230810311670474
1779820125,42.41770210437422
1779820140,42.07406744836404
1779820155,42.43069823973398
1779820170,42.19140097813019
1779820185,41.96299521458092
1779820200,41.997984809780256
1779820215,42.057125118057
1779820230,42.04833825730769
1779820245,42.04360282337094
1779820260,42.08885252543323
1779820275,42.088536829837444
1779820290,42.107478565584444
1779820305,42.19592594833642
1779820320,41.87770478778678
1779820335,42.15036055067836
1779820350,42.084643250822786
1779820365,42.222917921775895
1779820380,42.422121842715185
1779820395,42.337831118641034
1779820410,42.18450829095558
1779820425,42.12200056299048
1779820440,42.16330407010547
1779820455,42.1273673881188
1779820470,42.090115307816355
1779820485,42.10437422555924
1779820500,42.078592418570274
1779820515,42.29473866981661
1779820530,42.42117475592784
1779820545,42.253435162701614
1779820560,42.372820713840355
1779820575,42.26737838484872
1779820590,42.387921486505334
1779820605,42.39002612381056
1779820620,41.85144943740414
1779820635,41.871548723669015
1779820650,42.34377671902829
1779820665,42.08374877996807
1779820680,42.02760757985126
1779820695,41.90622262327255
1779820710,42.01261203905155
1779820725,41.99908974436549
1779820740,41.909853122624064
1779820755,41.94684212326335
1779820770,41.964573692559846
1779820785,41.99140781820143
1779820800,41.98940841276146
1779820815,41.896593907601165
1779820830,41.65392922630902
1779820845,41.787152767729594
1779820860,41.720856692615094
1779820875,41.76910550283731
1779820890,41.77205199506463
1779820905,41.82840365891195
1779820920,41.851765132999915
1779820920,41.851765132999915
1779820935,42.10563700794238
1779820950,42.02571340627655
1779820965,42.07559331041033
1779820980,42.03807815044473
1779820995,42.02434539202816
1779821010,41.86539265955124
1779821025,42.01392743736731
1779821040,41.958207164711546
1779821055,41.88906982923499
1779821070,41.95457666536003
1779821085,41.9026973557863
1779821100,41.89975086355899
1779821115,41.83071875994771
1779821130,41.81393427743855
1779821145,41.871390875871114
1779821160,41.89264771265386
1779821175,41.91264176705348
1779821190,41.95499759282109
1779821205,41.93205704619416
1779821220,41.89859331304112
1779821235,41.93916019709928
1779821250,41.811198248941764
1779821265,41.83324432471397
1779821280,41.921533859668045
1779821295,41.93989682015611
1779821310,41.91485163622396
1779821325,42.04465514202356
1779821340,41.95789146911576
1779821355,41.93405645163411
1779821370,41.88049343221621
1779821385,41.96999313362079
1779821400,41.558957467910865
1779821415,41.807567749590255
1779821430,41.933214596712034
1779821445,41.97488641535544
1779821460,42.00466703322433
1779821475,42.01697916145988
1779821490,41.93805526251404
1779821505,41.762844206854275
1779821520,42.0710683402041
1779821535,41.686866800135746
1779821550,42.36961114194989
1779821565,42.54634805965595
1779821580,42.2467003233249
1779821595,41.904801993091525
1779821610,41.807199438061836
1779821625,41.75163701320397
1779821640,41.96388968543565
1779821655,41.98130555913636
1779821670,41.95789146911576
1779821685,41.9090638836346
1779821700,41.93931804489718
1779821715,41.83745359932441
1779821730,42.00056299047915
1779821745,41.99372291923717
1779821760,41.97962184929218
1779821775,41.914588556560815
1779821790,41.881230055273036
1779821805,41.94947291989487
1779821820,41.84303088818325
1779821835,41.861183384940794
1779821850,41.885597177681376
1779821865,41.959627794892576
1779821880,41.89896162456953
1779821895,41.691865313735654
1779821910,42.120211621281044
1779821925,42.02339830524081
1779821940,41.99240752092142
1779821955,41.92479604749114
1779821970,41.96404753323354
1779821985,42.06270240691584
1779822000,42.122211026721004
1779822015,42.955963095184856
1779822030,43.25713669356218
1779822045,43.3382704616785
1779822060,43.37436499146307
1779822075,43.38204691762713
1779822090,43.477597451284225
1779822105,43.42287688134844
1779822120,43.37399667993465
1779822135,43.358843291337045
1779822150,43.363894420869585
1779822165,43.41672081723067
1779822180,43.38099459897452
1779822195,43.263240141747325
1779822210,41.866234514473334
1779822225,41.827561803989866
1779822240,41.83477018676025
1779822255,41.861236000873426
1779822270,41.84787155398526
1779822285,41.78867862977588
1779822300,42.009823394622124
1779822315,42.005771967809565
1779822330,41.891227082472845
1779822345,41.84113671460855
1779822360,41.85334361097885
1779822375,41.87191703519743
1779822390,41.8921741692602
1779822405,41.75268933185657
1779822420,41.780260080554996
1779822435,41.77726097239505
1779822450,41.86870746330696
1779822465,41.827877499585654
1779822480,41.856553182869305
1779822495,41.8086726841755
1779822510,41.78262779752336
1779822525,41.84908172043576
1779822540,41.847187546861065
1779822555,41.91842951964284
1779822570,41.917429816922855
1779822585,41.89801453778219
1779822600,41.980937247607955
1779822615,42.016189922470424
1779822630,42.01850502350617
1779822645,42.051916140726576
1779822660,42.153412274770915
1779822675,42.22949491335471
1779822690,42.04197172945939
1779822705,42.16172559212655
1779822720,42.07943427349235
1779822735,42.123894736565184
1779822750,42.12563106234198
1779822765,42.26085400920253
1779822780,42.20455496128783
1779822795,42.246174163998596
1779822810,41.85365930657462
1779822825,41.82130050800683
1779822840,41.83229723792662
1779822855,41.79309836811685
1779822870,41.93600324114145
1779822885,42.13694348785756
1779822900,42.142626008581665
1779822915,42.12647291726408
1779822930,42.00977077868949
1779822945,42.01108617700526
1779822960,41.947105202926494
1779822975,42.098533857037246
1779822990,42.03728891145527
1779823005,41.99614325213818
1779823020,42.07759271585029
1779823035,42.069858173753595
1779823050,41.9319518143289
1779823065,41.95405050603374
1779823080,41.942580232720275
1779823095,41.87517922302052
1779823110,41.874179520300544
1779823125,41.81703861746375
1779823140,41.92174432339857
1779823155,42.094271966494176
1779823170,41.956523454867366
1779823185,41.86302494258286
1779823200,41.88370300410668
1779823215,41.93474045875831
1779823230,42.17893100209674
1779823245,42.03444765109323
1779823260,42.01077048140947
1779823275,42.00998124242001
1779823290,42.046601931530894
1779823305,42.04449729422567
1779823320,42.01313819837785
1779823335,41.96604693867349
1779823350,42.071541883597774
1779823365,42.025292478815516
1779823380,42.087116199656414
1779823395,42.03728891145527
1779823410,42.00061560641177
1779823425,41.972150386858644
1779823440,42.003614714571725
1779823455,42.086169112869065
1779823470,42.13331298850604
1779823485,42.12878801829982
1779823500,42.10779426118023
1779823515,42.849573679405864
1779823530,49.654550094314054
1779823545,49.89511013830098
1779823560,49.120287914383354
1779823575,49.065041185121274
1779823590,49.107975786147804
1779823605,49.00584826091189
1779823620,49.38715592468556
1779823635,49.52811400820283
1779823650,49.471341416894454
1779823665,49.47460360471755
1779823680,49.30912649659444
1779823695,49.767937429132914
1779823710,49.90442315837659
1779823725,49.808714776921605
1779823740,49.85812113766169
1779823755,49.932046523007635
1779823770,49.99118683128438
1779823785,49.669019475787465
1779823800,49.26035152704591
1779823815,42.81553117099389
1779823830,42.845943180054356
1779823845,42.80937510687611
1779823860,42.85862361981832
1779823875,42.86604246631922
1779823890,42.90466256087006
1779823905,42.90392593781323
1779823920,42.98763788662845
1779823935,43.03009894426131
1779823950,43.00089710165135
1779823965,43.021627779107796
1779823980,43.05035607832408
1779823995,43.017892047891024
1779824010,43.05698568583553
1779824025,42.988637589348436
1779824040,43.26413461260204
1779824055,43.07908437754037
1779824070,43.14238134449493
1779824085,43.163480333479775
1779824100,42.97864056214863
1779824115,43.04004335552849
1779824130,43.23661647983626
1779824145,42.917448232499275
1779824160,42.872303762302266
1779824175,42.97737777976549
1779824190,43.1695311657323
1779824205,42.97632546111287
1779824220,42.75370745015298
1779824235,42.80300857902781
1779824250,42.83678800777664
1779824265,42.5357722571972
1779824280,43.08802908608755
1779824295,42.75707486984134
1779824310,42.60175263671593
1779824325,42.67267891390192
1779824340,42.63490067427318
1779824355,42.65179038864758
1779824370,42.54366464709178
1779824385,42.5781280829648
1779824400,42.61680079344826
1779824415,42.656525822584335
1779824430,42.68714829537532
1779824445,42.74455227787526
1779824460,42.6907261787942
1779824475,42.71371934135375
1779824490,42.83968188407131
1779824505,42.86377998121611
1779824520,42.84910013601218
1779824535,42.79532665286375
1779824550,42.95801511655745
1779824565,42.889509172272454
1779824580,42.92997082446536
1779824595,42.934811490267364
1779824610,42.879143833544234
1779824625,42.877670587430586
1779824640,42.87672350064323
1779824655,42.890982418386116
1779824670,42.83352581995354
1779824685,42.81069050519187
1779824700,42.93449579467159
1779824715,42.900611134057506
1779824730,42.98837450968528
1779824745,42.87493455893379
1779824760,42.848784440416395
1779824775,42.91029246566153
1779824790,42.86199103950668
1779824805,42.866252930049754
1779824820,42.832210421637775
1779824835,42.790854298590155
1779824850,42.836524928113484
1779824865,42.83747201490083
1779824880,42.78832873382389
1779824895,42.77170209911263
1779824910,42.84541702072805
1779824925,42.90866137174998
1779824940,42.94864948054921
1779824955,42.91723776876876
1779824970,42.93907338081044
1779824985,42.93239115736637
1779825000,42.93775798249469
1779825015,42.975536222123424
1779825030,42.95459508093645
1779825045,42.97127433158035
1779825060,43.03372944361282
1779825075,42.952227363968085
1779825090,43.00237034776501
1779825105,42.9391786126757
1779825120,43.04904068000831
1779825135,42.98700649543689
1779825150,43.01941790993731
1779825165,43.01163075190798
1779825180,43.0226800977604
1779825195,42.970906020051935
1779825210,43.06140542417649
1779825225,43.039201500606396
1779825240,42.66547053113153
1779825255,42.58181119824894
1779825270,42.62869199422277
1779825285,42.63563729733001
1779825300,42.672257986440876
1779825315,42.65168515678233
1779825330,42.63269080510269
1779825345,42.707615893168615
1779825360,42.643582303157224
1779825375,42.613643837490436
1779825390,42.619168510416635
1779825405,42.614590924277785
1779825420,42.57618129345747
1779825435,42.56329038996298
1779825450,42.569183374417605
1779825465,42.76317831802648
1779825480,42.54582190032964
1779825495,42.688200614027934
1779825510,42.739606380207995
1779825525,42.70998361013698
1779825540,42.724242527879866
1779825555,42.86825233548971
1779825570,42.79564234845954
1779825585,42.86767356023078
1779825600,42.88109062305156
1779825615,42.847205962437485
1779825630,42.94807070529026
1779825645,42.996582595175646
1779825660,43.41188015142865
1779825675,43.009894426131176
1779825690,42.99547766059041
1779825705,43.02047022858992
1779825720,43.209940201992566
1779825735,43.11086440084922
1779825750,43.1227029856911
1779825765,43.10733913336298
1779825780,43.10002551872733
1779825795,43.324537703261925
1779825810,43.13227908542986
1779825825,43.116967849034374
1779825840,42.59612273192446
1779825855,42.60433081741483
1779825870,42.82647528498104
1779825885,43.1454330685875
1779825900,43.148905720141116
1779825915,43.27381594420606
1779825930,43.072296922231025
1779825945,42.98300768455696
1779825960,42.93033913599377
1779825975,42.943440503218774
1779825990,42.88214294170418
1779826005,43.18300084448572
1779826020,42.93596904078524
1779826035,42.880932775253676
1779826050,43.0934485271485
1779826065,43.09334329528325
1779826080,42.955173856195394
1779826095,42.96364502134892
1779826110,43.13832991768237
1779826125,43.20967712232942
1779826140,43.034202987006495
1779826155,42.93275946889478
1779826170,42.74970863927305
1779826185,42.85846577202042
1779826200,42.89940096760701
1779826215,42.85478265673629
1779826230,42.97885102587915
1779826245,42.84899490414692
1779826260,42.99731921823248
1779826275,42.86741048056763
1779826290,43.39677937876368
1779826305,43.17542415018691
1779826320,43.019207446206785
1779826335,43.22972379266166
1779826350,43.48585815270722
1779826365,43.340269867118465
1779826380,43.384625098326026
1779826395,43.18973568386243
1779826410,42.97958764893598
1779826425,42.95243782769861
1779826440,42.93991523573253
1779826455,42.934601026536846
1779826470,42.58281090096892
1779826485,42.698302873093
1779826500,42.87493455893379
1779826515,42.99037391512523
1779826530,43.068561191014254
1779826545,43.073822784277304
1779826560,42.87961737693791
1779826575,42.79201184910802
1779826590,42.93991523573253
1779826605,42.88945655633982
1779826620,42.777489851701986
1779826635,42.92902373767801
1779826650,43.052934259022976
1779826665,43.03983289179797
1779826680,42.9608563769195
1779826695,43.10544495978827
1779826710,42.86741048056763
1779826725,42.92513015866335
1779826740,42.89855911268491
1779826755,43.06608824218061
1779826770,42.951806436507034
1779826785,42.890982418386116
1779826800,42.762915238363334
1779826815,42.74007992360167
1779826830,42.790328139263856
1779826845,42.816741337444384
1779826860,42.76338878175701
1779826875,42.79201184910802
1779826890,42.94838640088605
1779826905,42.84078681865656
1779826920,42.823581408686366
1779826935,42.73034597606501
1779826950,42.77606922152097
1779826965,42.814215772678125
1779826980,42.94217772083565
1779826995,42.76265215870018
1779827010,42.87814413082426
1779827025,42.69935519174561
1779827040,42.7773320039041
1779827055,42.62637689318702
1779827070,42.55913373128517
1779827085,42.5319839100478
1779827100,42.508254124431424
1779827115,42.512095087513444
1779827130,42.63226987764165
1779827145,42.732555845235495
1779827160,42.69362005508888
1779827175,42.64737065030661
1779827190,42.63590037699315
1779827205,42.659524930744276
1779827220,42.689621244208965
1779827235,42.909924154133115
1779827250,42.87714442810427
1779827265,42.8248441910695
1779827280,42.825580814126326
1779827295,42.82473895920423
1779827310,42.794274334211146
1779827325,42.81258467876658
1779827340,42.853625106218416
1779827355,42.752497283702475
1779827370,42.785487473461835
1779827385,43.14364412687806
1779827400,42.987216959167405
1779827415,42.738869757151164
1779827430,42.72371636855357
1779827445,42.8355252253935
1779827460,42.80869109975192
1779827475,42.745920292123664
1779827490,42.76707189704114
1779827505,42.761862919710715
1779827520,42.802535035634136
1779827535,43.16511142739133
1779827550,43.10723390149771
1779827565,43.04309507962106
1779827580,43.088239549818084
1779827595,43.11786231988909
1779827610,43.06766672015954
1779827625,42.96843307121829
1779827640,43.07782159515723
1779827655,42.877933667093735
1779827670,42.87572379792325
1779827685,42.92534062239387
1779827700,42.842575760365996
1779827715,42.850205070597426
1779827730,43.03415037107386
1779827745,42.984217851007465
1779827760,43.06792979982268
1779827775,42.96417118067522
1779827790,42.97416820787503
1779827805,43.168163151483895
1779827820,42.985480633390594
1779827835,43.059563866534425
1779827850,43.14506475705908
1779827865,42.94165156150934
1779827880,43.08539828945604
1779827895,43.10544495978827
1779827910,42.60675115031582
1779827925,42.73771220663329
1779827940,43.012104295301654
1779827955,42.94496636526507
1779827970,42.86883111074865
1779827985,43.20262658735692
1779828000,42.96711767290253
1779828015,43.24535072465293
1779828030,43.266134018042
1779828045,43.52321546487492
1779828060,43.508167308142575
1779828075,43.55610042276902
1779828090,43.28339204394482
1779828105,43.81723329641448
1779828120,43.58609150436844
1779828135,43.515954466171905
1779828150,43.44460726152486
1779828165,43.32048627644938
1779828180,43.32932575313131
1779828195,43.297177418294034
1779828210,43.39467474145846
1779828225,43.38915006853226
1779828240,43.25571606338116
1779828255,43.416931280961194
1779828270,43.21193960743253
1779828285,43.44181861709544
1779828300,43.268606966875645
1779828315,43.03604454464857
1779828330,43.02194347470357
1779828345,43.06656178557429
1779828360,43.0137353892132
1779828375,42.87240899416752
1779828390,42.84041850712814
1779828405,42.96369763728155
1779828420,43.025889669650866
1779828435,42.86493753173398
1779828450,42.88772023056302
1779828465,42.80137748511626
1779828480,42.87051482059282
1779828495,42.709878378271725
1779828510,42.77501690286836
1779828525,42.759810898338124
1779828540,42.83268396503145
1779828555,42.76091583292336
1779828570,42.89477076553552
1779828585,42.92586678172017
1779828600,42.994898885331466
1779828615,42.98195536590435
1779828630,43.03504484192858
1779828645,42.89292920789344
1779828660,42.8436280790186
1779828675,42.90603057511845
1779828690,42.9670650569699
1779828705,43.028573082215026
1779828720,42.969958933264586
1779828735,42.98874282121369
1779828750,42.98937421240526
1779828765,43.23856326934359
1779828780,42.948018089357646
1779828795,42.95322706668806
1779828810,42.928550194284334
1779828825,42.98406000320957
1779828840,42.98926898054
1779828855,42.93928384454097
1779828870,42.93354870788424
1779828885,42.939599540136754
1779828900,42.8704622046602
1779828915,43.06493069166274
1779828930,42.95227997990071
1779828945,43.03630762431172
1779828960,43.04698865863572
1779828975,43.11181148763657
1779828990,42.94701838663766
1779829005,43.03978027586533
1779829020,43.077190203965664
1779829035,43.03841226161694
1779829050,42.941178018115664
1779829065,42.97474698313396
1779829080,42.98590156085164
1779829095,43.26124073630736
1779829110,42.886194368516726
1779829125,42.872514226032784
1779829140,43.11086440084922
1779829155,43.12144020330796
1779829170,43.09507962106005
1779829185,42.984533546603245
1779829200,42.962119159302624
1779829215,43.88742295054365
1779829230,44.15139708455117
1779829245,44.26641551328158
1779829260,44.32213578593734
1779829275,44.42147466674383
1779829290,44.35612567841668
1779829305,44.333185131789755
1779829320,44.22900558518125
1779829335,44.182650948533734
1779829350,43.44471249339013
1779829365,43.58624935216633
1779829380,43.49311915141024
1779829395,43.41030167344974
1779829410,43.441923848960705
1779829425,43.45376243380258
1779829440,43.584144714861104
1779829455,43.60387568959757
1779829470,42.98611202458217
1779829485,42.88998271566613
1779829500,42.8596233225383
1779829515,42.89450768587236
1779829530,42.89145596177979
1779829545,42.97348420075083
1779829560,42.998950312144025
1779829575,42.97974549673387
1779829590,42.78459300260712
1779829605,42.71856000715577
1779829620,42.74455227787526
1779829635,42.71635013798528
1779829650,42.83268396503145
1779829665,42.7129301023643
1779829680,42.81016434586557
1779829695,42.777595083567256
1779829710,42.620483908732396
1779829725,42.68293902076488
1779829740,42.782593597167164
1779829755,42.83473598640404
1779829770,42.93407486721053
1779829785,42.94480851746717
1779829800,42.95059627005654
1779829815,43.09781564955685
1779829830,43.23998389952462
1779829845,43.36005345778755
1779829860,43.325590021914536
1779829875,43.46496962745289
1779829890,43.35326600247821
1779829905,43.399515407260466
1779829920,43.40935458666239
1779829935,43.41372170907072
1779829950,43.0917122013717
1779829965,43.217569512223996
1779829980,43.07355970461415
1779829995,43.27571011778076
1779830010,43.262608750555756
1779830025,43.24813936908235
1779830040,43.09955197533365
1779830055,43.159955065993536
1779830070,42.95843604401849
1779830085,42.99063699478839
1779830100,42.90155822084485
1779830115,43.104866184529335
1779830130,43.55557426344271
1779830145,43.30633259057175
1779830160,43.35963253032651
1779830175,43.43145327836723
1779830190,43.26887004653879
1779830205,43.15716642156412
1779830220,43.119177718204845
1779830235,43.16037599345458
1779830250,43.14006624345919
1779830265,43.16353294941241
1779830280,43.1390665407392
1779830295,43.090817730516974
1779830310,43.14217088076441
1779830325,43.11023300965765
1779830340,43.23898419680463
1779830355,43.141171178044424
1779830370,43.15858705174514
1779830385,43.02299579335619
1779830400,43.011315056312206
1779830415,42.98674341577373
1779830430,43.131595078305665
1779830445,43.00315958675447
1779830460,43.391780865163774
1779830475,43.294599237595136
1779830490,43.04567326031996
1779830505,43.30780583668541
1779830520,43.354265705198195
1779830535,43.371313267370496
1779830550,43.28670684770055
1779830565,43.148274328949555
1779830580,43.508272540007844
1779830595,43.45023716631633
1779830610,43.60398092146283
1779830625,43.634971705782235
1779830640,43.37410191179991
1779830655,43.31385666893792
1779830670,43.127175339964694
1779830685,43.01105197664905
1779830700,43.00968396240066
1779830715,43.05461796886715
1779830730,43.01431416447215
1779830745,43.02678414050559
1779830760,43.03583408091804
1779830775,42.98337599608537
1779830790,42.91013461786364
1779830805,42.882932180693636
1779830820,43.17889680174054
1779830835,42.826948828374725
1779830850,42.8146893160718
1779830865,42.86093872085406
1779830880,42.855098352332064
1779830895,42.96306624608997
1779830910,42.90361024221745
1779830925,42.8975067940323
1779830940,42.90097944558592
1779830955,42.97253711396348
1779830970,42.96469734000152
1779830985,42.98295506862433
1779831000,42.96864353494881
1779831015,43.02510043066141
1779831030,43.13438372273508
1779831045,43.205888775180014
1779831060,43.15695595783359
1779831075,43.14822171301692
1779831090,43.14616969164433
1779831105,43.13838253361501
1779831120,43.12149281924059
1779831135,43.19773330562228
1779831150,43.17300381728592
1779831165,43.2819714137638
1779831180,43.095658396318996
1779831195,43.0001078626619
1779831210,42.95217474803545
1779831225,43.01473509193319
1779831240,43.037254711099074
1779831255,42.948912560212364
1779831270,42.9069776619058
1779831285,42.815215475398105
1779831300,42.7880130382281
1779831315,42.77107070792107
1779831330,42.81111143265293
1779831345,42.83841910168819
1779831360,42.80390304988253
1779831375,42.94575560425452
1779831390,42.90497825646584
1779831405,42.83852433355344
1779831420,42.88824638988932
1779831435,42.91208140737096
1779831450,43.025889669650866
1779831465,43.04304246368843
1779831480,43.00452760100286
1779831495,43.074506791401504
1779831510,43.054354889204006
1779831525,42.749656023340435
1779831540,42.669101030483034
1779831555,42.69819764122774
1779831570,42.639267796681516
1779831585,42.65068545406234
1779831600,42.67662510884921
1779831615,42.77033408486424
1779831630,43.1220189785669
1779831645,43.210571593184135
1779831660,43.14327581534965
1779831675,43.12401838400686
1779831690,43.2168855050998
1779831705,43.21246576675883
1779831720,42.843207151557564
1779831735,42.89545477265971
1779831750,42.89866434455018
1779831765,42.81705703304017
1779831780,42.66399728501787
1779831795,42.73629157645227
1779831810,42.67993991260494
1779831825,42.80374520208464
1779831840,42.78364591581977
1779831855,42.926182477315955
1779831870,42.84546963666068
1779831885,42.8900879475314
1779831900,42.83063194365886
1779831915,42.896191395716535
1779831930,42.797273442371086
1779831945,42.89445506993973
1779831960,42.89740156216703
1779831975,42.926603404777
1779831990,42.96143515217843
1779832005,42.86777879209603
1779832020,42.902926235093254
1779832035,43.04525233285891
1779832050,43.111495792040785
1779832065,43.11959864566589
1779832080,43.16989947726071
1779832095,43.169846861328075
1779832110,43.272868857418715
1779832125,43.133910179341406
1779832140,43.131647694238296
1779832155,43.088239549818084
1779832170,43.122860833488986
1779832185,43.25213817996227
1779832200,43.388781757003834
1779832215,43.53037123171267
1779832230,42.887983310226176
1779832245,43.015840026518426
1779832260,43.04804097728834
1779832275,43.101551380773614
1779832290,43.13427849086982
1779832305,43.15101035744634
1779832320,43.22083170004709
1779832335,43.3546340167266
1779832350,43.321591211034615
1779832365,43.345215764785735
1779832380,43.06245774282911
1779832395,43.00031832639242
1779832410,42.97890364181177
1779832425,42.91329157382147
1779832440,42.94996487886497
1779832455,42.95096458158495
1779832470,42.91765869622981
1779832485,42.906767198175274
1779832500,42.90560964765741
1779832515,43.000213094527155
1779832530,42.973905128211875
1779832545,43.13154246237303
1779832560,42.89040364312717
1779832575,42.90755643716474
1779832590,42.9830603004896
1779832605,42.99000560359683
1779832620,42.938178909955724
1779832635,43.32369584833984
1779832650,43.281497870370124
1779832665,43.22935548113325
1779832680,43.20704632569788
1779832695,43.240825754446696
1779832710,43.25655791830324
1779832725,43.198627776477
1779832740,43.37962658472612
1779832755,43.27107991570928
1779832770,43.34574192411203
1779832785,43.182422069226774
1779832800,43.17426659966904
1779832815,43.24777105755394
1779832830,42.987900966291605
1779832845,43.15900797920619
1779832860,43.129595672865705
1779832875,43.102603699426226
1779832890,43.18189590990048
1779832905,43.15984983412827
1779832920,43.18205375769837
1779832935,43.08050500772139
1779832950,43.6760647491667
1779832965,43.431558510232485
1779832980,43.41482664365597
1779832995,43.52816136254219
1779833010,43.36799846361477
1779833025,43.35915898693283
1779833040,43.35905375506756
1779833055,43.29680910676562
1779833070,43.39309626347955
1779833085,43.277867371018615
1779833100,43.29559894031512
1779833115,43.176160773243744
1779833130,43.106602510306146
1779833145,43.18747319875932
1779833160,43.138908692941314
1779833175,43.10639204657563
1779833190,43.05030346239145
1779833205,43.089554948133845
1779833220,42.928234498688546
1779833235,42.83752463083347
1779833250,42.87966999287054
1779833265,42.884931586133604
1779833280,42.84746904210064
1779833295,43.159165827004074
1779833310,43.019786221465715
1779833325,43.180896207180496
1779833340,43.24335131921298
1779833355,43.187788894355094
1779833370,43.13070060745095
1779833385,43.14032932312234
1779833400,43.07571695785201
1779833415,43.01910221434152
1779833430,42.70945745081068
1779833445,42.88603652071884
1779833460,43.19378711067499
1779833475,43.24140452970564
1779833490,43.7101598735113
1779833505,43.28370773954061
1779833520,43.31575084251262
1779833535,43.223199417015465
1779833550,43.04393693454315
1779833565,43.31806594354837
1779833580,43.11486321172915
1779833595,43.530950006971615
1779833610,43.41114352837183
1779833625,43.569833181185594
1779833640,43.56651837742987
1779833655,43.40709210155927
1779833670,43.47638728483372
1779833685,43.35105613330773
1779833700,43.43108496683881
1779833715,43.516217545835055
1779833730,43.50432634506055
1779833745,43.313698821140036
1779833760,43.52705642795694
1779833775,43.49343484700602
1779833790,43.577567723282286
1779833805,43.81970624524813
1779833820,43.67611736509932
1779833835,43.36105316050754
1779833850,43.499696142989066
1779833865,43.46949459765912
1779833880,43.22882932180694
1779833895,43.32211737036092
1779833910,43.612820398144756
1779833925,43.426875692228364
1779833940,43.69679542662313
1779833955,43.42350827254001
1779833970,43.47491403872007
1779833985,43.589511539989424
1779834000,43.50779899661417
1779834015,43.36347349340854
1779834030,42.94275649609458
1779834045,43.03030940799183
1779834060,43.346583779034134
1779834075,43.17400352000589
1779834090,43.17947557699947
1779834105,43.33979632372479
1779834120,43.55389055359854
1779834135,43.645652740106236
1779834150,43.73483674591503
1779834165,43.71773656781009
1779834180,43.50164293249639
1779834195,43.29865066440769
1779834210,43.1693733179344
1779834225,43.3186447188073
1779834240,43.31475113979264
1779834255,43.19999579072539
1779834270,43.228566242143785
1779834285,43.312225575026375
1779834300,43.30012391052135
1779834315,43.190261843188736
1779834330,43.11470536393125
1779834345,43.03672855177276
1779834360,42.975588838056055
1779834375,43.283181580214304
1779834390,43.249770462993894
1779834405,43.199206551735934
1779834420,43.39704245842684
1779834435,43.28781178228579
1779834450,43.01741850449735
1779834465,43.7027410270104
1779834480,43.601928900090236
1779834495,43.51958496552341
1779834510,43.65307158660714
1779834525,43.92977877631126
1779834540,43.893579014661434
1779834555,37.04251104276886
1779834570,36.81494713414168
1779834585,36.667096363449815
1779834600,36.70313827730175
1779834615,36.79563708686627
1779834630,36.8716144935848
1779834645,37.02372715481975
1779834660,36.97100599032394
1779834675,36.89592305446012
1779834690,36.812474185308055
1779834705,36.899500937879004
1779834720,36.86235408944183
1779834735,36.852146598511496
1779834750,36.897711996169555
1779834765,36.92470396960904
1779834780,37.0878659766964
1779834795,37.102545821900335
1779834810,37.13185289637555
1779834825,37.009363005211604
1779834840,36.945382031132844
1779834855,35.160386516641104
1779834870,35.113032177273595
1779834885,34.919721240788924
1779834900,35.15491445964752
1779834915,34.78165703356634
1779834930,34.82922183666436
1779834945,34.75850602320889
1779834960,34.85626642603646
1779834975,34.74219508409342
1779834990,34.673426060145275
1779835005,34.854635332124914
1779835020,34.74351048240918
1779835035,34.93855774467066
1779835050,34.697787236953225
1779835065,34.75061363331431
1779835080,34.7848666054568
1779835095,34.78081517864424
1779835110,34.83890316826839
1779835125,34.90393646099975
1779835140,34.85626642603646
1779835155,34.77944716439585
1779835170,34.77771083861904
1779835185,34.98138711383194
1779835200,34.78291981594946
1779835215,34.743405250543915
1779835230,34.892203108023146
1779835245,34.702101743428926
1779835260,34.89772778094935
1779835275,35.04957736252115
1779835290,34.90514662745026
1779835305,34.970074688316366
1779835320,34.7785000776085
1779835335,35.127185863151226
1779835350,35.09114394929929
1779835365,35.00590613843778
1779835380,34.864158815931056
1779835395,34.96223491435442
1779835410,34.99191030035805
1779835425,35.1364462672942
1779835440,34.87384014753508
1779835455,34.85331993380916
1779835470,34.98685917082551
1779835485,34.97296856461105
1779835500,34.86552683017945
1779835515,34.989858278985466
1779835530,34.77055507178128
1779835545,35.00901047846299
1779835560,35.43688324261469
1779835575,35.34801493240168
1779835590,35.39736867720915
1779835605,35.35564424263311
1779835620,35.29645131842373
1779835635,35.353697453125775
1779835650,35.17317218827033
1779835665,35.33849144859554
1779835680,35.075727481038534
1779835695,35.087776529610935
1779835710,35.08330417533734
1779835725,34.95760471228293
1779835740,34.89088770970737
1779835755,34.92093140723943
1779835770,34.979387708391975
1779835785,35.13476255745002
1779835800,34.98996351085072
1779835815,35.28561243630184
1779835830,35.336439427222956
1779835845,35.32197004574955
1779835860,35.31502474264232
1779835875,35.309447453783484
1779835890,35.530329138966565
1779835905,35.42183508588236
1779835920,35.34980387411112
1779835935,35.33828098486502
1779835950,35.17827593373549
1779835965,35.21794834693893
1779835980,35.238994719991155
1779835995,35.25688413708556
1779836010,34.98438622199188
1779836025,35.04936689879062
1779836040,35.027478670816315
1779836055,35.11350572066727
1779836070,35.088723616398276
1779836085,35.01453515138919
1779836100,35.139813686982556
1779836115,35.11597866950091
1779836130,35.0946166008529
1779836145,34.98885857626548
1779836160,35.07193913388913
1779836175,35.36158984302037
1779836190,35.08019983531213
1779836205,35.01821826667333
1779836220,34.939767911121166
1779836235,35.02963592405416
1779836250,34.96034074077971
1779836265,35.04126404516552
1779836280,34.992120764088575
1779836295,35.020375519911184
1779836310,35.136025339833154
1779836325,35.334387405850364
1779836340,35.22599858463141
1779836355,35.1366041150921
1779836370,35.149126707058166
1779836385,35.082094008886834
1779836400,34.988069337276016
1779836415,36.27479196975636
1779836430,36.28268435965094
1779836445,36.445478055209904
1779836460,36.17797865371614
1779836475,36.39980742568657
1779836490,35.88290850352395
1779836505,36.00166266347112
1779836520,36.21302086484809
1779836535,36.31025510834935
1779836550,36.120469439350934
1779836565,36.12525748922031
1779836580,36.12146914207091
1779836595,36.16419327936693
1779836610,35.62098639088902
1779836625,35.54027355023375
1779836640,35.653029493861034
1779836655,35.58710173027494
1779836670,35.62251225293531
1779836685,35.6398755107034
1779836700,35.74021409422987
1779836715,35.8466561259415
1779836730,35.458666238723744
1779836745,34.97691475955834
1779836760,35.01658717276178
1779836775,35.05126107236533
1779836790,35.04657825436121
1779836805,35.07588532883642
1779836820,35.16764751534412
1779836835,35.06636184503029
1779836850,35.142707563277234
1779836865,35.100720049038046
1779836880,35.050156137780085
1779836895,35.0675720114808
1779836910,35.20126909629505
1779836925,35.11776761121035
1779836940,35.15780833594221
1779836955,35.1529676701402
1779836970,35.306343113758274
1779836985,35.267459939544295
1779837000,35.183800606661706
1779837015,35.30192337541731
1779837030,35.14570667143718
1779837045,35.46298074519946
1779837060,35.34933033071744
1779837075,35.39426433718395
1779837090,35.4455122555661
1779837105,35.42378187538968
1779837120,35.50986154117328
1779837135,35.50175868754818
1779837150,35.497023253611424
1779837165,35.50281100620079
1779837180,35.626721527545754
1779837195,35.58415523804763
1779837210,35.65018823349898
1779837225,35.60556992262826
1779837240,35.5481133241957
1779837255,35.635034844901384
1779837270,35.653450421322084
1779837285,35.68349411885413
1779837300,35.879751547566116
1779837315,35.66460499903976
1779837330,35.64787313246324
1779837345,35.5019691512787
1779837360,35.51322896086164
1779837375,35.530329138966565
1779837390,35.51564929376264
1779837405,35.518017010731015
1779837420,35.60583300229142
1779837435,35.57610500035516
1779837450,35.61777681899856
1779837465,35.46613770115729
1779837480,35.465611541830974
1779837495,35.44493348030717
1779837510,35.56663413248165
1779837525,35.5975196849358
1779837540,35.89800927618892
1779837555,36.164824670558495
1779837570,35.8642298474401
1779837585,35.600624024961
1779837600,35.765522357825176
1779837615,35.78551641222478
1779837630,35.96078008381718
1779837645,35.933788110377705
1779837660,35.96530505402341
1779837675,35.963358264516074
1779837690,36.03702057019886
1779837705,36.027128774864316
1779837720,36.03917782343672
1779837735,36.17061242314785
1779837750,36.17492692962357
1779837765,36.1348862048917
1779837780,36.190448629749575
1779837795,36.13967425476109
1779837810,36.277738461983674
1779837825,36.12757259025605
1779837840,36.08690047433263
1779837855,36.096003030677714
1779837870,36.22591176834257
1779837885,36.21512550215331
1779837900,36.60595664973311
1779837915,36.39964957788868
1779837930,36.42001194381671
1779837945,36.28021141081731
1779837960,36.31125481106934
1779837975,36.258428414708256
1779837990,36.3378784729804
1779838005,36.340035726218254
1779838020,36.346981029325484
1779838035,36.39086271713937
1779838050,35.94867841931215
1779838065,35.69985767390224
1779838080,35.822084485403025
1779838095,35.574105594915196
1779838110,35.62224917327216
1779838125,35.59357348998851
1779838140,35.704698339704244
1779838155,35.69475392843707
1779838170,35.68049501069419
1779838185,35.62398549904897
1779838200,35.6188817535838
1779838215,35.64718912533904
1779838230,35.840763141486875
1779838245,36.149355586365104
1779838260,35.80287966999287
1779838275,36.18471349309284
1779838290,36.014080023571935
1779838305,36.105421282618586
1779838320,36.6743047462202
1779838335,36.42553661674292
1779838350,36.622741132242254
1779838365,36.63184368858734
1779838380,36.561759266323435
1779838395,36.57707050271893
1779838410,36.56386390362866
1779838425,36.21833507404377
1779838440,36.32361955523752
1779838455,36.28894565563399
1779838470,36.53408328575976
1779838485,36.63799975270512
1779838500,36.605377874474165
1779838515,36.07664036746967
1779838530,35.92673757540521
1779838545,35.89964037010047
1779838560,35.89122182087958
1779838575,36.15114452807454
1779838590,35.917845482790646
1779838605,35.81692812400523
1779838620,35.8270303830703
1779838635,35.75273668619595
1779838650,35.85033924122564
1779838665,35.601360648017824
1779838680,35.67986361950262
1779838695,35.75294714992647
1779838710,35.66834073025653
1779838725,35.74894833904655
1779838740,35.806352321546484
1779838755,35.84013175029531
1779838770,35.95425570817099
1779838785,35.76294417712628
1779838800,35.73174292907635
1779838815,35.79177770820782
1779838830,35.57868318105406
1779838845,35.7739935229787
1779838860,35.839184663507965
1779838875,35.88185618487134
1779838890,35.93489304496295
1779838905,35.842025923870004
1779838920,35.89869328331312
1779838935,35.82166355794199
1779838950,35.82155832607672
1779838965,35.78535856442689
1779838980,35.865703093553755
1779838995,35.72364007545124
1779839010,35.89416831310689
1779839025,35.768679313783004
1779839040,35.82318941998827
1779839055,35.81850660198415
1779839070,35.81787521079258
1779839085,35.8731745559873
1779839100,35.810772059887455
1779839115,35.82645160781136
1779839130,35.63293020759616
1779839145,35.612409993870244
1779839160,35.5481133241957
1779839175,35.53843199259168
1779839190,35.617040195941726
1779839205,35.55889959038496
1779839220,35.615461717962816
1779839235,35.592047627942215
1779839250,35.509387997779605
1779839265,35.70853930278628
1779839280,35.61967099257326
1779839295,35.63024679503201
1779839310,36.125152257355055
1779839325,36.0095550533657
1779839340,35.942101427733334
1779839355,35.8435517859163
1779839370,35.95914898990563
1779839385,36.111156419275325
1779839400,36.05980326902789
1779839415,36.36692246779247
1779839430,35.581682289214
1779839445,35.80377414084759
1779839460,35.762365401867335
1779839475,35.87622628007987
1779839490,35.871175150547344
1779839505,35.94715255726587
1779839520,35.947678716592165
1779839535,35.87601581634935
1779839550,35.98892960777454
1779839565,35.902376398597255
1779839580,35.948415339648996
1779839595,35.96414750350554
1779839610,36.028023245719034
1779839625,36.061013435478394
1779839640,35.761839242541036
1779839655,35.977143638865286
1779839670,35.92657972760732
1779839685,36.04222954752929
1779839700,35.989876694561886
1779839715,35.974986385627425
1779839730,35.94510053589327
1779839745,35.90569120235298
1779839760,35.8187696816473
1779839775,35.83123965768075
1779839790,35.853811892779255
1779839805,35.78720012206896
1779839820,35.822821108459856
1779839835,35.77025779176193
1779839850,35.80277443812761
1779839865,35.73795160912676
1779839880,35.820400775558845
1779839895,35.750053273631785
1779839910,35.92673757540521
1779839925,36.14761926058831
1779839940,36.12951937976339
1779839955,36.479099636160825
1779839970,36.186134123273874
1779839985,36.25553453841358
1779840000,36.04101938107879
1779840015,36.031495897272656
1779840030,35.7080657593926
1779840045,35.796144830616164
1779840060,35.92852651711465
1779840075,35.89064304562064
1779840090,35.81529703009368
1779840105,35.907743223725575
1779840120,35.851075864282464
1779840135,35.94078602941757
1779840150,35.76462788697046
1779840165,35.868070810522134
1779840180,35.81492871856526
1779840195,35.89458924056793
1779840210,36.02765493419062
1779840225,35.89364215378059
1779840240,35.92600095234838
1779840255,36.182819319518146
1779840270,36.27200332532694
1779840285,35.98566741995144
1779840300,36.324040482698564
1779840315,35.97240820492853
1779840330,35.9692512489707
1779840345,35.9730395961201
1779840360,36.10326402938073
1779840375,36.243853801369596
1779840390,36.241433468468585
1779840405,36.4208537987388
1779840420,36.532136496252434
1779840435,36.47788946971032
1779840450,36.80563411406608
1779840465,36.74028512573892
1779840480,36.91102382712509
1779840495,36.77516948907299
1779840510,36.556392441195115
1779840525,36.30993941275358
1779840540,36.54229137125012
1779840555,36.47068108693994
1779840570,36.262427225588176
1779840585,36.42259012451561
1779840600,36.47925748395872
1779840615,36.189712006692744
1779840630,36.01034429235517
1779840645,35.83786926519219
1779840660,35.97624916801057
1779840675,35.929105292373585
1779840690,35.889906422563826
1779840705,35.98892960777454
1779840720,36.082165040395886
1779840735,36.03291652745367
1779840750,35.96756753912652
1779840765,35.95520279495834
1779840780,36.24927324243053
1779840795,36.20260291018723
1779840810,36.16766593092054
1779840825,36.28547300408037
1779840840,36.06890582537298
1779840855,35.672392157069076
1779840870,35.82476789796718
1779840885,35.85033924122564
1779840900,35.77546676909235
1779840915,35.8105089802243
1779840930,35.856811000939196
1779840945,35.83397568617753
1779840960,35.92778989405782
1779840975,35.79514512789618
1779840990,36.22954226769408
1779841005,36.08784756111998
1779841020,35.81661242840944
1779841035,35.815717957554725
1779841050,35.76620636494937
1779841065,35.702488470533766
1779841080,35.79888085911295
1779841095,35.70038383322854
1779841110,35.72527116936279
1779841125,35.70990731703467
1779841140,35.77388829111343
1779841155,35.64871498738533
1779841170,35.764680502903076
1779841185,35.93252532799457
1779841200,35.975091617492694
1779841215,35.8795410838356
1779841230,35.85244387853086
1779841245,35.80872003851486
1779841260,35.810088052763255
1779841275,35.85502205922976
1779841290,35.69596409488758
1779841305,35.96535766995604
1779841320,36.313517296172456
1779841335,35.89364215378059
1779841350,36.06448608703201
1779841365,36.136412066937986
1779841380,36.08232288819377
1779841395,36.03702057019886
1779841410,36.296154038404374
1779841425,36.24048638168124
1779841440,35.81014066869589
1779841455,35.93331456698403
1779841470,36.0723784769266
1779841485,36.286841018328765
1779841500,36.47936271582398
1779841515,36.40354315690334
1779841530,36.085374612286344
1779841545,36.008765814376254
1779841560,36.10394803650493
1779841575,35.96604167708024
1779841590,36.28884042376872
1779841605,36.09226729946094
1779841620,36.00134696787535
1779841635,36.03328483898209
1779841650,36.11615493287522
1779841665,36.57717573458419
1779841680,36.16514036615428
1779841695,35.99866355531118
1779841710,35.97025095169069
1779841725,36.07937639596647
1779841740,36.07085261488031
1779841755,36.070326455554
1779841770,36.09026789402099
1779841785,36.087374017726304
1779841800,36.131045241809666
1779841815,36.07869238884227
1779841830,35.69727949320334
1779841845,35.73484726910156
1779841860,35.7941454251762
1779841875,35.73595220368679
1779841890,35.82029554369358
1779841905,35.83829019265323
1779841920,35.83302859939018
1779841935,35.910110940693954
1779841950,35.9010610002815
1779841965,35.94183834807018
1779841980,35.878751844846136
1779841995,35.91679316413803
1779842010,36.054068132371164
1779842025,36.080481330551706
1779842040,36.36381812776727
1779842055,36.197814860317855
1779842070,36.08874203197471
1779842085,36.05927710970159
1779842100,36.293786321435995
1779842115,36.34361360963714
1779842130,36.17113858247416
1779842145,36.19434220876424
1779842160,36.105736978214374
1779842175,36.05811955918372
1779842190,35.99529613562282
1779842205,36.081165337675905
1779842220,36.02023608768972
1779842235,36.00818703911731
1779842250,35.936155827346084
1779842265,35.9368924504029
1779842280,36.02549768095277
1779842295,36.053857668640646
1779842310,36.12715166279501
1779842325,36.05185826320068
1779842340,35.817033355870485
1779842355,35.88164572114082
1779842370,36.43958507075528
1779842385,36.21023222041867
1779842400,36.12362639530876
1779842415,36.15424886809975
1779842430,36.62268851630962
1779842445,36.77301223583513
1779842460,36.86635290032174
1779842475,36.80679166458395
1779842490,36.83394148582132
1779842505,36.91028720406826
1779842520,36.92633506352059
1779842520,36.92633506352059
1779842535,36.95858863022312
1779842550,36.95364273255585
1779842565,36.89166116391704
1779842580,37.04266889056675
1779842595,37.028041661295454
1779842610,37.156319305048754
1779842625,37.106071089386575
1779842640,37.164106463078085
1779842655,37.293699505147146
1779842670,36.114102911502634
1779842685,36.089689118762045
1779842700,36.12452086616348
1779842715,36.36623846066828
1779842730,36.55455088355305
1779842745,36.851673055117814
1779842760,36.71597656486361
1779842775,36.568809801295934
1779842790,36.451476271529785
1779842805,36.235066940620285
1779842820,36.30872924630307
1779842835,36.22307050798052
1779842850,36.40654226506328
1779842865,36.38744268151839
1779842880,36.35261093411696
1779842895,36.281053265739395
1779842910,36.05696200866585
1779842925,36.0219197975339
1779842940,36.080481330551706
1779842955,36.067064267730906
1779842970,36.09516117575563
1779842985,35.99866355531118
1779843000,36.0219197975339
1779843015,35.94173311620492
1779843030,35.88517098862707
1779843045,35.92715850286625
1779843060,36.34429761676133
1779843075,36.08127056954116
1779843090,36.07474619389497
1779843105,36.06353900024466
1779843120,35.98056367448628
1779843135,36.005661474351044
1779843150,35.796039598750895
1779843165,35.91400451970861
1779843180,35.962411177728725
1779843195,35.96751492319389
1779843210,36.002820213989
1779843225,36.14309429038207
1779843240,36.18003067508872
1779843255,36.102422174458646
1779843270,35.86444031117062
1779843285,36.03859904817778
1779843300,36.061066051411025
1779843315,36.1848187249581
1779843330,36.125888880411885
1779843345,36.12083775087934
1779843360,36.1483032677125
1779843375,36.19223757145902
1779843390,36.197393932856805
1779843405,36.20418138816615
1779843420,36.30473043542315
1779843435,36.164140663434296
1779843450,36.04928008250178
1779843465,36.19434220876424
1779843480,36.09900213883767
1779843495,36.159089533901756
1779843510,36.17376937910569
1779843525,36.329144228163734
1779843540,36.257849639449326
1779843555,36.14977651382615
1779843570,36.220492327281626
1779843585,36.11741771525836
1779843600,35.93420903783875
1779843615,37.42829106081612
1779843630,37.78892066306598
1779843645,37.797181364488985
1779843660,37.4595975407313
1779843675,37.47948636326566
1779843690,37.40203571043348
1779843705,37.36462578233315
1779843720,37.36751965862782
1779843735,37.46196525769968
1779843750,37.34568404658615
1779843765,37.36394177520895
1779843780,36.612112713850884
1779843795,36.38186539265955
1779843810,36.446162062334096
1779843825,36.426483703530266
1779843840,36.41033061221268
1779843855,36.35697805652529
1779843870,36.43611241920166
1779843885,36.521718541591575
1779843900,36.376393335665966
1779843915,36.29425986482967
1779843930,36.27010915175224
1779843945,36.46457763875479
1779843960,36.47920486802608
1779843975,36.40228037452021
1779843990,36.42622062386711
1779844005,36.374762241754425
1779844020,36.502461110248795
1779844035,36.50451313162139
1779844050,36.4935164017016
1779844065,36.535977459334454
1779844080,36.60390462836052
1779844095,36.55623459339723
1779844110,36.375709328541774
1779844125,36.62147834985912
1779844140,36.47694238292297
1779844155,36.25406129229992
1779844170,36.19734131692418
1779844185,36.281053265739395
1779844200,36.28084280200887
1779844215,36.32162014979756
1779844230,36.32298816404595
1779844245,36.34119327673613
1779844260,36.415644821408364
1779844275,36.38496973268476
1779844290,36.50972210895181
1779844305,36.62858150076425
1779844320,36.516351716463255
1779844335,36.5858047475356
1779844350,36.566547316192825
1779844365,36.457106176321254
1779844380,36.51619386866537
1779844395,36.25748132792091
1779844410,36.436743810393224
1779844425,36.35197954292539
1779844440,36.26921468089752
1779844455,36.44079523720578
1779844470,36.358030375177904
1779844485,36.516456948328525
1779844500,36.509774724884444
1779844515,36.502092798720376
1779844530,36.31862104163762
1779844545,36.334405821426785
1779844560,36.30294149371372
1779844575,36.40396408436438
1779844590,36.34556039914446
1779844605,36.33324827090891
1779844620,36.44810885184142
1779844635,36.3538737165001
1779844650,36.2653737178155
1779844665,36.28489422882143
1779844680,36.24469565629168
1779844695,36.23285707144981
1779844710,36.2419596277949
1779844725,36.291471220400254
1779844740,36.393493513770906
1779844755,36.147829724318825
1779844770,36.151407607737696
1779844785,36.12862490890867
1779844800,36.111629962669
1779844815,36.15198638299664
1779844830,36.12657288753608
1779844845,36.1166284762689
1779844860,36.253903444502036
1779844875,36.345507783211836
1779844890,36.2975746685854
1779844905,36.274476274160584
1779844920,36.24864185123897
1779844935,36.2849994606867
1779844950,36.266110340872316
1779844965,36.26079613167663
1779844980,36.265847261209174
1779844995,36.329038996298465
1779845010,36.28021141081731
1779845025,36.21259993738703
1779845040,36.203444765109325
1779845055,36.15445933183027
1779845070,36.11631278067312
1779845085,36.28857734410557
1779845100,36.394387984625624
1779845115,36.15493287522394
1779845130,36.1026852541218
1779845145,36.07258894065713
1779845160,36.0336531505105
1779845175,36.00034726515536
1779845190,36.07001075995823
1779845205,36.07295725218553
1779845220,36.071063078610834
1779845235,36.06027681242156
1779845250,36.06185529040049
1779845265,36.057698631722666
1779845280,36.066327644674075
1779845295,36.21207377806074
1779845310,36.24995724955474
1779845325,36.121100830542495
1779845340,36.33629999500149
1779845355,36.71771289064042
1779845370,36.42074856687354
1779845385,36.43627026699955
1779845400,36.47762639004717
1779845415,36.49199053965532
1779845430,36.640841013067174
1779845445,36.72444773001713
1779845460,36.307834775448356
1779845475,36.35366325276957
1779845490,36.284473301360386
1779845505,36.29410201703178
1779845520,36.3960716944698
1779845535,36.35355802090431
1779845550,36.28068495421098
1779845565,36.30515136288419
1779845580,36.33166979293
1779845595,36.244379960695895
1779845610,36.035179012556796
1779845625,36.073483411511845
1779845640,36.16093109154384
1779845655,36.23896051963496
1779845670,35.721009278819714
1779845685,35.95825451905091
1779845700,35.852338646665594
1779845715,35.959517301434055
1779845730,35.91568822955279
1779845745,36.03233775219474
1779845760,35.99750600479331
1779845775,35.94957289016687
1779845790,35.73158508127846
1779845805,35.937471225661845
1779845820,35.92373846724527
1779845835,35.87206962140206
1779845850,35.87764691026089
1779845865,35.92857913304728
1779845880,36.107052376530135
1779845895,36.174769081825666
1779845910,36.105473898551224
1779845925,36.180398986617135
1779845940,36.02470844196331
1779845955,36.11689155593205
1779845970,36.09763412458926
1779845985,35.8161915009484
1779846000,35.99492782409441
1779846015,35.7006469128917
1779846030,35.855548218556066
1779846045,36.00460915569844
1779846060,36.01976254429604
1779846075,36.014027407639304
1779846090,36.13578067574642
1779846105,36.09584518287983
1779846120,36.024024434839106
1779846135,36.08758448145682
1779846150,36.17308537198149
1779846165,36.1911852528064
1779846180,36.174769081825666
1779846195,36.10999886875745
1779846210,36.042808322788225
1779846225,36.206759568865046
1779846240,36.312464977519845
1779846255,36.283841910168825
1779846270,36.18318763104655
1779846285,36.11836480204571
1779846300,36.082691199722184
1779846315,36.07664036746967
1779846330,35.89606248668159
1779846345,35.901429311809906
1779846360,35.886644234740714
1779846375,35.92484340183051
1779846390,35.90463888370037
1779846405,35.869438824770526
1779846420,35.93647152294186
1779846435,35.650661776892655
1779846450,35.78783151326053
1779846465,35.9224230689295
1779846480,35.92889482864307
1779846495,36.124310402432954
1779846510,35.94494268809538
1779846525,35.91558299768754
1779846540,36.090794053347295
1779846555,36.02939125996743
1779846570,35.970198335758056
1779846585,35.99350719391339
1779846600,36.06559102161726
1779846615,35.38868704832511
1779846630,35.73637313114785
1779846645,35.89464185650056
1779846660,36.069431984699285
1779846675,35.94978335389739
1779846690,36.057119856463736
1779846705,36.079008084438044
1779846720,36.021077942611804
1779846735,35.88496052489655
1779846750,36.01897330530658
1779846765,36.03586301968099
1779846780,36.16956010449525
1779846795,36.2615853706661
1779846810,36.07153662200451
1779846825,36.07090523081295
1779846840,36.070379071486634
1779846855,36.08932080723364
1779846870,36.08279643158745
1779846885,36.18855445617487
1779846900,36.119522352563585
1779846915,36.09189898793254
1779846930,36.06753781112458
1779846945,36.05254227032487
1779846960,36.02391920297385
1779846975,36.03944090309987
1779846990,36.0095550533657
1779847005,36.06385469584045
1779847020,36.111156419275325
1779847035,36.023761355175964
1779847050,35.93983894263022
1779847065,35.94815225998585
1779847080,36.08279643158745
1779847095,36.073483411511845
1779847110,36.154827643358686
1779847125,36.172769676385705
1779847140,36.437743513113205
1779847155,36.12331069971299
1779847170,36.09705534933033
1779847185,36.075798512547586
1779847200,36.15903691796913
1779847215,35.53832676072641
1779847230,35.87664720754091
1779847245,35.993665041711274
1779847260,36.07195754946555
1779847275,36.08190196073273
1779847290,36.1583002949123
1779847305,36.136043755409574
1779847320,36.191395716536924
1779847335,36.232699223651906
1779847350,36.271056238539586
1779847365,36.24785261224952
1779847380,36.193763433505296
1779847395,36.19760439658734
1779847410,36.20670695293242
1779847425,36.031758976935805
1779847440,36.065748869415145
1779847455,36.02707615893168
1779847470,35.99361242577865
1779847485,36.10642098533857
1779847500,36.21533596588383
1779847515,36.33824678450882
1779847530,36.10747330399118
1779847545,36.102422174458646
1779847560,36.012764625256175
1779847575,36.02523460128961
1779847590,36.46447240688953
1779847605,36.6130071847056
1779847620,36.58548905193981
1779847635,36.47036539134415
1779847650,36.2178615306501
1779847665,36.186870746330705
1779847680,36.221071102540556
1779847695,36.25737609605565
1779847710,36.21386271977018
1779847725,36.235435252148704
1779847740,36.285736083743515
1779847755,36.27258210058588
1779847770,36.38838976830574
1779847785,36.537398089515484
1779847800,36.42532615301239
1779847815,36.40385885249913
1779847830,36.35192692699276
1779847845,36.386811290326825
1779847860,36.37302591597762
1779847875,36.48799172877539
1779847890,36.490096366080614
1779847905,36.40743673591801
1779847920,36.51677264392431
1779847935,36.17561093674776
1779847950,36.16850778584263
1779847965,36.16834993804474
1779847980,36.30504613101893
1779847995,36.22538560901627
1779848010,36.23469862909188
1779848025,36.19544714334948
1779848040,36.16750808312265
1779848055,36.185239652419156
1779848070,36.224754217824696
1779848085,36.23427770163084
1779848100,36.22312312391315
1779848115,36.45573816207286
1779848130,36.39928126636026
1779848145,36.6529426775722
1779848160,36.46773459471262
1779848175,36.61916324882337
1779848190,36.31383299176824
1779848205,36.21033745228392
1779848220,36.36950064849137
1779848235,36.400175737214994
1779848250,36.30362550083791
1779848265,36.30967633309042
1779848280,36.19881456303783
1779848295,36.08195457666537
1779848310,36.07500927355812
1779848325,36.13241325605807
1779848340,36.39880772296659
1779848355,36.11620754880786
1779848370,36.1481454199146
1779848385,36.14561985514834
1779848400,36.03965136683039
1779848415,35.93021022695883
1779848430,36.29299708244653
1779848445,36.44453096842255
1779848460,36.354768187354814
1779848475,36.43011420288177
1779848490,36.541554748193306
1779848505,36.476837151057715
1779848520,36.55728691204983
1779848535,36.55523489067725
1779848550,36.568757185363296
1779848565,36.602431382246856
1779848580,36.56696824365386
1779848595,36.56681039585597
1779848610,36.696824365386085
1779848625,36.525717352471496
1779848640,36.55523489067725
1779848655,36.516246484598
1779848670,36.446740837593026
1779848685,36.434376093424845
1779848700,36.52771675791146
1779848715,36.54886836282895
1779848730,36.56586330906861
1779848745,36.55844446256771
1779848760,36.537661169178634
1779848775,36.46978661608522
1779848790,36.35866176636947
1779848805,36.439006295496334
1779848820,36.29967930589062
1779848835,36.38549589201106
1779848850,36.089057727570484
1779848865,36.14062134154843
1779848880,36.05159518353752
1779848895,36.12320546784772
1779848910,36.245484895281145
1779848925,36.154143636234494
1779848940,36.143673065641
1779848955,36.15751105592284
1779848970,36.200077345420965
1779848985,36.13020338688758
1779849000,36.10494773922491
1779849015,35.58078781835927
1779849030,35.83618555534801
1779849045,35.922843996390554
1779849060,36.186818130398066
1779849075,36.129729843493905
1779849090,36.137359153725335
1779849105,36.06916890503613
1779849120,36.14162104426841
1779849135,36.242959330514864
1779849150,36.17845219710981
1779849165,36.233383230776106
1779849180,36.653468836898504
1779849195,36.41696021972414
1779849210,36.43632288293218
1779849225,36.43416562969433
1779849240,36.433429006637496
1779849255,36.43095605780387
1779849270,36.41527650987996
1779849285,36.42953542762284
1779849300,36.3853906601458
1779849315,36.42427383435978
1779849330,36.45584339393812
1779849345,36.42785171777866
1779849360,36.13720130592745
1779849375,36.243801185436965
1779849390,36.2259643842752
1779849405,36.32772359798271
1779849420,36.30215225472425
1779849435,36.276054752139494
1779849450,36.21133715500391
1779849465,36.24879969903686
1779849480,36.21991355202269
1779849495,36.194552672494765
1779849510,36.205391554616654
1779849525,36.02781278198851
1779849540,36.13956902289582
1779849555,36.210021756688135
1779849570,36.19897241083573
1779849585,36.15393317250397
1779849600,36.41048846001057
1779849615,36.13088739401178
1779849630,36.12688858313186
1779849645,36.255481922480946
1779849660,36.25632377740303
1779849675,36.15903691796913
1779849690,36.22138679813634
1779849705,36.29925837842958
1779849720,36.58801461670609
1779849735,36.502776805844576
1779849750,36.43500748461642
1779849765,36.39943911415816
1779849780,36.45957912515488
1779849795,36.568704569430665
1779849810,36.498725379032024
1779849825,36.41322448850737
1779849840,36.00297806178689
1779849855,36.025813376548555
1779849870,36.02465582603068
1779849885,36.04522865568923
1779849900,36.14414660903468
1779849915,36.2380134328476
1779849930,36.308045239178874
1779849945,36.417065451589394
1779849960,36.53013709081247
1779849975,36.1856605798802
1779849990,36.11452383896368
1779850005,36.37623548786808
1779850020,36.44342603383731
1779850035,36.190764325345356
1779850050,36.273423955507965
1779850065,36.465629957407394
1779850080,36.3783401251733
1779850095,36.28547300408037
1779850110,36.3979658680445
1779850125,36.256744704864076
1779850140,36.29262877091812
1779850155,36.28163204099833
1779850170,36.42785171777866
1779850185,36.32761836611744
1779850200,36.28378929423619
1779850215,36.14919773856722
1779850230,36.12167960580144
1779850245,36.10089631241236
1779850260,36.25663947299882
1779850275,36.83010052273929
1779850290,36.77874737249186
1779850305,36.744547016282006
1779850320,36.98952679860989
1779850335,36.96379760755354
1779850350,36.86272240097024
1779850365,36.90597269759256
1779850380,36.85498785887354
1779850395,36.70782109530587
1779850410,36.4695761523547
1779850425,36.706190001394326
1779850440,37.05671734457911
1779850455,36.65615224946266
1779850470,36.45205504678872
1779850485,36.58675183432295
1779850500,36.5332940467703
1779850515,36.44268941078048
1779850530,36.45579077800549
1779850545,36.597801180175374
1779850560,36.53429374949029
1779850575,36.63768405710933
1779850590,36.52719059858516
1779850605,36.61227056164877
1779850620,36.60685112058783
1779850635,36.606114497530996
1779850650,36.513510456101216
1779850665,36.65462638741638
1779850680,36.58101669766622
1779850695,36.46068405974013
1779850710,36.368816641367175
1779850725,36.368132634242976
1779850740,36.39586123073928
1779850755,36.35503126701797
1779850770,36.30651937713259
1779850785,36.3478755001802
1779850800,36.37192098139238
1779850815,36.32882853256795
1779850830,36.832889167168716
1779850845,36.87440313801422
1779850860,37.047036012975084
1779850875,37.19793850775953
1779850890,37.18425836527559
1779850905,37.082762231231236
1779850920,37.04587846245722
1779850935,37.1087018860181
1779850950,37.157213775903486
1779850965,36.473469731369356
1779850980,36.43174529679333
1779850995,36.40296438164441
1779851010,36.525822584336765
1779851025,36.519456056488465
1779851040,36.59327620996914
1779851055,36.56949380842013
1779851070,36.49698905325521
1779851085,36.346191790336036
1779851100,36.41438203902524
1779851115,36.42069595094091
1779851130,36.37555148074389
1779851145,36.400070505349724
1779851160,36.42695724692394
1779851175,36.43637549886481
1779851190,36.47520605714616
1779851205,36.22938441989619
1779851220,36.22222865305843
1779851235,36.22848994904147
1779851250,36.248431387508454
1779851265,36.364133823363055
1779851280,36.40443762775806
1779851295,36.419538400423036
1779851310,36.50403958822771
1779851325,36.310833883608296
1779851340,36.30820308697677
1779851355,36.24448519256116
1779851370,36.173401067577274
1779851385,36.25821795097773
1779851400,36.269372528695406
1779851415,36.335037212618346
1779851430,36.464209327226385
1779851445,36.330407010546864
1779851460,36.39033655781307
1779851475,36.54660587772584
1779851490,36.38097092180483
1779851505,36.73786479283792
1779851520,36.56296943277394
1779851535,36.4613154509317
1779851550,36.448477163369844
1779851565,36.307729543583086
1779851580,36.19123786873904
1779851595,36.10636836940594
1779851610,36.131045241809666
1779851625,36.2886299600382
1779851640,36.25858626250616
1779851655,36.25348251704098
1779851670,36.401806831126535
1779851685,36.238486976241276
1779851700,36.23832912844338
1779851715,36.12930891603286
1779851730,36.18176700086553
1779851745,36.44279464264574
1779851760,36.46726105131894
1779851775,36.34703364525812
1779851790,36.2822634321899
1779851805,36.35834607077369
1779851820,36.28473638102354
1779851835,36.35639928126636
1779851850,36.38938947102572
1779851865,36.40001788941709
1779851880,36.381128769602725
1779851895,36.33877294383512
1779851910,36.333669198369954
1779851925,36.37065819900924
1779851940,36.369816344087155
1779851955,36.49935677022359
1779851970,36.45452799562236
1779851985,36.34792811611284
1779852000,36.686879954118915
1779852015,36.620373415273875
1779852030,36.989895110138306
1779852045,36.77090759852991
1779852060,36.691457540257765
1779852075,36.9449611036718
1779852090,36.860196836203976
1779852105,37.24492453559862
1779852120,36.647470620578616
1779852135,36.91254968917138
1779852150,36.79563708686627
1779852165,36.678040477436966
1779852180,36.405753026073825
1779852195,36.5207188388716
1779852210,36.36781693864719
1779852225,36.500724784471984
1779852240,36.38817930457522
1779852255,36.883084766898264
1779852270,36.54818435570475
1779852285,36.80458179541347
1779852300,36.52650659146096
1779852315,36.87777055770258
1779852330,36.31314898464404
1779852345,36.28957704682555
1779852360,36.494410872556315
1779852375,36.601431679526875
1779852390,36.53560914780605
1779852405,36.40059666467603
1779852420,36.644103200890264
1779852435,36.458421574637015
1779852450,36.4638936316306
1779852465,36.44132139653209
1779852480,36.690142141942005
1779852495,36.65462638741638
1779852510,36.789849334276916
1779852525,36.923441187225905
1779852540,36.71755504284252
1779852555,36.67367335502863
1779852570,36.65599440166477
1779852585,36.537608553246
1779852600,36.68293375917161
1779852615,37.027357654171254
1779852630,36.71539778960467
1779852645,36.68661687445576
1779852660,36.63363263029677
1779852675,36.61095516333302
1779852690,36.51824589003796
1779852705,36.48667633045962
1779852720,36.55565581813829
1779852735,36.55381426049622
1779852750,36.591382036394435
1779852765,36.72471080968028
1779852780,36.51724618731799
1779852795,36.56586330906861
1779852810,36.679829419146415
1779852825,36.59985320154796
1779852840,36.52492811348205
1779852855,36.45515938681392
1779852870,36.51998221581477
1779852885,36.51319476050543
1779852900,36.513352608303315
1779852915,36.26269030525133
1779852930,36.41101461933688
1779852945,36.77858952469397
1779852960,36.439058911428965
1779852975,36.90039540873372
1779852990,37.156477152846655
1779853005,36.82420753828467
1779853020,36.688774127693605
1779853035,36.64626045412811
1779853050,36.678040477436966
1779853065,36.8690363128859
1779853080,36.77406455448774
1779853095,36.7262892876592
1779853110,36.62705563871796
1779853125,36.5839105739609
1779853140,36.62521408107588
1779853155,36.46194684212326
1779853170,36.64662876565653
1779853185,36.79900450655463
1779853200,36.742494994909414
1779853215,36.19418436096634
1779853230,36.554077340159374
1779853245,36.46589303707055
1779853260,36.325145417283814
1779853275,36.58654137059243
1779853290,36.63715789778303
1779853305,36.63389570995993
1779853320,36.70661092885537
1779853335,36.84688500524844
1779853350,36.70824202276691
1779853365,36.75833239063121
1779853380,36.50225064651828
1779853395,36.11720725152784
1779853410,36.47694238292297
1779853425,36.28331575084252
1779853440,36.35403156429798
1779853455,36.26895160123437
1779853470,36.1078416155196
1779853485,36.33293257531312
1779853500,35.93783953719025
1779853515,36.28657793866561
1779853530,36.28126372946993
1779853545,36.27421319449743
1779853560,36.408699518301134
1779853575,35.98761420945876
1779853590,36.409541373223234
1779853605,36.371026510537654
1779853620,36.37549886481125
1779853635,36.270477463280656
1779853650,36.26753097105334
1779853665,36.30125778386953
1779853680,36.643050882237645
1779853695,36.58480504481562
1779853710,36.70192811085124
1779853725,36.806107657459755
1779853740,36.52755891011357
1779853755,36.02418228263701
1779853770,36.46757674691473
1779853785,36.15398578843659
1779853800,36.52498072941467
1779853815,35.858126399254964
1779853830,36.20660172106716
1779853845,36.37002680781768
1779853860,36.23469862909188
1779853875,36.50288203770984
1779853890,36.51193197812229
1779853905,36.963113600429345
1779853920,36.382707247581635
1779853935,36.4208537987388
1779853950,36.50261895804668
1779853965,36.40117543993496
1779853980,36.42169565366089
1779853995,36.32104137453862
1779854010,36.30104732013901
1779854025,36.2822634321899
1779854040,36.187396905656996
1779854055,36.17782080591824
1779854070,36.21123192313864
1779854085,36.24569535901166
1779854100,36.16856040177526
1779854115,36.141410580537894
1779854130,36.125731032613984
1779854145,36.328091909511116
1779854160,36.21544119774909
1779854175,36.22917395616566
1779854190,36.227121934793075
1779854205,36.43627026699955
1779854220,36.287367177655064
1779854235,36.17708418286141
1779854250,36.18865968804014
1779854265,36.34345576183924
1779854280,36.00671379300366
1779854295,36.31783180264816
1779854310,36.43826967243952
1779854325,36.390757485274115
1779854340,36.364186439295686
1779854355,36.600852904267946
1779854370,36.45558031427496
1779854385,36.44190017179102
1779854400,36.540660277338574
1779854415,35.71864156185135
1779854430,35.970093103892786
1779854445,36.27426581043005
1779854460,36.310307724281984
1779854475,36.65062757653645
1779854490,36.394440600558255
1779854505,36.4510027281361
1779854520,37.142218235103776
1779854535,36.78022061860552
1779854550,36.97558357646279
1779854565,36.580806233935704
1779854580,36.727499454109704
1779854595,36.06317068871625
1779854610,36.7254474327371
1779854625,36.327460518319555
1779854640,36.22549084088153
1779854655,36.368711409501906
1779854670,36.34029880588141
1779854685,36.57165106165798
1779854700,36.70045486473759
1779854715,36.380444762478525
1779854730,37.25165937497533
1779854745,36.85882882195558
1779854760,36.777537206041366
1779854775,36.93938381481296
1779854790,37.02057019886191
1779854805,36.218177226245885
1779854820,36.53624053899761
1779854835,36.261164443205054
1779854850,36.24374856950433
1779854865,36.07327294778132
1779854880,36.313464680239825
1779854895,36.44153186026261
1779854910,36.08400659803795
1779854925,36.25285112584942
1779854940,36.64699707718494
1779854955,36.20044565694938
1779854970,36.18887015177066
1779854985,36.28189512066149
1779855000,36.50682823265713
1779855015,35.72311391612494
1779855030,36.160720627813305
1779855045,36.232173064325615
1779855060,36.19865671523994
1779855075,36.35334755717379
1779855090,36.42390552283137
1779855105,36.46042098007698
1779855120,36.52829553317039
1779855135,36.20597032987559
1779855150,36.132834183519115
1779855165,36.19086955721061
1779855180,36.244748272224314
1779855195,36.71713411538148
1779855210,36.221123718473194
1779855225,36.319094585031294
1779855240,36.27552859281319
1779855255,36.200024729488334
1779855270,36.231120745672996
1779855285,36.53387282202923
1779855300,36.629739051282115
1779855315,36.14319952224733
1779855330,36.59427591268912
1779855345,36.76964481614677
1779855360,36.85809219889875
1779855375,36.670305935340274
1779855390,36.4106989237411
1779855405,36.34098281300561
1779855420,36.45531723461182
1779855435,36.435481028010095
1779855450,36.3910731808699
1779855465,36.76454107068161
1779855480,36.67125302212762
1779855495,36.30115255200427
1779855510,35.86033626842544
1779855525,36.337352313654094
1779855540,36.782167408112855
1779855555,36.33866771196986
1779855570,36.196867773530506
1779855585,36.152091614861895
1779855600,36.17187520553099
1779855615,35.62624798415208
1779855630,36.02754970232536
1779855645,36.11631278067312
1779855660,36.1319397126644
1779855675,36.26326908051028
1779855690,36.20502324308824
1779855705,36.248115691912666
1779855720,36.17061242314785
1779855735,36.19528929555159
1779855750,36.28021141081731
1779855765,36.31851580977236
1779855780,36.25690255266198
1779855795,36.317726570782895
1779855810,35.893010762589014
1779855825,36.035021164758895
1779855840,36.27947478776048
1779855855,36.06385469584045
1779855870,36.054857371360626
1779855885,36.363081504710436
1779855900,36.0696424484298
1779855915,36.19818317184627
1779855930,36.714766398413104
1779855945,36.68372299816107
1779855960,36.65999321254469
1779855975,36.714819014345736
1779855990,36.65325837316797
1779856005,36.447161765054084
1779856020,36.65099588806486
1779856035,36.721711701520334
1779856050,36.389757782554135
1779856065,36.82957436341299
1779856080,36.22385974696998
1779856095,36.31788441858079
1779856110,36.357767295514755
1779856125,36.29557526314543
1779856140,36.5939076011607
1779856155,36.55134131166259
1779856170,36.17545308894986
1779856185,35.947099941333235
1779856200,35.953782164777316
1779856215,35.47866029312337
1779856230,35.994769976296524
1779856245,35.98940315116821
1779856260,36.30699292052626
1779856275,36.026392151807485
1779856290,36.04564958315027
1779856305,36.00602978587947
1779856320,36.0754828169518
1779856335,36.20665433699979
1779856350,36.29704850925909
1779856365,36.15330178131239
1779856380,36.16514036615428
1779856395,36.187712601252784
1779856410,36.14020041408739
1779856425,36.273529187373235
1779856440,36.164824670558495
1779856455,36.05322627744908
1779856470,36.12788828585184
1779856485,36.525769968404134
1779856500,36.49446348848895
1779856515,36.750124305140844
1779856530,36.21912431303323
1779856545,36.06159221073734
1779856560,36.600116281211115
1779856575,36.014080023571935
1779856590,36.059119261903696
1779856605,36.306151065604176
1779856620,36.22291266018263
1779856635,36.14819803584724
1779856650,36.304467355759996
1779856665,36.111156419275325
1779856680,36.07606159221074
1779856695,36.06827443418141
1779856710,36.327513134252186
1779856725,36.224754217824696
1779856740,36.25211450279259
1779856755,36.33361658243732
1779856770,36.15861599050808
1779856785,36.178715276772955
1779856800,36.38870546390153
1779856815,36.22264958051947
1779856830,36.368816641367175
1779856845,36.386758674394194
1779856860,36.339141255363536
1779856875,36.49498964781526
1779856890,36.3139382236335
1779856905,36.351085072070674
1779856920,36.35334755717379
1779856935,36.37307853191025
1779856950,36.453580908835
1779856965,36.39644000599822
1779856980,36.384443573358446
1779856995,36.28784072104874
1779857010,36.167823778718436
1779857025,36.15445933183027
1779857040,36.21601997300803
1779857055,36.14462015242835
1779857070,36.18092514594344
1779857085,36.16440374309745
1779857100,36.16429851123218
1779857115,36.325671576610105
1779857130,36.360187628415765
1779857145,36.09652919000402
1779857160,36.629475971618966
1779857175,36.85272537377043
1779857190,36.99305206609613
1779857205,36.98405474161631
1779857220,36.72260617237506
1779857235,36.68314422290214
1779857250,36.777326742310834
1779857265,37.30601163338271
1779857280,37.026778878912324
1779857295,36.939225967015076
1779857310,36.90097418399265
1779857325,37.06292602462952
1779857340,36.821103198259465
1779857355,36.65131158366065
1779857370,36.62963381941686
1779857385,36.80363470862612
1779857400,36.825154625072024
1779857415,36.936753018181435
1779857430,36.421222110267216
1779857445,36.46773459471262
1779857460,36.69429880061982
1779857475,36.61227056164877
1779857490,36.96390283941881
1779857505,36.99926074614655
1779857520,37.400825543982975
1779857535,36.632001536385225
1779857550,36.70350658883016
1779857565,36.82389184268888
1779857580,36.895449511066445
1779857595,36.820471807067904
1779857610,36.67593584013174
1779857625,36.44400480909624
1779857640,36.51161628252652
1779857655,36.56607377279914
1779857670,36.64120932459558
1779857685,36.855777097863005
1779857700,36.937752720901415
1779857715,37.1605285796592
1779857730,36.92159962958384
1779857745,36.490148982013245
1779857760,36.36897448916506
1779857775,36.61600629286554
1779857790,36.55591889780144
1779857805,36.397808020246615
1779857820,37.027462886036524
1779857835,36.638315448300894
1779857850,36.92486181740693
1779857865,36.361713490462044
1779857880,36.10926224570063
1779857895,36.16424589529955
1779857910,36.273423955507965
1779857925,36.47604791206825
1779857940,36.48099380973553
1779857955,36.31609547687135
1779857970,36.4838876860302
1779857985,36.842675730638
1779858000,36.44058477347526
1779858015,36.96069326752834
1779858030,36.87834933296151
1779858045,37.06845069755572
1779858060,37.02625271958602
1779858075,37.05356038862128
1779858090,37.11264808096539
1779858105,37.379200395671816
1779858120,37.20961924480351
1779858135,37.180417402193555
1779858150,37.09649498964781
1779858165,37.15158387111202
1779858180,37.088497367887975
1779858195,37.08307792682702
1779858210,37.02835735689124
1779858225,37.02762073383441
1779858240,37.07729017423767
1779858255,37.05503363473493
1779858270,36.44326818603941
1779858285,36.359451005358935
1779858300,36.5864887546598
1779858315,36.31756872298501
1779858330,36.325198033216445
1779858345,36.41453988682313
1779858360,36.52608566399992
1779858375,36.41527650987996
1779858390,36.22201818932791
1779858405,36.1596683091607
1779858420,36.19544714334948
1779858435,36.14183150799894
1779858450,36.065485789751996
1779858465,36.193079426381104
1779858480,36.17092811874364
1779858495,36.210021756688135
1779858510,36.47231218085148
1779858525,36.304783051355784
1779858540,36.33261687971735
1779858555,36.314201303296656
1779858570,36.573545235232686
1779858585,36.35671497686215
1779858600,36.64184071578715
1779858615,36.49883061089728
1779858630,36.853146301231476
1779858645,36.378392741105934
1779858660,36.59948489001955
1779858675,36.50519713874558
1779858690,36.68719564971469
1779858705,36.916390652253405
1779858720,36.60090552020058
1779858735,36.693825257226145
1779858750,36.45963174108752
1779858765,36.535030372547105
1779858780,36.57470278575056
1779858795,36.71792335437094
1779858810,36.61190225012035
1779858825,36.44826669963932
1779858840,36.75033476887136
1779858855,36.70429582781962
1779858870,36.62637163159377
1779858885,36.29746943672013
1779858900,36.28994535835396
1779858915,36.65131158366065
1779858930,36.441479244329976
1779858945,36.34761242051706
1779858960,36.498357067503605
1779858975,36.39265165884882
1779858990,36.62232020478121
1779859005,36.34898043476545
1779859020,36.3315119451321
1779859035,36.4106989237411
1779859050,36.47946794768924
1779859065,36.56086479546872
1779859080,36.64983833754699
1779859095,36.796794637384146
1779859110,36.442899874511006
1779859125,36.27626521587002
1779859140,36.5572342961172
1779859155,36.213336560443864
1779859170,36.33877294383512
1779859185,36.30746646391994
1779859200,36.27305564397956
1779859215,36.417065451589394
1779859230,36.70587430579854
1779859245,36.41901224109672
1779859260,37.025095169068145
1779859275,36.48151996906183
1779859290,36.51424707915803
1779859305,36.35924054162841
1779859320,36.46489333435058
1779859335,36.320146903683906
1779859350,36.481099041600785
1779859365,36.20996914075552
1779859380,36.31998905588601
1779859395,36.401806831126535
1779859410,36.40617395353487
1779859425,36.23953929489389
1779859440,36.37071081494187
1779859455,36.49756782851416
1779859470,36.747546124441946
1779859485,36.5732295396369
1779859500,36.7345499890822
1779859515,36.42695724692394
1779859530,36.60669327278994
1779859545,36.61632198846133
1779859560,36.49809398784046
1779859575,36.37228929292079
1779859590,36.41022538034743
1779859605,36.341456356399284
1779859620,36.34971705782228
1779859635,36.54823697163738
1779859650,36.485781859604906
1779859665,36.49272716271214
1779859680,36.63021259467579
1779859695,36.3721314451229
1779859710,36.399386498225525
1779859725,36.319673360290224
1779859740,36.41769684278097
1779859755,36.499198922425705
1779859770,36.53292573524188
1779859785,36.46983923201784
1779859800,36.51040611607601
1779859815,36.75870070215962
1779859830,36.827469726107765
1779859845,36.77522210500561
1779859860,36.78663976238645
1779859875,36.737706945040024
1779859890,36.88103274552568
1779859905,37.30932643713844
1779859920,37.04593107838985
1779859935,36.73002501887596
1779859950,36.769329120551
1779859965,36.871140950191126
1779859980,36.20323430137881
1779859995,36.282736975583575
1779860010,36.217124907593266
1779860025,36.22433329036365
1779860040,36.254166524165186
1779860055,36.32561896067749
1779860070,36.320409983347055
1779860085,36.318673657570244
1779860100,36.40743673591801
1779860115,36.17003364788892
1779860130,36.16756069905528
1779860145,36.39822894770766
1779860160,36.222702196452104
1779860175,36.2349090928224
1779860190,36.23654018673395
1779860205,36.08532199635371
1779860220,35.888064864921745
1779860235,36.0129750889867
1779860250,36.10189601513234
1779860265,36.284788996956166
1779860280,36.101422471738665
1779860295,36.142778594786286
1779860310,36.435481028010095
1779860325,36.1651929820869
1779860340,36.02255118872546
1779860355,36.0363891790073
1779860370,36.44395219316361
1779860385,36.183766406305494
1779860400,36.32919684409636
1779860415,36.47783685377769
1779860430,36.957115384109464
1779860445,37.002470318037005
1779860460,36.677514318110674
1779860475,36.934543149010956
1779860490,36.76059487573432
1779860505,36.86072299553028
1779860520,36.96763857063557
1779860535,37.217669482496
1779860550,36.950064849136965
1779860565,36.846148382191615
1779860580,36.82715403051198
1779860595,36.85046288866731
1779860610,36.850831200195735
1779860625,36.65809903896999
1779860640,36.697771452173434
1779860655,37.31527203752568
1779860670,36.861722698250254
1779860685,36.74412608882096
1779860700,36.80058298453355
1779860715,36.77827382909818
1779860730,37.000155217001264
1779860745,36.770434055136235
1779860760,36.700770560333375
1779860775,36.60437817175419
1779860790,36.517404035115874
1779860805,36.77953661148132
1779860820,36.719396600484586
1779860835,36.63757882524408
1779860850,36.95553690613055
1779860865,36.6763567675928
1779860880,36.579753915283085
1779860895,36.66025629220785
1779860910,36.71865997742777
1779860925,36.63857852796405
1779860940,36.53887133562914
1779860955,36.754491427549176
1779860970,36.88171675264987
1779860985,36.69892900269131
1779861000,36.936174242922505
1779861015,36.9955776308624
1779861030,36.59564392693751
1779861045,36.63731574558092
1779861060,36.780010154875
1779861075,36.926440295385845
1779861090,36.964113303149325
1779861105,37.203936724079426
1779861120,37.12864332448509
1779861135,37.167105571238025
1779861150,37.25734189569943
1779861165,37.100862112056156
1779861180,37.067135299239965
1779861195,37.05082436012449
1779861210,36.97837222089221
1779861225,37.03309279082799
1779861240,37.060137380200096
1779861255,36.81089570732914
1779861270,36.95159071118326
1779861285,36.474995593415635
1779861300,36.192974194515834
1779861315,36.12930891603286
1779861330,36.0629076090531
1779861345,36.211074075340754
1779861360,36.79332198583053
1779861375,36.52334963550312
1779861390,36.61132347486142
1779861405,36.57586033626843
1779861420,36.392072883589876
1779861435,36.483835070097584
1779861450,36.49588411866998
1779861465,36.50767008757923
1779861480,36.43174529679333
1779861495,36.47489036155038
1779861510,36.39943911415816
1779861525,36.379708139421695
1779861540,36.4651037980811
1779861555,36.34934874629386
1779861570,36.2626376893187
1779861585,36.21654613233434
1779861600,36.4282726452397
1779861615,36.70829463869955
1779861630,36.3416668201298
1779861645,36.47368019509988
1779861660,36.47994149108291
1779861675,36.603852012427886
1779861690,36.57270338031059
1779861705,36.884347549281394
1779861720,36.759384709283815
1779861735,36.73786479283792
1779861750,36.9518537908464
1779861765,36.84188649164854
1779861780,36.876770854982595
1779861795,36.65836211863315
1779861810,36.93301728696466
1779861825,36.790638573266364
1779861840,36.67472567368125
1779861855,36.693772641293506
1779861870,36.60116859986372
1779861885,36.55134131166259
1779861900,36.44190017179102
1779861915,36.53923964715755
1779861930,36.37618287193545
1779861945,36.657730727441574
1779861960,36.83804552856651
1779861975,36.81142186665545
1779861990,36.739127575221055
1779862005,37.00404879601592
1779862020,36.60600926566574
1779862035,36.978161757161686
1779862050,37.07465937760613
1779862065,37.095337439129935
1779862080,36.69829761149974
1779862095,37.199359137940554
1779862110,36.92465135367641
1779862125,36.918758369221784
1779862140,36.94632911792019
1779862155,36.939068119217175
1779862170,37.04030117359838
1779862185,36.73260319957487
1779862200,37.1954655589259
1779862215,36.86614243659122
1779862230,36.37297330004499
1779862245,36.48772864911224
1779862260,36.50645992112872
1779862275,36.4738906588304
1779862290,36.45757971971493
1779862305,36.46299916077588
1779862320,36.59032971774183
1779862335,36.42490522555135
1779862350,36.44258417891522
1779862365,36.48799172877539
1779862380,36.42832526117233
1779862395,36.43442870935748
1779862410,36.405121634882256
1779862425,36.35350540497168
1779862440,36.52498072941467
1779862455,36.54329107397011
1779862470,36.52592781620202
1779862485,36.496094582400495
1779862500,36.748756290892445
1779862515,36.4169076037915
1779862530,36.35855653450422
1779862545,36.46326224043903
1779862560,36.315464085679785
1779862575,36.71539778960467
1779862590,36.58880385569554
1779862605,36.598379955434304
1779862620,36.675146601142295
1779862635,36.39644000599822
1779862650,36.375130553282844
1779862665,36.47704761478824
1779862680,36.4079628952443
1779862695,36.624214378355916
1779862710,36.17882050863822
1779862725,36.750124305140844
1779862740,36.795531855001016
1779862755,36.66562311733617
1779862770,36.718765209293025
1779862785,36.438059208708985
1779862800,36.32656604746484
1779862815,36.96416591908196
1779862830,36.50719654418555
1779862845,36.46773459471262
1779862860,36.497409980716256
1779862875,36.58427888548932
1779862890,36.937752720901415
1779862905,36.98415997348157
1779862920,36.89466027207698
1779862935,36.640788397134536
1779862950,36.8919242435802
1779862965,36.87892810822046
1779862980,37.413453367814306
1779862995,36.518035426307435
1779863010,36.38696913812471
1779863025,36.370500351211355
1779863040,36.64704969311757
1779863055,36.34324529810872
1779863070,36.371026510537654
1779863085,36.39633477413295
1779863100,36.32383001896804
1779863115,36.75991086861012
1779863130,36.485203084345976
1779863145,36.33561598787729
1779863160,36.31588501314083
1779863175,36.68335468663266
1779863190,36.42543138487766
1779863205,36.36108209927048
1779863220,37.056349033050694
1779863235,36.93001817880472
1779863250,36.58264779157777
1779863265,36.79021764580532
1779863280,36.72186954931823
1779863295,36.30999202868621
1779863310,36.42169565366089
1779863325,36.33987787842037
1779863340,36.52561212060624
1779863355,36.422116581121934
1779863370,36.36660677219668
1779863385,36.34319268217608
1779863400,36.32025213554917
1779863415,36.258428414708256
1779863430,36.36950064849137
1779863445,36.29189214786129
1779863460,36.68014511474219
1779863475,36.47431158629144
1779863490,36.31730564332185
1779863505,36.32793406171323
1779863520,36.61705861151815
1779863535,36.429430195757575
1779863550,36.43516533241431
1779863565,36.43458655715537
1779863580,36.33193287259316
1779863595,36.83688797804864
1779863610,36.43174529679333
1779863625,36.2545348356936
1779863640,36.16198341019644
1779863655,36.26753097105334
1779863670,36.33724708178884
1779863685,36.65388976435955
1779863700,36.5668630117886
1779863715,36.883768774022464
1779863730,36.57533417694212
1779863745,36.4504765688098
1779863760,36.60432555582156
1779863775,36.44558328707516
1779863790,36.43595457140376
1779863805,36.83804552856651
1779863820,37.02698934264285
1779863835,36.82936389968246
1779863850,36.788481320028524
1779863865,36.60490433108049
1779863880,36.7515975512545
1779863895,36.66662282005614
1779863910,36.81242156937542
1779863925,36.662571393243596
1779863940,36.65204820671748
1779863955,36.818104090099524
1779863970,36.74870367495981
1779863985,36.997629652235
1779864000,36.68766919310836
1779864015,36.80815967883234
1779864030,36.329775619355296
1779864045,36.34950659409175
1779864060,36.46052621194224
1779864075,36.527137982652526
1779864090,36.544501240420615
1779864105,36.41627621259994
1779864120,36.464209327226385
1779864120,36.464209327226385
1779864135,36.45821111090649
1779864150,36.71381931162575
1779864165,36.49925153835834
1779864180,36.42053810314301
1779864195,36.434639173088
1779864210,36.412382633585274
1779864225,36.387495297451025
1779864240,36.388495000171005
1779864255,36.53797686477442
1779864270,36.5498154496163
1779864285,36.96358714382302
1779864300,37.02620010365338
1779864315,36.85262014190517
1779864330,36.67661984725594
1779864345,36.70466413934803
1779864360,36.557129064251946
1779864375,36.6970348291166
1779864390,36.47004969574837
1779864405,36.44679345352566
1779864420,36.412382633585274
1779864435,36.33524767634888
1779864450,36.3772878065207
1779864465,36.32298816404595
1779864480,36.36771170678193
1779864495,36.63394832589256
1779864510,36.5933814418344
1779864525,36.50635468926345
1779864540,36.49114868473322
1779864555,36.42606277606922
1779864570,36.44342603383731
1779864585,36.582384711914614
1779864600,36.55960201308558
1779864615,36.549184058424736
1779864630,36.5473951167153
1779864645,36.45689571259073
1779864660,36.12367901124139
1779864675,36.3969135493919
1779864690,36.45521200274655
1779864705,36.51003780454759
1779864720,36.69677174945345
1779864735,36.63173845672208
1779864750,36.519824368016884
1779864765,36.53097894573456
1779864780,36.8311528413919
1779864795,36.908813957954614
1779864810,36.66467603054882
1779864825,36.642787802574496
1779864840,36.61853185763181
1779864855,36.68098696966429
1779864870,37.16400123121283
1779864885,36.79789957196938
1779864900,36.81526282973747
1779864915,36.688458432097825
1779864930,36.73702293791583
1779864945,36.68930028701991
1779864960,36.66215046578254
1779864975,36.63600034726515
1779864990,36.557813071376145
1779865005,36.78595575526226
1779865020,36.78243048777601
1779865035,36.78832347223062
1779865050,36.74117959659364
1779865065,36.68572240360104
1779865080,36.612481025379296
1779865095,36.61947894441916
1779865110,36.70766324750798
1779865125,36.74486271187778
1779865140,36.73381336602537
1779865155,36.75522805060601
1779865170,36.85130474358941
1779865185,36.72365849102766
1779865200,36.48425599755862
1779865215,37.79034129324701
1779865230,37.129695643137694
1779865245,37.25534249025948
1779865260,37.23950509453767
1779865275,37.25402709194371
1779865290,37.26628660424664
1779865305,37.32690015863703
1779865320,37.31164153817418
1779865335,37.28286062302526
1779865350,36.86435349488178
1779865365,36.94290908229922
1779865380,37.05987430053695
1779865395,37.12301341969362
1779865410,37.08581395532381
1779865425,36.972479236437586
1779865440,36.99826104342656
1779865455,37.02299053176292
1779865470,36.84493821574111
1779865485,36.72986717107808
1779865500,36.7889548634222
1779865515,36.72718375851392
1779865530,36.684354389352634
1779865545,36.72365849102766
1779865560,36.80263500590614
1779865575,36.749808609545056
1779865590,36.383075559110054
1779865605,36.37697211092491
1779865620,36.39391444123194
1779865635,36.314411767027174
1779865650,36.254482219760966
1779865665,36.22201818932791
1779865680,36.40659488099591
1779865695,36.36729077932088
1779865710,36.314780078555586
1779865725,36.33566860380992
1779865740,36.30125778386953
1779865755,36.22428067443102
1779865770,36.23785558504971
1779865785,36.11378721590685
1779865800,36.150828832478766
1779865815,36.27053007921328
1779865830,36.311044347338814
1779865845,36.41422419122734
1779865860,36.359451005358935
1779865875,36.53250480778084
1779865890,36.64326134596817
1779865905,36.327513134252186
1779865920,36.530505402340886
1779865935,36.95632614512
1779865950,36.55760260764562
1779865965,36.76533030967107
1779865980,36.87061479086482
1779865995,36.58427888548932
1779866010,36.564074367359176
1779866025,36.79111211666004
1779866040,36.63563203573674
1779866055,36.74175837185258
1779866070,36.36118733113574
1779866085,36.41801253837674
1779866100,36.417486379050445
1779866115,36.40854167050325
1779866130,36.333143039043655
1779866145,36.40506901894963
1779866160,36.31593762907346
1779866175,36.412435249517905
1779866190,36.46547210960951
1779866205,36.75791146317017
1779866220,36.40333269317282
1779866235,36.92081039059437
1779866250,36.54597448653427
1779866265,36.74223191524626
1779866280,36.45368614070027
1779866295,36.49325332203844
1779866310,36.35392633243273
1779866325,36.53660885052603
1779866340,36.51219505778545
1779866355,36.33708923399095
1779866370,36.4506344166077
1779866385,36.31109696327145
1779866400,36.39223073138778
1779866415,36.85398815615356
1779866430,36.88792543270027
1779866445,36.88550509979927
1779866460,36.60658804092467
1779866475,36.69103661279672
1779866490,36.633580014364156
1779866505,36.64873340296175
1779866520,36.6433139619008
1779866535,36.7629625927027
1779866550,36.63226461604838
1779866565,36.61463827861715
1779866580,36.43716473785427
1779866595,36.828574660693
1779866610,36.70524291460697
1779866625,36.80868583815865
1779866640,36.81263203310594
1779866655,36.828206349164596
1779866670,36.47136509406413
1779866685,36.62063649493703
1779866700,36.52250778058104
1779866715,36.4702601594789
1779866730,36.64720754091546
1779866745,36.63484279674728
1779866760,36.499093690560436
1779866775,36.86835230576171
1779866790,36.53524083627764
1779866805,36.55591889780144
1779866820,36.55449826762042
1779866835,36.42390552283137
1779866850,36.63705266591777
1779866865,36.492095771520574
1779866880,36.56665254805807
1779866895,36.56233804158238
1779866910,36.61374380776243
1779866925,36.549078826559466
1779866940,36.57328215556953
1779866955,36.56312728057183
1779866970,36.49104345286796
1779866985,36.49498964781526
1779867000,36.79958328181356
1779867015,36.600747672402676
1779867030,36.63899945542509
1779867045,36.41790730651149
1779867060,36.52419149042522
1779867075,36.35461033955693
1779867090,36.38370695030162
1779867105,36.39044178967833
1779867120,36.52924261995775
1779867135,36.51440492695593
1779867150,36.52371794703154
1779867165,36.46762936284736
1779867180,36.26079613167663
1779867195,36.2860517793393
1779867210,36.363765511834636
1779867225,36.3986498751687
1779867240,36.517404035115874
1779867255,36.409541373223234
1779867270,36.48325629483864
1779867285,36.4086469023685
1779867300,36.31898935316603
1779867315,36.352400470386435
1779867330,36.45184458305819
1779867345,36.459473893289626
1779867360,36.44258417891522
1779867375,36.484413845356514
1779867390,36.46783982657789
1779867405,36.41522389394732
1779867420,36.445320207412
1779867435,36.43926937515949
1779867450,36.406489649130656
1779867465,36.365712301341965
1779867480,36.36692246779247
1779867495,36.44747746064986
1779867510,36.46226253771905
1779867525,36.51750926698113
1779867540,36.42779910184603
1779867555,36.42579969640607
1779867570,36.37355207530393
1779867585,36.47194386932306
1779867600,36.417065451589394
1779867615,36.460841907538025
1779867630,36.562495889380266
1779867645,36.43869059990056
1779867660,36.579753915283085
1779867675,36.60506217887839
1779867690,36.598379955434304
1779867705,36.64857555516385
1779867720,36.62510884921063
1779867735,36.64042008560612
1779867750,36.6288445804274
1779867765,36.54734250078266
1779867780,36.51519416594539
1779867795,36.59364452149756
1779867810,36.68251283171057
1779867825,36.602536614112125
1779867840,36.60900837382568
1779867855,36.59653839779223
1779867870,36.62200450918542
1779867885,36.58022745867676
1779867900,36.56465314261812
1779867915,36.576018184066314
1779867930,36.582174248184096
1779867945,36.537661169178634
1779867960,36.5921712753839
1779867975,36.62752918211164
1779867990,36.58817246450398
1779868005,36.592486970979685
1779868020,36.700770560333375
1779868035,36.852357062242014
1779868050,36.70561122613538
1779868065,36.80284546963666
1779868080,36.72192216525087
1779868095,36.77032882327097
1779868110,36.861880546048155
1779868125,36.96606009265666
1779868140,36.71071497160055
1779868155,36.738075256568436
1779868170,37.226088031716884
1779868185,37.26565521305506
1779868200,36.930544338131035
1779868215,36.041545540405096
1779868230,36.486623714527
1779868245,36.5858047475356
1779868260,36.971742613380755
1779868275,37.02940967554385
1779868290,37.232928102958866
1779868305,37.14737459650157
1779868320,37.243819601013385
1779868335,37.140008365933284
1779868350,36.91839005769337
1779868365,36.760857955397476
1779868380,36.6539949962248
1779868395,36.55228839844994
1779868410,36.588488160099764
1779868425,36.52035052734318
1779868440,36.56144357072765
1779868455,36.50219803058564
1779868470,36.55691860052143
1779868485,36.82420753828467
1779868500,36.674778289613876
1779868515,36.77664273518664
1779868530,36.6458921425997
1779868545,36.6262663997285
1779868560,36.49983031361727
1779868575,36.55749737578036
1779868590,36.52129761413053
1779868605,36.51956128835373
1779868620,36.47257526051464
1779868635,36.47594268020299
1779868650,36.36292365691255
1779868665,36.449319018291924
1779868680,36.47988887515028
1779868695,36.38523281234791
1779868710,36.43242930391752
1779868725,36.43495486868379
1779868740,36.46089452347066
1779868755,36.431850528658586
1779868770,36.36781693864719
1779868785,36.60963976501724
1779868800,35.99250749119341
1779868815,36.4169076037915
1779868830,36.374236082428126
1779868845,36.42853572490286
1779868860,36.444110040961505
1779868875,36.47899440429556
1779868890,36.6591513576226
1779868905,37.465174829590154
1779868920,36.79989897740935
1779868935,36.90465729927679
1779868950,37.01204641777577
1779868965,36.929807715074205
1779868980,36.79953066588093
1779868995,36.94090967685925
1779869010,36.84288619436852
1779869025,36.90444683554627
1779869040,36.91460171054397
1779869055,36.91212876171034
1779869070,36.84067632519803
1779869085,37.06534635753053
1779869100,37.13322091062394
1779869115,36.96790165029873
1779869130,37.05092959198974
1779869145,37.3142723348057
1779869160,37.32084932638452
1779869175,37.3118520019047
1779869190,37.39598487818097
1779869205,36.9609563471915
1779869220,36.79863619502621
1779869235,36.79295367430212
1779869250,36.85619802532405
1779869265,37.00336478889172
1779869280,36.90786687116726
1779869295,36.89597567039276
1779869310,36.95927263734732
1779869325,37.02388500261764
1779869340,37.21125033871506
1779869355,36.86082822739554
1779869370,36.90676193658201
1779869385,37.0057325058601
1779869400,37.30985259646473
1779869415,37.6918442673626
1779869430,37.152530957899366
1779869445,37.092443562835264
1779869460,37.17599766385259
1779869475,37.03098815352277
1779869490,37.083446238355435
1779869505,37.16421169494335
1779869520,37.139797902202766
1779869535,37.39288053815576
1779869550,37.152373110101465
1779869565,37.17405087434527
1779869580,37.021096358188224
1779869595,37.00031306479915
1779869610,37.01188856997788
1779869625,37.10828095855706
1779869640,37.19293999415964
1779869655,37.03409249354797
1779869670,37.59897714626966
1779869685,37.154740827069844
1779869700,36.73828572029897
1779869715,36.834415029214995
1779869730,36.7522815583787
1779869745,36.86140700265448
1779869760,36.984475669077355
1779869775,36.96953274421028
1779869790,36.93564808359619
1779869805,37.43292126288762
1779869820,37.38135764890966
1779869835,37.46791085808694
1779869850,37.06629344431788
1779869865,36.94827590742753
1779869880,37.228087437156844
1779869895,37.47480354526154
1779869910,36.939909974139276
1779869925,37.68295217474803
1779869940,37.66306335221369
1779869955,37.47422477000261
1779869970,37.68021614625125
1779869985,37.30574855371955
1779870000,37.04103779665521
1779870015,37.024148082280796
1779870030,37.19230860296806
1779870045,37.094127272679444
1779870060,36.96274528890093
1779870075,37.031461696916445
1779870090,37.4032984928166
1779870105,37.392459610694715
1779870120,37.422134996698354
1779870135,37.77503005685151
1779870150,37.41776787429001
1779870165,37.45449379526614
1779870180,37.38746109709481
1779870195,37.41466353426481
1779870210,37.36788797015625
1779870225,37.32490075319708
1779870240,37.41192750576802
1779870255,37.42708089436563
1779870270,37.152530957899366
1779870285,37.19283476229437
1779870300,37.29164748377456
1779870315,37.02951490740911
1779870330,36.9576941593684
1779870345,37.02151728564927
1779870360,37.01757109070197
1779870375,37.16668464377698
1779870390,37.091443860115284
1779870405,37.16931544040851
1779870420,37.14905830634574
1779870435,36.984370437212085
1779870450,37.023358843291334
1779870465,37.032198319973276
1779870480,36.86219624164393
1779870495,36.780010154875
1779870510,37.007837143165325
1779870525,37.08660319431327
1779870540,37.060453075795884
1779870555,37.005101114668534
1779870570,37.10433476360977
1779870585,37.165421861393845
1779870600,37.27817780502114
1779870615,37.44391799280741
1779870630,36.86561627726492
1779870645,36.83425718141711
1779870660,36.92486181740693
1779870675,36.74965076174716
1779870690,36.71160944245527
1779870705,36.67840878896539
1779870720,36.67598845606438
1779870735,36.63205415231786
1779870750,36.64457674428394
1779870765,36.565705461270724
1779870780,36.615427517606605
1779870795,36.29062936547815
1779870810,36.275107665352145
1779870825,36.293838937368626
1779870840,36.29189214786129
1779870855,36.29489125602123
1779870870,36.27389749890164
1779870885,36.206759568865046
1779870900,36.284210221697236
1779870915,36.41164601052845
1779870930,36.305414442547345
1779870945,36.3531897093759
1779870960,36.37428869836074
1779870975,36.35034844901385
1779870990,36.405753026073825
1779871005,36.44863501116773
1779871020,36.4012280558676
1779871035,36.40738411998537
1779871050,36.43169268086069
1779871065,36.41959101635567
1779871080,36.45905296582859
1779871095,36.40859428643588
1779871110,36.426694167260784
1779871125,36.44495189588359
1779871140,36.325776808475375
1779871155,36.48530831621123
1779871170,36.4883600403038
1779871185,36.31593762907346
1779871200,36.50235587838353
1779871215,36.534398981355544
1779871230,36.63484279674728
1779871245,36.785061284407526
1779871260,36.75927947741856
1779871275,36.731129953461206
1779871290,36.79132258039057
1779871305,36.725710512400255
1779871320,36.781220321325506
1779871335,36.727131142581285
1779871350,36.80458179541347
1779871365,36.81205325784701
1779871380,36.85924974941662
1779871395,36.87150926171954
1779871410,36.80121437572511
1779871425,36.84430682454954
1779871440,36.83083714579611
1779871455,36.864090415218634
1779871470,36.74465224814726
1779871485,36.95237995017271
1779871500,37.02193821311032
1779871515,37.2688121690129
1779871530,36.92659814318374
1779871545,36.58138500919463
1779871560,37.16226490543602
1779871575,36.800688216398804
1779871590,36.95122239965484
1779871605,37.00436449161171
1779871620,36.971900461178656
1779871635,36.90676193658201
1779871650,36.902394814173675
1779871665,36.86503750200598
1779871680,36.781220321325506
1779871695,36.91091859525984
1779871710,36.900184945003204
1779871725,36.828416812895114
1779871740,36.69545635113769
1779871755,36.6396834625493
1779871770,36.61284933690771
1779871785,36.67919802795484
1779871800,36.61469089454978
1779871815,36.638315448300894
1779871830,36.294365096694925
1779871845,36.4883600403038
1779871860,36.63094921773262
1779871875,36.60795605517306
1779871890,36.52424410635785
1779871905,36.56281158497605
1779871920,36.55455088355305
1779871935,36.600852904267946
1779871950,36.589803558415525
1779871965,36.605430490406796
1779871980,36.657151952182645
1779871995,36.642051179517665
1779872010,36.59364452149756
1779872025,36.51629910053064
1779872040,36.66751729091086
1779872055,36.76990789580993
1779872070,36.820419191135265
1779872085,36.8444120564148
1779872100,36.87582376819525
1779872115,36.91717989124287
1779872130,36.768171570033125
1779872145,36.74570456679987
1779872160,36.706663544788
1779872175,36.76732971511103
1779872190,37.01067840352737
1779872205,36.69250985891037
1779872220,36.763436136096374
1779872235,36.77006574360783
1779872250,36.80158268725353
1779872265,36.7306037941349
1779872280,37.15137340738149
1779872295,37.24166234777553
1779872310,37.18562637952398
1779872325,36.81463143854591
1779872340,36.68461746901579
1779872355,36.65367930062903
1779872370,36.697771452173434
1779872385,36.78706068984749
1779872400,36.76285736083743
1779872415,38.03190103995391
1779872430,38.15733742334516
1779872445,37.565145101588215
1779872460,37.88031453804527
1779872475,37.85342779647105
1779872490,37.91235764101728
1779872505,37.837643016681874
1779872520,37.70289361321502
1779872535,37.725150152717745
1779872550,37.71825746554314
1779872565,36.86167008231762
1779872580,36.90092156806002
1779872595,36.82194505318155
1779872610,36.84351758556008
1779872625,36.842096955379056
1779872640,36.85319891716411
1779872655,36.881137977390935
1779872670,36.87440313801422
1779872685,36.4573692559844
1779872700,36.51487847034961
1779872715,36.62116265426334
1779872730,36.49125391659849
1779872745,36.58675183432295
1779872760,36.90134249552107
1779872775,37.02956752334175
1779872790,37.09649498964781
1779872805,36.65857258236367
1779872820,36.64762846837652
1779872835,36.69592989453137
1779872850,36.68887935955887
1779872865,36.70182287898599
1779872880,36.6610455311973
1779872895,36.65920397355523
1779872910,36.643682273429214
1779872925,36.480783346005005
1779872940,36.63163322485682
1779872955,36.63731574558092
1779872970,36.69403572095666
1779872985,36.63663173845673
1779873000,36.63552680387148
1779873015,36.668096066169795
1779873030,36.68025034660746
1779873045,36.81752531484058
1779873060,36.71955444828249
1779873075,36.76853988156154
1779873090,36.742863306437826
1779873105,36.75396526822286
1779873120,36.84357020149272
1779873135,36.86530058166914
1779873150,36.74175837185258
1779873165,36.4365333466627
1779873180,36.494568720354216
1779873195,36.56554761347284
1779873210,36.49793614004256
1779873225,36.54539571127533
1779873240,36.579175140024155
1779873255,36.49562103900682
1779873270,36.560759563603455
1779873285,36.585857363468236
1779873300,36.54108120479963
1779873315,36.668780073293995
1779873330,36.523454867368386
1779873345,36.66525480580775
1779873360,36.71397715942365
1779873375,36.78016800267289
1779873390,36.706768776653256
1779873405,36.746809501385115
1779873420,36.83425718141711
1779873435,36.85509309073881
1779873450,36.7893231749506
1779873465,36.71787073843831
1779873480,36.775748264331924
1779873495,36.878980724153074
1779873510,36.89792245990008
1779873525,36.57001996774644
1779873540,36.656415329125814
1779873555,36.64868078702912
1779873570,36.646049990397586
1779873585,36.64168286798925
1779873600,36.62079434273492
1779873615,36.739390654884204
1779873630,36.84741116457475
1779873645,36.83546734786761
1779873660,36.82557555253306
1779873675,36.83231039190977
1779873690,36.86366948775759
1779873705,36.81352650396067
1779873720,36.807843983236566
1779873735,36.842780962503255
1779873750,36.84704285304633
1779873765,36.807791367303935
1779873780,36.82373399489099
1779873795,36.73644416265689
1779873810,36.682144520182156
1779873825,36.750703080399774
1779873840,36.76543554153633
1779873855,36.808422758495496
1779873870,36.79411122481999
1779873885,36.739706350479985
1779873900,36.69519327147454
1779873915,36.7471251969809
1779873930,36.751387087523966
1779873945,36.74402085695569
1779873960,36.78453512508123
1779873975,36.82431277014992
1779873990,36.8141052792196
1779874005,36.66799083430453
1779874020,36.583805342095644
1779874035,36.58485766074825
1779874050,36.6369474340525
1779874065,36.56333774430235
1779874080,36.66283447290674
1779874095,36.63868375982931
1779874110,36.682723295441086
1779874125,36.504144820092975
1779874140,36.51440492695593
1779874155,36.489833286417465
1779874170,36.90286835756736
1779874185,36.75822715876594
1779874200,36.77890522028976
1779874215,36.73633893079163
1779874230,36.643840121227115
1779874245,36.50998518861497
1779874260,36.54334368990274
1779874275,36.50046170480883
1779874290,36.62937073975371
1779874305,36.59343405776703
1779874320,36.70697924038379
1779874335,36.639788694414555
1779874350,36.783851117957035
1779874365,37.01204641777577
1779874380,36.561075259199235
1779874395,36.653100525370085
1779874410,36.602536614112125
1779874425,36.678040477436966
1779874440,36.788481320028524
1779874455,36.623740834962234
1779874470,36.602168302583706
1779874485,36.61142870672668
1779874500,36.43700689005638
1779874515,36.787376385443274
1779874530,36.746072878328285
1779874545,36.70040224880496
1779874560,36.62453007395169
1779874575,37.028778284352285
1779874590,36.669411464485556
1779874605,36.559391549355055
1779874620,36.448529779302476
1779874635,36.554129956092005
1779874650,36.880401354334104
1779874665,36.757174840113336
1779874680,36.839150463151746
1779874695,36.81794624230164
1779874710,36.840781557063295
1779874725,36.76711925138051
1779874740,36.76301520863533
1779874755,36.521087150400014
1779874770,36.525454272808346
1779874785,36.43632288293218
1779874800,36.405016403017
1779874815,36.573492619300055
1779874830,36.60727204804887
1779874845,36.60795605517306
1779874860,36.57017781554433
1779874875,36.5308737138693
1779874890,36.63563203573674
1779874905,36.69845545929763
1779874920,36.72323756356663
1779874935,36.70929434141953
1779874950,36.746809501385115
1779874965,36.6395256147514
1779874980,36.51756188291376
1779874995,36.61232317758141
1779875010,36.586067827198754
1779875025,36.56596854093388
1779875040,36.590750645202874
1779875055,36.58796200077346
1779875070,36.68735349751259
1779875085,36.56586330906861
1779875100,36.42890403643128
1779875115,36.543817233296416
1779875130,36.51771973071166
1779875145,36.513089528640165
1779875160,36.411856474258975
1779875175,36.42090641467143
1779875190,36.48825480843855
1779875205,36.44653037386251
1779875220,36.40896259796429
1779875235,36.49288501051004
1779875250,36.5131421445728
1779875265,36.527506294180945
1779875280,36.45294951764344
1779875295,36.44868762710036
1779875310,36.49961984988674
1779875325,36.373394227506026
1779875340,36.45694832852337
1779875355,36.47299618797568
1779875370,36.57370308303057
1779875385,36.572071989119024
1779875400,36.46431455909164
1779875415,36.42948281169021
1779875430,36.62616116786324
1779875445,36.622635900377
1779875460,36.668780073293995
1779875475,36.67209487704972
1779875490,36.67551491267071
1779875505,36.81157971445334
1779875520,36.78921794308535
1779875535,36.763067824567955
1779875550,36.793164138032644
1779875565,36.85330414902936
1779875580,36.82741711017513
1779875595,36.83467810887815
1779875610,36.796426325855734
1779875625,36.86745783490699
1779875640,36.87624469565629
1779875655,36.87466621767738
1779875670,36.85193613478097
1779875685,36.97705682257645
1779875700,36.896186134123276
1779875715,36.62737133431374
1779875730,36.70519029867434
1779875745,36.76664570798683
1779875760,36.65962490101627
1779875775,36.67693554285173
1779875790,38.624829984767686
1779875805,36.90497299487257
1779875820,36.71450331874995
1779875835,36.647786316174404
1779875850,36.60327323716894
1779875865,36.54239660311539
1779875880,36.54697418925424
1779875895,36.59559131100488
1779875910,36.6527848297743
1779875925,36.58901431942606
1779875940,36.664833878346705
1779875955,36.738390952164224
1779875970,36.79632109399047
1779875985,36.79074380513163
1779876000,36.7901650298727
1779876015,36.821103198259465
1779876030,36.91986330380702
1779876045,36.85135735952204
1779876060,36.85567186599774
1779876075,36.867142139311206
1779876090,36.80121437572511
1779876105,36.743810393225175
1779876120,36.81431574295012
1779876135,36.73623369892637
1779876150,36.72649975138972
1779876165,36.75459665941444
1779876180,36.740442973536815
1779876195,37.14116591645116
1779876210,36.85988114060819
1779876225,36.720448919137205
1779876240,36.77153898972148
1779876255,36.682091904249525
1779876270,36.85193613478097
1779876285,36.77096021446255
1779876300,36.70419059595436
1779876315,36.643734889361845
1779876330,36.66230831358044
1779876345,36.61448043081925
1779876360,36.61958417628443
1779876375,36.81368435175856
1779876390,36.94254077077079
1779876405,36.942751234501316
1779876420,36.67088471059922
1779876435,36.61758477084446
1779876450,36.585173356344036
1779876465,36.64804939583755
1779876480,36.60500956294575
1779876495,36.64662876565653
1779876510,36.72897270022335
1779876525,36.67930325982011
1779876540,36.75680652858492
1779876555,36.74880890682508
1779876570,36.672515804510766
1779876585,36.61148132265931
1779876600,36.57270338031059
1779876615,36.7192387526867
1779876630,36.8259964799941
1779876645,36.821734589451026
1779876660,36.98010854666902
1779876675,36.95469505120845
1779876690,37.09086508485635
1779876705,37.11159576231279
1779876720,37.232770255160965
1779876735,37.31506157379516
1779876750,37.46449082246595
1779876765,37.16910497667799
1779876780,37.357206935832245
1779876795,37.00899469368319
1779876810,36.675725376401225
1779876825,36.6269504068527
1779876840,36.652100822650105
1779876855,36.916443268186036
1779876870,36.747809204105096
1779876885,36.86435349488178
1779876900,36.82647002338778
1779876915,37.00152323124966
1779876930,36.87756009397205
1779876945,36.701770263053355
1779876960,36.58475242888299
1779876975,36.61984725594757
1779876990,36.76138411472378
1779877005,36.7863766827233
1779877020,36.77627442365823
1779877035,36.73960111861473
1779877050,36.759489941149084
1779877065,37.0114150265842
1779877080,36.64420843275552
1779877095,36.8981329236306
1779877110,37.977443549681276
1779877125,36.94364570535604
1779877140,36.95764154343577
1779877155,37.00425925974644
1779877170,36.769434352416255
1779877185,36.885136788270856
1779877200,36.86614243659122
1779877215,36.935805931394086
1779877230,36.591487268259705
1779877245,36.67246318857813
1779877260,36.646733997521785
1779877275,36.72860438869494
1779877290,36.69198369958407
1779877305,36.630370442473684
1779877320,36.62795010957268
1779877335,36.64594475853234
1779877350,36.788270856298
1779877365,36.75696437638282
1779877380,36.80268762183877
1779877395,36.83078452986349
1779877410,36.740863900997866
1779877425,36.722500940509796
1779877440,36.942119843309754
1779877455,36.82489154540887
1779877470,36.82462846574571
1779877485,36.860775611462905
1779877500,36.84125510045697
1779877515,36.384127877762666
1779877530,36.79521615940523
1779877545,36.83473072481078
1779877560,36.82415492235204
1779877575,36.801687919118784
1779877590,36.85861835822506
1779877605,37.26486597406561
1779877620,37.079026500014464
1779877635,36.91854790549126
1779877650,36.76806633816786
1779877665,36.793848145156836
1779877680,36.901816038914745
1779877695,36.8981329236306
1779877710,36.96500777400404
1779877725,36.80426609981768
1779877740,36.7825883355739
1779877755,36.8950285836054
1779877770,36.797162948912565
1779877785,36.84862133102524
1779877800,36.91233922544086
1779877815,36.86793137830067
1779877830,36.418801777366205
1779877845,36.6996130098155
1779877860,36.92438827401325
1779877875,36.81073785953124
1779877890,36.90734071184095
1779877905,36.89734368464115
1779877920,37.04372120921936
1779877935,36.842044339446424
1779877950,36.93554285173093
1779877965,37.256184345181566
1779877980,37.21067156345613
1779877995,37.1935713853512
1779878010,37.366467339975216
1779878025,36.993104682028765
1779878040,37.15421466774353
1779878055,37.04524707126565
1779878070,36.97411033034913
1779878085,37.08391978174911
1779878100,37.27407376227595
1779878115,37.24339867355234
1779878130,36.718765209293025
1779878145,36.62595070413271
1779878160,36.6806712740685
1779878175,36.59017186994393
1779878190,36.692772938573526
1779878205,36.57070397487063
1779878220,36.5770178867863
1779878235,36.58859339196502
1779878250,36.61374380776243
1779878265,36.55902323782665
1779878280,36.610060692478285
1779878295,36.61674291592237
1779878310,36.6527848297743
1779878325,36.60448340361945
1779878340,36.65315314130272
1779878355,36.64752323651125
1779878370,36.58022745867676
1779878385,36.593013130305984
1779878400,36.585173356344036
1779878415,36.650048801277514
1779878430,36.360450708078915
1779878445,36.528453380968294
1779878460,36.52024529547793
1779878475,36.538397792235465
1779878490,36.55586628186881
1779878505,36.59738025271433
1779878520,36.55439303575516
1779878535,36.609481917219355
1779878550,36.675725376401225
1779878565,36.68182882458637
1779878580,36.68556455580314
1779878595,36.77590611212982
1779878610,36.861827930115524
1779878625,36.9089718057525
1779878640,37.522105268696414
1779878655,37.269706639867614
1779878670,37.07792156542923
1779878685,37.075711696258736
1779878700,37.06734576297048
1779878715,37.01299350456312
1779878730,37.011835954045246
1779878745,36.80395040422191
1779878760,36.85493524294091
1779878775,36.861196538923956
1779878790,36.99999736920336
1779878805,36.933543446290976
1779878820,36.93612162698987
1779878835,37.07123934198515
1779878850,36.9607984993936
1779878865,36.899395706013735
1779878880,36.904183755883125
1779878895,36.84435944048218
1779878910,36.865458429467026
1779878925,36.86840492169434
1779878940,36.81694653958165
1779878955,36.777747669771884
1779878970,36.716134412661496
1779878985,36.677409086245405
1779879000,36.57259814844534
1779879015,36.635737267601996
1779879030,36.269372528695406
1779879045,36.33940433502669
1779879060,36.37492008955232
1779879075,36.42322151570717
1779879090,36.51619386866537
1779879105,36.503145117372995
1779879120,36.56191711412132
1779879135,36.4892018952259
1779879150,36.67882971642643
1779879165,36.69861330709552
1779879180,36.79290105836949
1779879195,36.77764243790662
1779879210,36.79526877533787
1779879225,36.726078823928674
1779879240,36.7495455298819
1779879255,36.827469726107765
1779879270,36.77664273518664
1779879285,36.789165327152716
1779879300,36.842780962503255
1779879315,36.88734665744134
1779879330,37.42776490148982
1779879345,37.222773227961156
1779879360,36.907077632177796
1779879375,36.90439421961364
1779879390,36.782167408112855
1779879405,36.8444120564148
1779879420,36.75186063091764
1779879435,36.823155219632056
1779879450,36.80668643271869
1779879465,36.64336657783343
1779879480,36.5839105739609
1779879495,36.5625485053129
1779879510,36.60585141786784
1779879525,36.66451818275092
1779879540,37.517422450692294
1779879555,37.014098439148356
1779879570,36.916390652253405
1779879585,36.72949885954966
1779879600,36.71092543533108
1779879615,36.902447430106314
1779879630,37.58171912036684
1779879645,37.60229195002539
1779879660,37.727517869686125
1779879675,37.951503894894415
1779879690,37.8614254182309
1779879705,37.77097863003897
1779879720,37.72388737033461
1779879735,37.71546882111372
1779879750,37.758876965533936
1779879765,37.7545098431256
1779879780,37.41450568646692
1779879795,36.78306187896757
1779879810,36.957115384109464
1779879825,37.147164132771046
1779879840,36.912391841373484
1779879855,37.01215164964103
1779879870,36.9115499864514
1779879885,36.801109143859854
1779879900,36.727762533772854
1779879915,36.71197775398368
1779879930,36.66536003767301
1779879945,36.671042558397104
1779879960,36.66199261798465
1779879975,36.73491830061061
1779879990,36.72397418662345
1779880005,36.72039630320457
1779880020,37.039880246137336
1779880035,36.501514023461446
1779880050,36.54287014650907
1779880065,36.49656812579417
1779880080,36.573755698963204
1779880095,36.59927442628902
1779880110,36.598379955434304
1779880125,36.636789586254615
1779880140,36.63410617369045
1779880155,36.539134415292295
1779880170,36.489885902350096
1779880185,36.506512537061354
1779880200,36.458842502098065
1779880215,36.53529345221026
1779880230,36.6062723453289
1779880245,36.65567870606898
1779880260,36.63842068016616
1779880275,36.73870664776001
1779880290,36.82020872740475
1779880305,36.7345499890822
1779880320,36.73123518532647
1779880335,36.75922686148593
1779880350,37.03435557321112
1779880365,36.97037459913236
1779880380,36.90171080704948
1779880395,36.72297448390347
1779880410,36.78942840681587
1779880425,36.84898964255366
1779880440,36.73034071447175
1779880455,36.663518480030945
1779880470,36.78600837119488
1779880485,36.75980563674486
1779880500,36.7254474327371
1779880515,36.570651358938
1779880530,36.57401877862636
1779880545,36.54265968277854
1779880560,36.80426609981768
1779880575,36.60337846903421
1779880590,36.704769371213295
1779880605,36.63089660179999
1779880620,36.65157466332381
1779880635,36.560022940546624
1779880650,36.47231218085148
1779880665,36.50235587838353
1779880680,36.6073246639815
1779880695,36.631422761126295
1779880710,36.87461360174474
1779880725,36.696140358261886
1779880740,36.671200406195005
1779880755,36.52755891011357
1779880770,36.513510456101216
1779880785,36.43469178902063
1779880800,36.46489333435058
1779880815,36.535398684075524
1779880830,36.72597359206341
1779880845,36.802529774040885
1779880860,36.78195694438233
1779880875,36.7459150305304
1779880890,36.80510795473978
1779880905,36.88155890485197
1779880920,36.859460213147145
1779880935,36.92891324421949
1779880950,36.89355533749175
1779880965,36.76269951303954
1779880980,36.85798696703348
1779880995,36.65341622096587
1779881010,36.65683625658686
1779881025,36.68861627989571
1779881040,36.78969148647903
1779881055,36.98105563345637
1779881070,36.85393554022094
1779881085,36.711451594657376
1779881100,36.7400746620084
1779881115,36.620741726802294
1779881130,36.6200577196781
1779881145,36.668780073293995
1779881160,36.58880385569554
1779881175,36.52024529547793
1779881190,36.64362965749659
1779881205,36.633422166566255
1779881220,36.60890314196041
1779881235,36.59695932525327
1779881250,36.63410617369045
1779881265,36.643787505294476
1779881280,36.828048501366695
1779881295,36.77248607650883
1779881310,36.854040772086194
1779881325,36.83967662247806
1779881340,37.16305414442548
1779881355,36.82636479152252
1779881370,36.845464375067415
1779881385,36.79095426886215
1779881400,36.916758963781824
1779881415,36.906235777255716
1779881430,36.90839303049357
1779881445,36.850883816128366
1779881460,36.74796705190298
1779881475,36.852146598511496
1779881490,37.024095466348165
1779881505,36.81994564774159
1779881520,36.851673055117814
1779881535,36.925177513002716
1779881550,36.84851609915999
1779881565,36.888451592026584
1779881580,36.85582971379563
1779881595,36.79321675396526
1779881610,36.6787771004938
1779881625,37.004838035005385
1779881640,36.643050882237645
1779881655,36.75549113026916
1779881670,36.68098696966429
1779881685,36.663413248165675
1779881700,36.697824068106065
1779881715,36.6965086697903
1779881730,36.573755698963204
1779881745,36.93359606222361
1779881760,36.75559636213441
1779881775,36.74160052405468
1779881790,36.73028809853912
1779881805,36.93059695406365
1779881820,36.85761865550508
1779881835,36.84883179475577
1779881850,36.692562474843
1779881865,36.52492811348205
1779881880,36.569809504015915
1779881895,36.63394832589256
1779881910,36.564021751426544
1779881925,36.647786316174404
1779881940,36.56339036023498
1779881955,36.60148429545951
1779881970,36.53113679353245
1779881985,36.42537876894502
1779882000,36.64662876565653
1779882015,36.612691489109814
1779882030,36.71623964452676
1779882045,36.697087445049235
1779882060,36.597695948310104
1779882075,36.54650064586057
1779882090,36.722816636105584
1779882105,36.76701401951525
1779882120,36.75570159399968
1779882135,36.682091904249525
1779882150,36.75291294957026
1779882165,36.70061271253549
1779882180,36.75891116589014
1779882195,36.745388871204085
1779882210,36.75186063091764
1779882225,36.76627739645843
1779882240,36.823523531160475
1779882255,36.78064154606656
1779882270,36.75433357975129
1779882285,36.72265878830768
1779882300,36.76364659982689
1779882315,36.76206812184798
1779882330,36.61053423587196
1779882345,36.68361776629582
1779882360,36.75728007197859
1779882375,36.699823473546026
1779882390,36.708662950227954
1779882405,36.73554969180217
1779882420,36.820419191135265
1779882435,36.8230499877668
1779882450,36.79579493466416
1779882465,36.694772344013494
1779882480,36.66478126241407
1779882495,36.64989095347963
1779882510,36.65688887251949
1779882525,36.65857258236367
1779882540,36.69266770670827
1779882555,36.660045828477315
1779882570,36.613059800638226
1779882585,36.57365046709794
1779882600,36.59995843341323
1779882615,36.626739943122175
1779882630,36.57628126372947
1779882645,36.672831500106554
1779882660,36.67014808754239
1779882675,36.73381336602537
1779882690,36.68351253443055
1779882705,36.715766101133084
1779882720,36.71508209400889
1779882735,36.77490640940984
1779882750,36.75906901368804
1779882765,36.75696437638282
1779882780,36.683828230026336
1779882795,36.736707242320044
1779882810,36.70292781357123
1779882825,36.64647091785864
1779882840,36.70903126175637
1779882855,36.65688887251949
1779882870,36.60811390297096
1779882885,36.81042216393546
1779882900,36.70187549491861
1779882915,36.81994564774159
1779882930,36.76217335371324
1779882945,36.811790178183855
1779882960,36.836730130250736
1779882975,36.80126699165774
1779882990,36.81042216393546
1779883005,36.864879654208096
1779883020,36.892766098502285
1779883035,36.845411759134784
1779883050,36.89402888088542
1779883065,36.85493524294091
1779883080,37.43123755304344
1779883095,36.84362281742535
1779883110,37.0539287001497
1779883125,37.07855295662079
1779883140,37.064083575147386
1779883155,36.8325208556403
1779883170,36.65488946707952
1779883185,36.843149274031674
1779883200,36.86430087894915
1779883215,36.82383922675625
1779883230,36.92086300652701
1779883245,37.14600658225318
1779883260,36.92438827401325
1779883275,37.0120990337084
1779883290,37.13253690349975
1779883305,36.866405516254375
1779883320,36.904815147074686
1779883335,36.92133654992068
1779883350,36.769434352416255
1779883365,36.754123116020764
1779883380,36.8526727578378
1779883395,36.83746675330757
1779883410,36.829784827143506
1779883425,36.63721051371566
1779883440,36.5959596225333
1779883455,36.89160854798441
1779883470,36.894397192413834
1779883485,36.7869028420496
1779883500,36.8394135428149
1779883515,36.843044042166404
1779883530,36.768013722235224
1779883545,36.65920397355523
1779883560,36.84430682454954
1779883575,36.65904612575734
1779883590,36.61821616203602
1779883605,36.93233327984047
1779883620,36.90286835756736
1779883635,36.80594980966186
1779883650,36.94264600263606
1779883665,36.70508506680908
1779883680,36.62168881358965
1779883695,36.595486079139626
1779883710,36.58890908756081
1779883725,36.724763425612906
1779883740,36.64042008560612
1779883755,36.935069308337255
1779883770,36.632843391307325
1779883785,36.514457542888564
1779883800,36.50898548589498
1779883815,36.47888917243031
1779883830,36.5422387553175
1779883845,36.70455890748278
1779883860,36.72697329478339
1779883875,36.84693762118108
1779883890,36.7648567662774
1779883905,36.791375196323195
1779883920,36.88987222220761
1779883935,36.72460557781502
1779883950,36.90192127078
1779883965,36.6825654476432
1779883980,36.77780028570451
1779883995,36.83094237766138
1779884010,36.75201847871554
1779884025,36.68777442497363
1779884040,36.698350227432364
1779884055,36.880559202132005
1779884070,36.851462591387296
1779884085,36.89113500459074
1779884100,36.897080604977994
1779884115,36.84499083167374
1779884130,36.846043150326345
1779884145,36.883400462494045
1779884160,36.88734665744134
1779884175,36.76322567236585
1779884190,36.64952264195121
1779884205,36.75217632651343
1779884220,36.698139763701846
1779884235,36.7719073012499
1779884250,36.73391859789062
1779884265,36.63131752926103
1779884280,36.61837400983392
1779884295,36.713503616029975
1779884310,36.65925658948787
1779884325,36.69471972808086
1779884340,36.74254761084204
1779884355,36.72123815812667
1779884370,36.90860349422409
1779884385,36.75343910889657
1779884400,36.67077947873395
1779884415,36.65173251112169
1779884430,36.74517840747357
1779884445,36.76359398389426
1779884460,36.782009560314954
1779884475,36.7121882177142
1779884490,36.76617216459316
1779884505,36.771065446327796
1779884520,36.68761657717573
1779884535,36.692404627045114
1779884550,36.91591710885973
1779884565,37.008784229952674
1779884580,36.65425807588796
1779884595,37.0050484987359
1779884610,36.66772775464139
1779884625,36.66130861086045
1779884640,36.704137980021734
1779884655,36.73718078571372
1779884670,36.61742692304657
1779884685,36.71597656486361
1779884700,36.75422834788602
1779884715,36.87361389902476
1779884730,36.93096526559208
1779884745,36.91391770341978
1779884760,36.77827382909818
1779884775,36.80605504152713
1779884790,36.78600837119488
1779884805,36.93801580056457
1779884820,36.77885260435713
1779884835,36.97621496765435
1779884850,36.741547908122065
1779884865,36.853725076490406
1779884880,36.79795218790202
1779884895,36.74423132068622
1779884910,36.66767513870875
1779884925,36.652732213841674
1779884940,36.694667112148224
1779884955,36.695508967070325
1779884970,36.77727412637821
1779884985,36.99905028241602
1779885000,36.65089065619961
1779885015,36.919494992278615
1779885030,36.778799988424495
1779885045,36.82894297222143
1779885060,36.84567483879794
1779885075,36.81394743142171
1779885090,36.97090075845867
1779885105,37.04130087631836
1779885120,37.1069655602413
1779885135,36.903131437230506
1779885150,37.22372031474851
1779885165,37.02651579924917
1779885180,37.43313172661814
1779885195,36.993209913894034
1779885210,36.82604909592674
1779885225,36.71729196317936
1779885240,37.003206941093836
1779885255,36.759384709283815
1779885270,36.75633298519124
1779885285,36.80668643271869
1779885300,36.77422240228564
1779885315,36.771749453451996
1779885330,36.80263500590614
1779885345,36.81989303180896
1779885360,36.69061568533568
1779885375,36.68472270088105
1779885390,36.663360632233044
1779885405,36.71076758753318
1779885420,36.788165624432736
1779885435,36.67614630386227
1779885450,36.94748666843807
1779885465,36.84814778763157
1779885480,36.75096616006292
1779885495,36.9008689521274
1779885510,36.90470991520942
1779885525,36.89918524228322
1779885540,37.12311865155888
1779885555,36.62652947939166
1779885570,36.59369713743018
1779885585,36.799478049948306
1779885600,36.6224780525791
1779885615,36.54744773264792
1779885630,36.550025913346815
1779885645,36.89455504021173
1779885660,36.733497670429585
1779885675,36.831994696313984
1779885690,36.842307419109574
1779885705,36.79321675396526
1779885720,36.844464672347435
1779885720,36.844464672347435
1779885735,37.05056128046134
1779885750,37.05561240999386
1779885765,37.05908506154749
1779885780,36.995472398997144
1779885795,37.03856484782156
1779885810,37.15979195660238
1779885825,37.16957852007167
1779885840,37.11359516775274
1779885855,37.10654463278025
1779885870,37.225772336121096
1779885885,37.08723458550484
1779885900,37.065872516856835
1779885915,37.09365372928577
1779885930,37.10201966257402
1779885945,37.08197299224179
1779885960,36.97321585949441
1779885975,36.6099028446804
1779885990,36.69924469828709
1779886005,36.73923280708631
1779886020,36.75259725397447
1779886035,36.728341309031784
1779886050,36.754701891279694
1779886065,36.731445649056994
1779886080,36.759542557081716
1779886095,36.6539949962248
1779886110,36.582858255308295
1779886125,36.595328231341725
1779886140,36.56218019378448
1779886155,36.668780073293995
1779886170,36.63689481811987
1779886185,36.63052829027158
1779886200,36.66820129803505
1779886215,36.51956128835373
1779886230,36.622057125118054
1779886245,36.54892097876158
1779886260,36.66220308171517
1779886275,36.67141086992552
1779886290,36.74196883558311
1779886305,36.70792632717112
1779886320,36.705453378337495
1779886335,36.602431382246856
1779886350,36.554656115418304
1779886365,36.683775614093705
1779886380,36.701507183390206
1779886395,36.73307674296854
1779886410,36.69329909789983
1779886425,36.730498562269645
1779886440,36.72986717107808
1779886455,36.96937489641239
1779886470,36.78774469697169
1779886485,36.78732376951065
1779886500,36.79595278246206
1779886515,36.80763351950604
1779886530,36.785166516272795
1779886545,37.02025450326614
1779886560,36.8950285836054
1779886575,36.519456056488465
1779886590,36.52135023006316
1779886605,36.55439303575516
1779886620,36.49088560507007
1779886635,36.56165403445818
1779886650,36.53529345221026
1779886665,36.54071289327121
1779886680,36.593013130305984
1779886695,36.60064244053742
1779886710,36.5073017760508
1779886725,36.539871038349126
1779886740,36.482782751444965
1779886755,36.581174545464116
1779886770,36.728341309031784
1779886785,36.61984725594757
1779886800,36.659467053218386
1779886815,37.64438469612984
1779886830,37.81038796357925
1779886845,37.97554937610658
1779886860,37.96997208724774
1779886875,37.991439387761005
1779886890,38.167123986814445
1779886905,37.75187904649406
1779886920,37.67874290013759
1779886935,37.809388260859265
1779886950,37.775135288716776
1779886965,37.818859128732775
1779886980,37.81891174466541
1779886995,37.775819295840975
1779887010,37.79633950956689
1779887025,37.758087726544474
1779887040,37.77034723884739
1779887055,37.83722208922084
1779887070,37.86531899724556
1779887085,37.75598308923925
1779887100,37.68542512358167
1779887115,37.73183237616182
1779887130,37.70441947526131
1779887145,36.990789580993024
1779887160,36.798951890622
1779887175,36.913444160026096
1779887190,37.118856761015806
1779887205,37.076395703382936
1779887220,37.05103482385501
1779887235,37.08155206478073
1779887250,36.98247626363739
1779887265,36.84430682454954
1779887280,36.81121140292491
1779887295,36.918179593962854
1779887310,37.02504255313551
1779887325,36.91523310173553
1779887340,36.77832644503082
1779887355,36.79768910823886
1779887370,36.8394135428149
1779887385,36.86219624164393
1779887400,36.91375985562188
1779887415,36.9217048614491
1779887430,36.963481911957764
1779887445,36.95274826170113
1779887460,36.91433863088081
1779887475,36.95122239965484
1779887490,37.050140353000295
1779887505,37.070765798591474
1779887520,37.06597774872209
1779887535,37.046457237716155
1779887550,37.06429403887791
1779887565,37.05398131608232
1779887580,37.08186776037652
1779887595,37.51500211779128
1779887610,37.023464075156596
1779887625,36.896028286325375
1779887640,36.91991591973965
1779887655,36.87950688347939
1779887670,36.913444160026096
1779887685,37.13032703432927
1779887700,37.0270945745081
1779887715,37.0656620531263
1779887730,37.027357654171254
1779887745,36.655415626405826
1779887760,36.643156114102915
1779887775,36.86203839384604
1779887790,36.800740832331435
1779887805,36.85914451755136
1779887820,36.842780962503255
1779887835,36.92938678761316
1779887850,36.88250599163933
1779887865,36.958799093953644
1779887880,36.87940165161413
1779887895,36.83620397092443
1779887910,36.79458476821367
1779887925,36.83104760952665
1779887940,37.05156098318132
1779887955,36.80984338867652
1779887970,36.8256281684657
1779887985,36.87955949941202
1779888000,36.86072299553028
1779888015,36.88166413671724
1779888030,36.92312549163012
1779888045,36.9513276315201
1779888060,37.02314837956081
1779888075,37.00457495534223
1779888090,36.97937192361219
1779888105,37.004732803140115
1779888120,37.01320396829364
1779888135,37.06061092359377
1779888150,37.00862638215479
1779888165,37.00047091259704
1779888180,36.91923191261546
1779888195,37.05082436012449
1779888210,37.25892037367835
1779888225,36.99626163798659
1779888240,36.66993762381187
1779888255,36.64562906293655
1779888270,36.56339036023498
1779888285,37.15889748574766
1779888300,36.74091651693049
1779888315,36.749071986488225
1779888330,36.814210511084866
1779888345,36.762489049309025
1779888360,36.64925956228806
1779888375,36.62468792174959
1779888390,36.83257347157293
1779888405,36.68367038222844
1779888420,36.72234309271191
1779888435,36.76075272353221
1779888450,36.7521237105808
1779888465,36.76638262832368
1779888480,36.75196586278291
1779888495,36.7281834612339
1779888510,36.708662950227954
1779888525,36.75680652858492
1779888540,36.74270545863993
1779888555,36.73754909724214
1779888570,36.74244237897678
1779888585,36.781325553190754
1779888600,36.763067824567955
1779888615,36.75575420993231
1779888630,36.945171567402326
1779888645,36.74833536343141
1779888660,36.8418338757159
1779888675,36.77032882327097
1779888690,36.94959130574329
1779888705,36.94096229279188
1779888720,36.79505831160734
1779888735,36.796058014327315
1779888750,36.78069416199919
1779888765,36.78927055901797
1779888780,36.78884963155693
1779888795,36.69756098844291
1779888810,36.75728007197859
1779888825,36.64426104868815
1779888840,36.50903810182762
1779888855,36.58822508043661
1779888870,36.591487268259705
1779888885,36.50835409470342
1779888900,36.55744475984773
1779888915,36.53334666270294
1779888930,36.42711509472183
1779888945,36.58227948004935
1779888960,36.51361568796647
1779888975,36.986159378921535
1779888990,36.82178720538366
1779889005,36.882085064178284
1779889020,36.87624469565629
1779889035,36.398544643303445
1779889050,36.507143928252916
1779889065,36.54371200143115
1779889080,36.852777989703064
1779889095,36.91528571766817
1779889110,36.49004375014798
1779889125,36.51682525985693
1779889140,36.64662876565653
1779889155,36.62321467563593
1779889170,36.896080902258014
1779889185,36.81121140292491
1779889200,36.55397210829411
1779889215,36.18629197107176
1779889230,36.77890522028976
1779889245,36.662781856974114
1779889260,36.93249112763836
1779889275,36.96490254213879
1779889290,37.121803253243115
1779889305,37.296803845172356
1779889320,37.5186326171428
1779889335,36.772433460576195
1779889350,36.9545898193432
1779889365,37.460071084124976
1779889380,37.66395782306841
1779889395,37.097757772030945
1779889410,37.02856782062176
1779889425,36.955115978669504
1779889440,37.07197596504197
1779889455,36.90660408878412
1779889470,36.86856276949223
1779889485,36.993683457287695
1779889500,36.97426817814703
1779889515,36.89402888088542
1779889530,36.855356170401954
1779889545,36.840413245534876
1779889560,36.77001312767519
1779889575,36.94054136533084
1779889590,37.15637192098139
1779889605,37.28822744815358
1779889620,37.50526817025464
1779889635,37.42434486586883
1779889650,37.37199201290142
1779889665,37.04387905701726
1779889680,37.24418791254179
1779889695,36.78416681355281
1779889710,36.76664570798683
1779889725,36.798425731295694
1779889740,36.916443268186036
1779889755,36.8759290000605
1779889770,36.85435646768198
1779889785,36.88098012959304
1779889800,36.850725968330465
1779889815,36.25553453841358
1779889830,36.38549589201106
1779889845,36.528242917237776
1779889860,36.70203334271651
1779889875,36.70329612509964
1779889890,36.76622478052579
1779889905,36.73712816978109
1779889920,36.7028751976386
1779889935,36.74407347288833
1779889950,36.771170678193066
1779889965,36.894449808346465
1779889980,36.72870962056021
1779889995,36.97479433747333
1779890010,37.309115973407906
1779890025,37.30569593778692
1779890040,36.94054136533084
1779890055,36.99768226816762
1779890070,36.99652471764975
1779890085,36.98247626363739
1779890100,36.88029612246885
1779890115,36.897817228034825
1779890130,36.928965860152104
1779890145,37.34863053881345
1779890160,37.276441479244326
1779890175,37.004469723476966
1779890190,36.916495884118675
1779890205,36.95964094887573
1779890220,37.02556871246182
1779890235,36.90991889253985
1779890250,36.89597567039276
1779890265,36.84383328115587
1779890280,36.912602305104
1779890295,37.088129056359556
1779890310,36.97290016389863
1779890325,37.15468821113721
1779890340,37.01162549031473
1779890355,37.21703809130443
1779890370,37.12522328886409
1779890385,36.998734586820234
1779890400,36.92665075911636
1779890415,36.22991057922249
1779890430,36.604430787686816
1779890445,36.6667280519214
1779890460,36.66457079868355
1779890475,36.79221705124529
1779890490,36.99089481285828
1779890505,36.833678406158164
1779890520,36.88587341132769
1779890535,36.86751045083961
1779890550,36.8311528413919
1779890565,36.73865403182738
1779890580,36.74659903765459
1779890595,36.78800777663484
1779890610,36.79411122481999
1779890625,36.81231633751017
1779890640,36.90397329215259
1779890655,36.89644921378643
1779890670,36.69461449621559
1779890685,36.81689392364902
1779890700,36.725131737141325
1779890715,36.76922388868573
1779890730,36.72386895475819
1779890745,36.68409130968948
1779890760,36.706400465124844
1779890775,36.63426402148835
1779890790,36.60569357006995
1779890805,36.59159250012496
1779890820,36.644681976149194
1779890835,36.63084398586736
1779890850,36.51914036089268
1779890865,36.96763857063557
1779890880,36.54255445091328
1779890895,36.68987906227885
1779890910,36.58159547292515
1779890925,36.74133744439153
1779890940,36.37691949499228
1779890955,36.54902621062684
1779890970,36.69187846771881
1779890985,37.02498993720288
1779891000,36.58943524688711
1779891015,36.381128769602725
1779891030,36.95895694175153
1779891045,36.73102472159595
1779891060,36.69335171383247
1779891075,36.91554879733132
1779891090,36.87261419630479
1779891105,37.40435081146922
1779891120,37.72804402901242
1779891135,37.12154017357996
1779891150,36.861880546048155
1779891165,36.831994696313984
1779891180,37.13600955505336
1779891195,37.258657294015194
1779891210,37.107070792106555
1779891225,37.33326668648533
1779891240,37.90988469218364
1779891255,37.29633030177868
1779891270,37.272863595825456
1779891285,37.26449766253719
1779891300,37.18362697408403
1779891315,37.134536308939715
1779891330,37.06297864056215
1779891345,37.34031722145783
1779891360,37.447074948765234
1779891375,37.33221436783273
1779891390,37.005679889927464
1779891405,37.25160675904271
1779891420,36.99789273189814
1779891435,37.030514610129096
1779891450,37.20961924480351
1779891465,36.9773199022396
1779891480,36.8786650285573
1779891495,36.86430087894915
1779891510,36.84651669372002
1779891525,36.88708357777819
1779891540,36.68966859854833
1779891555,36.67835617303275
1779891570,36.707137088181675
1779891585,36.72134338999192
1779891600,36.766435244256314
1779891615,36.455369850544436
1779891630,36.68887935955887
1779891645,36.768118954100494
1779891660,36.718817825225656
1779891675,36.790428109535846
1779891690,36.928124005230025
1779891705,37.336844569904216
1779891720,37.450705448116736
1779891735,37.09628452591729
1779891750,37.08707673770695
1779891765,37.1246971295378
1779891780,37.07723755830503
1779891795,37.061715858179014
1779891810,37.06145277851586
1779891825,37.02178036531242
1779891840,37.05235022217077
1779891855,37.07560646439349
1779891870,36.896870141247476
1779891885,36.81899856095424
1779891900,36.67830355710012
1779891915,36.77164422158674
1779891930,36.87392959462055
1779891945,36.92291502789959
1779891960,36.908129950830414
1779891975,36.89255563477176
1779891990,36.579122524091524
1779892005,36.63147537705893
1779892020,36.664728646481436
1779892035,36.671937029251836
1779892050,36.985738451460485
1779892065,36.979108843949035
1779892080,36.954747667141085
1779892095,36.81768316263848
1779892110,37.18757316903132
1779892125,37.02230652463873
1779892140,36.889451294746564
1779892155,37.12390789054834
1779892170,36.94632911792019
1779892185,36.947749748101224
1779892200,36.92691383877952
1779892215,36.15282823791872
1779892230,36.67230534078024
1779892245,36.700770560333375
1779892260,36.62668732718954
1779892275,36.52671705519148
1779892290,36.60037936087427
1779892305,36.66272924104148
1779892320,36.68540670800525
1779892335,36.64804939583755
1779892350,36.8015300713209
1779892365,36.95964094887573
1779892380,36.59190819572075
1779892395,36.979792851073235
1779892410,37.11733089896951
1779892425,37.04735170857087
1779892440,37.04335289769095
1779892455,36.9816344087153
1779892470,36.84704285304633
1779892485,36.746967349183
1779892500,36.722764020172946
1779892515,36.652469134178524
1779892530,36.717344579112
1779892545,36.707189704114306
1779892560,36.70850510243007
1779892575,36.69098399686409
1779892590,36.67562014453597
1779892605,36.625740240402195
1779892620,36.62684517498743
1779892635,36.611113011130904
1779892650,36.64126194052821
1779892665,36.60206307071845
1779892680,36.66130861086045
1779892695,36.63894683949247
1779892710,36.66904315295715
1779892725,36.2557450021441
1779892740,37.37030830305726
1779892755,36.54423816075746
1779892770,36.57133536606219
1779892785,36.59164511605759
1779892800,36.630580906204216
1779892815,36.17387461097095
1779892830,36.50588114586978
1779892845,36.56133833886239
1779892860,36.6889319754915
1779892875,36.60658804092467
1779892890,36.546816341456356
1779892905,36.628107957370574
1779892920,36.693141250101945
1779892935,36.7540178841555
1779892950,36.66420248715514
1779892965,36.64036746967349
1779892980,36.67404166655706
1779892995,36.76317305643322
1779893010,36.749440298016644
1779893025,36.75459665941444
1779893040,36.402332990452834
1779893055,36.577491430179975
1779893070,36.69493019181138
1779893085,36.950117465069596
1779893100,36.66404463935724
1779893115,36.72728899037918
1779893130,37.1276436217651
1779893145,36.986054147056265
1779893160,36.93391175781938
1779893175,36.9778460615659
1779893190,37.327110622367556
1779893205,37.43886686327487
1779893220,36.60422032395629
1779893235,36.80331901303033
1779893250,36.798478347228325
1779893265,37.01067840352737
1779893280,37.055822873724395
1779893295,37.017992018163014
1779893310,37.068871625016776
1779893325,37.081183753252326
1779893340,37.167473882766444
1779893355,37.8371694732882
1779893370,37.20904046954458
1779893385,37.296751229239725
1779893400,37.285912347117836
1779893415,37.23034992225996
1779893430,36.96632317231982
1779893445,36.83267870343819
1779893460,36.946013422324405
1779893475,36.94248815483817
1779893490,36.87966473127727
1779893505,36.89034576560128
1779893520,36.79958328181356
1779893535,36.986843386045734
1779893550,36.985475371797335
1779893565,37.0038383322854
1779893580,36.70697924038379
1779893595,36.68235498391268
1779893610,36.898448619226386
1779893625,36.79989897740935
1779893640,36.90265789383683
1779893655,36.848410867294724
1779893670,36.904815147074686
1779893685,37.01625569238621
1779893700,37.04093256478994
1779893715,36.73812787250107
1779893730,36.81663084398586
1779893745,36.82068227079842
1779893760,36.99289421829825
1779893775,36.922862411966975
1779893790,36.84920010628419
1779893805,36.878033637365725
1779893820,36.76543554153633
1779893835,36.72686806291813
1779893850,36.795426623135754
1779893865,36.85319891716411
1779893880,36.72229047677927
1779893895,36.78548221186858
1779893910,36.72770991784022
1779893925,36.78058893013393
1779893940,36.66393940749199
1779893955,36.5661790046644
1779893970,36.63647389065883
1779893985,36.57233506878218
1779894000,36.54928929028999
1779894015,37.48790491248655
1779894030,37.74856424273835
1779894045,37.58987458992458
1779894060,37.528787492140495
1779894075,37.55451668319684
1779894090,37.56677619549976
1779894105,37.804126667596215
1779894120,37.61965520779347
1779894135,37.573774114539624
1779894150,37.32158594944135
1779894165,37.08502471633436
1779894180,37.062505097168476
1779894195,37.0126251930347
1779894210,37.08886567941639
1779894225,37.20588351358675
1779894240,37.22950806733787
1779894255,37.21161865024348
1779894270,36.98068732192795
1779894285,36.82141889385525
1779894300,36.975478344597526
1779894315,37.237716152828234
1779894330,37.36609902844681
1779894345,37.252501229897426
1779894360,37.36309992028686
1779894375,37.287385593231484
1779894390,37.086182266852234
1779894405,37.03998547800259
1779894420,36.98479136467314
1779894435,36.99699826104342
1779894450,37.26155117030988
1779894465,37.01509814186834
1779894480,36.96032495599992
1779894495,37.05156098318132
1779894510,36.99736657257184
1779894525,36.91491740613976
1779894540,36.896186134123276
1779894555,36.860407299934494
1779894570,36.99268375456772
1779894585,36.90807733489778
1779894600,36.90286835756736
1779894615,36.9556421379958
1779894630,37.00278601363279
1779894645,36.947697132168585
1779894660,36.8831373828309
1779894675,36.999102898348646
1779894690,37.1650009339328
1779894705,37.06266294496636
1779894720,37.08723458550484
1779894735,37.04061686919417
1779894750,37.067082683307326
1779894765,36.88887251948763
1779894780,36.948749450821204
1779894795,37.04466829600671
1779894810,36.92596675199217
1779894825,36.894502424279096
1779894840,36.85909190161873
1779894855,36.86056514773238
1779894870,36.922125788910144
1779894885,36.56396913549392
1779894900,36.61753215491183
1779894915,36.625003617345364
1779894930,36.62900242822529
1779894945,36.70366443662806
1779894960,36.72728899037918
1779894975,36.555761050003554
1779894990,36.53650361866077
1779895005,36.55844446256771
1779895020,36.62610855193061
1779895035,36.83767721703809
1779895050,36.78253571964126
1779895065,37.02919921181332
1779895080,36.99526193526662
1779895095,36.884137085550876
1779895110,36.76327828829849
1779895125,36.79647894178836
1779895140,36.78790254476958
1779895155,36.73702293791583
1779895170,36.78227263997811
1779895185,36.78790254476958
1779895200,36.88318999876352
1779895215,36.93948904667822
1779895230,36.98810616842886
1779895245,37.009152541481086
1779895260,37.327426317963344
1779895275,37.27891442807797
1779895290,37.36062697145323
1779895305,37.3555758419207
1779895320,37.23761092096297
1779895335,37.36309992028686
1779895350,37.464122510937536
1779895365,37.50632048890724
1779895380,37.613446527743065
1779895395,37.443707529076875
1779895410,37.402246174164
1779895425,37.470225959122686
1779895440,37.252501229897426
1779895455,37.21619623638234
1779895470,37.2131971282224
1779895485,37.22724558223476
1779895500,37.213512823818185
1779895515,37.13553601165969
1779895530,37.158108246758204
1779895545,37.16989421566744
1779895560,37.15058416839203
1779895575,37.188467639886035
1779895590,37.17073607058954
1779895605,37.04614154212037
1779895620,37.058821981884336
1779895635,37.00815283876111
1779895650,36.93391175781938
1779895665,36.92964986727632
1779895680,36.99394653695085
1779895695,36.98247626363739
1779895710,37.004101411948554
1779895725,36.96884873708608
1779895740,36.89308179409807
1779895755,36.960377571932554
1779895770,36.972689700168104
1779895785,36.97663589511539
1779895800,37.08565610752592
1779895815,37.23892631927874
1779895830,37.00347002075699
1779895845,37.082183455972306
1779895860,37.046930781109836
1779895875,37.02399023448291
1779895890,37.01957049614194
1779895905,37.162685832897054
1779895920,37.175734584189435
1779895935,37.14337578562164
1779895950,37.15284665349514
1779895965,37.11627858031691
1779895980,37.12222418070416
1779895995,36.969480128277645
1779896010,37.052192374372886
1779896025,37.05982168460431
1779896040,37.01441413474414
1779896055,37.0842354773449
1779896070,36.99699826104342
1779896085,37.03856484782156
1779896100,36.85319891716411
1779896115,37.02504255313551
1779896130,37.05655949678122
1779896145,36.97468910560807
1779896160,36.98863232775517
1779896175,36.95464243527583
1779896190,36.95206425457693
1779896205,37.096021446254134
1779896220,36.925756288261645
1779896235,36.90397329215259
1779896250,36.83951877468016
1779896265,36.896396597853794
1779896280,36.9413306043203
1779896295,36.946066038257044
1779896310,36.875034529205784
1779896325,37.01767632256724
1779896340,36.897448916506406
1779896355,36.90386806028734
1779896370,36.994788391872945
1779896385,36.933438214425706
1779896400,36.983791661953155
1779896415,36.61726907524867
1779896430,36.8445699042127
1779896445,36.89629136598853
1779896460,36.880664433997254
1779896475,36.94917037828225
1779896490,37.136114786918625
1779896505,37.32358535488132
1779896520,36.96942751234501
1779896535,37.12548636852725
1779896550,37.066398676183134
1779896565,36.932754207301514
1779896580,36.93533238800041
1779896595,37.20446288340572
1779896610,37.24834457121962
1779896625,37.133063062826054
1779896640,37.204515499338356
1779896655,37.24487191966599
1779896670,37.06439927074317
1779896685,36.92365165095642
1779896700,37.012730424899964
1779896715,36.75186063091764
1779896730,36.92675599098163
1779896745,36.97795129343117
1779896760,36.84057109333278
1779896775,36.88718880964345
1779896790,36.901447727386326
1779896805,36.88597864319294
1779896820,36.82215551691208
1779896835,36.80321378116508
1779896850,37.075922159989275
1779896865,36.872877275967944
1779896880,37.122434644434676
1779896895,37.278809196212706
1779896910,37.33915967093996
1779896925,37.18173280050932
1779896940,37.10791264702865
1779896955,37.15558268199194
1779896970,37.127485773967216
1779896985,36.98247626363739
1779897000,37.05692780830964
1779897015,36.540660277338574
1779897030,37.0613475466506
1779897045,37.02893613215018
1779897060,37.014098439148356
1779897075,37.070397487063055
1779897090,37.1479533717605
1779897105,37.23945247860505
1779897120,37.19041442939336
1779897135,37.12953779533981
1779897150,37.138324656089104
1779897165,37.34931454593765
1779897180,37.320428398923475
1779897195,37.00967870080739
1779897210,36.8919242435802
1779897225,36.91128690678824
1779897240,36.859354981281875
1779897255,36.865721509130175
1779897270,36.918442673626
1779897285,36.98758000910256
1779897300,36.89476550394225
1779897315,36.805791961863974
1779897330,36.86224885757656
1779897345,36.828785124423526
1779897360,36.85756603957244
1779897375,36.86272240097024
1779897390,36.90907703761776
1779897405,36.87008863153851
1779897420,36.75564897806704
1779897435,36.693877873158776
1779897450,36.68493316461158
1779897465,36.80037252080302
1779897480,36.74565195086724
1779897495,37.19004611786495
1779897510,36.97132168591971
1779897525,37.32816294102017
1779897540,37.525156992788986
1779897555,37.61386745520411
1779897570,37.232033632104134
1779897585,37.1703151431285
1779897600,37.26786508222555
1779897615,37.243872216946016
1779897630,37.45607227324507
1779897645,38.189064830721385
1779897660,38.283142118264834
1779897675,38.009381420788024
1779897690,38.16301994406926
1779897705,38.41499764543701
1779897720,38.61541173282682
1779897735,38.86723158639668
1779897750,38.57426607350972
1779897765,39.06896107210225
1779897780,38.65766232672916
1779897795,38.81787784158921
1779897810,38.60025834422922
1779897825,37.84974468118691
1779897840,37.59429432826554
1779897855,37.689792245990006
1779897870,37.778081780944085
1779897885,37.74887993833412
1779897900,37.729832970721866
1779897915,37.5427307142876
1779897930,37.59871406660651
1779897945,36.82815373323196
1779897960,36.90349974875892
1779897975,36.95911478954942
1779897990,36.94101490872451
1779898005,36.97532049679963
1779898020,37.043195049893065
1779898035,37.039880246137336
1779898050,36.96600747672403
1779898065,36.998471507157085
1779898080,36.979792851073235
1779898095,36.926124599790064
1779898110,36.92091562245964
1779898125,36.999786905472845
1779898140,36.99952382580969
1779898155,36.95758892750314
1779898170,36.96590224485876
1779898185,36.990105573868824
1779898200,37.028041661295454
1779898215,36.95495813087161
1779898230,36.95658922478315
1779898245,37.01530860559886
1779898260,36.94959130574329
1779898275,37.006521744849564
1779898290,36.965744397060874
1779898305,36.94112014058977
1779898320,36.97774082970064
1779898335,36.95979879667362
1779898350,37.004680187207484
1779898365,37.05082436012449
1779898380,37.03288232709747
1779898395,37.010836251325266
1779898410,37.03551312372899
1779898425,36.96774380250083
1779898440,36.982213183974245
1779898455,37.01225688150629
1779898470,37.02698934264285
1779898485,36.95800985496418
1779898500,37.077342790170285
1779898515,37.05235022217077
1779898530,38.41857552885589
1779898545,46.38594312743842
1779898560,46.42798325761024
1779898575,45.537300750040124
1779898590,45.439698195010436
1779898605,45.41607364125932
1779898620,45.44869551949026
1779898635,45.444223165216656
1779898650,45.48094908619279
1779898665,45.23449605775125
1779898680,45.10974368148419
1779898695,45.020559675675386
1779898710,44.91722198398897
1779898725,44.87649725213292
1779898740,44.970785003406874
1779898755,44.94726568152102
1779898770,44.96199814265758
1779898785,44.9863067035329
1779898800,45.033292731371986
1779898815,45.0634416607693
1779898830,45.03687061479087
1779898845,45.039606643287655
1779898860,45.21776419117472
1779898875,45.14752192111293
1779898890,45.16199130258634
1779898905,45.18477400141537
1779898920,45.288900932091245
1779898935,45.34262179930705
1779898950,45.30857929089508
1779898965,45.39208077597977
1779898980,45.39392233362184
1779898995,45.24701864971732
1779899010,45.37203410564753
1779899025,45.277114963181994
1779899040,45.34646276238908
1779899055,45.32152281032219
1779899070,45.32041787573695
1779899085,45.37713785111269
1779899100,45.435699384130515
1779899115,45.42375556742337
1779899130,45.576973163243565
1779899145,45.39081799359664
1779899160,45.41281145343622
1779899175,45.36582542559713
1779899190,45.31252548584237
1779899205,45.304633095947786
1779899220,45.283271027299776
1779899235,45.28458642561554
1779899250,45.31410396382128
1779899265,45.33125675785885
1779899280,45.173987735226106
1779899295,45.19171930452261
1779899310,45.34046454606919
1779899325,45.2094508738191
1779899340,45.40218303504484
1779899355,45.486526375051625
1779899370,45.45216817104387
1779899385,45.359827209277235
1779899400,45.51362358035637
1779899415,45.69372791775077
1779899430,45.7874368937658
1779899445,45.70998624093362
1779899460,45.719614956605014
1779899475,45.722614064764954
1779899490,45.629273400278336
1779899505,45.356985948915195
1779899520,45.43748832583995
1779899535,45.40402459268691
1779899550,45.203557889364475
1779899565,45.3131042611013
1779899580,45.277588506575675
1779899595,45.29574100333322
1779899610,45.27416847095469
1779899625,45.38766103763881
1779899640,45.32525854153896
1779899655,45.65915925001249
1779899670,45.641006753254956
1779899685,45.73634682318153
1779899700,45.68436228174253
1779899715,45.719614956605014
1779899730,45.69414884521182
1779899745,45.6799951593342
1779899760,45.64916222281269
1779899775,45.66978766840387
1779899790,45.63853380442132
1779899805,45.71119640738412
1779899820,45.9721714332317
1779899835,45.97532838918953
1779899850,45.8893539552712
1779899865,45.95780728362355
1779899880,45.913872979877034
1779899895,46.034994856792586
1779899910,46.27850139300682
1779899925,46.09455609253038
1779899940,46.163167268680624
1779899955,46.166166376840565
1779899970,46.1744796941962
1779899985,46.227306090557285
1779900000,46.29923207046326
1779900015,46.251193723971554
1779900030,46.77177576141831
1779900045,47.066267136351556
1779900060,46.76982897191099
1779900075,46.93614793495618
1779900090,49.040732624245955
1779900105,49.05604386064144
1779900120,47.59632004167182
1779900135,49.344694867052695
1779900150,47.89417883629342
1779900165,48.019930915280455
1779900180,47.83161849239568
1779900195,47.77447758955889
1779900210,47.63867586743942
1779900225,47.582008507996306
1779900240,47.588322419911975
1779900255,47.57522105268697
1779900270,47.58716486939411
1779900285,47.544545963963344
1779900300,47.54165208766866
1779900315,46.69079984109988
1779900330,46.646549841757576
1779900345,46.612612565210874
1779900360,46.69706113708292
1779900375,46.74031143370524
1779900390,46.68706410988312
1779900405,46.73657570248847
1779900420,46.757569459608064
1779900435,46.6457079868355
1779900450,46.61719015134973
1779900465,46.60319431327
1779900480,46.46886583726418
1779900495,46.54605341043321
1779900510,46.487228797752245
1779900525,46.339535874858264
1779900540,46.459342353458055
1779900555,46.40635810929907
1779900570,46.33017023885002
1779900585,46.30565121424418
1779900600,46.26334800440921
1779900615,46.534320057456604
1779900630,46.668332837866636
1779900645,48.10322193663463
1779900660,53.896499198922434
1779900675,54.079023869217835
1779900690,53.432110977525106
1779900705,53.50430003709423
1779900720,53.52597780133802
1779900735,53.48693677932614
1779900750,53.499722450955375
1779900765,53.60542785961017
1779900780,53.830729283134225
1779900795,53.25774177678744
1779900810,55.406839545082654
1779900825,54.01341180122753
1779900840,53.96784640356947
1779900855,53.99904765161938
1779900870,55.7929352587257
1779900885,55.795355591626695
1779900900,54.27233480570251
1779900915,54.17567933746017
1779900930,55.545482527564175
1779900945,47.850034068816385
1779900960,48.4345970803419
1779900975,48.50510243006685
1779900990,48.12290029543846
1779901005,47.33555547955477
1779901020,45.66978766840387
1779901035,45.748238023956034
1779901050,45.70856561075259
1779901065,46.05093748437965
1779901080,46.091609600303066
1779901095,46.09345115794514
1779901110,46.28234235608885
1779901125,46.216046280974346
1779901140,46.2118370063639
1779901155,46.29097136904026
1779901170,46.245616435112716
1779901185,46.250299253116836
1779901200,46.10202755496392
1779901215,47.97357627863293
1779901230,47.46009739209129
1779901245,47.50829358638089
1779901260,47.53675880593402
1779901275,47.635781991144746
1779901290,47.009284081312664
1779901305,47.12903794397981
1779901320,47.22385185458009
1779901335,47.272574208195984
1779901350,47.21885334098018
1779901365,47.27446838177068
1779901380,47.19975375743529
1779901395,47.18880964344814
1779901410,46.76119995895958
1779901425,46.507643779612906
1779901440,46.443610189601515
1779901455,46.44439942859098
1779901470,46.51322106847174
1779901485,46.52306024787366
1779901500,46.43319223494067
1779901515,46.39478260412035
1779901530,46.03404777000524
1779901545,46.124231478534014
1779901560,46.1815302291687
1779901575,46.53710870188602
1779901590,46.578990984259946
1779901605,46.663281708334104
1779901620,46.83154746088663
1779901635,46.595985930499616
1779901650,46.59935335018797
1779901665,46.56578438516967
1779901680,46.4570272524223
1779901695,46.801240683691425
1779901710,48.408657425555035
1779901725,48.970332506386264
1779901740,49.08387768900301
1779901755,48.579553974739085
1779901770,48.41660243138225
1779901785,48.547563487699705
1779901800,47.58774364465304
1779901815,46.03852012427884
1779901830,46.057567091891094
1779901845,46.03010157505795
1779901860,46.30081054844217
1779901875,46.42477368571978
1779901890,46.473022495942
1779901905,46.528584920799865
1779901920,46.53637207882919
1779901935,46.663281708334104
1779901950,46.7424686869431
1779901965,46.78687653408329
1779901980,46.80334532099665
1779901995,46.81265834107226
1779902010,46.64202487155136
1779902025,46.50959056912024
1779902040,48.12526801240684
1779902055,48.21424155448511
1779902070,48.54245974223454
1779902085,48.71419814634069
1779902100,48.76776116575861
1779902115,48.6832073620213
1779902130,48.64795468715882
1779902145,48.60149481864603
1779902160,48.42417912568104
1779902175,47.815307553280206
1779902190,46.05656738917111
1779902205,46.13170294096756
1779902220,46.18131976543817
1779902235,48.5711354255182
1779902250,48.421969256510565
1779902265,47.16013396016447
1779902280,46.805186878638715
1779902295,47.70402485576657
1779902310,48.70114939504832
1779902325,48.50878554535099
1779902340,48.66773827782791
1779902355,47.10020441289827
1779902370,46.79850465519464
1779902385,46.73373444212642
1779902400,46.754622967380755
1779902415,46.87448206191317
1779902430,46.866273976422804
1779902445,48.06339167563329
1779902460,48.50715445143944
1779902475,48.83705634903305
1779902490,47.435736215283356
1779902505,47.35849602618168
1779902520,48.97654118643666
1779902535,49.267349446085774
1779902550,49.33722340461916
1779902565,49.12139284896859
1779902580,48.849105397605456
1779902595,48.90798262621905
1779902610,48.16914970022073
1779902625,47.7433289574416
1779902640,47.74822223917624
1779902655,49.48154890782478
1779902670,48.32399838995246
1779902685,47.44252367059269
1779902700,47.00586404569168
1779902715,46.52774306587778
1779902730,46.57488694151476
1779902745,46.77919460791923
1779902760,46.772617616340405
1779902775,48.91177097336844
1779902790,47.49666546526954
1779902805,47.27367914278122
1779902820,47.268680629181326
1779902835,47.302880985391184
1779902850,47.24726594460068
1779902865,47.453573016445105
1779902880,47.464990673825945
1779902895,47.511345310473466
1779902910,47.5542799115
1779902925,47.494245132368526
1779902940,47.50718865179565
1779902955,47.46541160128699
1779902970,47.5088197457072
1779902985,47.48508996009082
1779903000,47.31971808383296
1779903015,47.3197706997656
1779903030,47.169341748374826
1779903045,47.27068003462128
1779903060,47.14471749190372
1779903075,47.09873116678461
1779903090,47.08231499580388
1779903105,47.0244900858429
1779903120,46.96834888572609
1779903135,47.20775137919513
1779903150,47.27667825094116
1779903165,47.34739406439664
1779903180,47.25963068876886
1779903195,47.251317371413236
1779903210,47.25584234161947
1779903225,47.23711106960299
1779903240,47.281992460136856
1779903255,47.302880985391184
1779903270,47.3184026855172
1779903285,47.28036136622531
1779903300,47.33292468292324
1779903315,47.342606014527256
1779903330,47.375017429027686
1779903345,47.02669995501337
1779903360,46.81939318044898
1779903375,46.707689555474296
1779903390,46.72357956712872
1779903405,46.728051921402326
1779903420,46.65460007945006
1779903435,46.609297761455146
1779903450,46.66612296869616
1779903465,46.76388337152373
1779903480,46.67901387219063
1779903495,46.68453854511685
1779903510,46.66970085211503
1779903525,46.786666070352766
1779903540,47.037223141539485
1779903555,46.908419338459886
1779903570,46.821550433686824
1779903585,47.01480875423887
1779903600,46.7411006726947
1779903615,46.85822373873032
1779903630,46.88795174066659
1779903645,46.86743152694067
1779903660,46.934253761381484
1779903675,46.99576178662661
1779903690,46.999813213439154
1779903705,47.07999989476813
1779903720,46.98150286888373
1779903735,46.957878315132604
1779903750,46.93072849389524
1779903765,46.95572106189475
1779903780,46.91988961177335
1779903795,46.929360479646846
1779903810,46.95714169207578
1779903825,46.84375435725692
1779903840,46.950933012025374
1779903855,46.966244248420864
1779903870,47.06174216614533
1779903885,46.92273087213539
1779903900,53.09694748666844
1779903915,54.31453278367222
1779903930,54.35257410296413
1779903945,54.175521489662295
1779903960,53.743071139371715
1779903975,55.70359340511901
1779903990,54.22950543654124
1779904005,54.42392130761115
1779904020,55.58178752107925
1779904035,55.80961450936959
1779904050,56.37097389460502
1779904065,54.94118854130219
1779904080,56.42506307334925
1779904095,54.971390086632134
1779904110,55.031109170167824
1779904125,55.07599056070169
1779904140,55.045473319775965
1779904155,55.09824710020441
1779904170,55.049472130655886
1779904185,55.186799714821646
1779904200,47.03369787405324
1779904215,47.483669329909794
1779904230,47.57811492898164
1779904245,48.96386074667271
1779904260,49.13154772396629
1779904275,49.28360776926861
1779904290,49.094663955192274
1779904305,49.15817138587736
1779904320,49.292289398152654
1779904335,49.44429682752234
1779904350,50.243111916719506
1779904365,50.18312975352066
1779904380,49.681962995214576
1779904395,48.556876507775314
1779904410,50.081212692015264
1779904425,48.79796271108855
1779904440,47.56917022043445
1779904455,49.31759766174796
1779904470,48.9177165737557
1779904485,48.30342556029391
1779904500,46.70479567917961
1779904515,46.75320233719973
1779904530,46.74636226595775
1779904545,46.82565447643201
1779904560,48.61522757706261
1779904575,48.765025137261816
1779904590,49.03231407502506
1779904605,49.36579385603754
1779904620,48.28800909203316
1779904635,48.29442823581409
1779904650,48.39360926882269
1779904665,48.35246360950559
1779904680,48.282589650972206
1779904695,48.29174482324993
1779904710,48.36877454862106
1779904725,48.49815712695962
1779904740,48.39187294304589
1779904755,48.56482151360253
1779904770,48.61838453302044
1779904785,48.592234414503054
1779904800,48.54324898122401
1779904815,48.530147613999
1779904830,48.571293273316094
1779904845,48.56671568717723
1779904860,48.54103911205352
1779904875,48.44754059976901
1779904890,48.439700825807066
1779904905,48.420022467003236
1779904920,47.18875702751551
1779904935,46.81260572513963
1779904950,46.727999305469694
1779904965,46.844280516583225
1779904980,46.89852754312533
1779904995,46.922520408404864
1779905010,46.904683607243115
1779905025,46.861643774351315
1779905040,46.81870917332478
1779905055,46.739627426581045
1779905070,46.89510750750435
1779905085,46.747572432408255
1779905100,46.844964523707425
1779905115,46.749256142252435
1779905130,46.80181945895037
1779905145,46.69842915133131
1779905160,46.71600287282992
1779905175,46.82507570117307
1779905190,46.80576565389766
1779905205,46.83880845958966
1779905220,46.799714821645146
1779905235,46.712951148737346
1779905250,46.82481262150991
1779905265,47.03359264218798
1779905280,46.910681823562996
1779905295,46.67238426467919
1779905310,46.827338186276194
1779905325,46.74441547645043
1779905340,46.78350911439493
1779905355,46.907630099470424
1779905370,46.90084264416108
1779905385,46.89016160983708
1779905400,46.900369100767406
1779905415,46.81144817462176
1779905430,46.768671421393115
1779905445,46.82107689029314
1779905460,46.75209740261449
1779905475,46.76535661763739
1779905490,46.98050316616374
1779905505,46.895949362426435
1779905520,46.864905962174404
1779905535,47.01212534167472
1779905550,46.871798649349
1779905565,46.91252338120506
1779905580,46.881900908414075
1779905595,46.8511205878252
1779905610,46.841965415547484
1779905625,47.01738693493777
1779905640,46.75641190909019
1779905655,46.654547463517424
1779905670,46.567994254340164
1779905685,46.53526714424395
1779905700,46.613980579459266
1779905715,46.55752368374667
1779905730,46.66107183916361
1779905745,46.67885602439274
1779905760,46.6324487718126
1779905775,46.53284681134294
1779905790,46.53005816691353
1779905805,46.4243001423261
1779905820,46.70263842594176
1779905835,46.56583700110231
1779905850,46.454606919521304
1779905865,46.38773206914786
1779905880,46.43456024918906
1779905895,46.4072525801538
1779905910,46.38910008339625
1779905925,46.42819372134076
1779905940,46.44582005877199
1779905955,46.403043305543356
1779905970,46.51532570577697
1779905985,46.55794461120772
1779906000,46.490596217440604
1779906015,46.4874918774154
1779906030,46.50043539684252
1779906045,46.55815507493825
1779906060,46.51374722779805
1779906075,46.66970085211503
1779906090,46.63976238644823
1779906105,46.54905251859316
1779906120,46.62502992531168
1779906135,46.79776803213781
1779906150,46.832599779539244
1779906165,46.67280519214023
1779906180,46.83544103990129
1779906195,46.90610423742414
1779906210,46.84975257357681
1779906225,46.891003464759166
1779906240,46.863327484195494
1779906255,46.678908640325375
1779906270,46.7006390205018
1779906285,46.634869104713594
1779906300,46.68438069731895
1779906315,46.61429627505505
1779906330,46.54557986703954
1779906345,46.52311286380629
1779906360,46.714634858581526
1779906375,46.671700257554996
1779906390,46.778826296390804
1779906405,46.89957986177794
1779906420,47.0694240923094
1779906435,47.1042032237782
1779906450,46.98302873093001
1779906465,46.985922607224694
1779906480,47.191282592281766
1779906495,47.06279448479794
1779906510,47.141244840350105
1779906525,47.08999692196794
1779906540,47.037959764596316
1779906555,47.20901416157827
1779906570,47.08273592326493
1779906585,47.0504823565624
1779906600,47.12167171341154
1779906615,47.0441158287141
1779906630,46.98097670955742
1779906645,46.871956497146904
1779906660,46.93214912407626
1779906675,47.038275460192104
1779906690,46.98550167976365
1779906705,47.41111195881225
1779906720,47.434789128496
1779906735,47.108517730253894
1779906750,47.05674365254543
1779906765,47.07452783777456
1779906780,47.016966007476725
1779906795,47.325716300152855
1779906810,47.07789525746291
1779906825,47.81115089460239
1779906840,47.57122224180704
1779906855,47.79931230976052
1779906870,47.54722937652751
1779906885,47.775266828548354
1779906900,47.71149631820012
1779906915,47.78226474758822
1779906930,47.73864613943748
1779906945,47.79957538942368
1779906960,47.969419619955126
1779906975,47.89149542372926
1779906990,47.224956789165326
1779907005,46.81150079055438
1779907020,46.76204181388166
1779907035,46.90778794726831
1779907050,46.786981765948546
1779907065,47.007652987401116
1779907080,46.80708105221342
1779907095,46.945092643503386
1779907110,46.88137474908777
1779907125,47.12251356833362
1779907140,46.94167260788239
1779907155,46.93051803016471
1779907170,46.96640209621875
1779907185,46.99239436693825
1779907200,46.983660122121584
1779907215,46.95603675749054
1779907230,47.02585810009129
1779907245,47.033276946592196
1779907260,47.07573800422505
1779907275,47.02038604309771
1779907290,46.98239733973845
1779907305,47.018702333253536
1779907320,47.021911905143995
1779907320,47.021911905143995
1779907335,46.97513634103543
1779907350,47.02417439024711
1779907365,46.94251446280448
1779907380,46.99555132289609
1779907395,47.071055186220946
1779907410,46.97850376072379
1779907425,46.98618568688785
1779907440,47.013230276259954
1779907455,47.037223141539485
1779907470,46.76835572579733
1779907485,46.772933311936185
1779907500,46.74746720054299
1779907515,46.94693420114545
1779907530,46.78708699781381
1779907545,46.729683015313874
1779907560,46.67764585794224
1779907575,46.75946363318276
1779907590,46.76067379963327
1779907605,46.76782956647102
1779907620,46.907682715403055
1779907635,46.9143123229145
1779907650,46.866379208288066
1779907665,46.768303109864696
1779907680,46.863958875387056
1779907695,46.86680013574911
1779907710,46.82139258588893
1779907725,46.958983249717846
1779907740,47.00817914672742
1779907755,46.986290918753106
1779907770,47.30745857153005
1779907785,47.37417557410559
1779907800,47.349919629162905
1779907815,47.29288395819138
1779907830,47.29956618163547
1779907845,47.26105131894989
1779907860,47.3657570248847
1779907875,47.36680934353732
1779907890,47.30077634808596
1779907905,47.259367609105716
1779907920,47.296724921273416
1779907935,47.39180191153684
1779907950,46.861275462822896
1779907965,46.78387742592335
1779907980,46.8821113721446
1779907995,47.01596630475674
1779908010,52.78404053531449
1779908025,53.988261385430114
1779908040,53.431321738535644
1779908055,55.481396321620146
1779908070,53.79947541915166
1779908085,53.81636513352608
1779908100,54.09728159784064
1779908115,53.491409133599745
1779908130,53.35045105008247
1779908145,53.4296906446241
1779908160,53.49882798010066
1779908175,53.51776971584765
1779908190,53.56186186739207
1779908205,53.69156014132639
1779908220,53.60416507722703
1779908235,53.47241478192011
1779908250,53.65041448200929
1779908265,53.36623582987164
1779908280,53.54960235508914
1779908295,53.59258957204831
1779908310,45.6168034242449
1779908325,45.60722732450614
1779908340,45.434962761073685
1779908355,45.44948475847972
1779908370,45.44474932454297
1779908385,45.545982378924165
1779908400,45.521515970250945
1779908415,46.95971987277468
1779908430,47.036591750347924
1779908445,47.05637534101701
1779908460,46.76714555934682
1779908475,46.78082570183078
1779908490,46.90079002822844
1779908505,46.867063215412266
1779908520,46.982607803468966
1779908535,46.76604062476159
1779908550,46.818603941459514
1779908565,46.73783848487161
1779908580,45.542614959235806
1779908595,45.62064438732693
1779908610,45.70419848834426
1779908625,45.637323637970816
1779908640,45.66620978498499
1779908655,45.73450526553946
1779908670,45.68204718070679
1779908685,45.60543838279669
1779908700,45.49157750458417
1779908715,45.61775051103225
1779908730,45.65147732384843
1779908745,45.58518124873393
1779908760,45.59491519627058
1779908775,45.52961882387606
1779908790,45.56087268785861
1779908805,45.6503723892632
1779908820,45.251596235856184
1779908835,45.607700867899815
1779908850,45.30000289387629
1779908865,45.28442857781765
1779908880,45.28000883947668
1779908895,45.345883987130144
1779908910,45.36314201303296
1779908925,45.45658790938484
1779908940,45.43838279669467
1779908955,45.45569343853012
1779908970,45.53372286662124
1779908985,45.422229705377084
1779909000,45.41649456872035
1779909015,45.462901821300505
1779909030,45.52335752789302
1779909045,45.42475527014334
1779909060,45.67073475519122
1779909075,45.472477921039264
1779909090,45.534827801206475
1779909105,45.52372583942144
1779909120,45.48884147608737
1779909135,45.56318778889435
1779909150,45.74344997408666
1779909165,45.71014408873151
1779909180,45.81137714311271
1779909195,45.801169652182374
1779909210,45.8824612680966
1779909225,45.86546632185692
1779909240,45.93376180241139
1779909255,45.78117559778276
1779909270,45.88083017418505
1779909285,45.99479628426284
1779909300,45.33872822029239
1779909315,45.35740687637624
1779909330,45.47016282000352
1779909345,45.56213547024175
1779909360,45.43406829021897
1779909375,45.65410812047996
1779909390,45.74208195983825
1779909405,45.683257347157294
1779909420,45.56723921570691
1779909435,45.420966922993955
1779909450,45.51172940678166
1779909465,46.076982371031775
1779909480,46.0990810627366
1779909495,46.115655081515236
1779909510,46.28213189235832
1779909525,46.168323630078426
1779909540,46.03578409578204
1779909555,46.07198385743187
1779909570,46.64875971092807
1779909585,46.5198506759832
1779909600,46.49080668117113
1779909615,46.518535277667425
1779909630,46.762883668803745
1779909645,46.74473117204621
1779909660,46.88653111048556
1779909675,46.995288243232935
1779909690,47.101940738675076
1779909705,46.85038396476837
1779909720,46.833599482259224
1779909735,46.81008016037336
1779909750,46.74636226595775
1779909765,46.79576862669785
1779909780,46.86516904183756
1779909795,46.90310512926419
1779909810,46.986290918753106
1779909825,46.954668743242145
1779909840,46.93683194208038
1779909855,46.87364020699108
1779909870,46.951248707621154
1779909885,47.00191785074438
1779909900,47.001970466677015
1779909915,47.32471659743287
1779909930,46.89705429701168
1779909945,46.934148529516214
1779909960,47.03375048998587
1779909975,46.96766487860189
1779909990,46.97234769660601
1779910005,47.038906851383665
1779910020,47.078684496452375
1779910035,46.77440655804984
1779910050,46.75656975688808
1779910065,46.67175287348761
1779910080,46.98244995567108
1779910095,47.08236761173651
1779910110,47.09604775422046
1779910125,46.98850078792359
1779910140,46.918942524985994
1779910155,46.866957983546996
1779910170,46.84459621217901
1779910185,46.83638812668865
1779910200,46.82354983912679
1779910215,46.92020530736912
1779910230,46.788928555455875
1779910245,46.896896449213784
1779910260,47.191335208214404
1779910275,46.862906556734444
1779910290,46.83949246671385
1779910305,46.734997224509556
1779910320,46.84412266878534
1779910335,46.857539731606124
1779910350,46.87548176463315
1779910365,46.99318360592771
1779910380,47.018281405792486
1779910395,46.88447908911297
1779910410,46.90668301268307
1779910425,46.927203226408984
1779910440,46.90910334558408
1779910455,46.95877278598732
1779910470,46.86327486826286
1779910485,46.93609531902355
1779910500,46.9148384822408
1779910515,46.923625342990114
1779910530,46.84291250233483
1779910545,46.88179567654882
1779910560,46.78119401335918
1779910575,46.87648146735312
1779910590,46.91520679376923
1779910605,47.03532896796479
1779910620,47.00170738701386
1779910635,46.99339406965824
1779910650,46.99018449776777
1779910665,46.91988961177335
1779910680,47.0105468636958
1779910695,47.14713782480473
1779910710,47.12414466224517
1779910725,47.24705548087016
1779910740,47.32492706116339
1779910755,46.93983105024032
1779910770,46.993657149321386
1779910785,47.04637831381721
1779910800,46.98950049064358
1779910815,47.06774038246522
1779910830,47.087576589066934
1779910845,47.04216903920676
1779910860,47.03532896796479
1779910875,46.802293002344044
1779910890,46.79150673615477
1779910905,46.722264168812956
1779910920,46.722632480341375
1779910935,46.903578672657865
1779910950,47.306301021012175
1779910965,47.0901021538332
1779910980,46.83123176529085
1779910995,46.87811256126467
1779911010,46.76977635597835
1779911025,46.80045144470198
1779911040,46.74699365714932
1779911055,46.80434502371663
1779911070,46.72936731971809
1779911085,46.64081470510085
1779911100,46.654547463517424
1779911115,46.69537742723874
1779911130,46.65733610794685
1779911145,46.682539139676884
1779911160,46.676277843693846
1779911175,46.75341280093025
1779911190,46.660913991365724
1779911205,46.86311702046496
1779911220,46.77708997061401
1779911235,46.85017350103785
1779911250,46.74236345507783
1779911265,46.870325403235356
1779911280,46.8220239770805
1779911295,47.040853640891
1779911310,47.33629210261159
1779911325,47.137246029470184
1779911340,47.01659769594831
1779911355,47.07194965707566
1779911370,46.89773830413587
1779911385,46.818656557392146
1779911400,46.8948444278412
1779911415,46.88931975491498
1779911430,46.85632956515563
1779911445,46.93972581837507
1779911460,46.903578672657865
1779911475,46.90668301268307
1779911490,46.92304656773118
1779911505,46.91210245374402
1779911520,46.827232954410924
1779911535,47.034908040503744
1779911550,46.91852159752494
1779911565,46.688011196670466
1779911580,46.61513812997714
1779911595,46.724894965444484
1779911610,46.537897940875474
1779911625,46.67148979382447
1779911640,46.771039138361495
1779911655,46.71358253992891
1779911670,46.60172106715634
1779911685,46.63744728541249
1779911700,46.66801714227085
1779911715,46.72747314614338
1779911730,46.668701149395055
1779911745,46.580622078171494
1779911760,46.57078289876958
1779911775,46.59488099591438
1779911790,46.530268630644045
1779911805,46.59088218503445
1779911820,46.49775198427836
1779911835,46.489280819124836
1779911850,46.541896751755395
1779911865,46.68374930612739
1779911880,46.79640001788942
1779911895,46.53752962934706
1779911910,46.69769252827448
1779911925,46.58777784500925
1779911940,46.66117707102888
1779911955,46.68117112542849
1779911970,46.694272492653496
1779911985,46.85943390518082
1779912000,46.81039585596915
1779912015,46.73515507230744
1779912030,46.466866431824215
1779912045,46.563995443460236
1779912060,46.662913396805685
1779912075,46.83775614093704
1779912090,46.863695795723906
1779912105,46.83601981516022
1779912120,46.9118919900135
1779912135,46.947565592337014
1779912150,47.18460036883769
1779912165,46.92451981384483
1779912180,46.957615235469454
1779912195,46.91715358327655
1779912210,46.92209948094382
1779912225,46.911681526282976
1779912240,46.8977909200685
1779912255,46.977661905801696
1779912270,46.931886044413105
1779912285,46.79545293110207
1779912300,46.93546392783199
1779912315,46.966875639612425
1779912330,46.967507030804
1779912345,46.78777100493801
1779912360,46.80266131387245
1779912375,46.723316487465574
1779912390,46.69406202892298
1779912405,46.65481054318058
1779912420,46.60114229189741
1779912435,46.67180548942025
1779912450,46.61003438451198
1779912465,46.5830424110725
1779912480,46.58162178089147
1779912495,46.66196631001833
1779912510,46.61419104318979
1779912525,46.79287475040317
1779912540,46.68906351532307
1779912555,46.859223441450304
1779912570,46.649601565850155
1779912585,46.677961553538026
1779912600,46.880953821626726
1779912615,46.884952632506646
1779912630,46.89342379766017
1779912645,46.892950254266495
1779912660,46.74099544082944
1779912675,47.14771660006366
1779912690,46.94414555671603
1779912705,47.15313604112461
1779912720,46.93120203728891
1779912735,47.15392528011407
1779912750,46.974084022382826
1779912765,46.974662797641756
1779912780,46.96466577044195
1779912795,47.01070471149369
1779912810,46.85006826917258
1779912825,46.56125941496344
1779912840,46.64218271934924
1779912855,46.63834175626721
1779912870,46.75341280093025
1779912885,46.814710362444856
1779912900,46.70263842594176
1779912915,46.67785632167276
1779912930,46.69579835469979
1779912945,46.84175495181696
1779912960,46.82123473809104
1779912975,46.631080757564206
1779912990,46.632817083341
1779913005,46.95088039609274
1779913020,46.60898206585936
1779913035,46.68374930612739
1779913050,46.76446214678267
1779913065,46.523218095671545
1779913080,46.514010307461206
1779913095,46.54926298232368
1779913110,46.53132094929666
1779913125,46.54210721548592
1779913140,46.54805281587318
1779913155,46.4733908074704
1779913170,46.519377132589526
1779913185,46.72042261117089
1779913200,46.75288664160394
1779913215,46.64318242206923
1779913230,46.81439466684907
1779913245,46.93588485529303
1779913260,46.90605162149151
1779913275,46.907524867605154
1779913290,47.03054091809541
1779913305,46.86774722253646
1779913320,46.99770857613393
1779913335,46.9604564958315
1779913350,46.98839555605833
1779913365,46.93925227498139
1779913380,46.8915822400181
1779913395,46.666175584628775
1779913410,46.69343063773142
1779913425,46.62271482427593
1779913440,46.67775108980751
1779913455,46.84101832876013
1779913470,47.05269222573287
1779913485,47.13293152299448
1779913500,46.8750608371721
1779913515,46.90941904117986
1779913530,46.77172314548569
1779913545,46.77666904315295
1779913560,46.75567528603336
1779913575,46.78703438188118
1779913590,47.06316279632635
1779913605,46.97087445049235
1779913620,46.91083967136088
1779913635,46.82539139676886
1779913650,47.08147314088179
1779913665,46.74778289613878
1779913680,46.721895857284544
1779913695,46.6677540626077
1779913710,46.99044757743093
1779913725,46.79340090972948
1779913740,46.852330754275705
1779913755,46.872324808675316
1779913770,46.78940209884955
1779913785,46.68843212413151
1779913800,46.69558789096926
1779913815,46.70316458526806
1779913830,46.75072938836608
1779913845,46.69395679705771
1779913860,46.50748593181502
1779913875,46.76119995895958
1779913890,46.82418123031835
1779913905,46.78114139742655
1779913920,46.65423176792164
1779913935,46.630870293833674
1779913950,46.66028260017416
1779913965,46.657651803542635
1779913980,46.624030222591706
1779913995,46.65365299266271
1779914010,46.60372047259631
1779914025,46.497541520547834
1779914040,46.66180846222044
1779914055,46.97292647186495
1779914070,47.2565789646763
1779914085,47.21669608774233
1779914100,47.01070471149369
1779914115,47.1407186810238
1779914130,46.95714169207578
1779914145,47.02149097768296
1779914160,46.888267436262375
1779914175,46.84228111114327
1779914190,46.695850970632414
1779914205,46.75888485792383
1779914220,46.77146006582254
1779914235,46.87295619986688
1779914250,46.813921123455394
1779914265,46.81576268109746
1779914280,46.896528137685365
1779914295,47.06910839671361
1779914310,46.98992141810462
1779914325,46.75372849652604
1779914340,46.708584026329014
1779914355,46.62676625108849
1779914370,46.78287772320336
1779914385,46.704690447314356
1779914400,46.62934443178739
1779914415,46.639920234246134
1779914430,46.777247818411894
1779914445,46.89957986177794
1779914460,46.90536761436731
1779914475,46.8511205878252
1779914490,46.93125465322154
1779914505,46.97576773222699
1779914520,46.824286462183615
1779914535,46.695272195373484
1779914550,46.78977041037796
1779914565,46.66080875950046
1779914580,46.644182124789204
1779914595,46.732576891608545
1779914610,47.019965115636666
1779914625,47.109885744502286
1779914640,46.72978824717913
1779914655,46.46497225824952
1779914670,46.685538247836824
1779914685,46.65423176792164
1779914700,46.84712177694528
1779914715,46.87206172901216
1779914730,46.69116815262829
1779914745,46.894213036649624
1779914760,46.92672968301531
1779914775,46.695640506901896
1779914790,46.84275465453695
1779914805,46.961561430416744
1779914820,46.877639017871
1779914835,46.78219371607917
1779914850,46.7056375341017
1779914865,46.709320649385845
1779914880,46.67312088773602
1779914895,46.71716042334779
1779914910,46.60372047259631
1779914925,46.58935632298816
1779914940,47.01102040708947
1779914955,46.525585812639925
1779914970,46.624977309379055
1779914985,46.65686256455317
1779915000,46.71258283720894
1779915015,46.72384264679188
1779915030,46.84938426204839
1779915045,47.04195857547624
1779915060,47.19512355536381
1779915075,47.19775435199532
1779915090,47.50471570296202
1779915105,47.373228487318244
1779915120,47.15971303270343
1779915135,47.04853556705506
1779915150,47.107570643466545
1779915165,47.097994543727786
1779915180,47.12693330667459
1779915195,47.24821303138803
1779915210,47.20412087984363
1779915225,47.2531589290553
1779915240,46.87448206191317
1779915255,47.12140863374839
1779915270,47.070897338423045
1779915285,47.090312617563725
1779915300,47.09152278401423
1779915315,47.11877783711685
1779915330,47.15592468555403
1779915345,47.038170228326834
1779915360,47.12114555408523
1779915375,47.032592939467996
1779915390,47.00270708973384
1779915405,47.05190298674342
1779915420,46.98644876655101
1779915435,47.32603199574863
1779915450,47.343290021651455
1779915465,47.17344579112
1779915480,46.894265652582256
1779915495,47.02417439024711
1779915510,47.09736315253622
1779915525,47.16471154630334
1779915540,47.30898443357633
1779915555,47.12993241483454
1779915570,47.16381707544862
1779915585,47.19938544590687
1779915600,47.271679737341266
1779915615,47.54680844906646
1779915630,47.49877010257476
1779915645,47.66287919644948
1779915660,47.654934190622264
1779915675,47.550649412148495
1779915690,47.70581379747602
1779915705,47.64204328712778
1779915720,47.551964810464256
1779915735,47.642937757982494
1779915750,47.80878317763402
1779915765,47.42968538303084
1779915780,47.41042795168805
1779915795,47.48566873534975
1779915810,47.51655428780389
1779915825,47.7996280053563
1779915840,47.5544377592979
1779915855,47.48119638107615
1779915870,46.76267320507323
1779915885,46.569572732319074
1779915900,46.64218271934924
1779915915,46.65475792724795
1779915930,46.783298650664406
1779915945,46.804660719312416
1779915960,46.75278140973869
1779915975,46.854645855311446
1779915990,46.915680337162904
1779916005,46.732682123473815
1779916020,46.77424871025195
1779916035,46.93588485529303
1779916050,46.70553230223644
1779916065,46.75514912670706
1779916080,46.89179270374863
1779916095,46.699271006253404
1779916110,46.69574573876716
1779916125,46.725631588501315
1779916140,46.66033521610679
1779916155,46.65559978217004
1779916170,46.62208343308437
1779916185,46.62192558528648
1779916200,46.61429627505505
1779916215,46.66901684499083
1779916230,46.64139348035978
1779916245,46.824023382520465
1779916260,46.91357569985768
1779916275,46.77698473874874
1779916290,46.711951446017366
1779916305,46.890266841702335
1779916320,46.936674094282495
1779916335,46.92178378534804
1779916350,46.88274276333616
1779916365,46.895212739369605
1779916380,46.83917677111806
1779916395,46.82975851917719
1779916410,46.85706618821245
1779916425,46.82739080220881
1779916440,46.76614585662685
1779916455,46.99376238118664
1779916470,46.89005637797181
1779916485,46.7784579848624
1779916500,46.74478378797884
1779916515,46.696271898093464
1779916530,46.58583105550191
1779916545,46.7884550120622
1779916560,46.7979258799357
1779916575,46.68606440716313
1779916590,46.665912504965625
1779916605,46.65559978217004
1779916620,46.6128230289414
1779916635,46.8547510871767
1779916650,46.77061821090044
1779916665,46.57604449203263
1779916680,46.59882719086167
1779916695,46.73410275365484
1779916710,46.553682720664646
1779916725,46.54510632364587
1779916740,46.63460602505044
1779916755,46.580306382575706
1779916770,46.518693125465326
1779916785,46.71053081583635
1779916800,46.600668748503736
1779916815,46.641340864427164
1779916830,46.709899424644775
1779916845,46.7517817070187
1779916860,46.82349722319415
1779916875,46.71784443047199
1779916890,46.74320530999992
1779916905,46.67580430030017
1779916920,46.73552338383586
1779916935,46.77214407294673
1779916950,46.709899424644775
1779916965,46.67049009110449
1779916980,46.67727754641383
1779916995,46.76367290779321
1779917010,46.87990150297412
1779917025,46.91352308392504
1779917040,46.73673355028636
1779917055,46.8378613728023
1779917070,46.75088723616398
1779917085,46.76540923357002
1779917100,46.75604359756178
1779917115,46.71873890132671
1779917130,46.80145114742194
1779917145,46.81086939936282
1779917160,47.11183253400962
1779917175,46.92709799454373
1779917190,46.83544103990129
1779917205,46.73810156453476
1779917220,46.783246034731775
1779917235,46.89947462991269
1779917250,46.883952929786666
1779917265,46.916364344287096
1779917280,46.940304593633996
1779917295,46.95377427238741
1779917310,46.923783190788
1779917325,46.95651030088421
1779917340,46.902999897398935
1779917355,46.94304062213078
1779917370,46.89710691294431
1779917385,46.966875639612425
1779917400,46.93520084816883
1779917415,46.955194902568444
1779917430,47.01559799322833
1779917445,47.09778407999726
1779917460,47.090312617563725
1779917475,47.17597135588628
1779917490,47.07526446083139
1779917505,47.204699655102566
1779917520,47.22111582608329
1779917535,47.21127664668138
1779917550,47.3030914491217
1779917565,47.207698763262506
1779917580,47.13524662403022
1779917595,47.15566160589088
1779917610,47.133141986725
1779917625,47.16486939410123
1779917640,47.13472046470392
1779917655,47.12019846729788
1779917670,47.09015476976583
1779917685,46.930938957625756
1779917700,46.864642882511255
1779917715,46.94861791098963
1779917730,46.88084858976147
1779917745,46.82549662863411
1779917760,46.682591755609515
1779917775,46.80908045765339
1779917790,46.931044189491026
1779917805,46.760252872172224
1779917820,47.02007034750193
1779917835,47.05811166679382
1779917850,47.37186047306985
1779917865,47.36980845169726
1779917880,47.29572521855343
1779917895,47.24379329304706
1779917910,47.40116754754508
1779917925,47.343710949112506
1779917940,47.29840863111758
1779917955,47.358285562451165
1779917970,47.785895246939724
1779917985,47.781843820127165
1779918000,47.49834917511372
1779918015,47.58385006563838
1779918030,47.347657144059795
1779918045,47.33281945105797
1779918060,47.21075048735508
1779918075,47.37822700091815
1779918090,47.40416665570501
1779918105,47.43152694067291
1779918120,47.400641388218766
1779918135,47.32408520624131
1779918150,47.41179596593644
1779918165,47.36649364794153
1779918180,47.302986217256446
1779918195,47.23532212789354
1779918210,47.29219995106718
1779918225,47.24295143812498
1779918240,47.635781991144746
1779918255,47.39680042513673
1779918270,47.36302099638792
1779918285,47.57311641538175
1779918300,47.46551683315224
1779918315,47.55433252743263
1779918330,47.53870559544136
1779918345,47.537916356451895
1779918360,47.778949943832494
1779918375,47.558594417975705
1779918390,47.484984728225555
1779918405,47.51508104169023
1779918420,47.46551683315224
1779918435,47.39922075803774
1779918450,47.43941933056749
1779918465,47.39316992578523
1779918480,47.42600226774669
1779918495,47.40832331438283
1779918510,47.261577478276195
1779918525,47.35739109159645
1779918540,47.44646986553999
1779918555,47.29414674057452
1779918570,47.461675870070216
1779918585,47.35370797631231
1779918600,47.27378437464649
1779918615,47.420004051426815
1779918630,47.87639465106429
1779918645,47.87886759989792
1779918660,47.71323264397692
1779918675,47.67245529618825
1779918690,47.710654463278026
1779918705,47.714758506023216
1779918720,47.738856603168
1779918735,47.338344123984186
1779918750,47.70912860123174
1779918765,47.625679732079675
1779918780,47.50550494195147
1779918795,47.578220160846904
1779918810,47.410691031351206
1779918825,47.46020262395656
1779918840,47.469305180301646
1779918855,47.510292991820855
1779918870,47.49887533444003
1779918885,47.585902087010965
1779918900,47.54081023274658
1779918915,47.58705963752884
1779918930,47.601634250867505
1779918945,47.97331319896978
1779918960,47.753694296169826
1779918975,47.77410927803049
1779918990,47.740645544877445
1779919005,47.77542467634625
1779919020,47.727912489180845
1779919035,47.72049364267994
1779919050,47.77221510445578
1779919065,47.85834738617201
1779919080,47.83298650664408
1779919095,47.434157737304425
1779919110,47.4854056556866
1779919125,47.72843864850715
1779919140,47.6439900766351
1779919155,47.64262206238671
1779919170,47.57306379944911
1779919185,47.59184768739823
1779919200,47.51750137459124
1779919215,47.56785482211868
1779919230,48.216977582981905
1779919245,48.20824333816523
1779919260,48.03524215167595
1779919275,48.223607190493354
1779919290,48.134949344010856
1779919305,48.11421866655442
1779919320,48.075545956070954
1779919335,48.14747193597694
1779919350,48.153838463825224
1779919365,48.20534946187055
1779919380,48.18040950980367
1779919395,48.103590248163044
1779919410,48.32015742687044
1779919425,47.966894055188845
1779919440,48.02119369766359
1779919455,48.03582092693488
1779919470,48.01582687253527
1779919485,48.29569101819722
1779919500,48.26417407455151
1779919515,48.09159381552328
1779919530,47.99341248523466
1779919545,48.059340248820746
1779919560,47.90201861025537
1779919575,48.05397342369243
1779919590,48.08764762057599
1779919605,48.00409351955865
1779919620,47.95274036931123
1779919635,47.91875047683188
1779919650,47.964631570085736
1779919665,48.018299821368906
1779919680,48.07638781099305
1779919695,48.29216575071097
1779919710,47.935640191206296
1779919725,48.04039851307375
1779919740,48.2548610544759
1779919755,48.210663671066236
1779919770,48.18382954542465
1779919785,48.188985906822445
1779919800,47.95305606490702
1779919815,48.011038822665896
1779919830,48.13989524167813
1779919845,48.62012085879726
1779919860,48.729982926129864
1779919875,48.59907448574503
1779919890,48.94055188851736
1779919905,48.97538363591879
1779919920,48.52199214444126
1779919935,48.4972626561049
1779919950,48.59118209585045
1779919965,48.605546245458584
1779919980,48.58244785103377
1779919995,48.14415713222121
1779920010,48.23828703569728
1779920025,48.4497504689395
1779920040,48.212294764977784
1779920055,48.12432092561949
1779920070,48.35014850846985
1779920085,48.164624730014495
1779920100,48.109904160078706
1779920115,48.202350353710614
1779920130,48.33815207583009
1779920145,48.11048293533765
1779920160,48.09959143728313
1779920175,48.13242377924459
1779920190,48.12516278054157
1779920205,48.139053386756046
1779920220,48.14968180514742
1779920235,48.21608311212719
1779920250,48.95049629978454
1779920265,48.456958851709885
1779920280,48.43607032645555
1779920295,48.42617853112101
1779920310,48.66158221371013
1779920325,48.64721806410199
1779920340,48.61885807641412
1779920355,48.702254329633554
1779920370,48.68557507898967
1779920385,48.67405218974358
1779920400,48.47153346504855
1779920415,48.44817199096059
1779920430,48.41544488086438
1779920445,48.479741550538925
1779920460,48.67152662497731
1779920475,48.37840326429246
1779920490,48.39350403695744
1779920505,48.28416812895113
1779920520,48.321578057051454
1779920535,48.44748798383639
1779920550,48.736033758382376
1779920565,48.46948144367595
1779920580,48.67010599479629
1779920595,48.60649333224594
1779920610,48.48679208551141
1779920625,48.49273768589867
1779920640,48.52746420143483
1779920655,48.78244101096253
1779920670,48.51767763796555
1779920685,48.561559325779434
1779920700,48.62080486592145
1779920715,48.528042976693776
1779920730,48.566294759716186
1779920745,48.50757537890048
1779920760,48.483266818025164
1779920775,48.438964202750235
1779920790,48.42623114705364
1779920805,48.92829237621444
1779920820,48.759237384672446
1779920835,48.52714850583906
1779920850,48.563032571893096
1779920865,48.7620786450345
1779920880,48.81443149800191
1779920895,48.87052008218609
1779920910,48.866942198767205
1779920925,48.7577641385588
1779920940,49.46071299850308
1779920955,48.82926919100373
1779920970,48.63737888470008
1779920985,48.653058432623986
1779921000,48.72198530437002
1779921015,48.64316663728944
1779921030,48.28995588154049
1779921045,48.46048411919613
1779921060,48.48884410688401
1779921075,48.48389820921673
1779921090,48.59176087110938
1779921105,48.466903262977056
1779921120,48.65426859907449
1779921135,48.57292436722764
1779921150,48.63480070400118
1779921165,48.68789018002542
1779921180,48.725668419654156
1779921195,49.21583844804045
1779921210,49.21646983923201
1779921225,49.255300397513366
1779921240,48.97201621623044
1779921255,48.954547726597085
1779921270,48.894670795263515
1779921285,49.19316098107668
1779921300,49.0358393425113
1779921315,48.97654118643666
1779921330,48.73282418649191
1779921345,48.64232478236735
1779921360,48.64921746954195
1779921375,48.74345260488329
1779921390,48.71204089310284
1779921405,48.817693685825006
1779921420,48.675314972126706
1779921435,48.72209053623527
1779921450,48.65353197601766
1779921465,48.68341782575182
1779921480,48.64553435425781
1779921495,48.6078087305617
1779921510,48.543985604280834
1779921525,48.53851354728725
1779921540,48.77696895396895
1779921555,48.60433607900808
1779921570,48.46411461854764
1779921585,48.542038814773505
1779921600,48.67526235619408
1779921615,48.624277517475065
1779921630,49.17874421553591
1779921645,49.07787947268313
1779921660,49.084403848329316
1779921675,49.12081407370966
1779921690,49.15369903160376
1779921705,49.10334558407632
1779921720,49.126707058164286
1779921735,49.078616095739946
1779921750,49.31580872003851
1779921765,49.17043089818027
1779921780,49.28092435670446
1779921795,49.19637055296714
1779921810,48.80285599282319
1779921825,48.78075730111835
1779921840,49.05972697592558
1779921855,48.88125373244272
1779921870,48.743663068613806
1779921885,48.85810272208527
1779921900,48.82174511263756
1779921915,48.93581645458062
1779921930,48.909929415726374
1779921945,48.81590474411557
1779921960,48.76449897793551
1779921975,48.933606585410125
1779921990,48.74371568454644
1779922005,48.88004356599222
1779922020,48.89724897596241
1779922035,48.91171835743582
1779922050,48.85373559967694
1779922065,48.83016366185845
1779922080,48.92155753683773
1779922095,48.87830724021541
1779922110,49.36852988453434
1779922125,49.006953195497125
1779922140,49.066935358695964
1779922155,49.00821597788026
1779922170,49.01263571622123
1779922185,49.09566365791225
1779922200,49.09903107760061
1779922215,49.07419635739898
1779922230,48.68394398507812
1779922245,49.04425789173219
1779922260,49.05551770131513
1779922275,49.063357475277094
1779922290,48.95054891571717
1779922305,49.06914522786645
1779922320,42.99063699478839
1779922335,42.13404961156287
1779922350,41.69828445751658
1779922365,41.70680823860273
1779922380,41.759582019031185
1779922395,41.72490811942764
1779922410,41.56327197438656
1779922425,41.467616208864214
1779922440,41.43820390252372
1779922455,41.62330675351803
1779922470,41.529966089031426
1779922485,41.53838463825231
1779922500,41.59736709873116
1779922515,41.50297411559194
1779922530,41.52465187983573
1779922545,41.51097173735179
1779922560,41.47492982349985
1779922575,41.47040485329363
1779922590,41.530913175818775
1779922605,41.5266512852757
1779922620,39.78311712569683
1779922635,39.84031064446625
1779922650,39.656260112124556
1779922665,39.827419740971756
1779922680,39.69935256094899
1779922695,39.61895541588949
1779922710,39.58754370410904
1779922725,39.69203894631333
1779922740,39.66694114644855
1779922755,39.767437577772924
1779922770,39.7222931075759
1779922785,39.69682699618271
1779922800,39.80158531805016
1779922815,40.90078476663519
1779922830,40.663802606067144
1779922845,40.63007579325095
1779922860,40.73178239102583
1779922875,40.94435075885329
1779922890,40.607240478489295
1779922905,40.63796818314553
1779922920,40.679113842462634
1779922935,40.598821929268404
1779922950,40.6595933314567
1779922965,40.63433768379403
1779922980,40.66764356914917
1779922995,40.949401888385815
1779923010,39.91686682644372
1779923025,39.93807104729383
1779923040,39.77175208424863
1779923055,39.86498751686999
1779923070,39.81779102530037
1779923085,39.676832941783104
1779923100,39.819106423616134
1779923115,39.9020291334419
1779923130,39.681463143854586
1779923145,40.10644203171162
1779923160,40.01299613535975
1779923175,39.972902794695266
1779923190,40.062770807628254
1779923205,40.098707489614924
1779923220,40.273602849678916
1779923235,39.868881095884646
1779923250,40.24755796302678
1779923265,39.75633561598788
1779923280,39.876720869846594
1779923295,39.993107312825394
1779923310,39.852833236432325
1779923325,39.9676412014322
1779923340,40.26202734450018
1779923355,40.05456272213789
1779923370,39.955750000657694
1779923385,39.77327794629492
1779923400,39.76659572285084
1779923415,39.855727112727
1779923430,40.186839176771116
1779923445,40.0587193808157
1779923460,40.018205112690175
1779923475,39.876826101711856
1779923490,39.87656302204871
1779923505,39.90697503110917
1779923520,39.80532104926693
1779923535,39.78664239318308
1779923550,39.840784187859924
1779923565,40.06676961850818
1779923580,40.04246105763286
1779923595,39.98311028562559
1779923610,39.93522978693178
1779923625,39.9540136748809
1779923640,40.104126930675875
1779923655,40.23219411069866
1779923670,40.379781801727376
1779923685,40.11712306603563
1779923700,40.07182074804071
1779923715,40.09833917808652
1779923730,40.009523483806134
1779923745,40.025834422921605
1779923760,40.07939744233951
1779923775,40.033937276546716
1779923790,40.06245511203247
1779923805,40.160531210455844
1779923820,40.4256102790486
1779923835,40.35142181403951
1779923850,40.57446075246045
1779923865,40.46191527256369
1779923880,40.91025563450869
1779923895,40.773822521197644
1779923910,40.935511282171355
1779923925,40.87100414876629
1779923940,40.87216169928416
1779923955,40.958767524394055
1779923970,41.16144409688698
1779923985,41.026852541218005
1779924000,41.35059837469384
1779924015,40.98176068695361
1779924030,41.15865545245756
1779924045,41.187804679134885
1779924060,41.04589950883026
1779924075,41.034850162977854
1779924090,41.09593726076193
1779924105,40.914570140984395
1779924120,41.46645865834634
1779924135,41.09651603602087
1779924150,40.911886728420235
1779924165,41.14776395440304
1779924180,41.13124255155704
1779924195,41.02916764225375
1779924210,41.38532489023001
1779924225,41.09630557229035
1779924240,41.00143904575745
1779924255,41.13408381191908
1779924270,41.10046223096816
1779924285,40.937563303543946
1779924300,40.92872382686201
1779924315,40.959609379316156
1779924330,41.090202124105204
1779924345,40.9459292368322
1779924360,40.91162364875708
1779924375,41.27740961240474
1779924390,40.89441823878689
1779924405,40.68653268896355
1779924420,40.85769231781076
1779924435,40.97602555029689
1779924450,40.813494934401085
1779924465,40.70957846745573
1779924480,40.616816578228054
1779924495,40.58024850504981
1779924510,40.54425920713051
1779924525,40.62876039493519
1779924540,40.656541607364126
1779924555,40.52668548563191
1779924570,40.48269856595276
1779924585,40.52537008731613
1779924600,40.591824010228535
1779924615,40.40535314498583
1779924630,40.532262774490746
1779924645,40.423768721406525
1779924660,40.48796015921581
1779924675,40.4946423826599
1779924690,41.074522576181295
1779924705,40.09502437433079
1779924720,40.458126925414284
1779924735,40.38346491701152
1779924750,40.483803500537995
1779924765,40.50990100312275
1779924780,40.39235700962609
1779924795,40.553572227206125
1779924810,40.59824315400946
1779924825,40.370574013517036
1779924840,40.405826688379506
1779924855,40.26034363465602
1779924870,40.524580848326686
1779924885,40.5709354849742
1779924900,40.516741074364724
1779924915,40.56872561580372
1779924930,40.68895302186455
1779924945,41.10072531063131
1779924960,40.75198690915596
1779924975,40.90204754901832
1779924990,41.173177449863594
1779925005,40.78745004774896
1779925020,40.34389773567334
1779925035,40.35179012556792
1779925050,40.470491669582465
1779925065,40.60618815983668
1779925080,40.460915569843706
1779925095,40.51305795908059
1779925110,40.41035165858574
1779925125,40.53215754262548
1779925140,41.107249686277505
1779925155,41.02706300494853
1779925170,41.208167045062915
1779925185,41.33996995630247
1779925200,40.713577278335656
1779925215,40.91783232880749
1779925230,40.68784808727931
1779925245,40.33800475121871
1779925260,40.325113847724225
1779925275,40.55236206075562
1779925290,40.29659601223846
1779925305,40.148850473411855
1779925320,40.36478626092767
1779925335,40.48627644937164
1779925350,40.55920213199759
1779925365,40.38530647465359
1779925380,40.63128595970146
1779925395,40.71736562548506
1779925410,40.73878031006569
1779925425,40.593244640409566
1779925440,40.32332490601479
1779925455,40.63007579325095
1779925470,40.66280290334716
1779925485,40.67416794479536
1779925500,40.539155461665345
1779925515,40.487539231754766
1779925530,40.44339446427772
1779925545,40.34289803295336
1779925560,40.46996551025616
1779925575,40.70668459116105
1779925590,40.7639307258631
1779925605,40.79065961963943
1779925620,40.48906509380106
1779925635,40.586509801032854
1779925650,40.75924790785898
1779925665,40.72499493571649
1779925680,40.57372412940362
1779925695,40.59582282110846
1779925710,40.500167055586104
1779925725,40.59513881398426
1779925740,40.613607006337595
1779925755,40.573776745336254
1779925770,40.347528235024846
1779925785,40.450813310778635
1779925800,40.76640367469674
1779925815,41.13545182616748
1779925830,40.17357996174822
1779925845,40.19925653687193
1779925860,40.17710522923446
1779925875,39.98721432837078
1779925890,40.25539773698874
1779925905,40.24198067416794
1779925920,40.60308381981148
1779925935,40.70736859828524
1779925950,40.519898030322565
1779925965,40.466808554298325
1779925980,40.55762365401867
1779925995,40.558939052334445
1779926010,40.481383167637
1779926025,40.59819053807684
1779926040,40.342477105492314
1779926055,40.25634482377609
1779926070,40.592455401420104
1779926085,41.192224417475856
1779926100,41.36227911173782
1779926115,40.29122918711015
1779926130,40.593086792611665
1779926145,40.67074790917437
1779926160,40.715208372247204
1779926175,40.63644232109925
1779926190,41.26946460657752
1779926205,40.772244043218734
1779926220,40.654963129385216
1779926235,40.345528829584886
1779926250,40.58508917085183
1779926265,40.477436972689695
1779926280,40.604136138464085
1779926295,40.80986443504958
1779926310,40.83138435149548
1779926325,40.81844083206836
1779926340,41.4140531894463
1779926355,41.04705705934815
1779926370,40.92167329188952
1779926385,40.88815694280385
1779926400,41.42889088244811
1779926415,41.13524136243696
1779926430,40.41640249083825
1779926445,40.387095416363024
1779926460,40.1960995809141
1779926475,40.24834720201624
1779926490,40.33326931728196
1779926505,40.22861622727978
1779926520,40.11612336331565
1779926535,40.12475237626706
1779926550,40.12869857121435
1779926565,40.128488107483825
1779926580,40.211095121713804
1779926595,40.146430140510844
1779926610,40.118122768755605
1779926625,40.389463133331404
1779926640,40.65548928871151
1779926655,40.48017300118649
1779926670,40.690163188315054
1779926685,40.77661116562707
1779926700,40.46249404782262
1779926715,40.27844351548092
1779926730,40.551835901429314
1779926745,40.63702109635818
1779926760,40.54273334508422
1779926775,40.681797255026794
1779926790,40.685269906580416
1779926805,40.196520508375144
1779926820,40.182524670295415
1779926835,40.11096700191785
1779926850,40.2692883432032
1779926865,40.24098097144796
1779926880,40.2820213988998
1779926895,40.358840660540416
1779926910,40.344160815336494
1779926925,40.53010552125289
1779926940,40.599611168257866
1779926955,40.79118577896573
1779926970,40.87931746612191
1779926985,41.116825786016264
1779927000,40.64707073949062
1779927015,40.60271550828306
1779927030,40.4159815633772
1779927045,40.26244827196124
1779927060,40.15958412366849
1779927075,40.230457784921846
1779927090,40.248873361342554
1779927105,40.59161354649802
1779927120,40.739201237526736
1779927135,40.88642061702704
1779927150,40.79571074917195
1779927165,40.84532757364258
1779927180,40.91841110406642
1779927195,41.251838269146276
1779927210,41.08357251659375
1779927225,41.06499909237517
1779927240,40.90699344668559
1779927255,41.155919423960775
1779927270,41.122981850134046
1779927285,41.194855214107385
1779927300,40.81407370966003
1779927315,41.14928981644932
1779927330,41.18975146864222
1779927345,41.25241704440522
1779927360,40.79071223557206
1779927375,40.9505594389037
1779927390,40.88999850044593
1779927405,41.23531686630029
1779927420,41.1938555113874
1779927435,41.09409570311986
1779927450,40.99633530029229
1779927465,41.29114237082131
1779927480,40.74046401990987
1779927495,40.62712930102364
1779927510,40.50800682954806
1779927525,40.39125207504084
1779927540,40.83201574268705
1779927555,40.71647115463033
1779927570,40.69668756396124
1779927585,40.743884055530856
1779927600,40.808969964194866
1779927615,40.740253556179354
1779927630,40.21730380176422
1779927645,40.33337454914723
1779927660,40.48012038525386
1779927675,40.236087689713315
1779927690,40.54331212034315
1779927705,40.78655557689424
1779927720,40.47543756724974
1779927735,40.53084214430972
1779927750,40.38193905496523
1779927765,39.84015279666836
1779927780,40.53420956399807
1779927795,40.607240478489295
1779927810,40.2897559409965
1779927825,40.40640546363844
1779927840,40.367469673491826
1779927855,40.22246016316201
1779927870,40.51137424923641
1779927885,40.376887925432705
1779927900,40.362523775824556
1779927915,40.34700207569855
1779927930,40.4509185426439
1779927945,40.51568875571212
1779927960,40.55230944482299
1779927975,40.42666259770121
1779927990,41.05074017463228
1779928005,40.6082927971419
1779928020,40.36962692672969
1779928035,40.94924404058793
1779928050,40.606398623567195
1779928065,40.583194997277126
1779928080,40.61039743444712
1779928095,40.66396045386503
1779928110,40.424505344463356
1779928125,40.416560338636145
1779928140,39.99752705116636
1779928155,40.096445004511814
1779928170,39.996527348446385
1779928185,40.09391943974555
1779928200,40.106494647644254
1779928215,40.488486318542115
1779928230,40.54573245324416
1779928245,40.27297145848735
1779928260,40.45165516570073
1779928275,40.37972918579476
1779928290,40.507164974625965
1779928305,40.63702109635818
1779928320,40.729519905922714
1779928335,40.8062865516307
1779928350,40.72178536382602
1779928365,40.752513068482266
1779928380,40.86942567078737
1779928395,40.74893518506338
1779928410,40.46770302515304
1779928425,40.7399904765162
1779928440,41.09877852112398
1779928455,40.3622606961614
1779928470,40.60250504455254
1779928485,40.88489475498076
1779928500,40.879791009515586
1779928515,40.811811224556905
1779928530,40.54236503355582
1779928545,40.590140300384355
1779928560,40.451076390441784
1779928575,40.149429248670785
1779928590,40.240507428054286
1779928605,40.21472562106532
1779928620,40.33295362168619
1779928635,40.64975415205478
1779928650,40.841802306156325
1779928665,40.372099875563315
1779928680,41.07710075688019
1779928695,40.79739445901613
1779928710,40.525264855450885
1779928725,40.580774664376115
1779928740,40.633127517343524
1779928755,40.35494708152576
1779928770,40.13175029530692
1779928785,40.10470570593482
1779928800,40.24124405111111
1779928815,40.480541312714905
1779928830,40.62660314169734
1779928845,40.67832460347318
1779928860,40.77808441174072
1779928875,40.44155290663566
1779928890,40.47491140792343
1779928905,40.44665665210082
1779928920,40.7587743644653
1779928920,40.7587743644653
1779928935,40.711209561367276
1779928950,40.64196699402546
1779928965,40.69431984699287
1779928980,40.73183500695846
1779928995,40.863532686332746
1779929010,40.56041229844809
1779929025,40.535419730448574
1779929040,40.74677793182554
1779929055,40.25597651224767
1779929070,40.28333679721556
1779929085,40.37304696235067
1779929100,40.22230231536411
1779929115,40.44276307308616
1779929130,40.27723334903042
1779929145,40.42660998176858
1779929160,40.869215207056854
1779929175,40.43402882826948
1779929190,40.8465903560257
1779929205,40.807496718081204
1779929220,40.69531954971285
1779929235,40.369784774527574
1779929250,40.610239586649236
1779929265,40.20504428946129
1779929280,40.40372205107429
1779929295,40.39167300250188
1779929310,40.314222349669706
1779929325,40.48822323887896
1779929340,40.42708352516225
1779929355,40.40319589174798
1779929370,40.36320778294875
1779929385,40.428556771275915
1779929400,40.39235700962609
1779929415,40.82491259178192
1779929430,40.25729191056344
1779929445,40.515109980453175
1779929460,40.70931538779258
1779929475,40.40345897141113
1779929490,40.503481859341825
1779929505,40.57640754196778
1779929520,40.56967270259108
1779929535,40.565779123576405
1779929550,40.32132550057484
1779929565,40.25166200577197
1779929580,40.35841973307937
1779929595,40.41108828164256
1779929610,40.92930260212094
1779929625,40.82875355486395
1779929640,41.149815975775624
1779929655,40.565200348317475
1779929670,40.362892087352975
1779929685,40.266762778436934
1779929700,40.89731211508156
1779929715,41.0853614583032
1779929730,40.89631241236159
1779929745,40.96445004511816
1779929760,40.615132868383874
1779929775,40.83269974981124
1779929790,40.61113405750395
1779929805,40.65291110801261
1779929820,40.688479478470875
1779929835,40.79229071355097
1779929850,41.10730230221014
1779929865,40.800235719378186
1779929880,41.37132905215029
1779929895,40.89962721611732
1779929910,40.46438822139732
1779929925,40.17342211395033
1779929940,40.33169083930305
1779929955,40.24461147079948
1779929970,40.64012543638339
1779929985,40.421821931899196
1779930000,40.98596996156406
1779930015,41.31334629439141
1779930030,41.11629962668996
1779930045,41.067208961545646
1779930060,41.19138256255377
1779930075,41.020433397437074
1779930090,41.24899700878423
1779930105,41.14287067266839
1779930120,41.33923333324564
1779930135,41.25610015968936
1779930150,40.771560036094534
1779930165,40.93393280419244
1779930180,41.003596298995305
1779930195,40.96613375496234
1779930210,40.9719215075517
1779930225,41.06157905675417
1779930240,41.0390594375883
1779930255,41.0724705548087
1779930270,40.48511889885377
1779930285,40.62776069221521
1779930300,40.74672531589291
1779930315,40.5444170549284
1779930330,40.66911681526283
1779930345,40.54068132371164
1779930360,40.512584415686916
1779930375,40.477542204554965
1779930390,40.22677466963771
1779930405,40.343266344481776
1779930420,41.38579843362369
1779930435,41.334603131174156
1779930450,41.1787021227898
1779930465,41.22000562990479
1779930480,41.15376217072292
1779930495,41.11198512021426
1779930510,41.44688553140776
1779930525,41.47992833709976
1779930540,41.24873392912107
1779930555,41.40100443815392
1779930570,41.231581135083516
1779930585,41.340811811224555
1779930600,41.16244379960696
1779930615,41.185384346233874
1779930630,41.294825486105445
1779930645,40.66064565010931
1779930660,40.5741976727973
1779930675,40.44912960093446
1779930690,40.50484987359022
1779930705,40.63128595970146
1779930720,40.65501574531783
1779930735,40.72173274789339
1779930750,40.64896491306532
1779930765,40.968238392267565
1779930780,41.255521384430416
1779930795,40.93940486118601
1779930810,41.00454338578265
1779930825,41.10888078018905
1779930840,41.315187852033475
1779930855,41.13424165971698
1779930870,41.26346639025763
1779930885,41.22205765127739
1779930900,41.09609510855983
1779930915,41.06836651206351
1779930930,41.27798838766367
1779930945,40.97407876078955
1779930960,40.9863908890251
1779930975,41.14329160012944
1779930990,41.14776395440304
1779931005,41.072996714135016
1779931020,40.910834409767624
1779931035,40.80465545771915
1779931050,40.80875950046433
1779931065,40.89631241236159
1779931080,40.793869191529886
1779931095,41.14350206385996
1779931110,40.9422987374807
1779931125,41.03143012735686
1779931140,41.068313896130896
1779931155,40.93566912996924
1779931170,41.03190367075054
1779931185,40.947192019215336
1779931200,41.00506954510895
1779931215,41.099199448585026
1779931230,41.13287364546858
1779931245,41.126191422024505
1779931260,41.19280319273479
1779931275,41.034744931112584
1779931290,40.97250028281064
1779931305,41.09046520376835
1779931320,41.2253724550331
1779931335,41.13860878212532
1779931350,41.263571622122896
1779931365,41.005753552233145
1779931380,41.21800622446483
1779931395,40.962240175947684
1779931410,41.07099730869505
1779931425,41.446411988014084
1779931440,41.239210445314946
1779931455,41.23400146798451
1779931470,41.26799136046386
1779931485,41.46735312920106
1779931500,41.4526206680645
1779931515,41.2317389828814
1779931530,41.40226722053705
1779931545,41.22079486889425
1779931560,41.412159015871595
1779931575,41.32292239413017
1779931590,41.3477571143318
1779931605,41.42636531768184
1779931620,41.43052197635966
1779931635,43.58372378740006
1779931650,40.95529487284044
1779931665,40.84411740719207
1779931680,40.91062394603709
1779931695,41.2253724550331
1779931710,41.03195628668317
1779931725,40.57219826735734
1779931740,40.60034779131468
1779931755,40.53868191827167
1779931770,40.51026931465117
1779931785,40.62776069221521
1779931800,40.63307490141089
1779931815,40.92667180548942
1779931830,40.70068637484117
1779931845,40.49858857760719
1779931860,40.61702704195858
1779931875,40.921252364428476
1779931890,41.06584094729725
1779931905,41.08925503731785
1779931920,40.98065575236838
1779931935,41.18927792524855
1779931950,40.83001633724707
1779931965,40.83012156911234
1779931980,41.00370153086056
1779931995,40.90609897583087
1779932010,41.03385046025787
1779932025,41.0826254298064
1779932040,40.919831734247445
1779932055,41.15160491748506
1779932070,40.7176287051482
1779932085,40.65596283210519
1779932100,40.82870093893132
1779932115,40.77319113000608
1779932130,40.88647323295967
1779932145,40.7506715108402
1779932160,40.80312959567287
1779932175,41.054528521781684
1779932190,40.859902186981245
1779932205,40.95366377892889
1779932220,41.03805973486831
1779932235,40.96476574071395
1779932250,40.93840515846604
1779932265,40.77171788389242
1779932280,40.63865219026973
1779932295,41.1446069984452
1779932310,41.12898006645393
1779932325,41.056475311289006
1779932340,41.144870078108355
1779932355,41.28819587859399
1779932370,41.1446069984452
1779932385,41.05210818888067
1779932400,41.195802300894734
1779932415,41.07010283784033
1779932430,40.96792269667178
1779932445,40.92272561054213
1779932460,41.26430824517973
1779932475,41.02643161375696
1779932490,40.92877644279464
1779932505,41.13808262279901
1779932520,41.17007310983839
1779932535,41.118825191456224
1779932550,40.95655765522358
1779932565,40.81328447067057
1779932580,40.98439148358515
1779932595,40.7177865529461
1779932610,41.012804087205645
1779932625,41.08567715389897
1779932640,40.958820140326694
1779932655,41.04342655999663
1779932670,41.112774359203705
1779932685,40.878422995267194
1779932700,40.94398244732488
1779932715,41.005911400031046
1779932730,40.77818964360598
1779932745,40.95476871351414
1779932760,40.884473827519706
1779932775,41.03295598940315
1779932790,41.26330854245974
1779932805,41.100409615035524
1779932820,41.314556460841914
1779932835,40.7176287051482
1779932850,40.637547255684495
1779932865,40.73099315203636
1779932880,40.88026455290926
1779932895,41.33439266744363
1779932910,41.16807370439843
1779932925,41.56327197438656
1779932940,40.96492358851184
1779932955,40.976130782162144
1779932970,41.465195875963204
1779932985,41.12776990000342
1779933000,41.39195449774146
1779933015,41.256626319015666
1779933030,41.044952422042925
1779933045,41.248786545053704
1779933060,41.03337691686419
1779933075,41.127506820340265
1779933090,41.256573703083035
1779933105,41.01853922386238
1779933120,41.57242714666428
1779933135,41.67876394651064
1779933150,41.589843020364995
1779933165,41.87438998403107
1779933180,41.27109570048907
1779933195,40.950822518566845
1779933210,41.580530000289386
1779933225,41.229897425239336
1779933240,41.44925324837614
1779933255,41.453830834515
1779933270,40.83127911963022
1779933285,41.22631954182046
1779933300,41.28430229957934
1779933315,41.08499314677477
1779933330,41.08278327760429
1779933345,41.24662929181585
1779933360,41.03869112605988
1779933375,41.33118309555316
1779933390,41.3710133565545
1779933405,41.562851046925516
1779933420,41.46477494850216
1779933435,40.898837977127855
1779933450,41.18738375167384
1779933465,41.08336205286322
1779933480,41.22142626008581
1779933495,41.103513955060734
1779933510,41.18406894791812
1779933525,41.2850915385688
1779933540,41.03195628668317
1779933555,41.117194097544676
1779933570,41.26330854245974
1779933585,41.161233633156456
1779933600,40.90688821482033
1779933615,41.15923422771649
1779933630,41.4873997995333
1779933645,41.40568725615804
1779933660,41.67276573019076
1779933675,41.40516109683173
1779933690,41.402477684267566
1779933705,41.365909611089336
1779933720,41.41326395045684
1779933735,41.62230705079806
1779933750,41.343810919384495
1779933765,41.47661353334403
1779933780,41.457829645394916
1779933795,41.40263553206547
1779933810,41.65203505273431
1779933825,41.44030853982894
1779933840,41.419262166776726
1779933855,41.17717626074352
1779933870,41.21300771086492
1779933885,41.354544569641135
1779933900,41.14434391878204
1779933915,40.99207340974921
1779933930,41.05363405092696
1779933945,41.16323303859642
1779933960,41.068892671389825
1779933975,40.938615622196565
1779933990,41.07888969858963
1779934005,41.126875429148704
1779934020,41.260572513962956
1779934035,41.050161399373344
1779934050,41.26346639025763
1779934065,40.81312662287267
1779934080,40.849589464185655
1779934095,40.895628405237396
1779934110,41.00770034174048
1779934125,41.10035699910289
1779934140,40.9960196046965
1779934155,40.96529190004025
1779934170,40.963450342398176
1779934185,40.89504962997845
1779934200,40.76403595772836
1779934215,40.807286254350686
1779934230,40.73630736123205
1779934245,40.87631835796197
1779934260,40.825228287377705
1779934275,40.87426633658938
1779934290,40.95655765522358
1779934305,40.98233946221256
1779934320,40.91393874979282
1779934335,40.9300918411104
1779934350,40.923777929194735
1779934365,40.99175771415342
1779934380,41.029483337849534
1779934395,40.44686711583134
1779934410,40.44976099212603
1779934425,40.487539231754766
1779934440,40.438501182543085
1779934455,40.46070510611318
1779934470,40.67716705295531
1779934485,40.57945926606036
1779934500,40.69095242730452
1779934515,40.665170620315536
1779934530,40.61934214299432
1779934545,40.5344200277286
1779934560,40.55678179909658
1779934575,40.53515665078542
1779934590,40.66932727899335
1779934605,40.743831439598225
1779934620,40.62802377187836
1779934635,40.54620599663784
1779934650,40.592508017352735
1779934665,40.64270361708229
1779934680,40.68942656525822
1779934695,40.66627555490078
1779934710,40.6830074214773
1779934725,40.659645947389336
1779934740,40.665854627439735
1779934755,40.54604814883995
1779934770,40.579196186397205
1779934785,40.58698334442653
1779934800,40.51474166892477
1779934815,40.5135841184069
1779934830,40.72899374659641
1779934845,40.706421511497894
1779934860,40.68032400891314
1779934875,40.73120361576689
1779934890,40.63486384312034
1779934905,40.632917053613006
1779934920,40.73630736123205
1779934935,40.764141189593616
1779934950,40.67237900308592
1779934965,40.75745896614954
1779934980,40.8460641966994
1779934995,40.784503555521646
1779935010,40.73336086900474
1779935025,40.716208074967184
1779935040,40.66396045386503
1779935055,40.7196807265208
1779935070,40.68742715981827
1779935085,40.71194618442411
1779935100,40.74130587483196
1779935115,40.83248928608072
1779935130,40.79460581458672
1779935145,40.70231746875271
1779935160,40.698476505670676
1779935175,40.452549636555446
1779935190,40.914149213523345
1779935205,40.984181019854624
1779935220,40.93977317271443
1779935235,41.000807654565875
1779935250,41.025274063239095
1779935265,41.02637899782433
1779935280,41.12313969793193
1779935295,41.00149166169008
1779935310,41.010488986169904
1779935325,40.84732697908253
1779935340,40.777189940886004
1779935355,40.71783916887873
1779935370,40.66859065593652
1779935385,40.75456508985486
1779935400,40.48169886323277
1779935415,40.60566200051038
1779935430,40.585457482380235
1779935445,40.711156945434645
1779935460,40.74441021485716
1779935475,40.72320599400705
1779935490,40.90399433852565
1779935505,40.75614356783378
1779935520,40.89368161573006
1779935535,40.83406776405963
1779935550,40.88426336378919
1779935565,40.8536408909982
1779935580,40.9397205567818
1779935595,40.84438048685522
1779935610,40.96550236377078
1779935625,40.85448274592029
1779935640,40.81491556458211
1779935655,40.75051366304231
1779935670,40.822229179217764
1779935685,40.864427157187464
1779935700,40.63002317731832
1779935715,40.811232449297975
1779935730,40.81938791885571
1779935745,40.84832668180252
1779935760,40.82485997584928
1779935775,40.7568801908906
1779935790,40.798920321062425
1779935805,40.68811116694246
1779935820,40.61692181009331
1779935835,40.61555379584492
1779935850,40.548521097673586
1779935865,40.54631122850311
1779935880,40.60008471165154
1779935895,40.47180706789823
1779935910,40.60729309442193
1779935925,40.56030706658284
1779935940,40.599821631988384
1779935955,40.77761086834705
1779935970,40.45865308474059
1779935985,40.59913762486419
1779936000,40.72546847911016
1779936015,40.667170025755496
1779936030,40.80381360279707
1779936045,40.83506746677962
1779936060,40.85195718115403
1779936075,40.9435089039312
1779936090,41.08725563187788
1779936105,41.07031330157085
1779936120,41.223636129256306
1779936135,41.20206359687777
1779936150,41.121298140289866
1779936165,41.17707102887825
1779936180,41.076785061284404
1779936195,40.9333540289335
1779936210,40.86953090265263
1779936225,40.71662900242823
1779936240,40.677114437022674
1779936255,40.69842388973805
1779936270,40.67737751668583
1779936285,40.727836196078535
1779936300,40.71736562548506
1779936315,40.73341348493737
1779936330,40.66143488909877
1779936345,40.70200177315692
1779936360,40.72662602962803
1779936375,40.68248126215099
1779936390,40.78671342469213
1779936405,40.81459986898632
1779936420,40.84543280550783
1779936435,41.11472114871104
1779936450,40.72357430553546
1779936465,40.75745896614954
1779936480,40.780873056170144
1779936495,40.73951693312252
1779936510,40.77487483985025
1779936525,40.84701128348676
1779936540,40.815757419504195
1779936555,40.84827406586988
1779936570,40.75267091628015
1779936585,40.83732995188273
1779936600,40.74930349659181
1779936615,40.7043694901253
1779936630,40.56725236969007
1779936645,40.72310076214178
1779936660,40.87168815589048
1779936675,40.82649106976084
1779936690,40.87968577765033
1779936705,40.90220539681621
1779936720,41.00780557360575
1779936735,40.99302049653656
1779936750,40.965870675299186
1779936765,41.242525249070674
1779936780,40.90320509953619
1779936795,41.00470123358054
1779936810,41.10446104184808
1779936825,40.46780825701831
1779936840,40.56451634119328
1779936855,40.6480704422106
1779936870,40.704211642327415
1779936885,40.57167210803103
1779936900,40.66106657757036
1779936915,40.720733045173404
1779936930,40.67806152381003
1779936945,40.83033203284286
1779936960,40.92535640717365
1779936975,42.29884271256179
1779936990,41.91506209995449
1779937005,41.984567746959456
1779937020,42.055809719741234
1779937035,41.993512455506654
1779937050,42.030922383606985
1779937065,42.165829634871734
1779937080,42.05965068282327
1779937095,42.14430971842583
1779937110,42.161199432800245
1779937125,42.13452315495655
1779937140,40.87879130679561
1779937155,40.812810927276885
1779937170,40.7050534972495
1779937185,40.6103448185145
1779937200,40.612133760223934
1779937215,41.09509540583984
1779937230,41.329815081304766
1779937245,41.43067982415756
1779937260,41.56574492322021
1779937275,41.604522865568924
1779937290,41.605575184221536
1779937305,41.465985114952666
1779937320,41.45698779047283
1779937335,41.36869825551875
1779937350,41.43741466353427
1779937365,41.524441416105205
1779937380,41.44567536495726
1779937395,41.54096281895121
1779937410,41.50292149965931
1779937425,40.54362781593894
1779937440,40.516898922162625
1779937455,40.6076087900177
1779937470,40.7158923793714
1779937485,40.7000549836496
1779937500,40.63638970516662
1779937515,40.69521431784759
1779937530,40.882895349540796
1779937545,40.50400801866814
1779937560,40.5451010620526
1779937575,40.5640427977996
1779937590,40.69758203481596
1779937605,40.64196699402546
1779937620,40.74072709957303
1779937635,40.84595896483414
1779937650,40.73099315203636
1779937665,40.81496818051475
1779937680,40.72031211771237
1779937695,40.847063899419375
1779937710,40.796236908498265
1779937725,40.77092864490296
1779937740,40.83338375693544
1779937755,40.865269012109565
1779937770,40.827753852143964
1779937785,40.770507717441916
1779937800,40.732519014082655
1779937815,40.794921510182505
1779937830,40.89373423166269
1779937845,40.81170599269165
1779937860,40.793869191529886
1779937875,40.85085224656878
1779937890,40.89062989163749
1779937905,40.762773175345224
1779937920,40.70905230812942
1779937935,40.708894460331535
1779937950,40.71431390139249
1779937965,40.698476505670676
1779937980,40.804129298392844
1779937995,40.77434868052395
1779938010,40.798867705129794
1779938025,40.73814891887413
1779938040,40.616448266699635
1779938055,40.65812008534304
1779938070,40.72162751602812
1779938085,40.70294885994428
1779938100,40.631812119027764
1779938115,40.73704398428888
1779938130,40.73667567276047
1779938145,40.68711146422248
1779938160,40.65043815917898
1779938175,40.690794579506615
1779938190,40.73436057172473
1779938205,40.71068340204097
1779938220,40.672799930546965
1779938235,40.648123058143234
1779938250,40.6855856021762
1779938265,40.776874245290216
1779938280,40.789554685054185
1779938295,40.94871788126162
1779938310,40.8303846487755
1779938325,40.74898780099602
1779938340,40.79639475629615
1779938355,40.802498204481296
1779938370,40.865795171435856
1779938385,40.81538910797578
1779938400,40.813547550333716
1779938415,40.98865337412821
1779938430,40.80986443504958
1779938445,40.87800206780615
1779938460,40.8346991552512
1779938475,40.80518161704546
1779938490,40.87063583723788
1779938505,40.750461047109674
1779938520,40.85737662221497
1779938535,40.91078179383499
1779938550,40.936142673362916
1779938565,40.94803387413742
1779938580,40.94513999784275
1779938595,40.88079071223557
1779938610,40.941877810019655
1779938625,40.882527038012384
1779938640,40.76624582689884
1779938655,40.713419430537755
1779938670,40.8176515930789
1779938685,40.98423363578725
1779938700,40.969185479054914
1779938715,41.00391199459108
1779938730,40.99565129316809
1779938745,40.968133160402296
1779938760,40.79634214036353
1779938775,40.49453715079463
1779938790,40.535577578246475
1779938805,40.59103477123907
1779938820,40.563516638473295
1779938835,40.56604220323956
1779938850,40.62002615011851
1779938865,40.70305409180954
1779938880,40.63275920581512
1779938895,40.606398623567195
1779938910,40.69426723106023
1779938925,40.65022769544846
1779938940,40.7329399415437
1779938955,40.71194618442411
1779938970,40.66632817083341
1779938985,40.72594202250384
1779939000,40.665802011507104
1779939015,40.73441318765736
1779939030,40.8195457666536
1779939045,40.795552901374066
1779939060,40.843275552269986
1779939075,40.81565218763894
1779939090,40.8069705587549
1779939105,40.96492358851184
1779939120,41.02864148292744
1779939135,41.05200295701541
1779939150,41.02716823681379
1779939165,40.96802792853704
1779939180,41.06994499004244
1779939195,40.96229279188031
1779939210,40.963450342398176
1779939225,41.00438553798475
1779939240,40.897522578812094
1779939255,40.946192316495356
1779939270,40.86205944021909
1779939285,40.85400920252662
1779939300,41.22584599842678
1779939315,40.89973244798257
1779939330,40.4788049869381
1779939345,40.662908135212426
1779939360,40.67437840852589
1779939375,40.691899514091865
1779939390,40.65969856332195
1779939405,40.70768429388103
1779939420,40.699581440255926
1779939435,40.743252664339295
1779939450,40.71263019154831
1779939465,40.77697947715547
1779939480,40.67464148818903
1779939495,40.78339862093641
1779939510,40.58666764883074
1779939525,40.914570140984395
1779939540,41.03137751142424
1779939555,41.21100830542497
1779939570,40.568199456477416
1779939585,40.98112929576205
1779939600,40.83538316237539
1779939615,40.16037336265794
1779939630,40.55446669806084
1779939645,40.69852912160331
1779939660,40.78971253285207
1779939675,40.74304220060877
1779939690,40.78176752702486
1779939705,40.88068548037032
1779939720,40.89057727570486
1779939735,40.580774664376115
1779939750,40.63286443768037
1779939765,40.587088576291784
1779939780,40.5850365549192
1779939795,40.593139408544296
1779939810,40.62628744610155
1779939825,40.53457787552649
1779939840,40.70147561383063
1779939855,40.63828387874132
1779939870,40.90141615782675
1779939885,40.89262929707744
1779939900,40.95461086571625
1779939915,41.04074314743248
1779939930,40.85611383983184
1779939945,40.872950938273625
1779939960,40.748566873534976
1779939975,40.65938286772618
1779939990,40.75830082107162
1779940005,40.7000549836496
1779940020,40.672168539355404
1779940035,40.570461941580525
1779940050,40.66859065593652
1779940065,40.68511205878252
1779940080,41.00554308850263
1779940095,40.823544577533525
1779940110,40.83433084372279
1779940125,40.60550415271248
1779940140,40.948928344992154
1779940155,40.87595004643356
1779940170,40.82301841820721
1779940185,40.88300058140606
1779940200,40.98660135275563
1779940215,40.160478594523205
1779940230,40.571198564637356
1779940245,40.67937692212579
1779940260,40.735255042579446
1779940275,40.63075980037515
1779940290,40.64575534117486
1779940305,40.730098681181644
1779940320,40.89362899979743
1779940335,40.86263821547803
1779940350,40.79702614748773
1779940365,40.8133370866032
1779940380,40.96939594278544
1779940395,41.09904160078713
1779940410,41.32497441550276
1779940425,41.133978580053835
1779940440,41.002859675938474
1779940455,40.91172888062234
1779940470,40.93440634758612
1779940485,41.007174182414175
1779940500,41.04511026984081
1779940515,40.92877644279464
1779940530,40.95739951014566
1779940545,40.98744320767772
1779940560,40.9860225774967
1779940575,40.95618934369516
1779940590,40.83706687221957
1779940605,40.884579059384976
1779940620,40.88247442207975
1779940635,41.08946550104837
1779940650,40.95019112737528
1779940665,40.964555276983425
1779940680,40.948086490070054
1779940695,40.87800206780615
1779940710,40.97139534822539
1779940725,40.94003625237759
1779940740,41.055212528905884
1779940755,41.02769439614009
1779940770,41.16933648678156
1779940785,40.522265747290945
1779940800,40.95213791688261
1779940815,40.194468487002545
1779940830,40.68532252251305
1779940845,40.84427525498996
1779940860,40.86184897648857
1779940875,40.7847666351848
1779940890,40.84495926211416
1779940905,40.979498201850504
1779940920,41.004806465445796
1779940935,40.99591437283123
1779940950,41.143133752331536
1779940965,40.89831181780155
1779940980,41.11735194534257
1779940995,41.05373928279222
1779941010,41.01401425365615
1779941025,41.12398155285402
1779941040,41.11187988834899
1779941055,41.032114134481056
1779941070,40.90367864292986
1779941085,41.11393190972158
1779941100,40.930933696032504
1779941115,41.05442328991642
1779941130,41.09577941296404
1779941145,41.05815902113319
1779941160,41.19864356125679
1779941175,41.228529410990944
1779941190,40.62160462809743
1779941205,40.83759303154588
1779941220,40.82543875110822
1779941235,40.88621015329652
1779941250,40.887893863140704
1779941265,40.88505260277865
1779941280,40.95739951014566
1779941295,40.98202376661677
1779941310,41.23742150360551
1779941325,41.00696371868365
1779941340,41.06142120895628
1779941355,41.11898303925412
1779941370,41.12698066101396
1779941385,41.17601871022565
1779941400,41.287248791806654
1779941415,41.223530897391036
1779941430,41.14060818756528
1779941445,41.105829056096475
1779941460,41.146185476424115
1779941475,41.15702435854601
1779941490,41.121140292491965
1779941505,41.23263345373612
1779941520,41.17201989934573
1779941535,41.448832320915095
1779941550,41.22700354894465
1779941565,41.32949938570899
1779941580,41.65466584936585
1779941595,41.678816562443274
1779941610,41.72548689468658
1779941625,40.974552304183234
1779941640,41.17344052952675
1779941655,40.97834065133264
1779941670,40.940194100175475
1779941685,40.93135462349354
1779941700,41.0648938605099
1779941715,41.008226501066794
1779941730,41.0029122918711
1779941745,41.051845109217524
1779941760,40.790501771841534
1779941775,40.935563898103986
1779941790,40.82538613517559
1779941805,40.88573660990284
1779941820,40.99175771415342
1779941835,40.876791901355645
1779941850,40.832910213541766
1779941865,40.95697858268462
1779941880,41.030535656502146
1779941895,41.01338286246459
1779941910,40.9619244803519
1779941925,40.99138940262501
1779941940,41.07699552501492
1779941955,41.049582624114414
1779941970,41.13918755738425
1779941985,41.07273363447186
1779942000,41.01327763059932
1779942015,40.965081436309724
1779942030,40.730203913046914
1779942045,40.79965694411924
1779942060,40.93740545574606
1779942075,40.90273155614251
1779942090,41.05963226724685
1779942105,41.14439653471468
1779942120,41.115931315161546
1779942135,41.03348214872946
1779942150,40.85095747843405
1779942165,40.7759797744355
1779942180,40.899206288656266
1779942195,41.07010283784033
1779942210,40.83433084372279
1779942225,40.82596491043453
1779942240,40.84764267467832
1779942255,40.76656152249463
1779942270,40.771928347622946
1779942285,40.737727991413074
1779942300,40.974447072317965
1779942315,40.675799038706906
1779942330,40.85132578996246
1779942345,40.746567468095016
1779942360,40.76550920384202
1779942375,40.83259451794598
1779942390,40.80028833531082
1779942405,40.87931746612191
1779942420,40.90604635989824
1779942435,40.85537721677501
1779942450,40.87331924980203
1779942465,40.865269012109565
1779942480,40.94440337478592
1779942495,40.971237500427506
1779942510,40.94703417141745
1779942525,40.948823113126885
1779942540,40.803445291268645
1779942555,40.84290724074157
1779942570,40.757143270553755
1779942585,40.96081954576666
1779942600,40.90231062868147
1779942615,40.86595301923376
1779942630,40.596191132636875
1779942645,40.92177852375478
1779942660,40.72709957302171
1779942675,40.82191348362198
1779942690,40.78813405487316
1779942705,40.74972442405284
1779942720,40.68705884828985
1779942735,40.7150505244493
1779942750,40.837856111209035
1779942765,40.66385522199978
1779942780,40.64217745775598
1779942795,40.64280884894755
1779942810,40.67569380684165
1779942825,40.626182214236294
1779942840,40.71941764685765
1779942855,40.658172701275674
1779942870,40.49490546232305
1779942885,40.50937484379645
1779942900,40.383096605483104
1779942915,40.49101188330838
1779942930,40.567410217487954
1779942945,40.583931620333956
1779942960,40.690531499843466
1779942975,40.745778229105554
1779942990,40.72283768247863
1779943005,40.626813605427856
1779943020,40.66532846811343
1779943035,40.65759392601673
1779943050,40.68074493637418
1779943065,40.77634808596391
1779943080,40.742516041282464
1779943095,40.97649909369056
1779943110,40.6506486229095
1779943125,40.71531360411246
1779943140,40.710209858647296
1779943155,40.75198690915596
1779943170,41.006595407155245
1779943185,40.779189346325964
1779943200,41.308137317060975
1779943215,40.91278119927495
1779943230,40.56262216761858
1779943245,40.70615843183475
1779943260,40.78697650435529
1779943275,40.745462533509766
1779943290,40.800919726502386
1779943305,40.790764851504676
1779943320,40.89231360148167
1779943335,40.98144499135783
1779943350,40.92104190069795
1779943365,40.95029635924055
1779943380,40.984444099517766
1779943395,40.80328744347076
1779943410,40.75040843117704
1779943425,40.952874539939444
1779943440,40.96339772646556
1779943455,40.963450342398176
1779943470,40.98649612089037
1779943485,40.92572471870207
1779943500,40.85390397066136
1779943515,40.95282192400681
1779943530,40.859165563924414
1779943545,40.82464951211876
1779943560,40.908940236192926
1779943575,40.796236908498265
1779943590,40.796552604094046
1779943605,40.929197370255686
1779943620,40.888420022466995
1779943635,40.9030472517383
1779943650,40.83196312675441
1779943665,40.86279606327592
1779943680,40.90530973684141
1779943695,40.893155456403754
1779943710,40.93835254253341
1779943725,40.84222323361737
1779943740,40.83454130745331
1779943755,40.837487799680616
1779943770,40.81938791885571
1779943785,40.960398618305604
1779943800,40.887578167544916
1779943815,40.9674491532781
1779943830,40.754775553585375
1779943845,40.89326068826902
1779943860,40.947244635147975
1779943875,40.975183695374795
1779943890,40.91625385082857
1779943905,41.0023861325448
1779943920,41.03737572774412
1779943935,40.95513702504255
1779943950,41.0264842296896
1779943965,40.60597769610615
1779943980,40.588193510877026
1779943995,40.64680765982748
1779944010,40.58024850504981
1779944025,40.653279419541036
1779944040,40.719733342453424
1779944055,40.697792498546484
1779944070,40.72325860993967
1779944085,40.62702406915838
1779944100,40.58714119222442
1779944115,40.853588275065576
1779944130,40.41277199148674
1779944145,40.653542499204185
1779944160,40.71099909763676
1779944175,40.54346996814105
1779944190,40.674431024458514
1779944205,40.26271135162438
1779944220,40.47470094419291
1779944235,41.129927153241276
1779944250,40.76835046420406
1779944265,40.83059511250602
1779944280,41.02364296932755
1779944295,40.93582697776714
1779944310,40.957189046415145
1779944325,40.90830884500135
1779944340,40.979813897446284
1779944355,40.79771015461192
1779944370,40.73646520902995
1779944385,40.59819053807684
1779944400,40.7221010594218
1779944415,41.10398749845441
1779944430,41.544225006774305
1779944445,41.80467387329557
1779944460,41.80051721461776
1779944475,42.01645300213358
1779944490,42.13136619899872
1779944505,42.08043397621234
1779944520,42.109214891361255
1779944535,42.10005971908354
1779944550,42.09221994512158
1779944565,42.19603118020168
1779944580,42.21302612644134
1779944595,42.33172767045589
1779944610,41.2243201363805
1779944625,41.23647441681816
1779944640,41.268096592329115
1779944655,41.394743142170874
1779944670,41.12908529831918
1779944685,41.49234569720057
1779944700,41.29450979050966
1779944715,41.30308618752845
1779944730,41.33134094335106
1779944745,41.327763059932174
1779944760,41.29845598545696
1779944775,41.48471638696913
1779944790,41.2616774485482
1779944805,41.43830913438899
1779944820,41.27898809038365
1779944835,41.22826633132779
1779944850,41.33975949257195
1779944865,41.07436472838341
1779944880,40.94492953411223
1779944895,40.858165861204434
1779944910,40.908835004327656
1779944925,41.17665010141721
1779944940,41.0194336947171
1779944955,41.0820992704801
1779944970,40.9922312575471
1779944985,40.90641467142665
1779945000,40.92961829771673
1779945015,40.93235432621351
1779945030,41.00054457490273
1779945045,41.094253550917756
1779945060,41.084466987448465
1779945075,41.036796952485176
1779945090,41.11919350298464
1779945105,40.97297382620432
1779945120,41.088465798328386
1779945135,41.055212528905884
1779945150,41.14634332422201
1779945165,41.243156640262235
1779945180,41.39369082351827
1779945195,41.23899998158442
1779945210,41.44604367648568
1779945225,41.062052600147844
1779945240,41.1330841091991
1779945255,41.02932549005164
1779945270,41.1098278669764
1779945285,41.14802703406618
1779945300,41.27562067069529
1779945315,41.170757116962584
1779945330,41.06910313512034
1779945345,41.06826128019826
1779945360,41.11766764093835
1779945375,41.237158423942354
1779945390,41.139503252980035
1779945405,41.06410462152045
1779945420,41.1886991499896
1779945435,40.98344439679779
1779945450,41.15060521476508
1779945465,41.069734526311905
1779945480,41.03227198227896
1779945495,41.03285075753789
1779945510,40.85158886962561
1779945525,41.115247308037354
1779945540,41.004227690186866
1779945555,41.14239712927471
1779945570,40.997966394203836
1779945585,40.997177155214374
1779945600,40.96013553864246
1779945615,41.03684956841781
1779945630,41.13066377629811
1779945645,41.03327168499894
1779945660,41.187752063202254
1779945675,40.99380973552601
1779945690,41.15765574973758
1779945705,40.92251514681161
1779945720,40.97250028281064
1779945735,41.03748095960938
1779945750,40.96160878475611
1779945765,41.226266925887835
1779945780,41.2620457600766
1779945795,41.07199701141503
1779945810,41.03295598940315
1779945825,41.00691110275102
1779945840,41.24815515386214
1779945855,41.419209550844094
1779945870,41.185857889627556
1779945885,41.209903370839726
1779945900,41.093148616332506
1779945915,41.231475903218254
1779945930,41.306611455014696
1779945945,41.10198809301444
1779945960,41.124507712180325
1779945975,41.28651216874982
1779945990,41.30424373804632
1779946005,41.20627287148822
1779946020,41.30450681770947
1779946035,41.108565084593266
1779946050,41.09220152954516
1779946065,41.1017250133513
1779946080,41.198906640919944
1779946095,41.129190530184445
1779946110,41.358175068992644
1779946125,41.21742744920589
1779946140,41.410422690094784
1779946155,41.40263553206547
1779946170,41.1377143112706
1779946185,41.011857000418296
1779946200,40.9826025418757
1779946215,41.17722887667614
1779946230,41.30840039672413
1779946245,41.24526127756746
1779946260,41.30987364283779
1779946275,41.201063894157784
1779946290,40.988969069724
1779946305,40.88994588451329
1779946320,40.87468726405042
1779946335,40.994809438245994
1779946350,40.83033203284286
1779946365,40.89557578930476
1779946380,40.849589464185655
1779946395,40.77882103479755
1779946410,40.835593626105926
1779946425,40.884789523115494
1779946440,40.89636502829421
1779946455,40.719207183127125
1779946470,40.63275920581512
1779946485,40.700844222639056
1779946500,40.74935611252444
1779946515,40.74230557755194
1779946530,40.66795926474496
1779946545,40.74598869283608
1779946560,40.81549433984105
1779946575,40.70237008468535
1779946590,40.70289624401164
1779946605,40.74646223622975
1779946620,40.77403298492817
1779946635,40.71147264103043
1779946650,40.7339922601963
1779946665,40.726731261493285
1779946680,40.80028833531082
1779946695,40.70978893118625
1779946710,40.86795242467372
1779946725,40.840223828177415
1779946740,40.7241530807944
1779946755,40.90709867855086
1779946770,40.795500285441435
1779946785,41.066524954421446
1779946800,40.800183103445555
1779946815,40.82301841820721
1779946830,40.86532162804218
1779946845,40.84306508853947
1779946860,40.9182006403359
1779946875,40.928460747198855
1779946890,40.9307758482346
1779946905,40.99959748811538
1779946920,40.838487502400596
1779946935,40.843222936337355
1779946950,40.818125136472574
1779946965,40.86474285278325
1779946980,40.75293399594331
1779946995,40.70542180877792
1779947010,40.718207480407145
1779947025,40.73641259309731
1779947040,40.676167350235325
1779947055,40.73709660022151
1779947070,40.64938584052638
1779947085,40.72636294996488
1779947100,40.76598274723568
1779947115,40.755143865113794
1779947130,40.7033171714727
1779947145,40.80949612352116
1779947160,40.77824225953861
1779947175,40.760563306174745
1779947190,40.75535432884432
1779947205,40.742463425349825
1779947220,40.850115623511954
1779947235,40.73651782496258
1779947250,40.732834709678436
1779947265,40.704948265384246
1779947280,40.82538613517559
1779947295,40.94645539615851
1779947310,40.99738761894489
1779947325,40.93177555095458
1779947340,41.03637602502413
1779947355,40.89936413645417
1779947370,40.905835896167716
1779947385,41.06536740390357
1779947400,40.83832965460271
1779947415,40.79192240202255
1779947430,40.939562708983914
1779947445,40.8297006416513
1779947460,40.80623393569807
1779947475,41.05563345636693
1779947490,40.86006003477913
1779947505,41.224846295706804
1779947520,40.95734689421303
1779947535,40.950875134499476
1779947550,41.006542791222614
1779947565,41.291563298282355
1779947580,41.07704814094756
1779947595,41.11777287280361
1779947610,41.09162275428623
1779947625,41.083519900661116
1779947640,40.99670361182069
1779947655,41.06473601271201
1779947670,41.105829056096475
1779947685,41.210429530166024
1779947700,41.153288627329246
1779947715,41.44851662531931
1779947730,41.11508946023945
1779947745,41.26567625942812
1779947760,41.07373333719183
1779947775,41.08967596477889
1779947790,41.053423587196434
1779947805,41.09067566749888
1779947820,41.07436472838341
1779947835,41.12587572642872
1779947850,41.052634348206986
1779947865,41.118193800264656
1779947880,40.77955765785437
1779947895,40.73130884763215
1779947910,40.710157242714665
1779947925,40.62407757693107
1779947940,40.69042626797821
1779947955,40.76045807430948
1779947970,40.69758203481596
1779947985,40.61402793379864
1779948000,40.66464446098923
1779948015,40.7399904765162
1779948030,40.74840902573709
1779948045,40.947981258204805
1779948060,40.83996074851426
1779948075,40.8169675859547
1779948090,40.96734392141285
1779948105,41.04111145896089
1779948120,40.93172293502195
1779948135,41.044847190177656
1779948150,41.06436770118359
1779948165,41.0289045625906
1779948180,41.12413940065191
1779948195,41.092622457006215
1779948210,41.01969677438026
1779948225,41.06305230286783
1779948240,41.04142715455667
1779948255,41.062841839137306
1779948270,41.09862067332609
1779948285,41.03279814160526
1779948300,41.174492848179355
1779948315,41.04237424134403
1779948330,41.17633440582142
1779948345,41.159865618908064
1779948360,41.15534064870183
1779948375,41.164127509451134
1779948390,41.185542194031775
1779948405,41.083256820997974
1779948420,41.1153525399026
1779948435,41.17138850815415
1779948450,41.15265723613768
1779948465,41.12666496541818
1779948480,41.06847174392878
1779948495,41.24052584363071
1779948510,41.07799522773491
1779948525,41.09798928213453
1779948540,41.09825236179767
1779948555,41.048740769192314
1779948570,41.08699255221474
1779948585,41.10330349133021
1779948600,41.08667685661895
1779948615,41.12592834236135
1779948630,41.20464177757667
1779948645,41.10740753407539
1779948660,41.163601350124836
1779948675,41.17470331190988
1779948690,41.108565084593266
1779948705,41.132189638344386
1779948720,41.10682875881646
1779948735,41.167600161004756
1779948750,41.149605512045106
1779948765,41.059211339785804
1779948780,40.94871788126162
1779948795,40.87558173490514
1779948810,40.88973542078277
1779948825,40.91425444538861
1779948840,40.85837632493495
1779948855,40.674431024458514
1779948870,40.69421461512761
1779948885,40.70626366370001
1779948900,40.71031509051256
1779948915,40.761299929231576
1779948930,40.74393667146349
1779948945,40.741726802293
1779948960,40.790817467437314
1779948975,40.629181322396235
1779948990,40.675115031582706
1779949005,40.69568786124126
1779949020,40.665749395574466
1779949035,40.68742715981827
1779949050,40.65564713650941
1779949065,40.71794440074399
1779949080,40.79065961963943
1779949095,40.77619023816602
1779949110,40.79213286575308
1779949125,40.85027347130985
1779949140,40.82938494605551
1779949155,40.883158429203945
1779949170,40.841802306156325
1779949185,40.835593626105926
1779949200,40.76998155811561
1779949215,40.9858647296988
1779949230,40.909624243317126
1779949245,41.040216988106174
1779949260,41.03337691686419
1779949275,41.014277333319306
1779949290,41.011120377361465
1779949305,41.12182429961617
1779949320,41.1742297685162
1779949335,41.15565634429762
1779949350,41.15128922188928
1779949365,41.25110164608945
1779949380,41.24731329894005
1779949395,41.25094379829156
1779949410,41.27861977885523
1779949425,41.196591539884196
1779949440,41.252732740000994
1779949455,41.22284689026684
1779949470,41.29009005216869
1779949485,41.33134094335106
1779949500,41.30934748351148
1779949515,41.21216585594284
1779949530,41.55069676648786
1779949545,41.29913999258116
1779949560,41.232159910342446
1779949575,40.819230071057824
1779949590,40.78834451860368
1779949605,40.918253256268535
1779949620,40.92498809564524
1779949635,40.951559141623676
1779949650,40.97492061571164
1779949665,40.99133678669238
1779949680,41.06968191037929
1779949695,40.99081062736607
1779949710,41.074575192113926
1779949725,40.98512810664198
1779949740,40.99475682231336
1779949755,41.04826722579864
1779949770,40.95334808333312
1779949785,41.01664505028768
1779949800,41.029220258186385
1779949815,41.137872159068486
1779949830,41.05468636957957
1779949845,41.150184287304036
1779949860,41.18270093366972
1779949875,41.24678713961375
1779949890,41.16696876981318
1779949905,41.100199151305006
1779949920,41.1552880327692
1779949935,41.17175681968257
1779949950,41.19706508327787
1779949965,41.26046728209769
1779949980,41.21700652174485
1779949995,41.43346846858697
1779950010,41.17891258652032
1779950025,41.182490469939204
1779950040,41.26967507030804
1779950055,40.89131389876168
1779950070,40.92414624072316
1779950085,40.878212531536676
1779950100,41.0723127070108
1779950115,41.32234361887123
1779950130,40.98233946221256
1779950145,41.04768845053971
1779950160,41.04332132813138
1779950175,41.00775295767312
1779950190,40.902889403940414
1779950205,40.906467287359284
1779950220,40.863848381928534
1779950235,40.836540712893274
1779950250,40.965081436309724
1779950265,40.9288816746599
1779950280,40.84406479125944
1779950295,40.95908321998984
1779950310,40.949559736183716
1779950325,40.87110938063155
1779950340,40.947086787350074
1779950355,40.94345628799857
1779950370,40.9307758482346
1779950385,40.93893131779234
1779950400,40.93666883268923
1779950415,41.08946550104837
1779950430,41.279829945305735
1779950445,41.22847679505831
1779950460,41.223741361121554
1779950475,41.16870509559
1779950490,41.23994706837178
1779950505,41.19985372770729
1779950520,41.281618887015185
1779950520,41.281618887015185
1779950535,41.2021162128104
1779950550,41.242420017205404
1779950565,41.218216688195355
1779950580,41.27151662795011
1779950595,41.27630467781949
1779950610,41.30803208519572
1779950625,41.184910802840214
1779950640,41.2179536085322
1779950655,41.23231775814035
1779950670,41.10798630933433
1779950685,41.168231552196325
1779950700,41.134820434975914
1779950715,41.06657757035408
1779950730,41.097884050269265
1779950745,41.11635224262259
1779950760,41.1275594362729
1779950775,41.14592239676096
1779950790,41.12040366943515
1779950805,41.081625727086426
1779950820,41.069839758177174
1779950835,41.07026068563822
1779950850,41.09393785532197
1779950865,41.07368072125921
1779950880,41.095148021772474
1779950895,41.04505765390818
1779950910,41.065893563229885
1779950925,41.35343963505589
1779950940,41.23521163443502
1779950955,41.143449447927324
1779950970,41.2381055107297
1779950985,41.23094974389194
1779951000,41.17070450102995
1779951015,41.219532086511116
1779951030,41.2666759621481
1779951045,41.28267120566779
1779951060,41.31366198998718
1779951075,41.19969587990939
1779951090,41.316924177810286
1779951105,41.21674344208169
1779951120,41.32955200164161
1779951135,41.31481954050506
1779951150,41.07257578667396
1779951165,40.96471312478131
1779951180,41.03926990131882
1779951195,40.985443802237754
1779951210,41.046846595617616
1779951225,40.99175771415342
1779951240,40.95955676338352
1779951255,40.9269875010852
1779951270,40.96202971221715
1779951285,40.91025563450869
1779951300,41.03227198227896
1779951315,41.02532667917173
1779951330,41.18543696216651
1779951345,41.02658946155485
1779951360,41.04589950883026
1779951375,41.04142715455667
1779951390,40.94813910600269
1779951405,41.08820271866524
1779951420,41.22921341811514
1779951435,40.83506746677962
1779951450,41.21837453599324
1779951465,40.865163780244295
1779951480,41.17970182550978
1779951495,40.62344618573951
1779951510,40.86600563516638
1779951525,40.92909213839042
1779951540,40.95455824978361
1779951555,40.96702822581706
1779951570,40.97997174524418
1779951585,40.956505039290946
1779951600,40.992546953142885
1779951615,42.197241346652184
1779951630,42.06359687777056
1779951645,42.37645121319187
1779951660,42.248068337573294
1779951675,42.196557339527985
1779951690,42.22496994314848
1779951705,42.17135430779795
1779951720,42.26564205907191
1779951735,42.20281863551102
1779951750,41.556589750942486
1779951765,41.44678029954251
1779951780,41.486452712745944
1779951795,41.56700770560333
1779951810,41.46735312920106
1779951825,41.50239534033301
1779951840,41.442518408999426
1779951855,41.6327250054589
1779951870,41.225109375369954
1779951885,41.15691912668075
1779951900,41.14939504831459
1779951915,41.15513018497131
1779951930,41.297456282736974
1779951945,41.28051395242993
1779951960,41.2053784006335
1779951975,41.44272887272995
1779951990,41.16570598743006
1779952005,41.15602465582603
1779952020,41.1351361305717
1779952035,41.111143265292164
1779952050,41.172230363076245
1779952065,41.15665604701759
1779952080,41.17922828211611
1779952095,41.239473524978095
1779952110,41.08667685661895
1779952125,40.91030825044132
1779952140,40.86432192532221
1779952155,40.87626574202934
1779952170,40.843117704472085
1779952185,41.09541110143563
1779952200,40.95366377892889
1779952215,40.927461044478875
1779952230,40.912518119611796
1779952245,40.92177852375478
1779952260,41.20064296669674
1779952275,40.99380973552601
1779952290,40.98907430158927
1779952305,40.92893429059254
1779952320,41.03179843888528
1779952335,40.96013553864246
1779952350,41.03132489549161
1779952365,40.81381062999687
1779952380,40.74772501861289
1779952395,40.86184897648857
1779952410,40.966765146153904
1779952425,40.95808351726986
1779952440,41.03769142333991
1779952455,41.062052600147844
1779952470,41.06100028149524
1779952485,41.06799820053511
1779952500,41.05216080481331
1779952515,40.983760092393574
1779952530,41.2747788157732
1779952545,41.193171504263205
1779952560,41.05252911634172
1779952575,40.9119919602855
1779952590,40.83875058206375
1779952605,40.83701425628694
1779952620,40.89862751339734
1779952635,40.86137543309489
1779952650,40.77108649270086
1779952665,40.86095450563385
1779952680,40.923199153935805
1779952695,40.8796331617177
1779952710,40.94382459952698
1779952725,40.78729219995106
1779952740,40.8465903560257
1779952755,40.975183695374795
1779952770,40.87216169928416
1779952785,40.97586770249899
1779952800,40.966765146153904
1779952815,41.02332727373176
1779952830,41.220637021096366
1779952845,41.09220152954516
1779952860,41.0523186526112
1779952875,41.08394082812217
1779952890,41.04395271932294
1779952905,40.99054754770292
1779952920,40.99754546674278
1779952935,40.98528595443987
1779952950,41.10767061373855
1779952965,40.83922412545743
1779952980,40.77950504192175
1779952995,40.57588138264148
1779953010,40.59582282110846
1779953025,40.578459563340374
1779953040,40.584826091188674
1779953055,40.66964297458914
1779953070,40.719733342453424
1779953085,40.7339922601963
1779953100,40.661224425368246
1779953115,40.65301633987788
1779953130,40.72168013196076
1779953145,40.72246937095022
1779953160,40.676851357359524
1779953175,40.66869588780179
1779953190,40.70689505489157
1779953205,40.70768429388103
1779953220,40.8631117588717
1779953235,40.871161996564176
1779953250,40.830174185044974
1779953265,40.87563435083778
1779953280,40.89594410083317
1779953295,40.872477394879944
1779953310,40.999492256250115
1779953325,40.96776484887389
1779953340,40.9433510561333
1779953355,40.9693433268528
1779953370,40.963818653926594
1779953385,40.9789720425242
1779953400,40.987022280216664
1779953415,41.028588866994816
1779953430,41.0383754304641
1779953445,40.95003327957739
1779953460,40.910203018576055
1779953475,40.906625135157185
1779953490,41.15034213510192
1779953505,40.992810032806034
1779953520,41.01217269601408
1779953535,40.958820140326694
1779953550,40.981497607290464
1779953565,40.95613672776254
1779953580,41.08893934172207
1779953595,40.899469368319416
1779953610,40.91335997453389
1779953625,40.87479249591569
1779953640,40.91151841689182
1779953655,41.0213278682918
1779953670,40.871530308092595
1779953685,40.838434886467965
1779953700,40.7759797744355
1779953715,40.74825117793919
1779953730,40.655752368374664
1779953745,40.6905841157761
1779953760,40.766771986225145
1779953775,40.79307995254043
1779953790,40.757564198014805
1779953805,40.69574047717389
1779953820,40.6070826306914
1779953835,40.68063970450893
1779953850,40.72646818183014
1779953865,40.7613525451642
1779953880,40.78329338907114
1779953895,40.88463167531761
1779953910,40.863427454467484
1779953925,41.177860267867715
1779953940,40.82296580227459
1779953955,40.674536256323776
1779953970,40.73278209374581
1779953985,40.76766645707986
1779954000,40.79939386445609
1779954015,41.03227198227896
1779954030,41.12466555997821
1779954045,41.114352837182636
1779954060,41.191856105947444
1779954075,41.17201989934573
1779954090,41.112932207001606
1779954105,41.11424760531737
1779954120,41.18280616553499
1779954135,41.07368072125921
1779954150,40.92367269732948
1779954165,40.86900474332633
1779954180,40.693793687666556
1779954195,40.6279185400131
1779954210,40.54694261969467
1779954225,40.65927763586091
1779954240,40.75567002444011
1779954255,40.84164445835844
1779954270,41.1394506370474
1779954285,40.70068637484117
1779954300,40.619131679263795
1779954315,40.69642448429809
1779954330,40.69868696940121
1779954345,41.11093280156164
1779954360,41.04442626271661
1779954375,41.05052971090176
1779954390,40.968975015324396
1779954405,40.99943964031748
1779954420,40.95787305353934
1779954435,40.9264613417589
1779954450,40.947823410406905
1779954465,40.99807162606909
1779954480,41.00406984238898
1779954495,41.03348214872946
1779954510,40.95903060405721
1779954525,40.938457774398664
1779954540,40.92535640717365
1779954555,40.95003327957739
1779954570,40.91604338709804
1779954585,40.96850147193072
1779954600,40.976236014027414
1779954615,41.02169617982021
1779954630,40.99865040132803
1779954645,40.99196817788394
1779954660,41.087887023069456
1779954675,40.99033708397239
1779954690,41.03385046025787
1779954705,41.17538731903407
1779954720,41.13034808070232
1779954735,41.09635818822298
1779954750,41.104092730319664
1779954765,41.12235045894247
1779954780,41.09330646413041
1779954795,41.23221252627508
1779954810,41.108565084593266
1779954825,41.04153238642193
1779954840,41.05389713059011
1779954855,41.04800414613548
1779954870,41.02532667917173
1779954885,41.01838137606448
1779954900,41.00059719083535
1779954915,40.95076990263422
1779954930,40.940878107299675
1779954945,40.88673631262283
1779954960,40.948928344992154
1779954975,40.90162662155728
1779954990,41.04432103085135
1779955005,40.80833857300329
1779955020,40.78308292534062
1779955035,40.96008292270983
1779955050,40.82570183077138
1779955065,40.76840308013669
1779955080,40.84538018957521
1779955095,40.898837977127855
1779955110,41.01622412282663
1779955125,40.91162364875708
1779955140,41.00996282684359
1779955155,40.98523333850723
1779955170,41.1161943948247
1779955185,41.02811532360114
1779955200,41.037901887070426
1779955215,40.88889356586067
1779955230,40.950138511442645
1779955245,41.04505765390818
1779955260,41.14087126722843
1779955275,41.02674730935274
1779955290,41.01780260080555
1779955305,40.98412840392199
1779955320,40.9188846474601
1779955335,41.213428638325965
1779955350,41.05400236245538
1779955365,41.25399552238414
1779955380,41.22752970827096
1779955395,40.923514849531585
1779955410,40.9075196060119
1779955425,40.90262632427726
1779955440,40.90436265005406
1779955455,40.866110867031644
1779955470,40.984181019854624
1779955485,40.96024077050772
1779955500,40.90488880938037
1779955515,40.77671639749233
1779955530,40.77824225953861
1779955545,40.87405587285886
1779955560,40.94182519408702
1779955575,40.983760092393574
1779955590,40.80465545771915
1779955605,40.843117704472085
1779955620,40.98481241104619
1779955635,40.779084114460694
1779955650,40.91446490911913
1779955665,40.69763465074859
1779955680,41.02148571608969
1779955695,40.95897798812458
1779955710,40.86700533788636
1779955725,40.84974731198354
1779955740,40.813863245929504
1779955755,40.699581440255926
1779955770,40.99002138837662
1779955785,41.17828119532876
1779955800,41.23363315645611
1779955815,40.4843296598643
1779955830,40.95166437348894
1779955845,40.92993399331252
1779955860,40.86832073620212
1779955875,41.03195628668317
1779955890,41.09225414547779
1779955905,41.05158202955437
1779955920,41.144922694040986
1779955935,41.0920962976799
1779955950,40.88168518309029
1779955965,40.85406181845925
1779955980,40.70773690981366
1779955995,40.936142673362916
1779956010,41.051161102093324
1779956025,41.11093280156164
1779956040,40.93708976015027
1779956055,41.11256389547319
1779956070,40.88431597972182
1779956085,40.89015634824381
1779956100,40.891471746559574
1779956115,40.88894618179331
1779956130,41.000228879306945
1779956145,41.40058351069287
1779956160,41.994985701620315
1779956175,41.13608321735905
1779956190,40.93572174590187
1779956205,40.98034005677259
1779956220,41.03684956841781
1779956235,40.88279011767554
1779956250,40.85600860796658
1779956265,40.875318655242
1779956280,40.858165861204434
1779956295,40.948928344992154
1779956310,40.93340664486613
1779956325,40.93572174590187
1779956340,40.91772709694222
1779956355,41.76100264921221
1779956370,41.06157905675417
1779956385,40.89057727570486
1779956400,41.022853730338085
1779956415,40.459600171527946
1779956430,40.987495823610345
1779956445,40.87410848879149
1779956460,40.90320509953619
1779956475,40.957820437606706
1779956490,41.071523468021354
1779956505,41.11693101788152
1779956520,41.14292328860102
1779956535,41.08741347967578
1779956550,41.010541602102535
1779956565,41.004806465445796
1779956580,41.0426899369398
1779956595,40.89578625303528
1779956610,40.8133370866032
1779956625,40.89636502829421
1779956640,40.86305914293907
1779956655,40.86032311444229
1779956670,40.97718310081476
1779956685,40.97186889161907
1779956700,40.929723529582
1779956715,41.07731122061071
1779956730,40.9094137795866
1779956745,40.95340069926574
1779956760,41.00501692917632
1779956775,40.96886978345913
1779956790,41.11977227824357
1779956805,41.04926692851863
1779956820,41.03963821284723
1779956835,41.0989889848545
1779956850,40.98107667982942
1779956865,41.047109675280765
1779956880,41.06431508525097
1779956895,40.991810330086054
1779956910,40.96608113902971
1779956925,40.99323096026708
1779956940,41.06762988900668
1779956955,41.024590056114896
1779956970,40.82538613517559
1779956985,40.83764564747852
1779957000,40.905520200571935
1779957015,40.24261206535951
1779957030,40.46028417865214
1779957045,40.850326087242486
1779957060,40.68348096487098
1779957075,40.565147732384844
1779957090,40.68400712419727
1779957105,40.820808549036734
1779957120,40.72967775372061
1779957135,40.757511582082174
1779957150,40.73804368700886
1779957165,40.767508609281975
1779957180,40.775874542570236
1779957195,40.78334600500377
1779957210,40.886104921431254
1779957225,40.826175374165054
1779957240,41.01964415844762
1779957255,40.88115902376399
1779957270,41.00091288643114
1779957285,40.97486799977901
1779957300,41.05168726141963
1779957315,41.08067864029907
1779957330,40.912886431140215
1779957345,40.80086711056975
1779957360,40.85300949980664
1779957375,40.86932043892211
1779957390,40.88899879772594
1779957405,40.85969172325071
1779957420,40.85532460084238
1779957435,41.08236235014324
1779957450,40.86947828672001
1779957465,40.85906033205915
1779957480,40.812810927276885
1779957495,40.84122353089739
1779957510,40.86626871482954
1779957525,40.79439535085619
1779957540,41.06168428861944
1779957555,40.49306390468098
1779957570,40.86821550433687
1779957585,41.195591837164216
1779957600,41.05463375364694
1779957615,40.268814799809526
1779957630,40.68390189233202
1779957645,40.756406647496924
1779957660,40.8295427938534
1779957675,40.82233441108302
1779957690,40.85490367338134
1779957705,40.819177455125185
1779957720,40.90325771546882
1779957735,40.931565087224065
1779957750,40.83501485084698
1779957765,40.80097234243502
1779957780,40.830542496573386
1779957795,40.87768637221036
1779957810,40.795763365104584
1779957825,40.743147432474025
1779957840,40.69742418701807
1779957855,40.676903973292156
1779957870,40.683112653342555
1779957885,40.66427614946082
1779957900,40.67932430619315
1779957915,40.70931538779258
1779957930,40.72041734957763
1779957945,40.704106410462146
1779957960,40.753197075606465
1779957975,40.848484529600405
1779957990,40.83496223491435
1779958005,40.95582103216675
1779958020,40.85732400628235
1779958035,40.85774493374339
1779958050,40.85374612286346
1779958065,40.80996966691484
1779958080,41.47419320044302
1779958095,40.70457995385583
1779958110,40.790764851504676
1779958125,40.9068355988877
1779958140,40.99570390910071
1779958155,41.508761868181296
1779958170,41.25952019531034
1779958185,41.32734213247113
1779958200,41.05089802243017
1779958215,41.23426454764767
1779958230,40.71405082172933
1779958245,40.796131676632996
1779958260,40.75935313972424
1779958275,40.80402406652759
1779958290,40.80781241367698
1779958305,40.866479178560056
1779958320,40.88094856003346
1779958335,40.984865026978824
1779958350,40.94729725108059
1779958365,41.01464564484771
1779958380,41.04532073357133
1779958395,41.01853922386238
1779958410,41.22405705671734
1779958425,40.93103892789776
1779958440,40.8474322109478
1779958455,40.93103892789776
1779958470,40.988969069724
1779958485,41.00107073422903
1779958500,41.01948631064973
1779958515,41.00543785663737
1779958530,40.96497620444447
1779958545,40.91678001015487
1779958560,40.88826217466911
1779958575,40.895628405237396
1779958590,40.9454030775059
1779958605,40.96629160276023
1779958620,40.949507120251084
1779958635,40.97692002115161
1779958650,40.900889998500446
1779958665,41.097778818403995
1779958680,41.17885997058769
1779958695,40.97734094861265
1779958710,40.948665265329
1779958725,41.07841615519595
1779958740,41.06173690455207
1779958755,41.150499982899824
1779958770,41.17028357356891
1779958785,41.19753862667154
1779958800,41.11703624974679
1779958815,41.73969319649683
1779958830,42.1532018110404
1779958845,42.06701691339154
1779958860,42.15193902865727
1779958875,42.10805734084339
1779958890,42.03876215756893
1779958905,42.16314622230758
1779958920,42.104900384885546
1779958935,42.12778831557984
1779958950,42.067490456785215
1779958965,42.21423629289185
1779958980,42.230915543535744
1779958995,41.95873332403786
1779959010,40.85774493374339
1779959025,40.859481259520194
1779959040,40.98218161441466
1779959055,41.03537632230416
1779959070,41.03895420572303
1779959085,41.00370153086056
1779959100,41.02764178020747
1779959115,41.11382667785632
1779959130,41.04705705934815
1779959145,40.950243743307915
1779959160,41.11451068498052
1779959175,41.08362513252638
1779959190,41.06884005545719
1779959205,41.03511324264101
1779959220,41.07404903278762
1779959235,41.1483953455946
1779959250,41.124612944045595
1779959265,41.208851052187114
1779959280,41.22079486889425
1779959295,41.15807667719862
1779959310,41.119877510108836
1779959325,41.126191422024505
1779959340,41.171862051547826
1779959355,41.29072144336027
1779959370,41.23631656902027
1779959385,41.40268814799809
1779959400,41.403582618852816
1779959415,41.41300087079368
1779959430,41.379800217303796
1779959445,41.434468171306946
1779959460,41.638565373980896
1779959475,41.4841376117102
1779959490,41.4006361266255
1779959505,41.38464088310582
1779959520,41.38890277364888
1779959535,41.33597114542255
1779959550,41.18333232486129
1779959565,41.16844201592684
1779959580,41.16302257486589
1779959595,41.26025681836717
1779959610,41.150868294428236
1779959625,41.18301662926551
1779959640,41.209482443378675
1779959655,41.215954203092245
1779959670,41.22068963702898
1779959685,41.262782383133434
1779959700,41.37406508064707
1779959715,41.178439043126644
1779959730,40.90141615782675
1779959745,40.89557578930476
1779959760,40.980813600166265
1779959775,41.04674136375236
1779959790,41.25168042134839
1779959805,41.17433500038147
1779959820,41.10930170765009
1779959835,41.029272874119016
1779959850,40.914517525051764
1779959865,40.86242775174751
1779959880,40.85963910731809
1779959895,40.9560841118299
1779959910,40.842486313280524
1779959925,40.92556687090417
1779959940,41.00259659627532
1779959955,40.95561056843623
1779959970,40.909834707047644
1779959985,40.932143862482995
1779960000,40.92719796481573
1779960015,41.14934243238195
1779960030,41.196170612423145
1779960045,41.12713850881185
1779960060,41.28709094400875
1779960075,41.18359540452444
1779960090,41.054791601444826
1779960105,41.04132192269141
1779960120,41.049530008181776
1779960135,41.06847174392878
1779960150,41.1383983183948
1779960165,41.06736680934354
1779960180,41.08309897320007
1779960195,41.05537037670377
1779960210,40.79644737222878
1779960225,40.90146877375938
1779960240,40.99612483656176
1779960255,40.985443802237754
1779960270,40.99375711959339
1779960285,41.210534762031294
1779960300,41.06010581064052
1779960315,41.05763286180688
1779960330,41.1115641927532
1779960345,40.98596996156406
1779960360,41.121140292491965
1779960375,41.07162869988661
1779960390,40.98875860599348
1779960405,41.13860878212532
1779960420,41.14950028017984
1779960435,41.07136562022345
1779960450,41.14055557163264
1779960465,41.02316942593387
1779960480,41.14992120764088
1779960495,41.238842133786534
1779960510,41.07641674975599
1779960525,41.02543191103698
1779960540,41.03721787994623
1779960555,41.02174879575284
1779960570,41.06762988900668
1779960585,41.00901574005624
1779960600,40.944192911055396
1779960615,41.06931359885087
1779960630,41.125823110496086
1779960645,41.030798736165295
1779960660,41.01885491945816
1779960675,41.11677317008363
1779960690,41.15770836567021
1779960705,41.26094082549137
1779960720,41.15860283652493
1779960735,41.27020122963434
1779960750,41.347178339072855
1779960765,41.35696490254214
1779960780,41.274568352042685
1779960795,41.27135878015223
1779960810,41.30792685333046
1779960825,41.05295004380276
1779960840,41.170546653232066
1779960855,41.05710670248058
1779960870,41.00086027049851
1779960885,41.09109659495992
1779960900,41.06321015066572
1779960915,41.07589059042969
1779960930,41.03984867657775
1779960945,40.93998363644496
1779960960,40.96855408786335
1779960975,40.8037083709318
1779960990,40.893155456403754
1779961005,40.886525848892305
1779961020,40.88868310213015
1779961035,40.80923304385801
1779961050,40.910203018576055
1779961065,40.76766645707986
1779961080,40.82791169994186
1779961095,40.805813008237024
1779961110,40.909834707047644
1779961125,40.83285759760913
1779961140,40.78171491109222
1779961155,40.80781241367698
1779961170,40.85095747843405
1779961185,41.04374225559242
1779961200,40.87984362544822
1779961215,40.75230260475175
1779961230,40.82422858465772
1779961245,40.92272561054213
1779961260,40.89278714487534
1779961275,40.90020599137625
1779961290,40.80639178349597
1779961305,40.87237216301468
1779961320,40.920463125439014
1779961335,40.88021193697664
1779961350,40.93298571740509
1779961365,40.88357935666499
1779961380,40.92188375562004
1779961395,40.927881971939925
1779961410,40.87968577765033
1779961425,40.82275533854407
1779961440,40.845643269238366
1779961455,40.81528387611052
1779961470,40.80833857300329
1779961485,40.89973244798257
1779961500,40.81549433984105
1779961515,40.77413821679343
1779961530,40.83806657493956
1779961545,40.81207430422006
1779961560,40.7778739480102
1779961575,40.76798215267565
1779961590,41.018907535390795
1779961605,40.79039653997627
1779961620,40.90041645510677
1779961635,40.83196312675441
1779961650,40.977814492006324
1779961665,40.9326700218093
1779961680,40.94992804771213
1779961695,40.96302941493713
1779961710,40.97307905806957
1779961725,40.88294796547343
1779961740,40.935563898103986
1779961755,40.95245361247839
1779961770,40.99054754770292
1779961785,40.991126322961854
1779961800,40.99612483656176
1779961815,41.133505036660154
1779961830,41.05084540649754
1779961845,40.98028744083996
1779961860,41.49155645821111
1779961875,41.13113731969178
1779961890,41.06236829574363
1779961905,41.034902778910485
1779961920,41.30613791162102
1779961935,41.06636710662356
1779961950,41.04305824846822
1779961965,41.115878699228915
1779961980,41.09741050687559
1779961995,41.05873779639213
1779962010,41.06068458589945
1779962025,41.053528819061704
1779962040,41.17365099325727
1779962055,41.134820434975914
1779962070,41.13713553601166
1779962085,41.17080973289522
1779962100,41.2603094342998
1779962115,41.27241109880483
1779962130,41.25709986240934
1779962145,41.2553109206999
1779962160,41.22268904246895
1779962175,41.115142076172084
1779962190,41.17038880543418
1779962205,41.18354278859181
1779962220,41.47161501974412
1779962235,41.192224417475856
1779962250,41.14218666554419
1779962265,41.1642327413164
1779962280,40.85148363776035
1779962295,40.98170807102098
1779962310,40.97944558591787
1779962325,40.95171698942157
1779962340,40.946560628023775
1779962355,41.14208143367893
1779962370,41.3610163293547
1779962385,41.06336799846362
1779962400,41.04763583460708
1779962415,41.14555408523255
1779962430,41.25152257355049
1779962445,41.213533870191235
1779962460,41.25241704440522
1779962475,41.278514546989975
1779962490,41.44678029954251
1779962505,41.37517001523231
1779962520,41.34770449839916
1779962535,41.2837235243204
1779962550,41.31624017068608
1779962565,41.300192311233765
1779962580,41.295772572892794
1779962595,41.35859599645369
1779962610,41.334603131174156
1779962625,41.25457429764307
1779962640,41.057527629941625
1779962655,41.01701336181609
1779962670,41.04274255287243
1779962685,41.136241065156945
1779962700,41.166916153880564
1779962715,41.325553190761696
1779962730,40.8904720438396
1779962745,40.93966794084917
1779962760,40.86605825109901
1779962775,40.85274642014348
1779962790,40.804813305517044
1779962805,40.816862354089444
1779962820,40.854798441516074
1779962835,41.07089207682979
1779962850,40.9390365496576
1779962865,40.9820763825494
1779962880,40.99428327891969
1779962895,40.94908619279004
1779962910,40.89447085471952
1779962925,40.906625135157185
1779962940,40.965186668174994
1779962955,40.9763938618253
1779962970,40.92498809564524
1779962985,40.89036681197433
1779963000,40.844801414316265
1779963015,40.674588872256415
1779963030,41.065946179162516
1779963045,41.08499314677477
1779963060,41.25004932743684
1779963075,41.196907235479976
1779963090,41.180911991960286
1779963105,41.18401633198548
1779963120,41.23400146798451
1779963135,41.21027168236814
1779963150,41.46172322440959
1779963165,41.296456580016994
1779963180,41.273936960851124
1779963195,41.18243785400657
1779963210,41.197222931075764
1779963225,41.20464177757667
1779963240,41.16496936437323
1779963255,41.17701841294562
1779963270,41.18401633198548
1779963285,41.200537734831485
1779963300,41.20401038638511
1779963315,41.41300087079368
1779963330,41.40274076393072
1779963345,41.436257113016396
1779963360,41.34523154956552
1779963375,41.17565039869723
1779963390,41.056527927221644
1779963405,41.15134183782191
1779963420,41.225319839100486
1779963435,41.563166742521304
1779963450,41.04589950883026
1779963465,41.24520866163483
1779963480,41.13734599974218
1779963495,41.30598006382312
1779963510,41.09114921089255
1779963525,41.22637215775309
1779963540,41.09651603602087
1779963555,41.08178357488431
1779963570,41.24131508262017
1779963585,41.105829056096475
1779963600,41.14281805673576
1779963615,41.00538524070474
1779963630,41.113510982260536
1779963645,41.17707102887825
1779963660,41.15160491748506
1779963675,41.53685877620602
1779963690,41.950525238547485
1779963705,42.151149789667805
1779963720,41.82182666733314
1779963735,41.295772572892794
1779963750,41.295509493229645
1779963765,41.42010402169881
1779963780,41.251154262022084
1779963795,41.57795181959049
1779963810,41.48313790899022
1779963825,41.25967804310824
1779963840,41.11303743886686
1779963855,41.04737275494392
1779963870,41.079942017242246
1779963885,41.067577273074065
1779963900,41.06431508525097
1779963915,41.101882861149186
1779963930,41.219900398039535
1779963945,40.96834362413282
1779963960,40.97339475366536
1779963975,41.03637602502413
1779963990,41.115194692104716
1779964005,41.3248691836375
1779964020,41.431574295012275
1779964035,41.3235011693891
1779964050,41.31366198998718
1779964065,43.23535369745313
1779964080,41.43504694656589
1779964095,41.308821324185175
1779964110,41.13692507228114
1779964125,41.26504486823656
1779964140,41.19264534493689
1779964155,41.08441437151584
1779964170,41.1743876163141
1779964185,41.154077866318694
1779964200,41.16370658199009
1779964215,41.093096000399875
1779964230,40.93666883268923
1779964245,41.04579427696501
1779964260,41.10693399068172
1779964275,41.12955884171286
1779964290,41.14707994727883
1779964305,41.279829945305735
1779964320,41.3121361279409
1779964335,41.089886428509416
1779964350,41.042584705074546
1779964365,40.97007994990963
1779964380,41.36733024127036
1779964395,41.11893042332149
1779964410,41.16781062473528
1779964425,41.1213507562225
1779964440,41.03427138771891
1779964455,40.96634421869286
1779964470,41.346599563813925
1779964485,41.083256820997974
1779964500,41.11382667785632
1779964515,41.120508901300404
1779964530,41.09909421671977
1779964545,41.24473511824115
1779964560,41.41263255926527
1779964575,41.32102822055547
1779964590,41.25862572445562
1779964605,41.22258381060369
1779964620,41.15260462020505
1779964635,41.160497010099625
1779964650,41.16186502434802
1779964665,41.544803782033235
1779964680,41.26783351266597
1779964695,41.38137869528272
1779964710,41.072838866337115
1779964725,40.9726055146759
1779964740,41.08804487086735
1779964755,40.98412840392199
1779964770,40.87268785861047
1779964785,40.926934885152576
1779964800,40.85927079578967
1779964815,41.01043637023727
1779964830,41.092569841073576
1779964845,41.11940396671516
1779964860,41.14234451334209
1779964875,41.222899506199475
1779964890,41.31534569983136
1779964905,41.34838850552336
1779964920,41.27704130087631
1779964935,41.447780002262476
1779964950,41.46472233256952
1779964965,41.26094082549137
1779964980,41.28498630670353
1779964995,41.31160996861459
1779965010,41.18875176592224
1779965025,41.290879291158156
1779965040,41.48240128593339
1779965055,41.56858618358225
1779965070,41.53870033384809
1779965085,41.283828756185656
1779965100,41.42231389086929
1779965115,41.487189335802775
1779965130,41.40200414087389
1779965145,41.47892863437978
1779965160,41.5270195968041
1779965175,41.54917090444158
1779965190,41.74437601450095
1779965205,41.836559128469695
1779965220,41.765948546879486
1779965235,41.58668606440716
1779965250,41.541857289805925
1779965265,41.72727583639602
1779965280,40.95066467076896
1779965295,41.05394974652275
1779965310,40.98728535987982
1779965325,40.97807757166948
1779965340,40.98575949783354
1779965355,40.99465159044811
1779965370,41.01859183979501
1779965385,41.02101217269601
1779965400,40.96839624006545
1779965415,41.01659243435505
1779965430,41.00449076985002
1779965445,41.110511874100595
1779965460,40.91578030743489
1779965475,41.09704219534718
1779965490,41.1573400541418
1779965505,41.212902478999666
1779965520,41.16333827046168
1779965535,41.0927803048041
1779965550,40.91678001015487
1779965565,40.890051116378544
1779965580,41.036902184350446
1779965595,41.11724671347731
1779965610,41.09093874716203
1779965625,41.11088018562901
1779965640,41.200485118898854
1779965655,41.29072144336027
1779965670,41.22395182485208
1779965685,41.146922099480946
1779965700,41.09593726076193
1779965715,41.06668280221935
1779965730,41.020854324898124
1779965745,41.228529410990944
1779965760,41.42189296340825
1779965775,40.86148066496016
1779965790,40.80381360279707
1779965805,41.11898303925412
1779965820,41.52023214149476
1779965835,41.292563001002335
1779965850,41.24968101590842
1779965865,41.2475763786032
1779965880,42.257170893918385
1779965895,41.71096489728055
1779965910,41.44009807609842
1779965925,41.31376722185245
1779965940,41.30782162146519
1779965955,41.24641882808533
1779965970,41.26851751979017
1779965985,41.52591466221887
1779966000,41.315187852033475
1779966015,41.79130942640741
1779966030,42.45395448195668
1779966045,41.83234985385925
1779966060,42.01587422687464
1779966075,41.810619473682834
1779966090,41.87402167250265
1779966105,41.859183979500834
1779966120,41.7491114484377
1779966135,41.763580829911106
1779966150,41.76400175737215
1779966165,41.688182198451514
1779966180,41.70596638368064
1779966195,41.676869772935945
1779966210,41.89817238558008
1779966225,41.90332874697788
1779966240,41.91448332469555
1779966255,41.78699491993171
1779966270,41.741903065667316
1779966285,41.06526217203832
1779966300,40.96802792853704
1779966315,40.96692299395179
1779966330,41.33439266744363
1779966345,41.109512171380615
1779966360,41.27835669919209
1779966375,41.07446996024866
1779966390,41.0067006390205
1779966405,40.96071431390139
1779966420,41.094253550917756
1779966435,40.9163064667612
1779966450,40.93582697776714
1779966465,40.998176857934354
1779966480,41.01390902179089
1779966495,40.97776187607369
1779966510,41.08099433589485
1779966525,41.16644261048689
1779966540,41.15234154054189
1779966555,41.13061116036547
1779966570,41.123192313864564
1779966585,41.1573400541418
1779966600,41.078521387061215
1779966615,41.100883158429205
1779966630,41.197222931075764
1779966645,41.21858499972376
1779966660,41.28298690126358
1779966675,41.251259493887346
1779966690,41.16333827046168
1779966705,41.1483953455946
1779966720,41.199538032111505
1779966735,41.206851646747154
1779966750,41.16402227758588
1779966765,40.801761581424465
1779966780,40.76545658790939
1779966795,40.7348341151184
1779966810,40.73167715916056
1779966825,40.77797917987546
1779966840,40.80102495836765
1779966855,41.00070242270062
1779966870,40.81402109372739
1779966885,40.846432508227814
1779966900,40.965870675299186
1779966915,41.018170912333964
1779966930,40.978393267265254
1779966945,41.06226306387837
1779966960,41.103566570993365
1779966975,41.046846595617616
1779966990,40.99170509822079
1779967005,40.946560628023775
1779967020,40.98649612089037
1779967035,40.87994885731349
1779967050,40.926145646163114
1779967065,41.077469068408604
1779967080,40.96671253022127
1779967095,41.05110848616069
1779967110,41.04126930675878
1779967125,40.84048690784057
1779967140,40.90267894020988
1779967155,41.05000355157545
1779967170,41.158234524996516
1779967185,41.11640485855522
1779967200,41.253837674586244
1779967215,41.24847084945792
1779967230,41.218269304127986
1779967245,41.22037394143321
1779967260,41.204220850115625
1779967275,41.28040872056468
1779967290,41.279829945305735
1779967305,41.24647144401796
1779967320,41.1749137756404
1779967335,41.19564445309685
1779967350,41.23821074259496
1779967365,41.225530302831004
1779967380,41.11224819987741
1779967395,40.864164077524315
1779967410,40.804181914325476
1779967425,40.828543091133426
1779967440,40.88815694280385
1779967455,40.93872085406181
1779967470,40.94435075885329
1779967485,41.03937513318407
1779967500,40.92035789357376
1779967515,40.914201829455976
1779967530,40.898837977127855
1779967545,40.966554682423386
1779967560,40.98596996156406
1779967575,41.02327465779913
1779967590,41.0586851804595
1779967605,41.06494647644253
1779967620,41.005174776974215
1779967635,41.162864727068005
1779967650,41.14218666554419
1779967665,41.18101722382554
1779967680,41.104776737443856
1779967695,41.13866139805794
1779967710,41.10109362215972
1779967725,41.08357251659375
1779967740,41.13476781904328
1779967755,41.14429130284941
1779967770,41.188541302191716
1779967785,41.184542491311795
1779967800,41.14807964999881
1779967815,41.18875176592224
1779967830,41.127506820340265
1779967845,41.20942982744605
1779967860,41.21963731837638
1779967875,41.40716050227169
1779967890,41.45561977622444
1779967905,41.55027583902682
1779967920,41.388429230255205
1779967935,41.336128993220434
1779967950,41.41158024061266
1779967965,41.39227019333725
1779967980,41.32013374970075
1779967995,41.25746817393775
1779968010,41.34901989671492
1779968025,41.29566734102753
1779968040,41.17201989934573
1779968055,41.198801409054674
1779968070,41.29687750747804
1779968085,41.25331151525994
1779968100,40.990126620241874
1779968115,41.23973660464125
1779968130,41.15954992331228
1779968145,41.214533572911215
1779968160,41.25704724647671
1779968175,41.21637513055328
1779968190,41.24862869725582
1779968205,41.27256894660272
1779968220,41.20343161112616
1779968235,41.05563345636693
1779968250,41.17380884105516
1779968265,41.105829056096475
1779968280,41.13187394274861
1779968295,41.289195581313976
1779968310,41.30098155022323
1779968325,41.37937928984275
1779968340,41.168178936263686
1779968355,41.1079336934017
1779968370,41.22826633132779
1779968385,41.12250830674037
1779968400,41.191750874082175
1779968415,41.25783648546616
1779968430,41.284723227040374
1779968445,41.31634540255135
1779968460,41.24294617653172
1779968475,41.291563298282355
1779968490,41.4157895152231
1779968505,41.38863969398574
1779968520,41.43204783840595
1779968535,41.41710491353887
1779968550,41.490767219221645
1779968565,41.36185818427678
1779968580,41.30224433260635
1779968595,41.265781491293374
1779968610,41.33807578272777
1779968625,41.4006361266255
1779968640,41.38053684036063
1779968655,41.33981210850458
1779968670,41.347914962129686
1779968685,41.34402138311503
1779968700,41.32087037275758
1779968715,41.255153072902004
1779968730,41.37096074062187
1779968745,41.52170538760842
1779968760,41.47608737401772
1779968775,41.32518487923328
1779968790,41.347178339072855
1779968805,41.49965931183621
1779968820,41.44072946728999
1779968835,41.22800325166464
1779968850,41.183121861130765
1779968865,41.211113537290224
1779968880,41.179123050250844
1779968895,41.14902673678616
1779968910,41.17070450102995
1779968925,41.17028357356891
1779968940,41.13992418044108
1779968955,41.095516333300885
1779968970,41.11030141037008
1779968985,41.135662289898
1779969000,41.14855319339249
1779969015,41.17717626074352
1779969030,41.15902376398597
1779969045,41.16649522641951
1779969060,41.22942388184566
1779969075,41.18170123094974
1779969090,41.16665307421741
1779969105,41.154130482251325
1779969120,41.18654189675176
1779969135,41.20464177757667
1779969150,41.52302078592418
1779969165,41.35101930215489
1779969180,41.2773569964721
1779969195,41.159497307379645
1779969210,41.082941125402186
1779969225,41.05068755869965
1779969240,41.07967893757909
1779969255,41.20006419143781
1779969270,41.030219960906365
1779969285,41.057843325537405
1779969300,41.17665010141721
1779969315,41.10830200493011
1779969330,41.06794558460247
1779969345,41.02501098357594
1779969360,41.10493458524176
1779969375,41.154183098183964
1779969390,41.112774359203705
1779969405,41.085203610505296
1779969420,41.11945658264779
1779969435,41.10967001917851
1779969450,41.12671758135081
1779969465,41.066840650017234
1779969480,41.086887320349476
1779969495,41.02569499070013
1779969510,41.03995390844302
1779969525,41.03295598940315
1779969540,41.104145346252295
1779969555,41.02774701207272
1779969570,41.049530008181776
1779969585,40.99512513384178
1779969600,40.98176068695361
1779969615,40.932564789944045
1779969630,41.03143012735686
1779969645,41.096568651953504
1779969660,41.206641183016636
1779969675,41.50271103592878
1779969690,41.22232073094053
1779969705,41.184542491311795
1779969720,41.24810253792951
1779969735,41.28503892263616
1779969750,41.283197364994095
1779969765,41.34838850552336
1779969780,41.247471146737944
1779969795,41.4051084808991
1779969810,41.19895925685256
1779969825,41.17033618950154
1779969840,41.21942685464586
1779969855,41.24194647381173
1779969870,41.271569243882745
1779969885,41.31608232288819
1779969900,41.30103416615586
1779969915,41.427628100064986
1779969930,41.26330854245974
1779969945,41.23726365580761
1779969960,41.220637021096366
1779969975,41.09756835467348
1779969990,41.188856997787504
1779970005,41.275515438830034
1779970020,41.42562869462502
1779970035,41.284512763309856
1779970050,41.19606538055789
1779970065,41.22237334687316
1779970080,41.270464309297495
1779970095,41.25325889932731
1779970110,41.27435788831216
1779970125,41.29161591421499
1779970140,41.27367388118797
1779970155,41.285196770434055
1779970170,41.233106997129795
1779970185,41.19138256255377
1779970200,41.222794274334206
1779970215,41.15623511955655
1779970230,41.235474714098174
1779970245,41.239157829382314
1779970260,41.2653079478997
1779970275,41.28677524841298
1779970290,41.244103727049584
1779970305,41.16039177823436
1779970320,41.35722798220529
1779970335,41.32955200164161
1779970350,41.239578756843365
1779970365,41.75353118677867
1779970380,41.5822663260662
1779970395,41.154814489375525
1779970410,41.0629996869352
1779970425,41.09798928213453
1779970440,41.087097784079994
1779970455,41.21148184881864
1779970470,41.25973065904086
1779970485,41.19927495244835
1779970500,41.16549552369953
1779970515,41.18354278859181
1779970530,41.16954695051208
1779970545,41.244892966039046
1779970560,41.20401038638511
1779970575,41.18980408457485
1779970590,41.25331151525994
1779970605,40.98828506259981
1779970620,41.50213226066985
1779970635,41.55332756311939
1779970650,41.776156037809805
1779970665,41.67550175868755
1779970680,41.71543725155414
1779970695,41.35464980150639
1779970710,41.30987364283779
1779970725,41.334866210837305
1779970740,41.36264742326624
1779970755,41.27672560528054
1779970770,41.25731032613986
1779970785,41.38058945629326
1779970800,41.8286667385751
1779970815,42.07617208566926
1779970830,41.809882850626
1779970845,41.70396697824068
1779970860,41.77831329104767
1779970875,41.95231418025692
1779970890,42.193189919839625
1779970905,42.2277585875779
1779970920,41.61246787139614
1779970935,41.35849076458843
1779970950,41.68534093808947
1779970965,41.53133410327982
1779970980,41.61357280598138
1779970995,41.76489622822687
1779971010,41.61936055857074
1779971025,41.51833796792006
1779971040,41.458776732182265
1779971055,41.44914801651088
1779971070,41.50907756377708
1779971085,41.42078802882301
1779971100,41.44509658969832
1779971115,41.51218190380229
1779971130,41.57726781246629
1779971145,41.21932162278059
1779971160,41.23510640256976
1779971175,41.43515217843115
1779971190,41.26946460657752
1779971205,41.38716644787208
1779971220,41.36601484295459
1779971235,41.39537453336245
1779971250,41.38295717326164
1779971265,41.3140303015156
1779971280,41.25141734168524
1779971295,41.31876573545236
1779971310,41.270832620825914
1779971325,41.31944974257655
1779971340,41.31555616356189
1779971355,41.26541317976496
1779971370,41.27193755541116
1779971385,41.309189635713594
1779971400,41.40858113245272
1779971415,41.29377316745284
1779971430,41.2976667464675
1779971445,41.38227316613744
1779971460,41.44346549578678
1779971475,41.68870835777781
1779971490,41.662873934856215
1779971505,41.621517811808594
1779971520,41.57000681376327
1779971535,41.50939325937287
1779971550,41.46324908645587
1779971565,41.51712780146957
1779971580,41.52002167776424
1779971595,41.365120372099874
1779971610,41.5125502153307
1779971625,41.28603862535615
1779971640,41.21442834104595
1779971655,41.38574581769105
1779971670,41.37327584165761
1779971685,41.475403366893524
1779971700,41.449411096174025
1779971715,41.719172982770914
1779971730,41.59352613564914
1779971745,41.5099720346318
1779971760,41.461512760679064
1779971775,41.75931893936803
1779971790,41.785626905683316
1779971805,41.492187849402676
1779971820,41.41615782675152
1779971835,41.34239028920348
1779971850,41.358122453060005
1779971865,41.323816864984884
1779971880,41.381483927147976
1779971895,41.425944390220806
1779971910,41.325237495165915
1779971925,41.71638433834149
1779971940,41.81993249375844
1779971955,41.21311294273019
1779971970,41.4963445080805
1779971985,41.511287432947576
1779972000,41.47098362855256
1779972015,41.53086055988614
1779972030,41.15981300297543
1779972045,41.13303149326648
1779972060,41.12166645181827
1779972075,41.1186147277257
1779972090,41.204168234182994
1779972105,41.186857592347536
1779972120,41.283249980926726
1779972120,41.283249980926726
1779972135,41.33570806575939
1779972150,41.31071549775987
1779972165,41.26567625942812
1779972180,41.28840634232452
1779972195,41.30008707936851
1779972210,41.306506223149434
1779972225,41.19422382291582
1779972240,41.35959569917367
1779972255,41.31702940967554
1779972270,41.354860265236915
1779972285,41.3968477794761
1779972300,41.423524057319796
1779972315,41.53401751584397
1779972330,41.45930289150858
1779972345,41.53012393682931
1779972360,41.55464296143515
1779972375,41.464301405108486
1779972390,41.483243140855485
1779972405,41.45788226132755
1779972420,41.44646460394672
1779972435,41.40673957481064
1779972450,41.31008410656831
1779972465,41.32476395177223
1779972480,41.39574284489086
1779972495,41.47798154759242
1779972510,41.39137572248253
1779972525,41.42289266612823
1779972540,41.38416733971214
1779972555,41.40210937273916
1779972570,41.45041079889401
1779972585,41.44520182156359
1779972600,41.57111174834852
1779972615,41.542541296930125
1779972630,40.977814492006324
1779972645,41.08925503731785
1779972660,41.1886991499896
1779972675,41.1705992691647
1779972690,41.16970479830998
1779972705,41.236947960211836
1779972720,41.10903862798694
1779972735,41.248839160986336
1779972750,41.142502361139975
1779972765,41.295877804758064
1779972780,41.28230289413938
1779972795,41.25373244272098
1779972810,41.324500872109084
1779972825,41.26625503468705
1779972840,41.24999671150421
1779972855,41.265834107226006
1779972870,41.240157532102295
1779972885,41.21295509493229
1779972900,41.295193797633864
1779972915,41.31392506965034
1779972930,41.28040872056468
1779972945,41.268201824194385
1779972960,41.24005230023704
1779972975,41.17196728341309
1779972990,41.20969290710919
1779973005,41.1597603870428
1779973020,41.35291347572958
1779973035,41.36801424839456
1779973050,41.37490693556916
1779973065,41.35159807741382
1779973080,41.29861383325485
1779973095,41.30182340514531
1779973110,41.283881372118294
1779973125,41.024537440182264
1779973140,41.13439950751487
1779973155,41.21890069531955
1779973170,41.40531894462962
1779973185,41.39053386756043
1779973200,41.49334539992054
1779973215,42.53782427856979
1779973230,42.41391375722483
1779973245,42.3618765998532
1779973260,42.2435959832997
1779973275,42.624535335544955
1779973290,42.261274936663575
1779973305,42.255908111535256
1779973320,42.247226482651214
1779973335,42.19445270222276
1779973350,42.430908703464496
1779973365,42.58360013995838
1779973380,42.6547368808749
1779973395,42.578601626358484
1779973410,41.73816733445055
1779973425,41.51433915704015
1779973440,41.5473293467995
1779973455,41.49518695756262
1779973470,41.5858968254177
1779973485,41.480244032695545
1779973500,41.66624135454457
1779973515,41.54033142775964
1779973530,41.34365307158661
1779973545,41.23952614091073
1779973560,41.15376217072292
1779973575,41.18727851980858
1779973590,41.45472530536972
1779973605,41.61557221142134
1779973620,41.755898903747045
1779973635,41.65035134289013
1779973650,41.6783430190496
1779973665,41.56905972697592
1779973680,41.60846906051622
1779973695,41.665189035891956
1779973710,41.37795865966173
1779973725,41.27020122963434
1779973740,41.429890585168096
1779973755,41.42573392649028
1779973770,41.40158321341285
1779973785,41.54459331830272
1779973800,41.45141050161399
1779973815,41.47824462725558
1779973830,41.444886125967805
1779973845,41.43199522247332
1779973860,41.48982013243431
1779973875,41.48597916935227
1779973890,41.442623640864696
1779973905,41.535438146024994
1779973920,41.682394445862144
1779973935,41.580530000289386
1779973950,41.43994022830053
1779973965,41.48077019202184
1779973980,41.47061531702415
1779973995,41.49902792064465
1779974010,41.42415544851137
1779974025,41.101251469957624
1779974040,41.248891776918974
1779974055,41.28840634232452
1779974070,41.16933648678156
1779974085,41.284144451781444
1779974100,41.34281121666452
1779974115,41.358859076116836
1779974130,41.56164088047502
1779974145,41.323922096850154
1779974160,41.22042655736584
1779974175,41.19627584428841
1779974190,41.17964920957715
1779974205,41.21258678340388
1779974220,41.193908127320036
1779974235,41.19564445309685
1779974250,41.18669974454965
1779974265,41.098725905191344
1779974280,41.086308545090546
1779974295,41.2368953442792
1779974310,41.12040366943515
1779974325,41.18796252693278
1779974340,41.15970777111016
1779974355,41.10688137474908
1779974370,41.160549626032264
1779974385,41.06378892592466
1779974400,41.173545761392006
1779974415,41.345862940757094
1779974430,41.454199146043415
1779974445,41.4841376117102
1779974460,41.400899206288656
1779974475,41.39558499709297
1779974490,41.67650146140753
1779974505,41.48371668424916
1779974520,41.72990663302755
1779974535,41.68665633640523
1779974550,41.61099462528248
1779974565,41.738851341574744
1779974580,41.67024016542449
1779974595,41.61283618292455
1779974610,41.575268407026336
1779974625,41.507551701730804
1779974640,41.90980050669143
1779974655,41.6568231026037
1779974670,41.78341703651283
1779974685,41.63835491025038
1779974700,41.6440900469071
1779974715,41.63062036815368
1779974730,41.644774054031295
1779974745,41.2565210871504
1779974760,41.21632251462065
1779974775,41.17428238444884
1779974790,41.1857526577623
1779974805,41.18038583263398
1779974820,41.231528519150885
1779974835,41.23073928016142
1779974850,41.32802613959533
1779974865,41.217269601408
1779974880,41.392480657067765
1779974895,41.233843620186626
1779974910,41.27114831642169
1779974925,41.32150176394914
1779974940,41.33481359490467
1779974955,41.58726483966609
1779974970,41.34633648415077
1779974985,41.433152772991185
1779975000,41.48587393748701
1779975015,41.42357667325243
1779975030,41.443149800190994
1779975045,41.54175205794066
1779975060,41.448937552780365
1779975075,41.491135530750064
1779975090,41.44509658969832
1779975105,41.39495360590141
1779975120,41.40731835006959
1779975135,41.354123642180085
1779975150,41.33644468881622
1779975165,41.580530000289386
1779975180,41.361963416142046
1779975195,41.39227019333725
1779975210,41.41110669721898
1779975225,41.46461710070426
1779975240,41.44467566223729
1779975255,41.32660550941431
1779975270,41.562903662858155
1779975285,41.46024997829593
1779975300,41.40716050227169
1779975315,41.431469063147006
1779975330,41.469878693967324
1779975345,41.25241704440522
1779975360,41.26146698481767
1779975375,41.47629783774824
1779975390,41.23289653339928
1779975405,41.33702346407516
1779975420,41.371592131813436
1779975435,41.323080241928054
1779975450,41.3102419543662
1779975465,41.20748303793872
1779975480,41.42531299902924
1779975495,41.27072738896065
1779975510,41.314451228976644
1779975525,41.3374443915362
1779975540,41.67181864340341
1779975555,41.32713166874061
1779975570,41.37648541354808
1779975585,41.5132342224549
1779975600,41.394164366911944
1779975615,41.71564771528467
1779975630,41.858079044915584
1779975645,41.573111153788474
1779975660,41.664189333171976
1779975675,41.8921741692602
1779975690,41.769210734702575
1779975705,41.894857581824354
1779975720,41.68365722824529
1779975735,41.53175503074086
1779975750,41.52344171338523
1779975765,41.62141257994333
1779975780,41.62072857281913
1779975795,41.52712482866937
1779975810,41.56558707542231
1779975825,41.576899500937884
1779975840,41.929268401764745
1779975855,41.72722322046339
1779975870,42.106531478797095
1779975885,41.90969527482618
1779975900,41.26078297769348
1779975915,42.25175145285745
1779975930,41.76647470620579
1779975945,41.604996408962606
1779975960,41.43499433063326
1779975975,41.48934658904063
1779975990,41.61373065377927
1779976005,41.723855800775034
1779976020,41.547118883068975
1779976035,41.501553485410916
1779976050,41.56469260456759
1779976065,41.92811085124687
1779976080,41.80625235127449
1779976095,41.826772565000404
1779976110,41.81004069842389
1779976125,41.63472441089886
1779976140,41.55974670690031
1779976155,41.51412869330963
1779976170,41.41968309423777
1779976185,41.407476197867474
1779976200,41.38127346341746
1779976215,40.9991239447217
1779976230,41.77410401643722
1779976245,41.44241317713416
1779976260,41.497238978935215
1779976275,41.46440663697374
1779976290,41.45777702946229
1779976305,41.46940515057365
1779976320,41.595736004819614
1779976335,41.51839058385269
1779976350,41.505867991886625
1779976365,41.57974076129993
1779976380,41.55858915638244
1779976395,41.54769765832792
1779976410,41.5530118675236
1779976425,41.46093398542013
1779976440,41.37574879049125
1779976455,41.41100146535373
1779976470,41.399531192040264
1779976485,41.478612938783996
1779976500,41.43236353400172
1779976515,41.41263255926527
1779976530,41.338812405784594
1779976545,41.36027970629787
1779976560,41.3038754265179
1779976575,41.285617697895105
1779976590,41.270464309297495
1779976605,41.25004932743684
1779976620,41.340285651898256
1779976635,41.32518487923328
1779976650,41.50907756377708
1779976665,41.731432495073825
1779976680,41.83303386098345
1779976695,41.848134633648414
1779976710,41.793519295577894
1779976725,41.31797649646289
1779976740,41.43599403335324
1779976755,41.40863374838535
1779976770,41.290195284033956
1779976785,41.4166313701452
1779976800,41.320449445296525
1779976815,40.95750474201093
1779976830,41.229266034047775
1779976845,41.3281313714606
1779976860,41.59557815702173
1779976875,41.50749908579817
1779976890,41.412737791130525
1779976905,41.43652019267955
1779976920,41.57863582671468
1779976935,41.53312304498925
1779976950,41.59410491090807
1779976965,41.86776037651961
1779976980,41.84576691668004
1779976995,41.58005645689571
1779977010,42.00808706884531
1779977025,41.44209748153839
1779977040,41.87370597690687
1779977055,41.818196167981625
1779977070,41.86176216019973
1779977085,41.79115157860952
1779977100,41.59378921531229
1779977115,41.7067556226701
1779977130,41.72874908250967
1779977145,41.66676751387087
1779977160,41.71007042642583
1779977175,41.82793011551828
1779977190,41.674502055967565
1779977205,41.68660372047259
1779977220,41.70707131826589
1779977235,41.673186657651804
1779977250,42.04476037388881
1779977265,41.27640990968475
1779977280,41.76900027097206
1779977295,41.603154851320525
1779977310,41.61699284160236
1779977325,41.489188741242735
1779977340,41.83013998468876
1779977355,41.81135609673965
1779977370,41.68828743031677
1779977385,42.019189030630365
1779977400,41.51802227232429
1779977415,40.69063673170873
1779977430,41.154814489375525
1779977445,41.32634242975115
1779977460,41.361437256815734
1779977475,41.65845419651525
1779977490,41.568323103919106
1779977505,41.44457043037202
1779977520,41.43415247571117
1779977535,41.407581429732744
1779977550,41.54154159421014
1779977565,41.46298600679271
1779977580,41.64687869133652
1779977595,41.51733826520009
1779977610,41.4760347580851
1779977625,41.50223749253511
1779977640,41.43915098931107
1779977655,41.29172114608024
1779977670,41.32865753078689
1779977685,41.469773462102054
1779977700,41.32765782806692
1779977715,41.40153059748022
1779977730,41.38437780344266
1779977745,41.420577565092486
1779977760,41.49439771857316
1779977775,41.302507412269506
1779977790,41.19985372770729
1779977805,41.203484227058794
1779977820,41.25999373870401
1779977835,41.397794866263446
1779977850,41.397900098128716
1779977865,41.55890485197823
1779977880,41.851870364865185
1779977895,41.76868457537627
1779977910,41.52296816999156
1779977925,41.38043160849537
1779977940,41.28346044465725
1779977955,41.285459850097205
1779977970,41.3710133565545
1779977985,41.38642982481525
1779978000,41.43494171470062
1779978015,41.28740663960454
1779978030,41.03342953279683
1779978045,41.050214015305976
1779978060,41.11372144599106
1779978075,41.18291139740025
1779978090,41.18806775879804
1779978105,41.32181745954493
1779978120,41.52559896662308
1779978135,41.46961561430417
1779978150,41.33549760202887
1779978165,41.64893071270912
1779978180,41.637933982789335
1779978195,41.44609629241831
1779978210,41.35512334490007
1779978225,41.30277049193266
1779978240,41.27256894660272
1779978255,41.218479767858504
1779978270,41.17091496476048
1779978285,41.17175681968257
1779978300,41.40452970564017
1779978315,41.28346044465725
1779978330,41.431469063147006
1779978345,41.74763820232405
1779978360,41.550117991228916
1779978375,41.391901881808835
1779978390,41.46082875355487
1779978405,41.42599700615344
1779978420,41.65208766866695
1779978435,41.40679219074328
1779978450,41.808883147906016
1779978465,41.4393614530416
1779978480,41.569164958841185
1779978495,41.581477087076735
1779978510,41.41015961043163
1779978525,41.373223225724985
1779978540,41.55138077361206
1779978555,41.58468665896721
1779978570,41.244892966039046
1779978585,41.91890306303652
1779978600,41.540910203018576
1779978615,41.54859212918264
1779978630,41.6127309510593
1779978645,41.45677732674231
1779978660,41.99167089786459
1779978675,41.65855942838051
1779978690,42.259591226819396
1779978705,41.822142362928915
1779978720,41.392533273000396
1779978735,41.87218011486058
1779978750,41.387955686861545
1779978765,41.62467476776642
1779978780,41.40531894462962
1779978795,41.58500235456298
1779978810,41.572795458192694
1779978825,41.64293249638923
1779978840,42.24838403316908
1779978855,41.7363783927411
1779978870,41.559904554698214
1779978885,41.78657399247066
1779978900,41.80393725023875
1779978915,41.658191116852095
1779978930,41.71564771528467
1779978945,41.79688671526625
1779978960,41.85234390825886
1779978975,41.678606098712756
1779978990,41.60178683707213
1779979005,41.40868636431798
1779979020,41.75090039014714
1779979035,41.427891179728135
1779979050,42.37045299687199
1779979065,41.60252346012896
1779979080,41.5423308331996
1779979095,41.744902173827256
1779979110,41.09141229055571
1779979125,41.70365128264489
1779979140,41.54127851454699
1779979155,41.8035163227777
1779979170,41.49297708839214
1779979185,41.326815973144825
1779979200,41.7782080591824
1779979215,41.53143933514507
1779979230,41.95010431108644
1779979245,41.63546103395569
1779979260,41.921533859668045
1779979275,41.745480949086186
1779979290,42.44458884594844
1779979305,41.74121905854312
1779979320,42.22607487773372
1779979335,41.941527914067656
1779979350,41.63135699121051
1779979365,41.79883350477358
1779979380,41.65077227035119
1779979395,41.83424402743394
1779979410,41.66613612267931
1779979425,42.01245419125365
1779979440,41.78462720296333
1779979455,41.97725413232381
1779979470,41.750847774214506
1779979485,41.52265247439577
1779979500,42.05801958891172
1779979515,41.71612125867834
1779979530,41.846556155669504
1779979545,41.82703564466356
1779979560,41.880914359677256
1779979575,41.91479902029134
1779979590,41.85939444323136
1779979605,41.76900027097206
1779979620,41.71670003393728
1779979635,41.94373778323814
1779979650,41.75784569325437
1779979665,41.752741947789204
1779979680,41.848134633648414
1779979695,41.865182195820715
1779979710,41.924638199693256
1779979725,41.25499522510412
1779979740,41.42604962208606
1779979755,41.4564090152139
1779979770,41.42799641159339
1779979785,41.37132905215029
1779979800,41.42957488957231
1779979815,41.4836114523839
1779979830,41.20164266941673
1779979845,41.32502703143539
1779979860,41.14123957875684
1779979875,41.26141436888504
1779979890,41.28667001654771
1779979905,41.219216390915335
1779979920,41.246155748422176
1779979935,41.343495223788715
1779979950,41.262098376009234
1779979965,41.2577312536009
1779979980,41.17270390646992
1779979995,41.299455688176934
1779980010,41.33807578272777
1779980025,41.29308916032864
1779980040,41.30150770954953
1779980055,41.63140960714314
1779980070,41.30540128856419
1779980085,41.13671460855062
1779980100,41.112195583944775
1779980115,41.211902776279686
1779980130,41.17133589222153
1779980145,41.691917929668286
1779980160,41.47524551909564
1779980175,41.439571916772124
1779980190,41.27188493947852
1779980205,41.0883079505305
1779980220,41.051213718025956
1779980235,41.15249938833978
1779980250,41.35959569917367
1779980265,41.42368190511769
1779980280,41.535595993822895
1779980295,41.39400651911406
1779980310,41.29666704374751
1779980325,41.09651603602087
1779980340,41.10077792656395
1779980355,41.1149842283742
1779980370,41.1750716234383
1779980385,41.20958767524394
1779980400,41.3735915372534
1779980415,42.08969438035531
1779980430,42.3618765998532
1779980445,42.37208409078354
1779980460,42.35303712317127
1779980475,42.39297261603786
1779980490,42.77017623706635
1779980505,42.684201803148014
1779980520,42.623588248757606
1779980535,42.13336560443868
1779980550,41.944263942564454
1779980565,42.03834123010789
1779980580,42.06838492763993
1779980595,42.076803476860825
1779980610,42.08180199046073
1779980625,42.007403061721114
1779980640,42.107478565584444
1779980655,41.57295330599059
1779980670,42.026134333737595
1779980685,41.97009836548605
1779980700,41.85529040048617
1779980715,41.973886712635455
1779980730,41.793887607106306
1779980745,41.783943195839136
1779980760,41.769947357759406
1779980775,41.79678148340099
1779980790,41.57842536298416
1779980805,41.60094498215005
1779980820,41.637197359732504
1779980835,41.55085461428575
1779980850,41.57574195042001
1779980865,41.68728772759679
1779980880,41.855921791677744
1779980895,41.233054381197164
1779980910,41.17265129053729
1779980925,41.273884344918486
1779980940,41.416841833875715
1779980955,41.34160105021402
1779980970,41.26672857808072
1779980985,41.28535461823195
1779981000,41.31866050358709
1779981015,41.29635134815174
1779981030,41.388534462120475
1779981045,41.53228119006717
1779981060,41.21374433392175
1779981075,41.37343368945551
1779981090,41.47019438956311
1779981105,41.470878396687304
1779981120,41.297193203073824
1779981135,41.19980111177466
1779981150,41.379800217303796
1779981165,41.42599700615344
1779981180,41.59557815702173
1779981195,41.60846906051622
1779981210,41.7351682262906
1779981225,41.62809480338742
1779981240,41.66187423213623
1779981255,41.63640812074304
1779981270,41.616624530073956
1779981285,41.73837779818107
1779981300,41.66608350674667
1779981315,41.734221139503255
1779981330,41.78888909350641
1779981345,41.76810580011734
1779981360,41.68497262656105
1779981375,41.64766793032598
1779981390,41.31655586628187
1779981405,41.39179664994357
1779981420,41.54669795560794
1779981435,41.49750205859837
1779981450,41.440150692031054
1779981465,41.437204199803745
1779981480,41.38037899256274
1779981495,41.37364415318603
1779981510,41.248576081323186
1779981525,41.324185176513296
1779981540,41.21374433392175
1779981555,41.28866942198767
1779981570,41.286880480278235
1779981585,41.38474611497107
1779981600,41.38195747054165
1779981615,41.42889088244811
1779981630,41.49660758774364
1779981645,41.258836188186145
1779981660,41.30997887470305
1779981675,41.27230586693956
1779981690,41.35207162080749
1779981705,41.230897127959324
1779981720,41.32276454633228
1779981735,41.3140303015156
1779981750,41.10845985272801
1779981765,41.123876320988764
1779981780,41.211534464751274
1779981795,41.41068576975794
1779981810,41.228529410990944
1779981825,41.235527330030806
1779981840,41.22416228858261
1779981855,41.262203607874504
1779981870,41.335602833894136
1779981885,41.43294230926067
1779981900,41.491924769739526
1779981915,41.53770063112812
1779981930,41.49392417517949
1779981945,41.55227524446678
1779981960,41.5505915346226
1779981975,41.524809727633624
1779981990,41.64672084353863
1779982005,41.571427443944295
1779982020,41.58437096337142
1779982035,41.58715960780084
1779982050,41.70633469520906
1779982065,41.61430942903821
1779982080,41.66876691931084
1779982095,41.613467574116115
1779982110,41.229529113710925
1779982125,41.3209229886902
1779982140,41.79599224441153
1779982155,41.39663731574558
1779982170,41.403161691391766
1779982185,41.2773569964721
1779982200,41.49702851520469
1779982215,41.45972381896962
1779982230,41.460460442026445
1779982245,41.351913773009606
1779982260,41.40658172701276
1779982275,41.4405716194921
1779982290,41.46051305795908
1779982305,41.514549620770666
1779982320,41.517864424526394
1779982335,41.380642072225896
1779982350,41.42641793361448
1779982365,41.49302970432477
1779982380,41.7668430177342
1779982395,41.78804723858431
1779982410,41.652561212060625
1779982425,41.977569827919595
1779982440,41.608258596785696
1779982455,41.61136293681089
1779982470,41.561272568946606
1779982485,41.74074551514945
1779982500,41.637828750924065
1779982515,41.496554971811015
1779982530,41.45956597117173
1779982545,41.60331269911842
1779982560,41.65335045105009
1779982575,41.5108138895539
1779982590,41.53512245042922
1779982605,41.496502355878384
1779982620,41.70838671658165
1779982635,41.74632280400829
1779982650,41.97657012519961
1779982665,41.80677851060079
1779982680,41.740166739890505
1779982695,41.686235408944185
1779982710,41.4741405845104
1779982725,41.847240162793696
1779982740,41.78841555011273
1779982755,41.87838879491099
1779982770,41.653613530713244
1779982785,41.57637334161157
1779982800,41.58842239018398
1779982815,41.58137185521148
1779982830,41.71796281632041
1779982845,41.591526730209175
1779982860,41.60910045170778
1779982875,41.52396787271153
1779982890,41.93595062520882
1779982905,41.871285644005866
1779982920,41.95610252740632
1779982935,42.001562693199126
1779982950,41.76900027097206
1779982965,41.68202613433374
1779982980,41.67413374443916
1779982995,41.73674670426952
1779983010,41.62404337657486
1779983025,41.64756269846072
1779983040,41.6719764912013
1779983055,41.57758350806208
1779983070,41.721488083806655
1779983085,41.44215009747102
1779983100,41.32402732871541
1779983115,41.26999076590382
1779983130,41.14576454896307
1779983145,41.23642180088552
1779983160,41.24768161046847
1779983175,41.699599855832346
1779983190,41.80451602549768
1779983205,41.12245569080773
1779983220,41.19375027952215
1779983235,41.211902776279686
1779983250,41.30013969530113
1779983265,41.387587375333126
1779983280,41.348651585186516
1779983295,41.4032143073244
1779983310,41.53207072633664
1779983325,41.51433915704015
1779983340,41.465195875963204
1779983355,41.62414860844012
1779983370,41.52207369913684
1779983385,41.50092209421935
1779983400,41.30545390449682
1779983415,41.031640591087395
1779983430,41.426944092940786
1779983445,41.49965931183621
1779983460,41.671608179672894
1779983475,41.86902315890275
1779983490,41.375854022356506
1779983505,41.53880556571335
1779983520,41.70565068808486
1779983535,41.6461420682797
1779983550,41.61836085585075
1779983565,41.570217277493796
1779983580,41.61473035649925
1779983595,41.65766495752579
1779983610,41.644774054031295
1779983625,41.62125473214544
1779983640,41.86655021006911
1779983655,41.92779515565108
1779983670,41.89854069710849
1779983685,41.62483261556432
1779983700,41.73543130595375
1779983715,41.511813592273874
1779983730,41.49066198735639
1779983745,41.592263353266
1779983760,41.529229465974595
1779983775,41.66334747824989
1779983790,41.738483030046325
1779983805,41.60962661103409
1779983820,41.439466684906854
1779983835,41.52433618423995
1779983850,41.55153862140995
1779983865,41.51860104758322
1779983880,41.47108886041783
1779983895,41.715858179015186
1779983910,41.41563166742521
1779983925,41.36391020564937
1779983940,41.20485224130719
1779983955,41.265571027562856
1779983970,41.30182340514531
1779983985,41.3248691836375
1779984000,41.50039593489304
1779984015,41.36617269075249
1779984030,41.309768410972524
1779984045,41.34533678143079
1779984060,41.32976246537214
1779984075,41.29729843493909
1779984090,41.28198719854359
1779984105,41.55685283060564
1779984120,41.616624530073956
1779984135,41.48108588761763
1779984150,41.65466584936585
1779984165,41.50765693359606
1779984180,41.479086482177664
1779984195,41.5202847574274
1779984210,41.427891179728135
1779984225,41.78510074635701
1779984240,41.508130476989734
1779984255,41.62093903654965
1779984270,41.51197144007177
1779984285,41.3620686480073
1779984300,41.2449981979043
1779984315,41.56727078526649
1779984330,41.586159905080855
1779984345,41.55774730146036
1779984360,41.65708618226686
1779984375,41.30466466550736
1779984390,41.42562869462502
1779984405,41.247997306064256
1779984420,41.41500027623365
1779984435,41.371486899948174
1779984450,41.44972679176981
1779984465,41.51728564926746
1779984480,41.43188999060805
1779984495,41.50144825354566
1779984510,41.49145122634585
1779984525,41.52633558967991
1779984540,41.72496073536027
1779984555,41.83534896201919
1779984570,41.75847708444594
1779984585,42.08422232336174
1779984600,41.85613225540826
1779984615,41.726276133676045
1779984630,41.50839355665289
1779984645,41.472141179070434
1779984660,41.46972084616943
1779984675,41.65071965441855
1779984690,41.547908122058445
1779984705,41.49681805147417
1779984720,41.63030467255789
1779984735,41.4398876123679
1779984750,41.60026097502585
1779984765,41.548223817654225
1779984780,41.51239236753281
1779984795,41.40400354631386
1779984810,41.44604367648568
1779984825,41.46082875355487
1779984840,41.65850681244788
1779984855,41.692233625264066
1779984870,41.744270782635695
1779984885,41.737956870720026
1779984900,41.50318457932246
1779984915,41.440782083222615
1779984930,41.752636715923956
1779984945,41.73574700154954
1779984960,41.926532373267946
1779984975,41.9627847508504
1779984990,41.36706716160721
1779985005,41.70559807215223
1779985020,41.62488523149695
1779985035,41.50150086947829
1779985050,41.53370182024819
1779985065,41.43036412856177
1779985080,41.81477613236064
1779985095,41.576794269072614
1779985110,41.850344502818906
1779985125,42.24601631620071
1779985140,42.026976188659695
1779985155,41.65777018939105
1779985170,41.67202910713394
1779985185,41.65829634871735
1779985200,41.70323035518385
1779985215,41.72185639533507
1779985230,41.557852533325615
1779985245,41.75679337460176
1779985260,41.81167179233544
1779985275,41.72417149637082
1779985290,41.83129753520664
1779985305,41.67039801322239
1779985320,41.75642506307335
1779985335,41.78515336228964
1779985350,41.7916251220032
1779985365,42.00898153970004
1779985380,41.41500027623365
1779985395,41.31371460591981
1779985410,41.60962661103409
1779985425,41.62099165248229
1779985440,41.43667804047744
1779985455,41.396479467947685
1779985470,41.361805568344145
1779985485,41.58368695624722
1779985500,41.56563969135494
1779985515,41.40605556768645
1779985530,41.349598671973865
1779985545,41.67134510000974
1779985560,41.55701067840353
1779985575,41.479244329975565
1779985590,41.71038612202162
1779985605,41.599524351969016
1779985620,41.638565373980896
1779985635,41.487505031398555
1779985650,41.50692031053923
1779985665,41.43431032350906
1779985680,41.40852851652008
1779985695,41.426838861075524
1779985710,41.39448006250773
1779985725,41.703861746375416
1779985740,41.169862646107866
1779985755,41.40374046665071
1779985770,41.918534751508105
1779985785,41.413474414187355
1779985800,41.37143428401554
1779985815,41.528492842917764
1779985830,41.20858797252396
1779985845,41.3973739388024
1779985860,41.49644973994575
1779985875,41.64293249638923
1779985890,41.61920271077285
1779985905,41.670187549491864
1779985920,41.45298897959291
1779985935,41.59284212852494
1779985950,41.62793695558952
1779985965,41.75453088949865
1779985980,41.60094498215005
1779985995,41.48866258191644
1779986010,41.59278951259231
1779986025,41.584844506765094
1779986040,41.655244624624785
1779986055,41.79515038948944
1779986070,41.608205980853064
1779986085,41.849502647896806
1779986100,41.58768576712715
1779986115,41.530807943953505
1779986130,41.451252653816105
1779986145,41.59105318681549
1779986160,41.422840050195596
1779986175,41.53470152296816
1779986190,41.67597530208123
1779986205,41.395479765227705
1779986220,41.53833202231968
1779986235,41.388587078053106
1779986250,41.39127049061726
1779986265,41.51570717128854
1779986280,41.428206875323916
1779986295,41.47477197570196
1779986310,41.41636829048204
1779986325,41.40610818361908
1779986340,41.45377821858237
1779986355,41.469562998371536
1779986370,42.19629425986483
1779986385,42.195557636808005
1779986400,42.044970837619346
1779986415,42.076066853803994
1779986430,41.348914664849666
1779986445,41.39106002688674
1779986460,41.655928631748985
1779986475,41.36832994399035
1779986490,41.439203605243705
1779986505,41.41500027623365
1779986520,41.579793377232555
1779986535,41.63467179496624
1779986550,41.922796642051175
1779986565,41.5886328539145
1779986580,41.6118890961372
1779986595,41.53364920431556
1779986610,41.47898125031241
1779986625,41.54143636234488
1779986640,41.41868339151779
1779986655,41.49402940704475
1779986670,41.38364118038583
1779986685,41.51554932349064
1779986700,41.7959396284789
1779986715,41.79536085321997
1779986730,41.747480354526154
1779986745,41.780786239881294
1779986760,41.81767000865532
1779986775,42.04418159862988
1779986790,42.47058111666794
1779986805,42.0621236316569
1779986820,41.48582132155438
1779986835,41.3610163293547
1779986850,41.58768576712715
1779986865,41.27793577173103
1779986880,41.75942417123329
1779986895,41.49239831313321
1779986910,41.736167929010584
1779986925,41.57816228332101
1779986940,41.88165098273409
1779986955,41.68765603912521
1779986970,41.9655207793472
1779986985,41.74826959351561
1779987000,42.009876010554756
1779987015,41.894752349959084
1779987030,41.55101246208365
1779987045,41.71317476645103
1779987060,41.742218761263096
1779987075,41.45151573347925
1779987090,41.66234777552991
1779987105,41.66503118809407
1779987120,41.47713969267034
1779987135,41.691497002207235
1779987150,41.65450800156796
1779987165,41.704124826038566
1779987180,41.5108138895539
1779987195,41.63425086750519
1779987210,41.607258894065716
1779987225,41.682183982131626
1779987240,41.74842744131351
1779987255,41.70375651451016
1779987270,41.850923278077836
1779987285,41.751952708799756
1779987300,41.57195360327061
1779987315,41.49287185652687
1779987330,41.50760431766343
1779987345,41.607837669324645
1779987360,41.436204497083764
1779987375,41.427628100064986
1779987390,41.4841376117102
1779987405,41.76089741734694
1779987420,41.5867386803398
1779987435,41.36706716160721
1779987450,41.31034718623147
1779987465,41.29345747185705
1779987480,41.362542191400976
1779987495,41.39237542520251
1779987510,41.44867447311721
1779987525,41.32781567586481
1779987540,41.44041377169421
1779987555,41.49297708839214
1779987570,41.433889396048016
1779987585,41.386850752276295
1779987600,41.419788326103024
1779987615,42.544243422350725
1779987630,42.592544848505575
1779987645,42.76444110040961
1779987660,42.58938789254775
1779987675,42.622851625700775
1779987690,42.53661411211929
1779987705,42.69388313475203
1779987720,42.85409864961209
1779987735,42.463846277291225
1779987750,42.586862327781475
1779987765,42.43827493403277
1779987780,45.56434533941223
1779987795,51.44791154209406
1779987810,51.43381047214908
1779987825,50.594270651095854
1779987840,50.27457624443258
1779987855,49.37815860020572
1779987870,49.44861133399805
1779987885,49.47260419927758
1779987900,49.90552809296182
1779987915,49.86611875942154
1779987930,50.01581108775548
1779987945,49.9667730385438
1779987960,50.02244069526694
1779987975,49.68611965389239
1779987990,49.69890532552162
1779988005,49.70716602694461
1779988020,49.89947726070931
1779988035,50.00528790122938
1779988050,49.96708873413959
1779988065,50.05280008839477
1779988080,49.904633622107106
1779988095,49.717057822279166
1779988110,49.84801887859662
1779988125,50.0358051421551
1779988140,50.17723676906605
1779988155,50.04453938697178
1779988170,50.05716721080311
1779988185,50.0654279122261
1779988200,50.0654279122261
1779988215,49.97187678400896
1779988230,50.02833367972155
1779988245,50.098628565715984
1779988260,49.972560791133155
1779988275,50.30746120232668
1779988290,50.33655781307138
1779988305,50.45910032016795
1779988320,50.27647041800727
1779988335,50.22627481827773
1779988350,51.21113984525654
1779988365,52.31133899656155
1779988380,52.462662418807035
1779988395,52.7902492153649
1779988410,51.0292465661527
1779988425,52.25104113776693
1779988440,51.14510684980519
1779988455,50.50435002223024
1779988470,50.64046743994549
1779988485,50.62368295743633
1779988500,50.528290271577134
1779988515,50.601268570135716
1779988530,50.5898509127549
1779988545,50.739385393290945
1779988560,50.69318860444131
1779988575,50.63694217245924
1779988590,52.34969601144923
1779988605,50.8956547132037
1779988620,50.927960895838865
1779988635,52.27813834307167
1779988650,52.88469481443676
1779988665,51.16778431676896
1779988680,50.897654118643665
1779988695,50.2494784445678
1779988710,50.20785924185702
1779988725,50.22427541283776
1779988740,50.323351213981105
1779988755,50.22948439016819
1779988770,52.25561872390578
1779988785,50.798999244961365
1779988800,50.770007866081926
1779988815,50.82920079029131
1779988830,50.96326618663398
1779988845,50.97000102601068
1779988860,51.02372189322648
1779988875,51.04855661342811
1779988890,50.890024808412235
1779988905,50.94253550917753
1779988920,50.958688600495115
1779988935,50.9483232617669
1779988950,50.91364936216336
1779988965,50.9355902060703
1779988980,50.95674181098779
1779988995,50.87887023069455
1779989010,50.87960685375139
1779989025,50.93048646060514
1779989040,50.98273408170728
1779989055,50.87729175271565
1779989070,50.78395108822903
1779989085,50.89013004027749
1779989100,50.92948675788516
1779989115,50.98578580579986
1779989130,51.124060476752966
1779989145,50.99746654284384
1779989160,51.21850607582482
1779989175,51.182306314174994
1779989190,50.768850315564066
1779989205,50.96558128766973
1779989220,50.93948378508496
1779989235,51.037244187912535
1779989250,50.889393417220674
1779989265,51.19446059461266
1779989280,51.010462678203595
1779989295,50.964213273421336
1779989310,50.92206791138425
1779989325,50.941325342727026
1779989340,50.84845822163408
1779989355,50.912649659443375
1779989370,50.7205488894092
1779989385,50.55028373141671
1779989400,50.59484942635479
1779989415,50.565647583744834
1779989430,50.58180067506242
1779989445,50.520976656941485
1779989460,50.23890264210906
1779989475,50.41379800217304
1779989490,50.617474277385945
1779989505,50.500140747619795
1779989520,50.62552451507841
1779989535,50.56222754812385
1779989550,50.638257570775004
1779989565,50.66477600082081
1779989580,50.73244009018371
1779989595,50.822992110240904
1779989610,50.79926232462453
1779989625,50.75969514328633
1779989640,50.76863985183353
1779989655,50.77153372812822
1779989670,50.762589019581014
1779989685,50.77537469121025
1779989700,50.761589316861034
1779989715,50.78216214651958
1779989730,50.735281350545755
1779989745,50.8173095895168
1779989760,52.032842865148
1779989775,57.79465579972272
1779989790,57.9334040140695
1779989805,58.06126073036177
1779989820,57.439287790735904
1779989835,56.96490254213879
1779989850,56.81647299618797
1779989865,56.84920010628418
1779989880,56.86130177078921
1779989895,56.86719475524383
1779989910,58.99908711356886
1779989925,59.8135291347573
1779989940,58.16933385598493
1779989955,58.556587120145856
1779989970,58.12250567594373
1779989985,58.14665638902117
1779990000,58.27467095311132
1779990015,58.41878599258641
1779990030,58.48145156834941
1779990045,58.52349169852123
1779990060,50.97542046707164
1779990075,51.15747159397337
1779990090,51.10338241522916
1779990105,51.17178312764889
1779990120,51.32321178175964
1779990135,51.2549689171378
1779990150,51.049293236484935
1779990165,51.08507207067372
1779990180,51.18535803826757
1779990195,51.13658306871904
1779990210,51.1208509048625
1779990225,51.05124002599227
1779990240,51.09028104800415
1779990255,51.110643413932166
1779990270,43.09234359256327
1779990285,43.00379097794603
1779990300,42.96811737562252
1779990315,43.059826946197575
1779990330,43.02636321304454
1779990345,43.02883616187818
1779990360,43.05798538855551
1779990375,43.04598895591574
1779990390,42.80579722345723
1779990405,42.77275441776525
1779990420,43.057196149566046
1779990435,44.591266281342655
1779990450,50.29115026321121
1779990465,50.662671363515585
1779990480,49.949304548910455
1779990495,50.091893726339265
1779990510,49.5418467666194
1779990525,49.53621686182793
1779990540,49.64676293628474
1779990555,49.7188467639886
1779990570,49.810977262024714
1779990585,49.70358814352574
1779990600,49.78109141229056
1779990615,49.74278701333551
1779990630,49.93567702235914
1779990645,49.98345228918769
1779990660,49.95056733129359
1779990675,49.920418401896285
1779990690,49.788983802185136
1779990705,49.92089194528996
1779990720,49.90779057806495
1779990735,49.78245942653895
1779990750,49.432300394882574
1779990765,49.43487857558148
1779990780,49.4950185865782
1779990795,49.468342308734506
1779990810,49.572995398736694
1779990825,49.572574471275644
1779990840,49.513328931133636
1779990855,49.54437233138567
1779990870,49.500701107302305
1779990885,49.49080931196775
1779990900,49.46302809953882
1779990915,49.484442784119466
1779990930,49.50827780160111
1779990945,49.53063957296909
1779990960,49.560998966096925
1779990975,49.497754615074996
1779990990,49.58646507749012
1779991005,49.85717405087434
1779991020,51.772078303030945
1779991035,52.34711783075032
1779991050,52.17932562159147
1779991065,50.50734913039017
1779991080,50.46557207988152
1779991095,50.517346157589984
1779991110,50.516293838937365
1779991125,50.73806999497518
1779991140,50.54970495615778
1779991155,50.794684738485664
1779991170,50.6933464522392
1779991185,50.95689965878567
1779991200,51.03492908687679
1779991215,50.95889906422564
1779991230,51.03687587638412
1779991245,50.97431553248639
1779991260,51.00625340359315
1779991275,51.08864995409259
1779991290,50.87418741269043
1779991305,50.9014950817257
1779991320,51.0015179696564
1779991335,50.93385388029349
1779991350,50.863979921760105
1779991365,51.074075340753936
1779991380,51.098699597225036
1779991395,51.11885149942255
1779991410,51.04881969309126
1779991425,50.9469552475185
1779991440,50.94400875529119
1779991455,51.00983128701202
1779991470,50.847721598577266
1779991485,50.832357746249144
1779991500,50.53586696587593
1779991515,50.58038004488139
1779991530,50.59742760705369
1779991545,50.61679027026174
1779991560,50.54649538426731
1779991575,50.5466532320652
1779991590,50.5538616148356
1779991605,50.468992115502495
1779991620,50.491774814331535
1779991635,50.45294425605018
1779991650,50.53507772688648
1779991665,50.42384764530547
1779991680,50.395435041684976
1779991695,50.32771833638945
1779991710,50.30062113108471
1779991725,50.20438659030341
1779991740,50.30667196333722
1779991755,50.447682662787116
1779991770,50.49035418415051
1779991785,57.03288232709747
1779991800,57.98502024398008
1779991815,58.31013409170431
1779991830,57.997542835946156
1779991845,58.042055914951604
1779991860,58.053578804197706
1779991875,58.39942332937837
1779991890,58.07915014745615
1779991905,58.10614212089562
1779991920,58.18275091880572
1779991935,58.01906275239206
1779991950,57.96297416820788
1779991965,57.883734573666246
1779991980,57.834117749195634
1779991995,57.77245187615262
1779992010,57.78029165011458
1779992025,57.836064538702956
1779992040,57.84585110217224
1779992055,57.81833296940646
1779992070,58.203481596262165
1779992085,52.690647254895254
1779992100,53.099367819569444
1779992115,53.63005211608127
1779992130,53.025810745751926
1779992145,52.383422824265416
1779992160,52.138337810072265
1779992175,52.177431448016776
1779992190,52.12918263779456
1779992205,52.11897514686422
1779992220,52.16327776213916
1779992235,52.18979619218496
1779992250,52.25509256457948
1779992265,58.966254771607396
1779992280,59.16209127285834
1779992295,59.31131005779859
1779992310,58.60194205407338
1779992325,58.56821524125721
1779992340,59.19455530329139
1779992355,60.59776961061579
1779992370,61.20301068366511
1779992385,59.790588588130376
1779992400,59.83099762439063
1779992415,61.88496578648981
1779992430,60.136170033647886
1779992445,60.10560017678953
1779992460,60.20072978298558
1779992475,61.83277078132029
1779992490,61.892963408249656
1779992505,62.09111501053635
1779992520,60.662592439616645
1779992535,60.68021877704788
1779992550,59.38755054418028
1779992565,59.35634929613036
1779992580,59.119156671831796
1779992595,59.16824733697611
1779992610,59.23559573074323
1779992625,59.16240696845412
1779992640,59.153409643974285
1779992655,59.212181640722626
1779992670,59.26937515949204
1779992685,59.26884900016574
1779992700,59.06180530526448
1779992715,59.03765459218706
1779992730,59.073117730780055
1779992745,59.03965399762703
1779992760,59.0755906796137
1779992775,59.1064236161352
1779992790,59.225388239812894
1779992805,59.14951606495963
1779992820,59.12431303322959
1779992835,59.05275536485204
1779992850,59.021869812397895
1779992865,59.18076992894219
1779992880,59.15714537519106
1779992895,59.098899537769036
1779992910,59.11820958504445
1779992925,59.404387642622055
1779992940,59.12373425797066
1779992955,59.19092480393988
1779992970,59.19802795484501
1779992985,59.19892242569973
1779993000,59.22565131947606
1779993015,59.256799951593344
1779993030,59.29978716855251
1779993045,59.39944174495479
1779993060,59.33435583629078
1779993075,59.26995393475099
1779993090,59.2429619613115
1779993105,59.69224941004385
1779993120,59.34808859470737
1779993135,59.45153151825904
1779993150,59.42864358756474
1779993165,59.40770244637778
1779993180,59.269533007289944
1779993195,59.23164953579594
1779993210,59.254537466490234
1779993225,59.192134970390384
1779993240,59.265060653016334
1779993255,59.24559275794303
1779993270,59.13299466211364
1779993285,59.18734692052101
1779993300,58.99251012199004
1779993315,59.02002825475583
1779993330,59.0001920481541
1779993345,58.97740934932507
1779993360,58.93310673405014
1779993375,58.980092761889225
1779993390,58.89006690115834
1779993405,59.001086519008815
1779993420,58.90422058703596
1779993435,58.89027736488885
1779993450,59.38607729806662
1779993465,59.36824049690487
1779993480,59.30973157981969
1779993495,58.92742421332604
1779993510,58.99087902807849
1779993525,58.94315637718257
1779993540,59.00492748209085
1779993555,59.254221770894446
1779993570,59.13757224825249
1779993585,59.45779281424208
1779993600,59.5912794353258
1779993615,59.55534275333913
1779993630,59.61637723519059
1779993645,59.56586593986525
1779993660,59.68488317947558
1779993675,59.86193579277741
1779993690,59.82168460431503
1779993705,59.66636237118962
1779993720,59.73076427272943
1779993720,59.73076427272943
1779993735,59.774277649014905
1779993750,59.71203300071295
1779993765,59.75959780381097
1779993780,59.59201605838265
1779993795,59.86340903889107
1779993810,59.59717241978044
1779993825,59.51593341979885
1779993840,59.64699970798157
1779993855,59.53503300334374
1779993870,59.74607550912492
1779993885,59.473314514368106
1779993900,59.21028746714793
1779993915,59.299839784485144
1779993930,59.24922325729454
1779993945,59.42422384922379
1779993960,59.3746596406858
1779993975,59.29089507593795
1779993990,59.24843401830508
1779994005,59.08858681497344
1779994020,59.02129103713896
1779994035,58.97251606759042
1779994050,58.96530768482005
1779994065,59.000086816288835
1779994080,59.02307997884839
1779994095,59.05849050150876
1779994110,52.467292620878524
1779994125,51.8949365057233
1779994140,51.921034008308055
1779994155,51.66895107507504
1779994170,52.00921831139688
1779994185,51.79912289240305
1779994200,51.74519156145673
1779994215,51.74655957570512
1779994230,51.77933930173395
1779994245,51.71309584255208
1779994260,51.79165142996951
1779994275,51.74450755433253
1779994290,51.755819979848106
1779994305,51.94060713524662
1779994320,51.94255392475395
1779994335,51.830324140452966
1779994350,51.885886565310834
1779994365,51.76250220329217
1779994380,51.73950904073262
1779994395,51.70320404721753
1779994410,51.68720880369785
1779994425,51.728933238273875
1779994440,51.866418670237536
1779994455,51.73540499798743
1779994470,51.77418294033615
1779994485,51.937292331490895
1779994500,51.86715529329437
1779994515,51.73151141897279
1779994530,51.71078074151634
1779994545,51.7203568412551
1779994560,51.75092669811345
1779994575,51.86189370003132
1779994590,51.756977530365965
1779994605,51.851738825033614
1779994620,51.84263626868852
1779994635,51.76071326158274
1779994650,51.61349388208243
1779994665,51.67005600966028
1779994680,51.675948994114904
1779994695,51.78407473567071
1779994710,51.697626758358695
1779994725,51.68536724605578
1779994740,51.718988827006704
1779994755,51.708149944884816
1779994770,51.667109517432976
1779994785,51.618702859412856
1779994800,51.6489044047428
1779994815,53.12983244456253
1779994830,53.05353934224822
1779994845,53.25316419064857
1779994860,53.17576615374902
1779994875,52.70990468623804
1779994890,52.55063625816534
1779994905,52.65844630412535
1779994920,52.475658554166785
1779994935,52.54148108588762
1779994950,52.52716955221211
1779994965,52.781462354615606
1779994980,52.5708933922281
1779994995,51.8484766372105
1779995010,51.68052658025377
1779995025,51.72961724539809
1779995040,51.733563440345364
1779995055,51.626016474048505
1779995070,51.98585683730891
1779995085,51.61591421498344
1779995100,51.60612765151416
1779995115,51.38682444430997
1779995130,51.66253193129411
1779995145,51.64590529658286
1779995160,51.525572658656756
1779995175,51.75650398697229
1779995190,51.67936902973589
1779995205,51.73093264371384
1779995220,51.69115499864514
1779995235,51.674423132068625
1779995250,51.90614369937361
1779995265,51.8644718807302
1779995280,51.7842325834686
1779995295,51.875415994717365
1779995310,51.846371999905294
1779995325,51.837637755088615
1779995340,51.901671345100006
1779995355,51.87004916958904
1779995370,51.82643056143831
1779995385,51.89351587554227
1779995400,51.97296593381442
1779995415,51.9278214636174
1779995430,51.93408275960043
1779995445,51.959391023195735
1779995460,51.92840023887633
1779995475,51.862998634616545
1779995490,51.951077705840106
1779995505,51.93271474535204
1779995520,52.22462793958639
1779995535,51.99564340077819
1779995550,51.88814905041396
1779995565,51.911089597040885
1779995580,51.862840786818666
1779995595,51.88572871751296
1779995610,51.627331872364266
1779995625,51.64853609321438
1779995640,51.87820463914679
1779995655,51.74787497402089
1779995670,51.837585139156
1779995685,51.8431098120822
1779995700,51.833533712343424
1779995715,51.82490469939203
1779995730,51.801437993438796
1779995745,51.835954045244435
1779995760,51.77413032440354
1779995775,51.80185892089983
1779995790,51.83048198825087
1779995805,51.866366054304905
1779995820,51.95291926348218
1779995835,51.922349406623816
1779995850,51.91119482890614
1779995865,51.754557197464955
1779995880,51.73066956405069
1779995895,51.73782533088844
1779995910,51.586028365249284
1779995925,51.73703609189899
1779995940,51.96623109443771
1779995955,51.73582592544849
1779995970,51.86315648241444
1779995985,51.7892310970685
1779996000,51.97954292539324
1779996015,51.9503936987159
1779996030,51.93513507825305
1779996045,51.83658543643601
1779996060,51.85884197593873
1779996075,51.89619928810642
1779996090,51.9252432829185
1779996105,51.94918353226541
1779996120,51.92855808667423
1779996135,51.97538626671543
1779996150,51.970335137182886
1779996165,51.96254797915356
1779996180,51.93113626737313
1779996195,51.9479733658149
1779996210,51.76702717349841
1779996225,51.744349706534635
1779996240,51.88430808733193
1779996255,51.7740777084709
1779996270,51.69494334579454
1779996285,51.722935021954
1779996300,51.80254292802404
1779996315,51.99559078484556
1779996330,51.89519958538645
1779996345,52.2298369169168
1779996360,51.87488983539106
1779996375,51.74329738788202
1779996390,51.73330036068222
1779996405,51.77186783930041
1779996420,51.7152004798573
1779996435,51.74561248891777
1779996450,51.8348491106592
1779996465,51.63401409580835
1779996480,51.69652182377346
1779996495,51.70688716250167
1779996510,51.671003096447635
1779996525,51.60639073117731
1779996540,51.68978698439675
1779996555,51.68741926742837
1779996570,51.661637460439394
1779996585,51.602023608768974
1779996600,51.57255868649586
1779996615,51.599024500609026
1779996630,51.703256663150164
1779996645,51.686366948775756
1779996660,51.77518264305614
1779996675,51.741350598374694
1779996690,51.63238300189681
1779996705,51.60118175384688
1779996720,51.647536390494395
1779996735,51.57019096952749
1779996750,51.5736636210811
1779996765,51.7950714655905
1779996780,51.69599566444716
1779996795,51.770920752513064
1779996810,51.775024795258254
1779996825,51.75955571106488
1779996840,52.04941688392661
1779996855,51.85673733863352
1779996870,51.80759405755657
1779996885,51.85673733863352
1779996900,51.78570582958226
1779996915,51.956760226564214
1779996930,51.812803034887
1779996945,51.78339072854652
1779996960,51.68720880369785
1779996975,51.734668374930614
1779996990,51.66021683025836
1779997005,51.61444096886978
1779997020,51.57729412043261
1779997035,51.56119364504765
1779997050,51.71293799475419
1779997065,51.70494037299434
1779997080,51.69962616379866
1779997095,51.61091570138354
1779997110,51.91587764691026
1779997125,51.75261040795763
1779997140,51.68720880369785
1779997155,51.801069681910384
1779997170,51.932451665688895
1779997185,51.77923406986869
1779997200,52.043050356078325
1779997215,51.99017134378461
1779997230,52.25898614359414
1779997245,52.20979024658456
1779997260,52.234782814584094
1779997275,52.17858899853465
1779997290,51.98080570777637
1779997305,51.90588061971045
1779997320,51.88662318836768
1779997335,51.93050487618156
1779997350,51.88557086971506
1779997365,51.92961040532684
1779997380,52.06714845322312
1779997395,51.99490677772136
1779997410,51.85978906272608
1779997425,51.93176765856469
1779997440,52.079144885862895
1779997455,52.01768947655039
1779997470,52.05941391112643
1779997485,52.00532473238222
1779997500,52.20426557365836
1779997515,52.529747732911005
1779997530,52.333858615727436
1779997545,52.45271800753986
1779997560,52.3059195555006
1779997575,52.465187983573315
1779997590,52.41530807943954
1779997605,52.617353260740884
1779997620,52.62293054959972
1779997635,52.456979898082935
1779997650,52.44287882813795
1779997665,52.33075427570222
1779997680,52.496494463488496
1779997695,52.352537271811286
1779997710,52.476658256886765
1779997725,52.8295007011073
1779997740,52.19079589490494
1779997755,52.28408394345892
1779997770,52.21063210150666
1779997785,51.77228876676146
1779997800,51.89051676738233
1779997815,51.91319423434611
1779997830,51.90119780170633
1779997845,52.09987556331933
1779997860,52.070989416305146
1779997875,52.190059271848114
1779997890,52.102506359950866
1779997905,52.24488507364915
1779997920,52.08172306656178
1779997935,51.995380321115036
1779997950,52.22389131652956
1779997965,52.3248612912476
1779997980,52.136759332093355
1779997995,52.189638344387056
1779998010,52.20968501471931
1779998025,51.81190856403227
1779998040,52.06262348301689
1779998055,51.8751529150542
1779998070,51.839058385269645
1779998085,51.84284673241905
1779998100,51.80738359382604
1779998115,51.76129203684168
1779998130,51.895304817251706
1779998145,51.861735852233416
1779998160,51.86715529329437
1779998175,51.91792966828286
1779998190,52.02379292473553
1779998205,51.884939478523485
1779998220,52.11224030748751
1779998235,52.13560178157548
1779998250,52.009534006992666
1779998265,51.5817664747062
1779998280,52.01558483924518
1779998295,51.95097247397484
1779998310,51.86852330754276
1779998325,52.04967996358978
1779998340,52.26014369411202
1779998355,52.423463548997276
1779998370,52.1668030296254
1779998385,51.955707907911595
1779998400,52.198372589203736
1779998415,52.215998926634974
1779998430,52.06877954713467
1779998445,52.03652598043214
1779998460,52.344697497849324
1779998475,52.19016450371336
1779998490,52.3424350127462
1779998505,51.83563834964866
1779998520,51.89083246297812
1779998535,52.144441258257416
1779998550,52.59751705413917
1779998565,52.55721324974416
1779998580,52.47281729380473
1779998595,52.219576810053844
1779998610,52.335384477773715
1779998625,52.38878964939373
1779998640,52.32291450174027
1779998655,52.22178667922434
1779998670,52.495494760768516
1779998685,52.43430243111917
1779998700,52.39689250301885
1779998715,52.442405284744275
1779998730,52.29681699915552
1779998745,52.2888719933283
1779998760,52.334647854716884
1779998775,52.32344066106658
1779998790,52.48334048033085
1779998805,52.53974476011081
1779998820,52.451718304819885
1779998835,52.82245016613481
1779998850,52.72931996537872
1779998865,52.68254440127015
1779998880,52.58951943237932
1779998895,52.78814457805968
1779998910,52.97477329110028
1779998925,53.06653547760798
1779998940,52.68180777821332
1779998955,52.75657501848134
1779998970,52.740842854624816
1779998985,52.68001883650388
1779999000,52.63429559104793
1779999015,52.7506294180941
1779999030,52.75094511368987
1779999045,52.70074951396032
1779999060,53.13598850868031
1779999075,52.95183274447335
1779999090,53.029072933575016
1779999105,52.8491264439785
1779999120,53.242430540391936
1779999135,52.65318471086229
1779999150,53.03780717839168
1779999165,53.05716984159974
1779999180,53.020759616219394
1779999195,52.587099099478316
1779999210,52.403995653923964
1779999225,52.404627045115525
1779999240,52.72353221278936
1779999255,52.73784374646486
1779999270,52.837077395406105
1779999285,53.00397513371025
1779999300,52.522118422679576
1779999315,52.60535682810112
1779999330,52.51901408265437
1779999345,52.48544511763606
1779999360,51.97612288977225
1779999375,52.117396668885306
1779999390,52.14722990268683
1779999405,52.33459523878425
1779999420,52.07262051021671
1779999435,52.331069971298014
1779999450,52.43161901855501
1779999465,52.07609316177031
1779999480,51.9107739014451
1779999495,51.82937705366562
1779999510,51.78696861196539
1779999525,51.86794453228383
1779999540,51.83469126286131
1779999555,52.16759226861486
1779999570,52.13981105618593
1779999585,52.42193768695098
1779999600,51.94597396037495
1779999615,52.067990308145205
1779999630,51.93429322333096
1779999645,51.92292818188275
1779999660,51.87557384251525
1779999675,52.25746028154785
1779999690,52.655026268504365
1779999705,51.84474090599374
1779999720,52.13749595515018
1779999735,51.83842699407808
1779999750,52.301447201227006
1779999765,51.91935029846388
1779999780,52.09613983210256
1779999795,52.17843115073675
1779999810,52.118817299066336
1779999825,52.12171117536102
1779999840,52.300973657833325
1779999855,52.61698494921247
1779999870,52.362534299011074
1779999885,52.26130124462989
1779999900,52.37716152828238
1779999915,52.08693204389221
1779999930,52.271982278953885
1779999945,52.29676438322288
1779999960,52.14817698947418
1779999975,52.124341971992536
1779999990,52.018952258933524
1780000005,52.07651408923136
1780000020,52.10161188909615
1780000035,51.959075327599955
1780000050,51.92434881206378
1780000065,52.52822187086472
1780000080,52.24504292144705
1780000095,52.435302133839144
1780000110,52.203371102803644
1780000125,51.99574863264345
1780000140,52.28292639294105
1780000155,52.01000755038634
1780000170,52.827711759397864
1780000185,52.06830600374099
1780000200,52.43451289484968
1780000215,52.30270998361013
1780000230,52.213736441531864
1780000245,52.33733126728104
1780000260,52.23173109049151
1780000275,52.34980124331449
1780000290,52.37647752115818
1780000305,52.559317887049374
1780000320,52.63113863509009
1780000335,52.522013190814306
1780000350,52.12281610994624
1780000365,52.10497930878449
1780000380,52.27377122066332
1780000395,52.131234659167134
1780000410,52.21257889101398
1780000425,52.16259375501495
1780000440,52.262616642945645
1780000455,51.96823049987766
1780000470,52.00748198562006
1780000485,52.311023300965765
1780000500,52.45819006453344
1780000515,52.405784595633406
1780000530,52.438406473864354
1780000545,52.1435467874027
1780000560,52.347696606009265
1780000575,52.18448198298926
1780000590,51.993696611270856
1780000605,52.27861188646534
1780000620,52.21478876018447
1780000635,52.186744468092385
1780000650,52.19116420643335
1780000665,52.12086932043892
1780000680,51.99574863264345
1780000695,51.746349111974595
1780000710,51.648009933888076
1780000725,51.818590787476346
1780000740,52.11034613391281
1780000755,52.075672234309266
1780000770,51.99559078484556
1780000785,52.098402317205675
1780000800,52.15938418312449
1780000815,52.30302567920593
1780000830,52.334805702514785
1780000845,52.078039951277646
1780000860,52.50849089612826
1780000875,53.04017489536006
1780000890,52.64345076332564
1780000905,52.93757382673048
1780000920,53.25521621202116
1780000935,53.079005453641415
1780000950,52.39968114744826
1780000965,52.64834404506029
1780000980,52.602252488075905
1780000995,52.87885444591477
1780001010,52.73158245048183
1780001025,52.60514636437059
1780001040,52.52627508135739
1780001055,52.841391901881806
1780001070,52.79793114152896
1780001085,52.732792616932336
1780001100,52.54553251270018
1780001115,52.43498643824336
1780001130,52.580469491966866
1780001145,52.39747127827778
1780001160,52.82413387597899
1780001175,52.572208790543876
1780001190,52.499704035378954
1780001205,52.844759321570166
1780001220,53.20223196786219
1780001235,52.58346860012681
1780001250,52.498020325534775
1780001265,52.709273295046465
1780001280,52.90158452881117
1780001295,52.72821503079348
1780001310,52.69012109556894
1780001325,52.93168084227585
1780001340,52.79582650422374
1780001355,52.65276378340125
1780001370,52.59962169144438
1780001385,52.61687971734721
1780001400,52.38016063644232
1780001415,52.32044155290664
1780001430,52.627455519805956
1780001445,52.52169749521853
1780001460,52.55137288122216
1780001475,52.75525962016558
1780001490,52.635347909700535
1780001505,52.90253161559853
1780001520,52.51922454638489
1780001535,52.13812734634175
1780001550,52.55053102630007
1780001565,52.21989250564963
1780001580,52.596254271756024
1780001595,52.24314874787235
1780001610,52.23446711898829
1780001625,52.325597914304424
1780001640,52.157753089212946
1780001655,52.22147098362855
1780001670,52.167381804884336
1780001685,52.00848168834005
1780001700,52.03352687227218
1780001715,52.49470552177905
1780001730,52.728320262658734
1780001745,52.31765290847721
1780001760,52.253251006937404
1780001775,52.46366212152702
1780001790,52.28639904449466
1780001805,52.10755748948339
1780001820,52.54227032487708
1780001835,52.533588695993025
1780001850,52.44077419083273
1780001865,52.47492193110996
1780001880,52.52716955221211
1780001895,52.19868828479952
1780001910,52.34574981650193
1780001925,52.376003977764505
1780001940,52.355746843701745
1780001955,52.3298598048475
1780001970,52.55595046736102
1780001985,52.22320730940536
1780002000,52.04720701475614
1780002015,52.79614219981953
1780002030,52.47802627113516
1780002045,52.47586901789732
1780002060,52.71206193947589
1780002075,52.85854469591938
1780002090,52.679124365649166
1780002105,52.51996116944172
1780002120,52.36021919797533
1780002135,52.40483750884606
1780002150,52.42514725884144
1780002165,52.52017163317224
1780002180,52.52332858913007
1780002195,52.42193768695098
1780002210,52.664339288579974
1780002225,52.46618768629329
1780002240,51.7489272926735
1780002255,52.00785029714847
1780002270,51.92161278356699
1780002285,51.936187396905666
1780002300,52.11034613391281
1780002315,52.03257978548484
1780002330,51.95297187941481
1780002345,52.14323109180691
1780002360,51.93855511387403
1780002375,51.96754649275347
1780002390,51.856947802364026
1780002405,51.986014685106795
1780002420,51.91466748045976
1780002435,51.88951706466235
1780002450,52.03347425633956
1780002465,51.95618145130527
1780002480,52.167381804884336
1780002495,52.039104161131036
1780002510,52.16522455164648
1780002525,52.19695195902272
1780002540,52.075040843117705
1780002555,52.13586486123864
1780002570,52.22583810603689
1780002585,52.00690321036112
1780002600,52.223049461607474
1780002615,52.29118709436405
1780002630,52.007113674091656
1780002645,52.11718620515477
1780002660,51.96302152254724
1780002675,52.1774840639494
1780002690,52.264984359914024
1780002705,52.14744036641735
1780002720,52.11781759634635
1780002735,52.025634482377605
1780002750,51.9410806786403
1780002765,52.00527211644959
1780002780,52.015163911784136
1780002795,52.152228416286725
1780002810,51.93108365144049
1780002825,51.88693888396345
1780002840,51.80049090665144
1780002855,51.76523823178897
1780002870,51.768605651477316
1780002885,52.09503489751732
1780002900,52.20416034179309
1780002915,51.97922722979745
1780002930,51.930610108046814
1780002945,52.0044302615275
1780002960,51.70025755499022
1780002975,51.948709988871734
1780002990,51.90072425831266
1780003005,51.783864271940196
1780003020,52.08751081915115
1780003035,52.20058245837422
1780003050,52.25835475240257
1780003065,52.14112645450169
1780003080,52.46229410727863
1780003095,52.3532738948681
1780003110,52.3818443462865
1780003125,52.42951438124979
1780003140,52.06241301928637
1780003155,52.2325729454136
1780003170,52.65649951461802
1780003185,52.657762297001156
1780003200,52.673126149329285
1780003215,52.704958788570764
1780003230,52.34953816365133
1780003245,52.55495076464104
1780003260,52.5708933922281
1780003275,52.52059256063328
1780003290,52.93441687077264
1780003305,52.64029380736781
1780003320,52.809296182977164
1780003335,52.90311039085746
1780003350,52.90179499254168
1780003365,52.848758132450094
1780003380,52.83323643232407
1780003395,52.90416270951006
1780003410,52.99040022309156
1780003425,52.990347607158924
1780003440,52.83749832286715
1780003455,52.79861514865316
1780003470,52.95220105600177
1780003485,52.68154469855018
1780003500,52.78098881122193
1780003515,52.723426980924096
1780003530,52.77493797896942
1780003545,52.72179588701255
1780003560,52.86654231767922
1780003575,52.77430658777784
1780003590,53.12988506049516
1780003605,53.161086308545094
1780003620,53.08526674962446
1780003635,53.596746230726126
1780003650,53.01255153072901
1780003665,53.19718083832965
1780003680,53.227961158918525
1780003695,53.13877715310973
1780003710,53.166347901808145
1780003725,53.34561038428046
1780003740,53.061063420614396
1780003755,53.495302712614404
1780003770,53.54812910897549
1780003785,53.330667459413384
1780003800,53.340769718478455
1780003815,53.4885678732377
1780003830,53.20996650995888
1780003845,52.8866416039441
1780003860,53.19197186099922
1780003875,53.357291121324444
1780003890,52.84949475550691
1780003905,52.946097607816625
1780003920,52.75478607677191
1780003935,44.883284707442265
1780003950,44.48340361945
1780003965,44.472459505462844
1780003980,44.47603738888173
1780003995,44.45604333448211
1780004010,44.70796841991723
1780004025,45.05917977022622
1780004040,44.63683167900072
1780004055,44.60689321333393
1780004070,44.525548981487084
1780004085,44.28014827169815
1780004100,44.377172051468904
1780004115,44.368911350045906
1780004130,44.72664707600108
1780004145,44.49839916024971
1780004160,44.49340064664982
1780004175,44.1693391175782
1780004190,44.26830968685628
1780004205,44.240949401888386
1780004220,44.37727728333417
1780004235,42.55792356483467
1780004250,42.9341800990758
1780004265,42.663839437219984
1780004280,42.709930994204356
1780004295,42.59338670342766
1780004310,42.231546934727305
1780004325,42.315153651677264
1780004340,42.56202760757986
1780004355,42.3599824262785
1780004370,42.34140900205992
1780004385,42.35903533949114
1780004400,42.42080644439943
1780004415,42.25090959793535
1780004430,42.21928742242439
1780004445,42.182193189919836
1780004460,42.341777313588324
1780004475,42.467476776642734
1780004490,42.30468308108378
1780004505,42.38060787186968
1780004520,42.29684330712183
1780004535,42.340988074598876
1780004550,42.5560820071926
1780004565,42.57170893918387
1780004580,42.458268988432394
1780004595,42.894244606209206
1780004610,42.543296335563376
1780004625,42.44237897677796
1780004640,42.578285930762696
1780004655,42.4226480020415
1780004670,42.494153054486425
1780004685,42.34356625529777
1780004700,42.45600650332927
1780004715,42.67562540612923
1780004730,42.46542475527014
1780004745,42.57739145990798
1780004760,42.57097231612704
1780004775,42.383186052568576
1780004790,42.620483908732396
1780004805,42.46942356615007
1780004820,42.35072202213552
1780004835,42.32125709986241
1780004850,42.390815362800005
1780004865,42.295580524738696
1780004880,42.43669645605386
1780004895,42.544296038283356
1780004910,42.115265723613774
1780004925,42.29358111929874
1780004940,42.220655436672786
1780004955,42.20402880196153
1780004970,42.21249996711505
1780004985,42.44311559983479
1780005000,42.36487570801314
1780005015,42.51041137766928
1780005030,42.31725828898249
1780005045,42.3055775519385
1780005060,42.28432071515576
1780005075,42.09285133631315
1780005090,42.42343724103096
1780005105,42.43738046317805
1780005120,42.21539384340972
1780005135,42.50199282844839
1780005150,42.230862927603106
1780005165,42.25054128640694
1780005180,42.28995061994723
1780005195,42.27348183303386
1780005210,42.48699728764868
1780005225,42.70782635689913
1780005240,42.39681357911989
1780005255,42.29047677927353
1780005270,42.112161383588564
1780005285,42.176247589532586
1780005300,42.18198272618932
1780005315,42.22823213097158
1780005330,42.06770092051574
1780005345,42.03044884021331
1780005360,42.241859657522895
1780005375,42.63516375393633
1780005390,42.14757190624893
1780005405,42.29810608950496
1780005420,42.2170775532539
1780005435,42.10789949304549
1780005450,42.24107041853343
1780005465,42.31252285504573
1780005480,42.15546429614352
1780005495,42.274218456090686
1780005510,42.182561501448255
1780005525,42.098849552633034
1780005540,42.14709836285525
1780005555,42.167565960648545
1780005570,42.210553177607714
1780005585,42.073120361576684
1780005600,42.24912065622591
1780005615,42.27511292694541
1780005630,42.18982250015127
1780005645,42.23822915817138
1780005660,42.359508882884825
1780005675,42.26232725531618
1780005690,42.39239384077893
1780005705,42.57223509851018
1780005720,42.39534033300624
1780005735,42.370821308400394
1780005750,42.49367951109275
1780005765,42.45490156874403
1780005780,42.587283255242525
1780005795,42.5104639936019
1780005810,42.58696755964674
1780005825,42.44006387574222
1780005840,42.55497707260736
1780005855,42.47921012961935
1780005870,42.383133436635944
1780005885,42.41101988093015
1780005900,42.278638194431664
1780005915,42.29279188030928
1780005930,42.38050264000442
1780005945,42.649212207948686
1780005960,42.347196754649275
1780005975,42.44595686019683
1780005990,42.345513044805095
1780006005,42.63342742815952
1780006020,42.36619110632891
1780006035,42.37134746772671
1780006050,42.289161380957765
1780006065,42.35472083301545
1780006080,42.3207309405361
1780006095,42.47063373260057
1780006110,42.66715424097571
1780006125,42.917606080297176
1780006140,43.126807028436275
1780006155,42.96780168002673
1780006170,43.01673449737316
1780006185,43.173845672208
1780006200,43.006842702038604
1780006215,43.19526035678864
1780006230,42.975167910595005
1780006245,42.85746606930044
1780006260,43.122492521960574
1780006275,42.75297082709615
1780006290,42.97374728041399
1780006305,42.98742742289793
1780006320,42.95396368974489
1780006335,43.152851915088405
1780006350,43.0119990634364
1780006365,42.6945145259436
1780006380,43.3919913288943
1780006395,42.40239086797873
1780006410,42.76380970921805
1780006425,43.23819495781518
1780006440,43.33211439756073
1780006455,43.48706831915773
1780006470,43.33290363655018
1780006485,43.14880048827585
1780006500,43.42345565660738
1780006515,42.88514204986412
1780006530,42.97942980113808
1780006545,43.42245595388739
1780006560,43.56009923364894
1780006575,43.21220268709568
1780006590,43.32806297074817
1780006605,43.440240139116526
1780006620,43.4181414474117
1780006635,43.503484490138455
1780006650,43.39541136451529
1780006665,43.203573674144266
1780006680,42.89129811398189
1780006695,42.98842712561791
1780006710,42.61848450329244
1780006725,43.43902997266602
1780006740,43.450500245979484
1780006755,43.45544614364676
1780006770,42.568131055765
1780006785,42.93049698379166
1780006800,43.50548389557842
1780006815,43.22141047530603
1780006830,42.82316048122532
1780006845,42.87277730569594
1780006860,43.22009507699026
1780006875,42.79758913796686
1780006890,42.9779039390918
1780006905,42.69404098254993
1780006920,42.76065275326022
1780006935,43.01036796952486
1780006950,42.7146664281411
1780006965,42.53813997416558
1780006980,42.51141108038925
1780006995,42.4119669677175
1780007010,42.42796221123718
1780007025,42.57018307713759
1780007040,42.519934861475406
1780007055,42.4927324243054
1780007070,42.6048043608085
1780007085,42.598858760421244
1780007100,42.42554187833618
1780007115,42.39534033300624
1780007130,42.872882537561196
1780007145,42.7317139903134
1780007160,42.56728920084291
1780007175,42.66710162504308
1780007190,42.46842386343008
1780007205,42.31478534014885
1780007220,42.543506799293894
1780007235,42.435591521468616
1780007250,42.772175642506305
1780007265,42.41428206875324
1780007280,42.48357725202768
1780007295,42.477105492314124
1780007310,42.492206264979096
1780007325,42.706458342650734
1780007340,42.51404187702078
1780007355,42.66804871183043
1780007370,42.79080168265753
1780007385,42.66031416973374
1780007400,42.47921012961935
1780007415,42.47831565876463
1780007430,42.75786410883079
1780007445,42.415597467069
1780007460,42.83357843588617
1780007475,42.64274044823513
1780007490,42.51719883297861
1780007505,42.59522826106974
1780007520,42.76959746180741
1780007535,42.77280703369788
1780007550,42.725610542128265
1780007565,42.65857784395693
1780007580,42.494837061610625
1780007595,42.57644437312062
1780007610,42.57839116262796
1780007625,42.730819519458684
1780007640,42.502939915235736
1780007655,42.64305614383092
1780007670,42.68546458553114
1780007685,42.54392772675494
1780007700,42.57712838024482
1780007715,42.65400025781807
1780007730,42.56471102014401
1780007745,42.57744407584061
1780007760,42.69004217167001
1780007775,42.88635221631463
1780007790,42.727820411298744
1780007805,42.814215772678125
1780007820,42.57107754799231
1780007835,42.76170507191283
1780007850,42.49699431484848
1780007865,42.59780644176864
1780007880,42.512779094637644
1780007895,42.460215777939716
1780007910,42.43064562380135
1780007925,42.48710251951393
1780007940,42.53703503958034
1780007955,42.29216048911771
1780007970,42.26237987124881
1780007985,42.218866494963336
1780008000,42.197820121911114
1780008015,42.477105492314124
1780008030,42.25133052539639
1780008045,42.28463641075154
1780008060,42.15704277412243
1780008075,42.11800175211056
1780008090,42.24070210700502
1780008105,42.14309955197534
1780008120,42.296580227458676
1780008135,42.64516078113614
1780008150,42.45716405384714
1780008165,42.31909984662455
1780008180,42.37192624298564
1780008195,42.24070210700502
1780008210,42.46447766848279
1780008225,42.51014829800612
1780008240,42.39697142691779
1780008255,42.53935014061609
1780008270,41.77415663236985
1780008285,42.72176957904623
1780008300,42.27511292694541
1780008315,42.63763670276997
1780008330,42.4157553148669
1780008345,42.330938431466436
1780008360,42.362876302573184
1780008375,42.909555842604696
1780008390,42.66199787957792
1780008405,42.59238700070769
1780008420,42.385185458008536
1780008435,42.541823089449714
1780008450,42.39213076111577
1780008465,42.30868189196371
1780008480,42.92365691254969
1780008495,43.013209229886904
1780008510,42.992636400228356
1780008525,42.09506120548363
1780008540,42.111266912733846
1780008555,42.59296577596662
1780008570,42.63521636986896
1780008585,42.44122142626009
1780008600,42.41843872743105
1780008615,42.43732784724542
1780008630,42.3202047812098
1780008645,42.391236290261055
1780008660,42.4200698213426
1780008675,42.43275026110657
1780008690,42.4357493692665
1780008705,42.38897380515794
1780008720,42.618852814820855
1780008735,42.70024966260033
1780008750,42.85304633095948
1780008765,43.322853993417745
1780008780,43.18300084448572
1780008795,43.037938718223266
1780008810,42.70161767684873
1780008825,42.85693990997414
1780008840,42.74860370468782
1780008855,42.71608705832213
1780008870,42.73508141000176
1780008885,42.537876894502425
1780008900,42.64431892621404
1780008915,42.57902255381952
1780008930,42.52177641911747
1780008945,42.543296335563376
1780008960,42.57297172156701
1780008975,42.746183371786806
1780008990,42.64305614383092
1780009005,43.09839442481578
1780009020,43.02394288014354
1780009035,42.65231654797389
1780009050,42.8873519190346
1780009065,42.83305227655987
1780009080,42.8336310518188
1780009095,42.88745715089986
1780009110,42.814531468273906
1780009125,42.6514746930518
1780009140,42.56465840421137
1780009155,42.598543064825456
1780009170,42.772859649630504
1780009185,42.55771310110414
1780009200,42.57097231612704
1780009215,43.55168068442805
1780009230,43.1991539358033
1780009245,42.93244377329899
1780009260,42.880932775253676
1780009275,43.02125946757938
1780009290,43.02420595980669
1780009305,43.00973657833328
1780009320,42.99610905178197
1780009335,42.99963431926822
1780009350,43.04288461589054
1780009365,42.98632248831269
1780009380,43.06303651808804
1780009395,42.8944024540071
1780009410,42.96238223896578
1780009425,42.95075411785443
1780009440,42.981587054375936
1780009455,43.00405405760919
1780009470,43.025310894391936
1780009485,42.1740377203621
1780009500,42.05870359603592
1780009515,42.202923867376285
1780009530,42.17514265494734
1780009545,42.03444765109323
1780009560,42.094271966494176
1780009575,42.00750829358638
1780009590,42.14525680521318
1780009605,42.169881061684286
1780009620,42.4364333763907
1780009635,42.466950617316435
1780009650,42.29526482914291
1780009665,42.282268693783166
1780009680,42.37739829997922
1780009695,42.398234209300924
1780009710,42.29263403251139
1780009725,42.288582605698835
1780009740,42.3029993712396
1780009755,42.5097799864777
1780009770,42.43369734789392
1780009785,42.42727820411298
1780009800,42.32578207006864
1780009815,42.60348896249273
1780009830,42.47847350656252
1780009845,42.63279603696796
1780009860,42.598543064825456
1780009875,42.75333913862457
1780009890,42.549610247479045
1780009905,42.71145685625064
1780009920,42.72545269433037
1780009935,42.640846274660426
1780009950,42.44295775203689
1780009965,42.331885518253785
1780009980,42.48615543272658
1780009995,42.50835935629668
1780010010,42.49420567041906
1780010025,42.544190806418094
1780010040,42.57476066327644
1780010055,42.612170591376774
1780010070,42.63621607258894
1780010085,42.493574279227495
1780010100,42.55087302986217
1780010115,42.53603533686036
1780010130,42.5390344450203
1780010145,42.55697647804732
1780010160,42.47226482651212
1780010175,42.53629841652351
1780010190,42.511253232591365
1780010205,42.24601631620071
1780010220,42.2170775532539
1780010235,42.30941851502054
1780010250,42.351142949596564
1780010265,42.3460392041314
1780010280,42.364560012417364
1780010295,42.41954366201629
1780010310,42.34272440037567
1780010325,42.348512152965036
1780010340,42.275586470339086
1780010355,42.311260072662606
1780010370,42.33946221255258
1780010385,42.41949104608367
1780010400,42.58623093658991
1780010415,42.4460620920621
1780010430,42.57070923646389
1780010445,42.53829782196347
1780010460,42.596227963789715
1780010475,42.50099312572841
1780010490,42.56728920084291
1780010505,42.73245061337023
1780010520,42.601226477389616
1780010535,42.63910994888362
1780010550,42.6017000207833
1780010565,42.38171280645492
1780010580,42.54913670408536
1780010595,42.43206625398237
1780010610,43.051145317313534
1780010625,42.54503266134017
1780010640,42.922972905425496
1780010655,42.6970927066425
1780010670,42.70603741518969
1780010685,42.42359508882885
1780010700,42.52440721574901
1780010715,42.69846072089089
1780010730,42.41954366201629
1780010745,42.625482422332304
1780010760,42.85841315608779
1780010775,42.71882308681892
1780010790,42.583810603688896
1780010805,42.608224396429485
1780010820,42.541612625719196
1780010835,42.71803384782946
1780010850,42.66210311144317
1780010865,42.51572558686496
1780010880,42.54277017623706
1780010895,42.54934716781589
1780010910,42.56792059203447
1780010925,43.014577244135296
1780010940,42.887825462428275
1780010955,42.787223799238646
1780010970,42.50941167494929
1780010985,42.59343931936029
1780011000,42.577496691773234
1780011015,42.75733794950449
1780011030,42.750234798599365
1780011045,42.82510727073265
1780011060,42.45532249620507
1780011075,42.6216940751829
1780011090,42.839892347801836
1780011105,42.62074698839555
1780011120,42.63932041261415
1780011135,42.71150947218327
1780011150,42.695829924259364
1780011165,42.80221934003836
1780011180,42.60680376624846
1780011195,42.441852817451654
1780011210,42.43517059400757
1780011225,42.79490572540271
1780011240,42.774490743542046
1780011255,42.86609508225185
1780011270,43.11933556600274
1780011285,42.76233646310439
1780011300,42.56118575265776
1780011315,42.575602518198544
1780011330,42.69146280185103
1780011345,42.51309479023343
1780011360,42.64852820082449
1780011375,42.56329038996298
1780011390,42.54129693012341
1780011405,42.65615751105592
1780011420,42.40865216396177
1780011435,42.383817443760144
1780011450,42.58454722674573
1780011465,42.698302873093
1780011480,42.86199103950668
1780011495,43.23503800185734
1780011510,43.27960369679542
1780011525,43.315856074377876
1780011540,43.66801451147422
1780011555,43.854853688245335
1780011570,43.89999815844236
1780011585,44.00102074909304
1780011600,44.079260640914676
1780011615,44.495610515820296
1780011630,44.39453530923699
1780011645,44.555855758682284
1780011660,44.58132187007548
1780011675,44.62278322498836
1780011690,44.51065867255264
1780011705,44.622888456853616
1780011720,44.83056354294644
1780011735,44.86602668153944
1780011750,44.02527669403572
1780011765,44.1144080839119
1780011780,44.512815925790484
1780011795,44.59784327292148
1780011810,44.49313756698666
1780011825,44.611628647270685
1780011840,44.83214202092536
1780011855,44.96957483695638
1780011870,44.68381770683981
1780011885,44.96168244706179
1780011900,44.74074814594607
1780011915,44.37617234874892
1780011930,44.45393869717689
1780011945,44.67008494842323
1780011960,44.909960985285956
1780011975,44.54912091930557
1780011990,44.481614677740566
1780012005,45.00824754743984
1780012020,44.8616595591311
1780012035,44.9374265021191
1780012050,44.78910218803356
1780012065,44.75600676640894
1780012080,44.34034089862752
1780012095,44.172496073536024
1780012110,44.797994280648126
1780012125,44.62872882537561
1780012140,44.90006918995141
1780012155,44.9678911271122
1780012170,44.69991818222476
1780012185,44.621520442605224
1780012200,44.89512329228413
1780012215,44.55806562785277
1780012230,44.53344137138166
1780012245,44.50650201387483
1780012260,44.66824339078116
1780012275,44.28256860459916
1780012290,43.91425707618524
1780012305,44.664612891429655
1780012320,44.57069345168411
1780012335,44.09178323288074
1780012350,44.55511913562545
1780012365,44.41594999381763
1780012380,44.71259862198872
1780012395,44.82598595680758
1780012410,44.66955878909693
1780012425,44.83940301962838
1780012440,44.64072525801538
1780012455,44.27267680926461
1780012470,44.20911676264689
1780012485,44.49734684159711
1780012500,44.4334710993836
1780012515,44.137822173932484
1780012530,44.42142205081121
1780012545,44.287935429727476
1780012560,44.35165332414308
1780012575,44.207590900600614
1780012590,44.23210992520645
1780012605,44.15344910592377
1780012620,44.16739232807087
1780012635,43.995232996503674
1780012650,44.10172764414793
1780012665,44.348864679713664
1780012680,44.08610071215665
1780012695,44.079471104645194
1780012710,44.03295862019978
1780012725,44.03611557615762
1780012740,44.174548094908616
1780012755,44.01738430414114
1780012770,43.98502550557334
1780012785,44.00302015453299
1780012800,43.98486765777545
1780012815,43.90273418693915
1780012830,43.72305077700579
1780012845,43.82738817141218
1780012860,44.05005879830471
1780012875,44.05674102174879
1780012890,43.94403769405414
1780012905,43.95398210532131
1780012920,43.93372497125855
1780012935,44.11619702562133
1780012950,44.04853293625843
1780012965,44.29645921081362
1780012980,44.104884600105756
1780012995,43.47538758211375
1780013010,43.31722408862627
1780013025,43.3788899616693
1780013040,43.34979335092459
1780013055,43.390991626174326
1780013070,43.47870238586946
1780013085,43.484542754391455
1780013100,43.600455653976574
1780013115,43.453657201937325
1780013130,43.44876392020268
1780013145,43.48475321812197
1780013160,43.49001481138504
1780013175,43.59619376343351
1780013190,43.5798302083854
1780013205,43.591879256957796
1780013220,43.53137093443266
1780013235,43.531528782230545
1780013250,43.5417888890935
1780013265,43.602823370944954
1780013280,43.53216017342212
1780013295,43.842594175942416
1780013310,43.64218008855262
1780013325,43.53836885347252
1780013340,43.678222002404546
1780013355,43.673907495928844
1780013370,43.318171175413624
1780013385,43.31790809575048
1780013400,43.43829334960919
1780013415,43.45544614364676
1780013430,43.50569435930895
1780013445,43.53668514362834
1780013460,43.54173627316088
1780013475,43.48075440724206
1780013490,43.46891582240018
1780013505,43.436504407899754
1780013520,43.348951496002506
1780013535,43.38641404003546
1780013550,43.38341493187552
1780013565,43.39746338588788
1780013580,43.405566239512986
1780013595,43.26955405366299
1780013610,43.20210042803061
1780013625,43.259136099002134
1780013640,43.17289858542065
1780013655,43.15253621949262
1780013670,43.266975872964096
1780013685,43.176844780367944
1780013700,43.297177418294034
1780013715,43.32301184121564
1780013730,43.18805197401825
1780013745,43.333955955202796
1780013760,43.46039204131403
1780013775,43.425612909845235
1780013790,43.494908093119676
1780013805,43.55678442989321
1780013820,43.591879256957796
1780013835,43.37731148369037
1780013850,43.357527893021285
1780013865,43.312278190959006
1780013880,43.248086753149714
1780013895,43.2320388936974
1780013910,43.17626600510901
1780013925,43.449553159192135
1780013940,43.3344821145291
1780013955,44.310928592287034
1780013970,43.303228250546546
1780013985,43.518216951275015
1780014000,43.54405137419663
1780014015,43.69800559307364
1780014030,43.50564174337631
1780014045,43.69100767403378
1780014060,43.67196070642151
1780014075,43.68301005227393
1780014090,43.67359180033306
1780014105,43.61634566563101
1780014120,43.77671902828896
1780014135,43.689639659785385
1780014150,43.67169762675835
1780014165,43.68116849463186
1780014180,43.75404156132519
1780014195,43.82733555547955
1780014210,43.65517622391236
1780014225,43.60792711641012
1780014240,43.89710428214768
1780014255,44.22837419398968
1780014270,44.190859034024086
1780014285,43.93740808654268
1780014300,43.89857752826133
1780014315,44.02980166424195
1780014330,43.87632098875861
1780014345,43.705213975844025
1780014360,43.678485082067695
1780014375,43.39235964042272
1780014390,43.79623953929489
1780014405,43.937934245868995
1780014420,44.090204754901826
1780014435,44.05268959493625
1780014450,43.805236863774724
1780014465,43.79302996740443
1780014480,43.65938549852281
1780014495,43.89300023940249
1780014510,43.86742889614405
1780014525,44.25978590577012
1780014540,44.40121753268107
1780014555,44.21653560914781
1780014570,43.73415273879083
1780014585,43.578462194137
1780014600,43.51490214751929
1780014615,43.57299013714343
1780014630,43.36336826154328
1780014645,43.51374459700141
1780014660,43.59535190851142
1780014675,43.558520755670024
1780014690,43.76503829124497
1780014705,43.911941975149496
1780014720,43.94877312799089
1780014735,43.97197675428096
1780014750,44.034221402582915
1780014765,44.00138906062144
1780014780,43.91667740908625
1780014795,43.817654223875536
1780014810,43.79155672129077
1780014825,43.73704661508552
1780014840,43.61902907819517
1780014855,43.80534209563998
1780014870,43.629447032856014
1780014885,43.76382812479447
1780014900,43.97102966749361
1780014915,43.791977648751825
1780014930,43.84448834951712
1780014945,43.59298419154304
1780014960,43.65733347715022
1780014975,43.63802342987479
1780014990,43.659280266657554
1780015005,43.752515699278895
1780015020,43.84585636376551
1780015035,44.04306087926485
1780015050,43.846540370889706
1780015065,43.78308555613726
1780015080,44.17970445630641
1780015095,43.572884905278165
1780015110,43.525635797775934
1780015125,43.51958496552341
1780015140,43.56562390657515
1780015155,43.501906012159544
1780015170,43.57183258662556
1780015185,43.48175410996203
1780015200,43.423192576944224
1780015215,43.42498151865366
1780015230,43.30712182956121
1780015245,43.26776511195355
1780015260,43.43634656010187
1780015275,43.42187717862846
1780015290,43.40314590661198
1780015305,43.69705850628629
1780015320,44.084995777571415
1780015320,44.084995777571415
1780015335,44.058319499727716
1780015350,44.369911052765886
1780015365,44.26841491872153
1780015380,44.66566521008226
1780015395,44.01901539805269
1780015410,43.987919381868025
1780015425,44.069316229647505
1780015440,44.03685219921445
1780015455,44.09320386306177
1780015470,44.32434565510782
1780015485,44.15734268493843
1780015500,44.31245445433332
1780015515,44.69865539984163
1780015530,44.849663126491336
1780015545,44.67445207083157
1780015560,44.62651895620513
1780015575,44.39037865055918
1780015590,44.91211823852381
1780015605,44.60210516346454
1780015620,44.41868602231441
1780015635,44.049532638978405
1780015650,43.964610523712686
1780015665,43.73578383270238
1780015680,43.952824554803435
1780015695,43.68811379773909
1780015710,43.87195386635027
1780015725,43.64707337028726
1780015740,43.569307021859295
1780015755,43.567570696082484
1780015770,43.61040006524376
1780015785,43.91551985856837
1780015800,44.049532638978405
1780015815,44.509132810506344
1780015830,43.44113460997124
1780015845,43.38399370713446
1780015860,43.4882258696756
1780015875,43.48333258794096
1780015890,43.46891582240018
1780015905,43.48270119674938
1780015920,43.515270459047706
1780015935,43.48038609571364
1780015950,43.61024221744586
1780015965,43.53999994738407
1780015980,43.56383496486571
1780015995,43.55952045839
1780016010,43.49043573884608
1780016025,43.2186218308766
1780016040,43.51332366954037
1780016055,43.39556921231318
1780016070,43.47980732045471
1780016085,43.56041492924473
1780016100,43.58198746162325
1780016115,43.49848597653856
1780016130,43.496539187031225
1780016145,43.51427075632772
1780016160,43.269185742134574
1780016175,43.32490601479034
1780016190,43.440240139116526
1780016205,43.48680523949457
1780016220,43.37047141244841
1780016235,43.3787321138714
1780016250,43.50095892537219
1780016265,43.41787836774854
1780016280,43.466285025768656
1780016295,43.43303175634614
1780016310,43.54752402575024
1780016325,43.5596783061879
1780016340,43.69526956457685
1780016355,44.011912247147556
1780016370,43.42882248173569
1780016385,43.444133718131184
1780016400,43.43129543056933
1780016415,43.24156237750353
1780016430,43.68921873232433
1780016445,43.838227053534084
1780016460,43.78808406973715
1780016475,43.93072586309861
1780016490,43.90631207035802
1780016505,43.88005671997538
1780016520,43.87032277243872
1780016535,43.95145654055504
1780016550,43.9220968501472
1780016565,43.70316195447144
1780016580,43.681484190227636
1780016595,43.608821587264835
1780016610,43.656912549689174
1780016625,43.712264510816524
1780016640,43.63623448816536
1780016655,43.63181474982439
1780016670,43.643390255003126
1780016685,43.50532604778052
1780016700,43.46344376540661
1780016715,43.551838532225936
1780016730,43.6474942977483
1780016745,43.57330583273921
1780016760,43.55231207561962
1780016775,43.66106920836699
1780016790,43.65770178867863
1780016805,43.43902997266602
1780016820,43.613557021201586
1780016835,43.33143039043653
1780016850,43.37946873692823
1780016865,43.397568617753144
1780016880,43.38536172138285
1780016895,43.59782485734506
1780016910,43.47749221941897
1780016925,43.477597451284225
1780016940,43.51837479907291
1780016955,43.4567089260299
1780016970,43.45770862874987
1780016985,43.47370387226957
1780017000,43.49275083988182
1780017015,43.589564155922055
1780017030,43.56883347846562
1780017045,43.62008139684777
1780017060,43.608874203197466
1780017075,43.57441076732446
1780017090,43.65533407171025
1780017105,43.597193466153485
1780017120,43.678222002404546
1780017135,43.68206296548658
1780017150,43.57835696227175
1780017165,43.45302581074575
1780017180,43.46275975828241
1780017195,43.64902015979458
1780017210,43.666593881293196
1780017225,43.69411201405897
1780017240,43.693585854732675
1780017255,43.70547705550718
1780017270,43.73331088386875
1780017285,43.368577238873705
1780017300,43.44181861709544
1780017315,43.487173551022984
1780017330,43.510535025110954
1780017345,43.52174221876126
1780017360,43.43734626282184
1780017375,43.4691262861307
1780017390,43.445133420851164
1780017405,43.49175113716185
1780017420,43.204468144998984
1780017435,43.385519569180744
1780017450,43.47012598885068
1780017465,43.42229810608951
1780017480,43.404882232388786
1780017495,43.34337420714367
1780017510,43.28339204394482
1780017525,43.52500440658436
1780017540,43.24550857245082
1780017555,43.163848645008194
1780017570,43.19610221171073
1780017585,43.1308058393162
1780017600,43.29233675249202
1780017615,43.64144346549579
1780017630,43.5577841326132
1780017645,43.61939738972358
1780017660,43.56767592794775
1780017675,43.52505702251699
1780017690,43.486173848303
1780017705,43.67480196678356
1780017720,43.60035042211132
1780017735,43.68711409501911
1780017750,43.716263321696445
1780017765,43.72199845835317
1780017780,43.39414858213215
1780017795,43.40014679845204
1780017810,43.48217503742309
1780017825,43.80450024071789
1780017840,43.462128367090834
1780017855,43.38341493187552
1780017870,43.48896249273242
1780017885,43.49922259959539
1780017900,43.38067890337874
1780017915,43.352845075017164
1780017930,43.294862317258286
1780017945,43.53605375243678
1780017960,43.490909282239755
1780017975,43.40772349275084
1780017990,43.336165824373275
1780018005,43.32653710870189
1780018020,43.547471409817604
1780018035,43.50548389557842
1780018050,43.46149697589927
1780018065,43.397305538089995
1780018080,43.54236766435244
1780018095,43.480859639107315
1780018110,43.36452581206115
1780018125,43.37010310091999
1780018140,43.092554056293785
1780018155,43.14811648115165
1780018170,43.21704335289769
1780018185,43.18500024992568
1780018200,43.18984091572769
1780018215,43.41656296943277
1780018230,43.64707337028726
1780018245,43.839595067782476
1780018260,43.722840313275256
1780018275,43.981237158423944
1780018290,43.73678353542236
1780018305,43.79839679253274
1780018320,43.89200053668252
1780018335,43.7291016092583
1780018350,43.582618852814825
1780018365,43.50790422847942
1780018380,43.49980137485432
1780018395,43.57330583273921
1780018410,43.66375262093114
1780018425,43.68974489165064
1780018440,43.62434328739086
1780018455,43.601560588561824
1780018470,43.61139976796373
1780018485,43.68379929126339
1780018500,43.327221115826084
1780018515,43.299492519329775
1780018530,43.39067593057854
1780018545,43.405829319176135
1780018560,43.39472735739109
1780018575,43.44045060284705
1780018590,43.49606564363755
1780018605,43.51185042342672
1780018620,43.42887509766833
1780018635,43.31417236453371
1780018650,43.428454170207274
1780018665,43.3155403787821
1780018680,43.39220179262483
1780018695,43.34837272074357
1780018710,43.368892934469486
1780018725,43.40319852254461
1780018740,43.3933593431427
1780018755,43.3716815788989
1780018770,43.35968514625914
1780018785,43.58277670061271
1780018800,43.45544614364676
1780018815,43.686272240097026
1780018830,43.490225275115556
1780018845,43.358422363876
1780018860,43.39293841568165
1780018875,43.461233896236116
1780018890,43.50101154130483
1780018905,43.52568841370855
1780018920,43.4377671902829
1780018935,43.48801540594508
1780018950,43.49780196941436
1780018965,43.42329780880948
1780018980,43.49685488262701
1780018995,43.50385280166687
1780019010,43.08376719554449
1780019025,43.16095476871351
1780019040,43.247139666362365
1780019055,43.27607842930918
1780019070,43.263924148871524
1780019085,43.34931980753092
1780019100,43.442607856084905
1780019115,43.375469926048304
1780019130,43.35384477773715
1780019145,43.27713074796179
1780019160,43.31906564626835
1780019175,43.37352313654098
1780019190,43.46344376540661
1780019205,43.43134804650196
1780019220,43.328799593805
1780019235,43.221620939036555
1780019250,43.23051303165112
1780019265,43.372996977214676
1780019280,43.20378413787479
1780019295,43.29296814368359
1780019310,43.21746428035873
1780019325,43.194839429327594
1780019340,43.185894720780404
1780019355,43.42677046036311
1780019370,43.26776511195355
1780019385,43.25040185418546
1780019400,43.2062044707758
1780019415,43.25839947594531
1780019430,43.38246784508817
1780019445,43.61303086187528
1780019460,43.618871230397275
1780019475,43.660858744636464
1780019490,43.72810190653832
1780019505,43.480228247915754
1780019520,43.567886391678265
1780019535,43.50106415723746
1780019550,44.115933945958176
1780019565,43.67127669929731
1780019580,43.72031474850899
1780019595,43.57167473882766
1780019610,43.42408704779894
1780019625,43.41793098368116
1780019640,43.47886023366736
1780019655,43.544156606061875
1780019670,43.4811753347031
1780019685,43.45023716631633
1780019700,43.59093217017045
1780019715,43.95898061892122
1780019730,44.063528477058135
1780019745,43.643390255003126
1780019760,43.66370000499852
1780019775,43.71989382104795
1780019790,43.47233585802117
1780019805,43.405829319176135
1780019820,43.31496160352316
1780019835,43.59366819866723
1780019850,43.573147984941315
1780019865,43.790557018570794
1780019880,43.63933882819057
1780019895,43.80781504447362
1780019910,43.67269732947834
1780019925,43.56273003028047
1780019940,43.499906606719584
1780019955,43.69747943374733
1780019970,43.3635787252738
1780019985,43.41140660803497
1780020000,43.63034150371073
1780020015,43.7941875179223
1780020030,43.05698568583553
1780020045,43.201205957175894
1780020060,43.26345060547785
1780020075,43.2616616637684
1780020090,43.463864692867645
1780020105,43.53705345515676
1780020120,43.639549291921085
1780020135,43.7163685535617
1780020150,43.77319376080271
1780020165,43.70658199009242
1780020180,43.736204760163425
1780020195,43.88605493629526
1780020210,43.56457158792254
1780020225,43.47507188651796
1780020240,43.53389649919892
1780020255,43.62676362029186
1780020270,43.50548389557842
1780020285,43.777560883211045
1780020300,43.53073954324109
1780020315,43.48370089946937
1780020330,43.358264516078115
1780020345,43.30270209122025
1780020360,43.37652224470092
1780020375,43.27713074796179
1780020390,43.32595833344295
1780020405,43.454183361263624
1780020420,43.32901005753552
1780020435,43.618871230397275
1780020450,43.32569525377979
1780020465,43.420930091841115
1780020480,43.30480672852547
1780020495,43.519900661119195
1780020510,43.53668514362834
1780020525,44.15139708455117
1780020540,43.66801451147422
1780020555,43.29359953487516
1780020570,43.26739680042514
1780020585,43.302965170883404
1780020600,43.32711588396082
1780020615,43.491856369027104
1780020630,43.03004632832869
1780020645,43.25618960677483
1780020660,43.28896933280366
1780020675,43.30764798888751
1780020690,43.363947036802216
1780020705,43.286443768037394
1780020720,43.287285622959494
1780020735,43.27355286454291
1780020750,43.34405821426787
1780020765,43.37410191179991
1780020780,43.444133718131184
1780020795,43.451868260227876
1780020810,43.33474519419225
1780020825,43.587143823021044
1780020840,43.44371279067014
1780020855,43.540157795181955
1780020870,43.59861409633451
1780020885,43.58682812742527
1780020900,43.41740482435487
1780020915,43.47943900892629
1780020930,43.579988056183296
1780020945,43.77240452181324
1780020960,43.65675470189127
1780020975,43.64060161057369
1780020990,43.570622420175056
1780021005,43.648125688939864
1780021020,43.874532047049165
1780021035,43.83280761247313
1780021050,43.75877699526194
1780021065,43.64528442857781
1780021080,43.53568544090835
1780021095,43.53426481072734
1780021110,43.555889959038495
1780021125,44.0591613546498
1780021140,44.00717681321081
1780021155,43.707634308745035
1780021170,43.88479215391212
1780021185,43.531002622904246
1780021200,43.787189598882435
1780021215,43.829598040582674
1780021230,43.20020625445591
1780021245,43.245929499911874
1780021260,43.268975278404056
1780021275,43.33458734639436
1780021290,43.2795510808628
1780021305,43.32737896362397
1780021320,43.96129571995696
1780021335,43.703793345663
1780021350,43.66959298945313
1780021365,43.36273687035172
1780021380,43.58272408468008
1780021395,43.55325916240697
1780021410,43.30428056919916
1780021425,43.31706624082838
1780021440,43.45876094740249
1780021455,43.468284431208616
1780021470,43.50137985283323
1780021485,43.84338341493188
1780021500,43.69737420188207
1780021515,43.82838787413217
1780021530,43.48438490659356
1780021545,43.3153825309842
1780021560,43.323590616474576
1780021575,43.23466969032893
1780021590,43.28002462425648
1780021605,43.369156014132635
1780021620,43.55494287225115
1780021635,43.380257975917694
1780021650,43.333955955202796
1780021665,43.473282944808524
1780021680,43.33511350572067
1780021695,43.3913073217701
1780021710,43.41498449145386
1780021725,43.25918871493477
1780021740,43.281182174774344
1780021755,43.36663044936637
1780021770,43.243298703280345
1780021785,43.12301868128689
1780021800,43.08229394943083
1780021815,43.08234656536346
1780021830,42.8811432389842
1780021845,42.95933051487321
1780021860,42.9796402648686
1780021875,43.15574579138309
1780021890,43.12480762299632
1780021905,43.10423479333777
1780021920,43.25934656273266
1780021935,43.36263163848645
1780021950,43.17405613593852
1780021965,43.12980613659623
1780021980,43.11018039372503
1780021995,43.199574863264345
1780022010,43.19673360290229
1780022025,43.46617979390339
1780022040,43.6063486384312
1780022055,43.64859923233354
1780022070,43.73046962350669
1780022085,43.72189322648792
1780022100,43.662279374817494
1780022115,43.79302996740443
1780022130,43.84732960987917
1780022145,43.66243722261538
1780022160,43.56625529776672
1780022175,43.7859268164993
1780022190,43.855853390965315
1780022205,43.85411706518851
1780022220,43.781559694090966
1780022235,43.796502618958044
1780022250,43.6671200406195
1780022265,43.51400767666457
1780022280,43.25603175897693
1780022295,43.250612317915994
1780022310,43.293546918942525
1780022325,43.25108586130967
1780022340,43.33669198369958
1780022355,43.2718165387661
1780022370,43.34058556271424
1780022385,43.32117028357357
1780022400,43.183106076350974
1780022415,43.18215898956363
1780022430,43.109969929994506
1780022445,43.22251540989127
1780022460,43.30243901155709
1780022475,43.230144720122695
1780022490,43.34453175766154
1780022505,43.30564858344756
1780022520,43.31275173435268
1780022535,43.33216701349336
1780022550,43.45323627447627
1780022565,43.37636439690302
1780022580,43.40209358795937
1780022595,43.40872319547082
1780022610,43.626868852157116
1780022625,43.33595536064275
1780022640,43.44087153030809
1780022655,43.387255894957555
1780022670,43.32953621686183
1780022685,43.31801332761573
1780022700,43.35500232825502
1780022715,43.326116181240835
1780022730,43.51842741500553
1780022745,43.46486439558763
1780022760,43.5476292576155
1780022775,43.284181282934284
1780022790,43.279288001199646
1780022805,43.248086753149714
1780022820,43.284917905991115
1780022835,43.36973478939158
1780022850,43.373944064002025
1780022865,43.113547813413376
1780022880,43.04072736265269
1780022895,43.35142444483614
1780022910,43.275183958454456
1780022925,43.623974975862446
1780022940,43.60313906654074
1780022955,43.46128651216875
1780022970,43.18336915601413
1780022985,43.18447409059938
1780023000,42.98300768455696
1780023015,43.3484253366762
1780023030,43.108812379476625
1780023045,43.091080810180124
1780023060,43.13280524475617
1780023075,43.1328578606888
1780023090,43.24577165211397
1780023105,43.24666612296869
1780023120,43.28533883345216
1780023135,43.47896546553262
1780023150,43.266923257031465
1780023165,43.248191985014984
1780023180,43.251191093174924
1780023195,43.40077818964361
1780023210,43.30891077127065
1780023225,43.19857516054436
1780023240,43.14227611262966
1780023255,43.03299282055599
1780023270,43.044305246071566
1780023285,43.42303472914634
1780023300,43.238510653410955
1780023315,43.30770060482014
1780023330,43.20315274668323
1780023345,43.151168205244225
1780023360,43.07066582831948
1780023375,43.264608155995724
1780023390,43.137961606153965
1780023405,43.19436588593392
1780023420,43.18500024992568
1780023435,43.29228413655939
1780023450,43.31138372010428
1780023465,43.32348538460932
1780023480,43.36415750053274
1780023495,43.371523731101014
1780023510,43.31632961777155
1780023525,43.28607545650899
1780023540,42.862201503237195
1780023555,43.2060466229779
1780023570,43.21220268709568
1780023585,43.72552372583942
1780023600,43.1454330685875
1780023615,43.8246521429154
1780023630,43.96276896607062
1780023645,44.11414500424874
1780023660,44.0984128403922
1780023675,44.25247229113448
1780023690,44.400638757422136
1780023705,44.452938994456915
1780023720,44.524864974362885
1780023735,44.3905891142897
1780023750,44.3652808506944
1780023765,44.40868899511461
1780023780,44.44809832865489
1780023795,44.4923483279972
1780023810,43.51137688003305
1780023825,43.57488431071813
1780023840,43.50695714169207
1780023855,43.444922957120646
1780023870,43.583145012141124
1780023885,43.58398686706322
1780023900,43.595562372241936
1780023915,43.452236571756295
1780023930,43.2256723658491
1780023945,43.2294607129985
1780023960,43.46249667861925
1780023975,43.4539728975331
1780023990,43.471651850896976
1780024005,43.483279972008326
1780024020,43.61766106394678
1780024035,43.503537106071086
1780024050,43.44929007952898
1780024065,43.49001481138504
1780024080,43.4469223625606
1780024095,43.672960409141496
1780024110,43.466969032892855
1780024125,43.62739501148343
1780024140,43.55410101732906
1780024155,43.43045357564724
1780024170,43.42724400375678
1780024185,43.39683199469631
1780024200,43.44539650051432
1780024215,43.428559402072544
1780024230,43.48233288522098
1780024245,43.46875797460229
1780024260,43.454604288724674
1780024275,43.525320102180146
1780024290,43.416247273836994
1780024305,43.558152444141605
1780024320,43.606243406565945
1780024335,43.822179194081755
1780024350,43.63349845966857
1780024365,43.69984715071571
1780024380,43.67180285862362
1780024395,43.71715779255116
1780024410,43.62839471420341
1780024425,43.62076540397197
1780024440,43.59508882884826
1780024455,43.56278264621311
1780024470,43.55578472717323
1780024485,43.396200603504745
1780024500,43.55631088649954
1780024515,43.556837045825844
1780024530,43.43271606075035
1780024545,43.35063520584668
1780024560,43.36610429004006
1780024575,43.37268128161889
1780024590,43.36920863006527
1780024605,43.35847497980863
1780024620,43.36236855882329
1780024635,43.313172661813724
1780024650,43.36378918900432
1780024665,43.53642206396518
1780024680,43.53426481072734
1780024695,43.5856705769074
1780024710,43.61113668830059
1780024725,43.53037123171267
1780024740,43.614556723921574
1780024755,43.51553353871086
1780024770,43.42045654844744
1780024785,43.40867057953819
1780024800,43.447290674089025
1780024815,43.417457440287485
1780024830,43.50432634506055
1780024845,43.513376285473
1780024860,43.50864085153625
1780024875,43.572516593749754
1780024890,43.70337241820196
1780024905,43.62444851925612
1780024920,43.58146130229695
1780024935,43.63449816238856
1780024950,43.65570238323867
1780024965,43.679326936989796
1780024980,43.829124497189
1780024995,43.72005166884584
1780025010,43.54799756914392
1780025025,43.473282944808524
1780025040,43.42966433665778
1780025055,43.381573374233454
1780025070,43.37894257760192
1780025085,43.41740482435487
1780025100,43.413248165677054
1780025115,43.469284133928596
1780025130,43.36189501542962
1780025145,43.347215170225695
1780025160,43.40803918834663
1780025175,43.49748627381857
1780025190,43.233196444215274
1780025205,43.35231891569086
1780025220,43.33048330364918
1780025235,43.27260577775556
1780025250,43.317645016087326
1780025265,43.205888775180014
1780025280,43.28460221039533
1780025295,43.3009131495108
1780025310,43.24992831079179
1780025325,43.26776511195355
1780025340,43.2168855050998
1780025355,43.282602804955374
1780025370,43.2876539344879
1780025385,43.28733823889211
1780025400,43.323958928002995
1780025415,43.34937242346355
1780025430,43.40924935479713
1780025445,43.40640809443508
1780025460,43.65638639036287
1780025475,43.376943172161965
1780025490,43.44834299274163
1780025505,43.419825157255865
1780025520,43.44229216048912
1780025535,43.53910547652935
1780025550,43.484963681852506
1780025565,43.55541641564482
1780025580,43.525530565910664
1780025595,43.455235679916235
1780025610,43.49432931786074
1780025625,43.46333853354134
1780025640,43.35542325571606
1780025655,43.53589590463889
1780025670,43.45149994869947
1780025685,43.527003812024326
1780025700,43.49238252835341
1780025715,43.504221113195285
1780025730,43.651914036089266
1780025745,43.54152580943035
1780025760,43.334534730461726
1780025775,43.224567431263864
1780025790,43.32637926090399
1780025805,43.157534733092525
1780025820,43.237826646286756
1780025835,43.16537450705448
1780025850,43.22351511261125
1780025865,43.32437985546404
1780025880,43.25003354265705
1780025895,43.361263624238056
1780025910,43.27944584899753
1780025925,43.34611023564045
1780025940,43.34810964108041
1780025955,43.35931683473072
1780025970,43.38867652513858
1780025985,43.29707218642878
1780026000,43.2509806294444
1780026015,43.44245000828701
1780026030,43.4901200432503
1780026045,43.48691047135983
1780026060,43.54757664168287
1780026075,43.478544538071574
1780026090,43.47638728483372
1780026105,43.43108496683881
1780026120,43.39625321943738
1780026135,43.37673270843144
1780026150,43.503537106071086
1780026165,43.712159278951255
1780026180,43.44539650051432
1780026195,43.46502224338552
1780026210,43.58014590398118
1780026225,43.4780709946779
1780026240,43.26239828682523
1780026255,43.70284625887565
1780026270,43.87784685080489
1780026285,43.72105137156582
1780026300,43.67722229968457
1780026315,43.60461231265439
1780026330,43.67843246613508
1780026345,43.740150955110714
1780026360,43.52253145775072
1780026375,43.49217206462289
1780026390,43.363526109341166
1780026405,43.35947468252862
1780026420,43.48901510866505
1780026435,43.5014850846985
1780026450,43.36247379068856
1780026465,43.480228247915754
1780026480,43.53652729583045
1780026495,43.63428769865803
1780026510,43.63702372715482
1780026525,43.626868852157116
1780026540,43.69858436833257
1780026555,43.952982402601336
1780026570,44.13571753662726
1780026585,44.08047080736518
1780026600,43.88926450818572
1780026615,43.6740127277941
1780026630,43.722208922083695
1780026645,43.88252966880901
1780026660,43.809972297711475
1780026675,43.790188707042375
1780026690,43.89615719536033
1780026705,43.72946992078671
1780026720,43.931936029549114
1780026735,43.70331980226933
1780026750,43.694901253048435
1780026765,43.82054810017021
1780026780,43.8630617737357
1780026795,43.69842652053468
1780026810,43.62471159891926
1780026825,43.72925945705619
1780026840,43.794240133854935
1780026855,43.906785613751694
1780026870,43.86153591168942
1780026885,43.683273131937085
1780026900,43.716842096955375
1780026915,43.683325747869716
1780026930,43.80702580548416
1780026945,43.686272240097026
1780026960,43.595667604107206
1780026975,43.61797675954256
1780026990,43.666120337899514
1780027005,43.55094406137122
1780027020,43.65238757948294
1780027035,43.549891742718614
1780027050,43.63597140850221
1780027065,43.575884013438106
1780027080,43.745833475834814
1780027095,43.8022903715474
1780027110,43.733942275060315
1780027125,43.77887628152681
1780027140,43.69942622325467
1780027155,43.5660448340362
1780027170,43.55210161188909
1780027185,43.69332277506952
1780027200,43.48759447848403
1780027215,43.494171470062845
1780027230,43.470757380042244
1780027245,43.59782485734506
1780027260,43.406671174098236
1780027275,43.582461005016924
1780027290,43.52379424013385
1780027305,43.72231415394896
1780027320,43.707213381283985
1780027335,43.66801451147422
1780027350,43.62723716368554
1780027365,43.83233406907946
1780027380,43.8897380515794
1780027395,44.05500469597199
1780027410,43.67569643763828
1780027425,43.779612904583644
1780027440,43.63439293052329
1780027455,43.730311775708806
1780027470,43.66885636639631
1780027485,43.75725113321565
1780027500,43.71321159760387
1780027515,43.65780702054389
1780027530,43.726155117030984
1780027545,43.647178602152515
1780027560,43.42829632240939
1780027575,43.42892771360095
1780027590,43.52595149337171
1780027605,43.55894168313107
1780027620,43.95513965583918
1780027635,43.50085369350693
1780027650,43.55467979258799
1780027665,43.4780709946779
1780027680,43.64328502313786
1780027695,43.627763323011834
1780027710,43.701215164964104
1780027725,43.84575113190024
1780027740,44.29214470433792
1780027755,43.627763323011834
1780027770,43.85501153604323
1780027785,43.93682931128375
1780027800,43.53531712937995
1780027815,43.18736796689405
1780027830,43.359895609989664
1780027845,43.530002920184266
1780027860,43.387834670216485
1780027875,43.60797973234275
1780027890,43.58372378740006
1780027905,43.496644418896494
1780027920,43.835491025037285
1780027935,43.52105821163706
1780027950,43.47812361061053
1780027965,43.44981623885529
1780027980,43.43276867668299
1780027995,43.43603086450608
1780028010,43.60050826990921
1780028025,43.51795387161186
1780028040,43.66680434502371
1780028055,43.51395506073194
1780028070,43.815181275041894
1780028085,44.26652074514684
1780028100,44.07205225814429
1780028115,44.0643177160476
1780028130,43.969819501043105
1780028145,43.83975291558036
1780028160,43.83812182166882
1780028175,43.806604878023116
1780028190,43.856905709617934
1780028205,43.791977648751825
1780028220,43.91010041750742
1780028235,43.89057990650149
1780028250,43.91467800364628
1780028265,44.23005790383387
1780028280,43.830966054831066
1780028295,43.839910763378256
1780028310,43.646968138422
1780028325,43.75867176339667
1780028340,43.69411201405897
1780028355,43.525214870314876
1780028370,43.67732753154983
1780028385,43.642548400081026
1780028400,43.72768097907728
1780028415,43.13832991768237
1780028430,43.241141450042484
1780028445,43.34500530105522
1780028460,43.26313490988206
1780028475,43.48538460931355
1780028490,43.65512360797973
1780028505,43.926148276959744
1780028520,43.972450297674634
1780028535,43.92514857423977
1780028550,43.94966759884561
1780028565,43.819285317787084
1780028580,44.26388994851531
1780028595,44.177547203068556
1780028610,43.91967651724619
1780028625,44.36607008968386
1780028640,44.064580795710754
1780028655,43.81007752957673
1780028670,43.83864798099513
1780028685,43.94572140389832
1780028700,43.899524615048676
1780028715,44.278675025584505
1780028730,44.06189738314659
1780028745,44.01070208069705
1780028760,43.92756890714077
1780028775,43.69684804255577
1780028790,44.10051747769742
1780028805,44.04006177110491
1780028820,43.80271129900846
1780028835,43.5798302083854
1780028850,43.435557321112405
1780028865,43.54684001862604
1780028880,43.35052997398142
1780028895,43.04225322469897
1780028910,43.03530792159174
1780028925,43.151326053042126
1780028940,43.47880761773473
1780028955,43.22398865600493
1780028970,43.65470268051869
1780028985,43.779875984246786
1780029000,43.86111498422838
1780029015,43.799554343050616
1780029030,43.650598637773506
1780029045,43.55836290787213
1780029060,43.613872716797374
1780029075,43.537842694146214
1780029090,44.16544553856353
1780029105,44.39842888825165
1780029120,44.43368156311413
1780029135,44.01591105802748
1780029150,43.963505589127436
1780029165,43.841015697963506
1780029180,43.59966641498713
1780029195,43.75146338062629
1780029210,43.741255889695964
1780029225,43.772141442150094
1780029240,43.63933882819057
1780029255,43.625237758245575
1780029270,44.03038043950088
1780029285,43.72589203736783
1780029300,43.65685993375654
1780029315,43.97587033329563
1780029330,43.847592689542324
1780029345,43.56304572587625
1780029360,43.721577530892134
1780029375,43.68600916043387
1780029390,43.454972600253086
1780029405,43.49380315853444
1780029420,43.65517622391236
1780029435,43.60077134957236
1780029450,43.628868257597084
1780029465,43.45013193445107
1780029480,43.44671189883008
1780029495,43.71573716237014
1780029510,43.63197259762228
1780029525,43.65312420253977
1780029540,43.55467979258799
1780029555,43.74404453412538
1780029570,43.74025618697598
1780029585,43.70068900563779
1780029600,43.58966938778731
1780029615,42.88366880375046
1780029630,43.31717147269365
1780029645,43.34905672786776
1780029660,43.56472943572043
1780029675,43.43171635803037
1780029690,43.37910042539982
1780029705,43.34989858278986
1780029720,43.4217719467632
1780029735,43.47380910413482
1780029750,43.40540839171509
1780029765,43.34705732242781
1780029780,43.50737806915313
1780029795,43.684798993983364
1780029810,43.48033347978101
1780029825,43.57593662937074
1780029840,43.546576938962886
1780029855,43.54289382367875
1780029870,43.5032214104753
1780029885,43.42287688134844
1780029900,43.49506594091756
1780029915,43.63118335863283
1780029930,43.5006432297764
1780029945,43.43240036515458
1780029960,43.52132129130022
1780029975,43.47023122071595
1780029990,43.35310815468032
1780030005,43.69911052765888
1780030020,44.19569969982611
1780030035,43.879372712851186
1780030050,43.84559328410236
1780030065,43.889527587848875
1780030080,43.87232217787869
1780030095,44.18349280345581
1780030110,44.27057217195939
1780030125,43.79834417660011
1780030140,43.58851183726944
1780030155,43.628552562001296
1780030170,43.897209514012935
1780030185,43.78108615069729
1780030200,44.10241165127212
1780030215,43.041884913170556
1780030230,43.40935458666239
1780030245,43.42903294546622
1780030260,43.425244598316816
1780030275,43.44255524015227
1780030290,43.53315987614209
1780030305,43.497223194155424
1780030320,43.5280035147443
1780030335,43.60166582042708
1780030350,43.622238650085635
1780030365,43.41330078160968
1780030380,43.33458734639436
1780030395,43.34079602644477
1780030410,43.32674757243241
1780030425,43.32206475442829
1780030440,43.363631341206435
1780030455,43.43750411061974
1780030470,43.50532604778052
1780030485,43.32706326802819
1780030500,43.356002030975006
1780030515,43.188893828940344
1780030530,43.244824565326624
1780030545,43.13811945395185
1780030560,43.582513620949555
1780030575,43.19699668256545
1780030590,43.16258586262506
1780030605,43.079978848395086
1780030620,43.48291166047991
1780030635,43.25950441053056
1780030650,43.46675856916232
1780030665,43.08766077455915
1780030680,43.40162004456569
1780030695,44.134612602042026
1780030710,43.44986885478792
1780030725,43.47259893768432
1780030740,43.42371873627053
1780030755,43.868218135133496
1780030770,43.54289382367875
1780030785,43.615293346978405
1780030800,43.781770157821484
1780030815,43.61829245513834
1780030830,43.768510942798585
1780030845,43.83301807620366
1780030860,43.79792324913907
1780030875,43.7575142128788
1780030890,43.801343284760065
1780030905,43.74688579448743
1780030920,43.804552856650524
1780030935,43.89142176142358
1780030950,43.82786171480586
1780030965,43.833333771799445
1780030980,43.80781504447362
1780030995,43.99444375751421
1780031010,43.938933948588975
1780031025,44.03185368561454
1780031040,44.07194702627903
1780031055,43.995601308032086
1780031070,43.57277967341291
1780031085,43.493592694803915
1780031100,43.4577612446825
1780031115,43.57320060087395
1780031130,43.55104929323649
1780031145,43.57309536900868
1780031160,43.797502321678024
1780031175,43.71305374980597
1780031190,43.52332069674018
1780031205,43.38378324340394
1780031220,43.43697795129343
1780031235,43.44744852188691
1780031250,43.44613312357115
1780031265,43.429559104792524
1780031280,43.396568915033164
1780031295,43.351266597038254
1780031310,43.2847074422606
1780031325,43.30217593189394
1780031340,43.390149771252226
1780031355,43.419877773188496
1780031370,43.634024618994886
1780031385,43.71731564034905
1780031400,43.50006445451747
1780031415,43.4191937660643
1780031430,43.49864382433645
1780031445,43.461917903360316
1780031460,43.45439382499414
1780031475,43.63170951795914
1780031490,43.85701094148319
1780031505,43.79997527051166
1780031520,43.75298924267257
1780031535,43.79171456908867
1780031550,43.369892637189466
1780031565,43.20630970264106
1780031580,43.18884121300771
1780031595,43.24492979719189
1780031610,43.418878070468516
1780031625,43.404303457129856
1780031640,43.485910768639854
1780031655,43.59461528545459
1780031670,43.59151094542939
1780031685,43.47580850957479
1780031700,43.6796952485182
1780031715,43.80476332038105
1780031730,43.49916998366275
1780031745,43.56909655812876
1780031760,43.441923848960705
1780031775,43.47833407434105
1780031790,43.65075648557139
1780031805,43.530002920184266
1780031820,43.575200006313906
1780031835,43.68832426146961
1780031850,43.7361521442308
1780031865,43.48401659506516
1780031880,43.70795000434081
1780031895,43.44971100699002
1780031910,43.73346873166663
1780031925,43.309963089923265
1780031940,43.5500495905165
1780031955,43.48990957951977
1780031970,43.593247271206195
1780031985,43.634866473916965
1780032000,43.657543940880736
1780032015,43.45192087616051
1780032030,43.57462123105498
1780032045,43.56662360929513
1780032060,43.794134901989665
1780032075,43.69437509372213
1780032090,43.56436112419202
1780032105,43.691165521831664
1780032120,43.61629304969837
1780032135,43.615188115113135
1780032150,43.57498954258339
1780032165,43.57872527380016
1780032180,43.50153770063113
1780032195,43.4577612446825
1780032210,43.49638133923334
1780032225,43.53768484634833
1780032240,43.505273431847904
1780032255,43.671487163027834
1780032270,43.51700678482451
1780032285,43.42566552577786
1780032300,43.425244598316816
1780032315,43.36768276801899
1780032330,43.327589427354496
1780032345,43.38004751218717
1780032360,43.349845966857224
1780032375,43.235616777116284
1780032390,43.25034923825284
1780032405,43.24766582568868
1780032420,43.26829127127986
1780032435,43.230933959112164
1780032450,43.19768068968964
1780032465,43.1908932343803
1780032480,43.283918203271135
1780032495,43.22419911973545
1780032510,43.15600887104624
1780032525,43.06766672015954
1780032540,43.34705732242781
1780032555,43.226882532299605
1780032570,43.0992888956705
1780032585,43.2113608321736
1780032600,43.08397765927501
1780032615,43.0917122013717
1780032630,43.30238639562446
1780032645,43.3179607116831
1780032660,43.331640854167055
1780032675,43.43529424144925
1780032690,43.339480628129
1780032705,43.19499727712549
1780032720,43.17342474474696
1780032735,43.3553180238508
1780032750,43.40388252966881
1780032765,43.25655791830324
1780032780,43.14559091638539
1780032795,43.21699073696506
1780032810,43.162796326355576
1780032825,43.158271356149356
1780032840,43.06971874153213
1780032855,43.13827730174974
1780032870,43.15037896625478
1780032885,43.131489846440395
1780032900,43.17668693257005
1780032915,43.165269275189225
1780032930,43.122860833488986
1780032945,43.100604293986265
1780032960,43.23124965470794
1780032975,43.18031743192156
1780032990,43.12007218905956
1780033005,43.231933661832144
1780033020,43.19036707505399
1780033035,43.22288372141968
1780033050,43.29528324471933
1780033065,43.240299595120405
1780033080,43.238878964939374
1780033095,43.55015482238177
1780033110,43.248086753149714
1780033125,43.45765601281724
1780033140,43.15064204591792
1780033155,43.24924430366759
1780033170,43.18005435225841
1780033185,43.212991926085145
1780033200,43.20562569551686
1780033215,43.21977938139449
1780033230,43.39114947397221
1780033245,43.46591671424024
1780033260,43.370839723976815
1780033275,43.4711783075033
1780033290,43.376837940296696
1780033305,43.421508867100044
1780033320,43.811603391623024
1780033335,43.50711498948997
1780033350,43.55641611836481
1780033365,43.564255892326756
1780033380,43.49180375309447
1780033395,43.42719138782415
1780033410,43.49764412161646
1780033425,43.49569733210914
1780033440,43.727260051616234
1780033455,43.627763323011834
1780033470,43.53926332432724
1780033485,43.50558912744368
1780033500,43.51011409764991
1780033515,43.53500143378416
1780033530,43.44981623885529
1780033545,43.460549889111924
1780033560,43.3673670724232
1780033575,43.37241820195573
1780033590,43.44781683341533
1780033605,43.402935442881464
1780033620,43.324537703261925
1780033635,43.34200619289527
1780033650,43.490172659182925
1780033665,43.400515109980454
1780033680,43.373944064002025
1780033695,43.329220521266045
1780033710,43.46144435996664
1780033725,43.429190793264105
1780033740,43.42266641761792
1780033755,43.45676154196252
1780033770,43.43918782046391
1780033785,43.84464619731501
1780033800,43.47365125633693
1780033815,43.47380910413482
1780033830,43.548944655931265
1780033845,43.612873014077394
1780033860,43.58403948299585
1780033875,43.612873014077394
1780033890,43.61997616498252
1780033905,43.66491017144901
1780033920,43.735889064567644
1780033935,43.659175034792284
1780033950,43.65322943440503
1780033965,43.75930315458824
1780033980,43.89521010857298
1780033995,43.73178502182245
1780034010,43.75093722129998
1780034025,43.70168870835778
1780034040,43.687271942817006
1780034055,43.669961300981555
1780034070,43.70479304838298
1780034085,43.74783288127478
1780034100,43.41724697655697
1780034115,43.36552551478113
1780034130,43.342532352221575
1780034145,43.39841047267523
1780034160,43.76603799396496
1780034175,43.82670416428799
1780034190,43.50343187420583
1780034205,43.550628365775445
1780034220,43.643600718733644
1780034235,43.73809893373812
1780034250,43.96276896607062
1780034265,43.83775351014041
1780034280,43.57546308597706
1780034295,43.44308139947858
1780034310,43.44913223173109
1780034325,43.542525512150334
1780034340,43.37878472980403
1780034355,43.36347349340854
1780034370,43.28970595586049
1780034385,43.21199222336516
1780034400,43.18920952453612
1780034415,43.240562674783554
1780034430,43.49111974597027
1780034445,43.59745654581664
1780034460,43.71784179967536
1780034475,43.472178010223274
1780034490,43.457603396884615
1780034505,43.43334745194192
1780034520,43.426875692228364
1780034535,43.439240436396545
1780034550,43.415142339251744
1780034565,43.41593157824121
1780034580,43.749516591118955
1780034595,43.50411588133003
1780034610,43.71699994475327
1780034625,43.63512955358012
1780034640,43.38746635868807
1780034655,43.37210250635996
1780034670,43.39009715531961
1780034685,43.35316077061295
1780034700,43.27897230560386
1780034715,43.19063015471715
1780034730,43.21467563592931
1780034745,43.20488907246003
1780034760,43.18810458995088
1780034775,43.09918366380524
1780034790,43.20773033282208
1780034805,43.37178681076417
1780034820,43.24156237750353
1780034835,43.390149771252226
1780034850,43.39414858213215
1780034865,43.35742266115602
1780034880,43.39614798757212
1780034895,43.49196160089237
1780034910,43.46265452641715
1780034925,43.55620565463428
1780034940,43.460497273179286
1780034955,43.51064025697622
1780034970,43.488541565271376
1780034985,43.47722913975581
1780035000,43.485910768639854
1780035015,43.66133228803014
1780035030,43.571569506962405
1780035045,43.620923251769874
1780035060,43.64807307300723
1780035075,43.65943811445544
1780035090,43.73404750692558
1780035105,43.804868552246305
1780035120,43.669856069116285
1780035135,43.63623448816536
1780035150,43.72426094345629
1780035165,43.61655612936153
1780035180,43.57493692665075
1780035195,43.51169257562882
1780035210,43.42761231528519
1780035225,43.45755078095198
1780035240,43.63565571290643
1780035255,43.56851778286983
1780035270,43.64144346549579
1780035285,43.578620041934904
1780035300,43.6202918605783
1780035315,43.58135607043169
1780035330,43.54920773559442
1780035345,43.584144714861104
1780035360,43.53647467989782
1780035375,43.42513936645156
1780035390,43.50843038780573
1780035405,43.57935666499173
1780035420,43.552943466811186
1780035435,43.48775232628193
1780035450,43.56704453675617
1780035465,43.532475869017894
1780035480,43.51384982886668
1780035495,43.56136201603208
1780035510,43.42498151865366
1780035525,43.56062539297525
1780035540,43.57935666499173
1780035555,43.611241920165845
1780035570,43.58651243182948
1780035585,43.55746843701741
1780035600,43.5911952498336
1780035615,43.571622122895036
1780035630,43.66164798362592
1780035645,43.37120803550523
1780035660,43.67706445188667
1780035675,43.958243995864386
1780035690,44.29440718944103
1780035705,43.716842096955375
1780035720,43.71100172843339
1780035735,43.00073925385346
1780035750,44.09846545632483
1780035765,44.0047564803098
1780035780,44.13650677561672
1780035795,43.65154572456086
1780035810,43.87090154769766
1780035825,44.13287627626522
1780035840,44.69744523339112
1780035855,43.94198567268155
1780035870,43.9694511895147
1780035885,44.12119553922123
1780035900,43.94482693304359
1780035915,43.71842057493429
1780035930,42.949543951403925
1780035945,43.41277462228338
1780035960,43.62476421485189
1780035975,43.564255892326756
1780035990,43.66617295383215
1780036005,43.66206891108697
1780036020,43.68574608077071
1780036035,43.45539352771412
1780036050,43.51737509635293
1780036065,43.48280642861465
1780036080,43.50301094674478
1780036095,43.45076332564264
1780036110,43.46807396747809
1780036125,43.35700173369498
1780036140,43.34868841633936
1780036155,43.36084269677701
1780036170,43.45923449079616
1780036185,44.42515778202798
1780036200,43.67264471354571
1780036215,43.679221705124526
1780036230,43.642495784148394
1780036245,43.609979137782716
1780036260,43.684956841781265
1780036275,43.713948220660704
1780036290,43.784190490722494
1780036305,43.64239055228314
1780036320,44.00707158134555
1780036335,43.94772080933828
1780036350,43.7922933443476
1780036365,43.730995782833006
1780036380,43.788504997198196
1780036395,43.77119435536275
1780036410,43.62244911381615
1780036425,43.654176521192376
1780036440,43.96881979832313
1780036455,44.38106563048356
1780036470,43.83749043047725
1780036485,43.7208409078353
1780036500,43.77566670963634
1780036515,44.20480225617119
1780036530,43.98665659948489
1780036545,43.71931504578902
1780036560,43.74846427246635
1780036575,43.77072081196908
1780036590,44.19454214930823
1780036605,44.07484090257371
1780036620,44.412845653792424
1780036635,44.608892618773886
1780036650,44.15218632354063
1780036665,44.2039604012491
1780036680,44.067527287938056
1780036695,44.1431889990608
1780036710,43.945826635763574
1780036725,43.97208198614623
1780036740,44.000547205699355
1780036755,43.92272824133876
1780036770,43.87910963318803
1780036785,43.83575410470044
1780036800,44.16812895112769
1780036815,43.7330478042056
1780036830,43.70174132429041
1780036845,43.84748745767706
1780036860,43.88226658914586
1780036875,44.575586733418746
1780036890,44.33665778334337
1780036905,44.21448358777521
1780036920,44.65945653003186
1780036920,44.65945653003186
1780036935,44.315611410291154
1780036950,44.05032187796787
1780036965,43.98223686114392
1780036980,43.896209811292955
1780036995,43.86574518629986
1780037010,43.98234209300919
1780037025,43.962190190811675
1780037040,43.75167384435681
1780037055,43.66769881587843
1780037070,43.65685993375654
1780037085,43.75141076469365
1780037100,44.22132365901719
1780037115,44.20932722637742
1780037130,43.910626576833735
1780037145,43.7897151636487
1780037160,43.67580166950354
1780037175,43.679169089191895
1780037190,43.89752520960872
1780037205,44.35965094590293
1780037220,44.03101183069246
1780037235,43.7208409078353
1780037250,43.743202679203286
1780037265,43.65165095642611
1780037280,43.51900619026448
1780037295,43.49817028094277
1780037310,43.50627313456788
1780037325,43.870007076842946
1780037340,43.83159744602263
1780037355,43.69469078931792
1780037370,43.38451986646076
1780037385,43.66838282300264
1780037400,43.7031093385388
1780037415,43.467653040017055
1780037430,43.249559999263376
1780037445,43.23224935742792
1780037460,43.56804423947616
1780037475,43.86811290326824
1780037490,43.53700083922413
1780037505,43.57898835346331
1780037520,43.68537776924231
1780037535,43.639654523786355
1780037550,43.537211302954645
1780037565,43.57430553545919
1780037580,43.53447527445786
1780037595,43.68164203802554
1780037610,43.49627610736807
1780037625,43.50401064946476
1780037640,43.71747348814694
1780037655,43.418614990805374
1780037670,43.48512152965039
1780037685,43.512113503089864
1780037700,43.49932783146065
1780037715,43.522215762154936
1780037730,43.48990957951977
1780037745,43.5247413269212
1780037760,43.4279806268136
1780037775,43.60266552314707
1780037790,43.73915125239074
1780037805,43.69079721030326
1780037820,43.64465303738625
1780037835,43.059563866534425
1780037850,43.31085756077798
1780037865,43.61403056459526
1780037880,44.07352550425795
1780037895,44.68992115502496
1780037910,43.814655115715595
1780037925,43.75004275044526
1780037940,43.69458555745265
1780037955,44.06815867912963
1780037970,43.79239857621287
1780037985,43.36678829716426
1780038000,43.49469762938916
1780038015,44.26141699968167
1780038030,44.36507038696388
1780038045,44.45025558189275
1780038060,44.35086408515363
1780038075,44.384643513902446
1780038090,44.426315332545855
1780038105,44.354599816370396
1780038120,44.33855195691807
1780038135,44.49760992126026
1780038150,44.52881116931018
1780038165,43.447553753752175
1780038180,43.420509164380064
1780038195,43.48775232628193
1780038210,43.52863490593587
1780038225,43.641917008889465
1780038240,43.522320994020205
1780038255,43.950509453767694
1780038270,43.61003175371534
1780038285,43.49448716565863
1780038300,43.57467384698761
1780038315,43.56383496486571
1780038330,43.583829019265316
1780038345,43.589511539989424
1780038360,43.58503918571582
1780038375,43.56094108857103
1780038390,43.63702372715482
1780038405,43.7018991720883
1780038420,43.658227948004935
1780038435,43.44697497849324
1780038450,43.414458332127545
1780038465,43.41272200635075
1780038480,43.54531415657975
1780038495,43.44997408665318
1780038510,43.33542920131646
1780038525,43.53873716500093
1780038540,43.4691262861307
1780038555,43.493592694803915
1780038570,43.73841462933391
1780038585,43.6127151662795
1780038600,43.62955226472128
1780038615,43.7208409078353
1780038630,43.76466997971655
1780038645,43.84396219019081
1780038660,43.82859833786269
1780038675,43.98144762215447
1780038690,43.92767413900604
1780038705,43.881635197954296
1780038720,43.82486260664592
1780038735,43.7707734279017
1780038750,43.800606661703235
1780038765,43.68511468957915
1780038780,43.18073835938261
1780038795,43.154167313404166
1780038810,43.2561369908422
1780038825,43.21951630173133
1780038840,43.24645565923817
1780038855,43.37052402838103
1780038870,43.27502611065657
1780038885,43.268186039414594
1780038900,43.23672171170152
1780038915,43.195944363912844
1780038930,43.30601689497596
1780038945,43.29333645521201
1780038960,43.36668306529901
1780038975,43.27176392283347
1780038990,43.30806891634856
1780039005,43.28270803682063
1780039020,43.56230910281943
1780039035,43.44844822460689
1780039050,43.32737896362397
1780039065,43.383204468144996
1780039080,43.328641746007115
1780039095,43.30627997463912
1780039110,43.35142444483614
1780039125,43.387203279024924
1780039140,43.258925635271616
1780039155,43.27523657438709
1780039170,43.380889367109255
1780039185,43.72610250109836
1780039200,43.505273431847904
1780039215,43.65875410733124
1780039230,43.66948775758787
1780039245,43.77040511637329
1780039260,43.67032961250996
1780039275,43.73520505744345
1780039290,43.7359942964329
1780039305,43.744518077519054
1780039320,43.7127380542102
1780039335,43.8086568993957
1780039350,43.70100470123358
1780039365,43.75851391559878
1780039380,43.618871230397275
1780039395,43.68816641367172
1780039410,43.80544732750524
1780039425,43.61629304969837
1780039440,43.566939304890916
1780039455,43.7531997064031
1780039470,43.64581058790412
1780039485,43.54047349077774
1780039500,43.45160518056473
1780039515,43.32195952256303
1780039530,43.47096784377277
1780039545,43.427138771891514
1780039560,43.42882248173569
1780039575,43.356475574368666
1780039590,43.564624203855175
1780039605,43.531528782230545
1780039620,43.46612717797076
1780039635,43.515954466171905
1780039650,43.78734744668032
1780039665,43.651861420156635
1780039680,43.77745565134579
1780039695,43.63207782948755
1780039710,43.620028780915156
1780039725,43.89226361634566
1780039740,43.60834804387117
1780039755,43.63144643829598
1780039770,43.42945387292726
1780039785,43.44529126864906
1780039800,43.53289679647894
1780039815,43.58240838908431
1780039830,43.86669227308722
1780039845,43.64549489230834
1780039860,43.61018960151324
1780039875,43.86506117917567
1780039890,43.73778323814235
1780039905,43.8057104071684
1780039920,43.73525767337607
1780039935,43.64517919671256
1780039950,43.709896793848145
1780039965,43.66022735344489
1780039980,43.803605769863175
1780039995,43.87968840844696
1780040010,43.711527887759694
1780040025,43.71668424915749
1780040040,43.73536290524134
1780040055,43.86153591168942
1780040070,43.97060874003257
1780040085,43.8613254479589
1780040100,43.8435938786624
1780040115,43.51700678482451
1780040130,43.53831623753989
1780040145,43.47580850957479
1780040160,43.50900916306467
1780040175,43.465495786779194
1780040190,43.49911736773012
1780040205,43.540157795181955
1780040220,43.45444644092677
1780040235,43.45407812939837
1780040250,43.39925232759732
1780040265,43.43250559701983
1780040280,43.43534685738189
1780040295,43.34332159121104
1780040310,43.351266597038254
1780040325,43.45949757045931
1780040340,43.388571293273316
1780040355,43.442239544556486
1780040370,43.4584452518067
1780040385,43.453657201937325
1780040400,43.42498151865366
1780040415,43.58109299076853
1780040430,43.685535617040195
1780040445,43.538842396866194
1780040460,43.61166284762689
1780040475,43.65391344152923
1780040490,43.73057485537195
1780040505,43.593878662397756
1780040520,43.63697111122219
1780040535,43.59072170643993
1780040550,43.69211260861901
1780040565,43.61145238389636
1780040580,43.794240133854935
1780040595,43.673539184400425
1780040610,43.54684001862604
1780040625,43.5665709933625
1780040640,43.60987390591745
1780040655,43.57956712872225
1780040670,43.62113371550039
1780040685,43.55773151668056
1780040700,43.66138490396278
1780040715,43.59408912612829
1780040730,43.6340772349275
1780040745,43.571569506962405
1780040760,43.596614690894555
1780040775,43.81875915846077
1780040790,43.67406534372673
1780040805,43.64596843570201
1780040820,43.6177136798794
1780040835,43.5811982226338
1780040850,43.51232396682039
1780040865,43.57267444154764
1780040880,43.53279156461368
1780040895,43.59935071939134
1780040910,43.53952640399039
1780040925,43.48575292084196
1780040940,43.427875394948344
1780040955,43.49853859247118
1780040970,43.42035131658217
1780040985,43.527214275754844
1780041000,43.44739590595428
1780041015,43.02399549607616
1780041030,43.332956252482816
1780041045,43.428612018005175
1780041060,43.457603396884615
1780041075,43.47770268314949
1780041090,43.652861122876615
1780041105,43.66238460668275
1780041120,43.72610250109836
1780041135,43.76556445057128
1780041150,43.75614619863041
1780041165,43.79534506844017
1780041180,43.79839679253274
1780041195,43.72994346418039
1780041210,43.57909358532858
1780041225,43.637602502413756
1780041240,43.62318573687298
1780041255,43.60876897133221
1780041270,43.8088147471936
1780041285,43.804552856650524
1780041300,43.74420238192327
1780041315,43.70226748361672
1780041330,43.65249281134821
1780041345,43.6564390062955
1780041360,43.61213639102056
1780041375,43.299650367127676
1780041390,43.43539947331452
1780041405,43.551891148158575
1780041420,43.541104881969304
1780041435,43.88310844406795
1780041450,43.5899850833831
1780041465,43.919255589785145
1780041480,44.002546611139316
1780041495,43.50674667796155
1780041510,43.5202689726476
1780041525,43.500537997911145
1780041540,43.50558912744368
1780041555,43.35494971232239
1780041570,43.22651422077119
1780041585,43.4515525646321
1780041600,43.37599608537461
1780041615,42.826264821250525
1780041630,43.20967712232942
1780041645,43.39104424210696
1780041660,43.40240928355515
1780041675,43.41593157824121
1780041690,43.748569504331606
1780041705,44.02133049908843
1780041720,43.69600618763367
1780041735,43.8997350787792
1780041750,43.601928900090236
1780041765,43.56215125502153
1780041780,43.57546308597706
1780041795,43.633866771196985
1780041810,43.51311320580985
1780041825,43.61802937547519
1780041840,43.548786808133364
1780041855,43.45470952058993
1780041870,44.2910923856853
1780041885,44.42031711622596
1780041900,44.02359298419154
1780041915,43.94977283071086
1780041930,43.88763341427418
1780041945,43.84575113190024
1780041960,44.07278888120112
1780041975,44.405268959493625
1780041990,43.88347675559636
1780042005,43.87148032295659
1780042020,43.92278085727139
1780042035,44.23163638181278
1780042050,44.660666696482366
1780042065,43.884265994585824
1780042080,43.931936029549114
1780042095,43.76740600821335
1780042110,43.76482782751445
1780042125,43.8523807394117
1780042140,43.75030583010842
1780042155,43.9417225930184
1780042170,44.76579332987822
1780042185,44.208590603320594
1780042200,44.216272529484655
1780042215,43.272132234361884
1780042230,43.802658683075826
1780042245,43.89741997774345
1780042260,43.77824489033524
1780042275,43.68685101535596
1780042290,43.58745951861683
1780042305,43.537790078213575
1780042320,43.61797675954256
1780042335,43.44734329002166
1780042350,43.82039025237232
1780042365,43.68301005227393
1780042380,43.64533704451045
1780042395,43.65517622391236
1780042410,43.57004364491611
1780042425,43.606559102161725
1780042440,43.74567562803693
1780042455,43.72494495058048
1780042470,43.676853988156154
1780042485,43.70079423750306
1780042500,43.64175916109158
1780042515,43.953298098197116
1780042530,43.662858150076424
1780042545,43.7461491714306
1780042560,43.602875986877585
1780042575,43.52105821163706
1780042590,43.45171041242999
1780042605,43.506851909826814
1780042620,43.65433436899028
1780042635,43.73841462933391
1780042650,43.498854288066966
1780042665,43.3952535167174
1780042680,43.51085072070674
1780042695,43.476860828227395
1780042710,43.41766790401802
1780042725,43.47401956786534
1780042740,43.75525172777569
1780042755,43.75877699526194
1780042770,43.720577828172146
1780042785,43.87879393759224
1780042800,43.68848210926751
1780042815,43.022206554366726
1780042830,43.31069971298008
1780042845,43.515270459047706
1780042860,43.61955523752148
1780042875,43.617608448014145
1780042890,43.58277670061271
1780042905,43.767669087876506
1780042920,44.3544419685725
1780042935,43.57099073170346
1780042950,43.75167384435681
1780042965,43.80781504447362
1780042980,43.82738817141218
1780042995,43.987814150002755
1780043010,43.77550886183845
1780043025,43.784874497846694
1780043040,43.28865363720789
1780043055,43.51742771228556
1780043070,43.8353331772394
1780043085,43.73267949267717
1780043100,44.021488346886315
1780043115,43.85180196415277
1780043130,43.78071783916888
1780043145,43.383888475269195
1780043160,43.79602907556437
1780043175,43.86348270119675
1780043190,43.75919792272298
1780043205,44.28598864022014
1780043220,43.70847616366712
1780043235,43.59935071939134
1780043250,43.47265155361695
1780043265,43.7993438793201
1780043280,43.612557318481606
1780043295,44.04232425620802
1780043310,44.17944137664326
1780043325,43.764301668188146
1780043340,43.758303451868265
1780043355,43.83780612607303
1780043370,43.60424400112598
1780043385,43.60613817470068
1780043400,43.92583258136396
1780043415,43.14374935874332
1780043430,43.563203573674144
1780043445,43.551312372899645
1780043460,43.52863490593587
1780043475,43.62613222910029
1780043490,43.80218513968215
1780043505,43.6734865684678
1780043520,43.74762241754425
1780043535,43.762933653939754
1780043550,44.26488965123529
1780043565,43.851538884489614
1780043580,43.88142473422377
1780043595,43.83354423552996
1780043610,43.91320475753263
1780043625,43.722577233612114
1780043640,43.37557515791357
1780043655,43.672171170152026
1780043670,43.803553153930544
1780043685,44.24805255279352
1780043700,43.87516343824074
1780043715,43.837122118948834
1780043730,43.86695535275037
1780043745,43.865219026973556
1780043760,43.6690142141942
1780043775,43.604296617058615
1780043790,43.49901213586486
1780043805,43.695585260172635
1780043820,43.531581398163176
1780043835,43.57488431071813
1780043850,43.46091820064033
1780043865,43.97765927500507
1780043880,43.69048151470747
1780043895,43.91778234367148
1780043910,43.79708139421699
1780043925,43.572569209682385
1780043940,43.87842562606383
1780043955,43.72120921936371
1780043970,43.689587043852754
1780043985,43.682431277014985
1780044000,43.721524914959495
1780044015,43.806867957686265
1780044030,43.73267949267717
1780044045,43.78650559175824
1780044060,43.76314411767027
1780044075,43.74814857687056
1780044090,43.76651153735863
1780044105,43.769247565855416
1780044120,43.72005166884584
1780044135,43.69611141949894
1780044150,43.729890848247756
1780044165,43.730943166900374
1780044180,43.97108228342624
1780044195,44.02864411372408
1780044210,44.56143304754112
1780044225,43.96208495894642
1780044240,44.08452223417774
1780044255,44.1071997011415
1780044270,43.882213973213226
1780044285,43.97045089223468
1780044300,43.89463133331404
1780044315,44.070894707626415
1780044330,43.86311438966833
1780044345,43.97665957228508
1780044360,43.889527587848875
1780044375,43.95140392462241
1780044390,43.902944650669674
1780044405,43.79766016947592
1780044420,44.24868394398508
1780044435,43.73604691236553
1780044450,44.042587335871175
1780044465,44.16812895112769
1780044480,44.21574637015835
1780044495,44.49603144328134
1780044510,44.0610555282245
1780044525,44.115302554766615
1780044540,43.97897467332083
1780044555,43.697163738151545
1780044570,43.92009744470723
1780044585,44.0028623067351
1780044600,43.63428769865803
1780044615,43.7018991720883
1780044630,43.610663144906916
1780044645,43.67706445188667
1780044660,43.741834664954894
1780044675,43.84917116752124
1780044690,44.008334363728686
1780044705,43.82260012154281
1780044720,43.99212865647847
1780044735,43.83591195249834
1780044750,44.05011141423735
1780044765,43.826125389029045
1780044780,43.98439411438177
1780044795,43.918203271132526
1780044810,44.01875231838953
1780044825,43.851170572961195
1780044840,43.72047259630689
1780044855,43.63060458337389
1780044870,43.785505889038255
1780044885,43.77187836248695
1780044900,43.71147527182706
1780044915,43.551943764091206
1780044930,43.75098983723261
1780044945,43.69832128866942
1780044960,43.77361468826375
1780044975,43.59671992275981
1780044990,43.5829345484106
1780045005,43.655807615103924
1780045020,43.584933953850566
1780045035,43.482595964884126
1780045050,43.5552059519143
1780045065,43.936513615687964
1780045080,43.92483287864398
1780045095,43.72441879125418
1780045110,43.72641819669414
1780045125,43.75077937350209
1780045140,43.739256484255996
1780045155,43.67185547455625
1780045170,43.54205196875666
1780045185,43.62928918505813
1780045200,43.62876302573182
1780045215,44.39706087400326
1780045230,44.589529955565844
1780045245,44.87949636029286
1780045260,44.70975736162668
1780045275,44.73690718286404
1780045290,45.01671871259336
1780045305,44.877233875189745
1780045320,44.82072436354453
1780045335,44.83540420874845
1780045350,44.87744433892027
1780045365,44.754375672497396
1780045380,43.91031088123795
1780045395,43.765301370908126
1780045410,43.83070297516791
1780045425,43.90699607748222
1780045440,44.06873745438856
1780045455,43.91262598227369
1780045470,43.841015697963506
1780045485,43.84212063254874
1780045500,43.68337836380234
1780045515,43.66769881587843
1780045530,43.6373394227506
1780045545,43.71263282234493
1780045560,43.86074667269996
1780045575,43.80413192918948
1780045590,43.83538579317203
1780045605,43.9417225930184
1780045620,43.847961001070736
1780045635,43.834859633845724
1780045650,43.74720149008321
1780045665,43.70137301276199
1780045680,43.790346554840276
1780045695,43.88968543564676
1780045710,43.80255345121056
1780045725,43.87895178539013
1780045740,43.89394732618984
1780045755,44.089625979642896
1780045770,43.96650469728739
1780045785,43.90857455546114
1780045800,43.91209982294738
1780045815,44.11603917782344
1780045830,43.97802758653347
1780045845,44.02906504118512
1780045860,43.893473782796164
1780045875,43.86732366427878
1780045890,43.809235674654644
1780045905,43.818601310662885
1780045920,43.78140184629308
1780045935,43.96613638575897
1780045950,43.753620633864145
1780045965,43.71947289358691
1780045980,43.801869444086364
1780045995,43.8005540457706
1780046010,43.78145446222571
1780046025,43.858484187596844
1780046040,43.869901844977676
1780046055,43.80276391494108
1780046070,43.777560883211045
1780046085,43.78634774396035
1780046100,43.734889361847664
1780046115,43.73515244151081
1780046130,43.711580503692325
1780046145,43.92272824133876
1780046160,43.70805523620608
1780046175,43.846277291226556
1780046190,43.77240452181324
1780046205,43.83612241622886
1780046220,43.79271427180864
1780046235,43.72715481975097
1780046250,43.827966946671125
1780046265,43.82412598358909
1780046280,43.8923162322783
1780046295,43.77977075238153
1780046310,43.776192868962646
1780046325,43.74167681715701
1780046340,43.873006185002886
1780046355,43.88237182101113
1780046370,43.78597943243193
1780046385,43.71915719799112
1780046400,43.687955949941205
1780046415,43.853590905862205
1780046430,44.0283284181283
1780046445,44.07168394661587
1780046460,43.84417265392133
1780046475,43.89521010857298
1780046490,43.87190125041764
1780046505,43.839437219984575
1780046520,44.01564797836433
1780046535,43.897893521137135
1780046550,43.9276215230734
1780046565,43.87600529316282
1780046580,43.92478026271135
1780046595,43.87053323616924
1780046610,44.072525801537964
1780046625,44.07473567070844
1780046640,44.09067829829551
1780046655,43.9453530923699
1780046670,44.52933732863649
1780046685,44.099886086505855
1780046700,43.95955939418015
1780046715,43.87758377114174
1780046730,43.84112092982876
1780046745,43.91599340196205
1780046760,43.771615282823795
1780046775,43.80728888514731
1780046790,43.85969435404735
1780046805,43.79397705419178
1780046820,43.788136685669784
1780046835,43.9536137937929
1780046850,44.28914559617798
1780046865,44.140505586496644
1780046880,44.172601305401294
1780046895,44.09741313767221
1780046910,44.3107181285565
1780046925,44.245842683623025
1780046940,44.131876573545235
1780046955,44.05232128340783
1780046970,44.24663192261249
1780046985,44.05653055801827
1780047000,44.16970742910661
1780047015,44.264626571572144
1780047030,44.04216640841013
1780047045,43.9391444123195
1780047060,43.9472472659446
1780047075,43.852854282805374
1780047090,43.910573960901104
1780047105,43.92067621996617
1780047120,43.781928005619385
1780047135,43.848171464801254
1780047150,43.81439203605244
1780047165,44.057319797007736
1780047180,43.78303294020463
1780047195,43.69574310797052
1780047210,43.71236974268178
1780047225,43.87716284368069
1780047240,43.862219918813615
1780047255,43.97597556516089
1780047270,44.36696456053858
1780047285,44.275623301491926
1780047300,44.44041640249083
1780047315,44.224638462772916
1780047330,44.28882990058219
1780047345,44.16970742910661
1780047360,44.2380555255937
1780047375,44.102043339743716
1780047390,44.21890332611618
1780047405,44.034905409707115
1780047420,44.29677490640941
1780047435,44.09215154440916
1780047450,44.154238344913225
1780047465,44.01470089157697
1780047480,43.897577825541354
1780047495,43.776298100827916
1780047510,43.96939857358206
1780047525,43.9219390023493
1780047540,43.98207901334603
1780047555,43.40209358795937
1780047570,43.62365928026666
1780047585,43.63428769865803
1780047600,43.77435131132058
1780047615,43.098183961085255
1780047630,43.5102719454478
1780047645,43.471230923435925
1780047660,43.51600708210454
1780047675,43.73609952829817
1780047690,43.65044078997561
1780047705,43.76272319020923
1780047720,43.841278777626655
1780047735,43.87184863448501
1780047750,43.81833823099973
1780047765,43.703582881932476
1780047780,43.785242809375106
1780047795,43.88058287930168
1780047810,43.83948983591721
1780047825,43.8244942951175
1780047840,44.30161557221142
1780047855,44.449571574768555
1780047870,44.0939404861186
1780047885,44.139295420046146
1780047900,44.09783406513327
1780047915,44.00401985725297
1780047930,44.056635789883536
1780047945,44.57043037202095
1780047960,44.08036557549991
1780047975,44.304246368842946
1780047990,44.11193513507825
1780048005,43.780086447977304
1780048020,43.85348567399694
1780048035,43.970871819695724
1780048050,44.35370534551567
1780048065,43.956560286020206
1780048080,43.859904817777874
1780048095,43.79913341558957
1780048110,43.899945542509734
1780048125,43.89557842010139
1780048140,43.972397681742
1780048155,43.90304988253493
1780048170,43.809288290587276
1780048185,43.80965660211569
1780048200,43.782506780878315
1780048215,43.14106594617916
1780048230,43.70737122908188
1780048245,43.737204462883405
1780048260,43.751200300963134
1780048275,43.7733516086006
1780048290,43.734784129982394
1780048305,43.81586528216609
1780048320,43.81360279706298
1780048335,43.662279374817494
1780048350,43.79224072841497
1780048365,43.711317424029176
1780048380,43.73136409436141
1780048395,43.72199845835317
1780048410,43.575515701909694
1780048425,43.49496070905231
1780048440,43.494908093119676
1780048455,43.48107010283784
1780048470,43.53352818767051
1780048485,43.597930089210315
1780048500,43.602507675349166
1780048515,43.6583331798702
1780048530,43.54447230165766
1780048545,43.652861122876615
1780048560,43.67301302507413
1780048575,43.64807307300723
1780048590,43.614451492056304
1780048605,43.46270714234978
1780048620,43.48317474014306
1780048635,43.57172735476029
1780048650,43.581882229757994
1780048665,43.56325618960677
1780048680,43.601876284157605
1780048695,43.49817028094277
1780048710,43.696532346959984
1780048725,43.632551372881224
1780048740,43.73630999202869
1780048755,44.157290069005796
1780048770,44.09067829829551
1780048785,43.63265660474648
1780048800,43.61213639102056
1780048815,43.90715392528012
1780048830,43.786610823623505
1780048845,43.683273131937085
1780048860,43.79613430742963
1780048875,43.654492216788164
1780048890,43.67532812610987
1780048905,43.919202973852514
1780048920,43.75867176339667
1780048935,43.79534506844017
1780048950,44.13945326784403
1780048965,44.069158381849604
1780048980,43.920939299629325
1780048995,43.864482403916725
1780049010,44.42505255016271
1780049025,43.69669019475787
1780049040,44.158184539860514
1780049055,44.85308316211232
1780049070,44.59900082343935
1780049085,43.69042889877483
1780049100,43.994180677851055
1780049115,43.98044791943448
1780049130,43.91778234367148
1780049145,43.88252966880901
1780049160,43.96403174845375
1780049175,43.901524020488644
1780049190,44.2008560612239
1780049205,43.97181890648307
1780049220,43.94872051205826
1780049235,44.18359803532108
1780049250,44.19054333842831
1780049265,44.188701780786246
1780049280,44.484929481496295
1780049295,44.1679711033298
1780049310,44.41631830534604
1780049325,44.5985798959783
1780049340,43.94603709949409
1780049355,43.899840310644464
1780049370,43.86137806389153
1780049385,43.706161062631374
1780049400,43.79850202439801
1780049415,44.00570356709716
1780049430,43.60555939944174
1780049445,43.771457435025894
1780049460,43.66496278738165
1780049475,43.78650559175824
1780049490,43.85832633979896
1780049505,43.88815957360048
1780049520,43.9598224738433
1780049535,44.27814886625819
1780049550,44.22653263634761
1780049565,44.25568186302494
1780049580,44.34939083903997
1780049595,44.500661645352835
1780049610,43.982552556739705
1780049625,43.74104542596544
1780049640,43.53342295580524
1780049655,43.66175321549118
1780049670,43.59698300242296
1780049685,43.706634606025055
1780049700,43.48512152965039
1780049715,43.738677708997066
1780049730,43.59540452444405
1780049745,43.63065719930652
1780049760,43.835227945374136
1780049775,43.75667235795672
1780049790,43.758829611194564
1780049805,43.73909863645811
1780049820,43.73820416560339
1780049835,43.72894376146041
1780049850,43.68711409501911
1780049865,43.672855177276226
1780049880,43.93777639807111
1780049895,44.121616466682276
1780049910,44.076840308013665
1780049925,43.88968543564676
1780049940,43.60519108791333
1780049955,43.86974399717979
1780049970,43.679326936989796
1780049985,44.0410614738249
1780050000,43.85843157166421
1780050015,43.91415184431998
1780050030,43.517690791948716
1780050045,43.57041195644453
1780050060,43.77193097841957
1780050075,43.77708733981736
1780050090,43.7726676014764
1780050105,43.71321159760387
1780050120,43.65249281134821
1780050135,43.636865879356925
1780050150,43.75225261961575
1780050165,43.760460705106105
1780050180,43.87689976401754
1780050195,43.851223188893826
1780050210,43.82691462801851
1780050225,43.7366783035571
1780050240,43.781191382562554
1780050255,43.79376659046126
1780050270,43.7404666507065
1780050285,43.88805434173521
1780050300,44.09173061694812
1780050315,44.08010249583676
1780050330,43.97939560078187
1780050345,43.9226230094735
1780050360,43.58303978027587
1780050375,43.59803532107558
1780050390,43.57309536900868
1780050405,43.63307753220753
1780050420,43.65391344152923
1780050435,43.74172943308964
1780050450,43.905575447301196
1780050465,43.804552856650524
1780050480,43.711159576231275
1780050495,43.64081207430422
1780050510,44.521497554674525
1780050525,44.31513786689748
1780050540,44.28977698736954
1780050555,43.91452015584839
1780050570,43.88431861051845
1780050585,43.77824489033524
1780050600,43.67127669929731
1780050615,44.22448061497503
1780050630,43.56383496486571
1780050645,43.681484190227636
1780050660,43.66396308466166
1780050675,43.7494113592537
1780050690,43.869323069718746
1780050705,43.83754304640989
1780050720,44.07278888120112
1780050735,44.28777758192959
1780050750,44.30161557221142
1780050765,44.410477936824044
1780050780,44.0477963132016
1780050795,44.22311260072662
1780050810,44.682607540389306
1780050825,44.058529963458234
1780050840,43.90304988253493
1780050855,43.850644413634896
1780050870,43.90983733784427
1780050885,43.96408436438638
1780050900,43.97281860920306
1780050915,44.11409238831611
1780050930,44.04000915517228
1780050945,44.043534422658524
1780050960,43.65501837611448
1780050975,43.63918098039268
1780050990,43.72036736444163
1780051005,43.89405255805511
1780051020,44.286199103950665
1780051035,43.89947199911606
1780051050,43.890211594973074
1780051065,44.00633495828872
1780051080,43.767879551607024
1780051095,43.72368216819736
1780051110,43.820600716102845
1780051125,43.708581395532384
1780051140,43.69579572390315
1780051155,43.76382812479447
1780051170,43.77771873100894
1780051185,43.58777521421262
1780051200,43.65517622391236
1780051215,43.69963668698519
1780051230,43.56904394219614
1780051245,43.67253948168045
1780051260,43.87500559044284
1780051275,43.76330196546816
1780051290,43.77934982492049
1780051305,43.86327223746622
1780051320,43.88931712411836
1780051335,43.81470773164822
1780051350,43.82354720833015
1780051365,43.912205054812645
1780051380,43.80618395056207
1780051395,43.88452907424897
1780051410,43.88994851530992
1780051425,43.90910071478744
1780051440,43.80444762478526
1780051455,43.6841676027918
1780051470,43.84511974070868
1780051485,43.71899935019323
1780051500,43.722156306151064
1780051515,43.66480493958376
1780051530,43.69537479644211
1780051545,43.782875092406734
1780051560,43.669961300981555
1780051575,43.58109299076853
1780051590,43.75272616300943
1780051605,43.84501450884343
1780051620,43.59761439361453
1780051635,43.950193758171906
1780051650,44.075630141563174
1780051665,43.84280463967294
1780051680,44.010807312562314
1780051695,44.11130374388669
1780051710,43.93746070247532
1780051725,44.054215456982526
1780051740,44.07036854830011
1780051755,44.115881330025545
1780051770,44.191174729619874
1780051785,44.07994464803887
1780051800,44.01175439934967
1780051815,44.04758584947108
1780051830,43.76603799396496
1780051845,43.73131147842878
1780051860,43.78345386766567
1780051875,43.948825743923514
1780051890,44.066211889622295
1780051905,44.11798596733077
1780051920,44.0610555282245
1780051935,44.06415986824971
1780051950,44.102832578733164
1780051965,44.20743305280271
1780051980,44.16465629957408
1780051995,44.16702401654244
1780052010,44.21569375422572
1780052025,43.95945416231489
1780052040,43.73736231068129
1780052055,43.80165898035584
1780052070,43.93377758719118
1780052085,43.82260012154281
1780052100,43.98765630220487
1780052115,43.86611349782827
1780052130,44.08283852433355
1780052145,44.26367948478479
1780052160,44.13082425489262
1780052175,44.31024458516283
1780052190,44.10235903533949
1780052205,44.09230939220705
1780052220,43.862798694072545
1780052235,43.92904215325443
1780052250,43.934251130584855
1780052265,43.750621525704204
1780052280,43.76572229836917
1780052295,43.72384001599524
1780052310,43.82417859952172
1780052325,44.0875739582703
1780052340,43.94572140389832
1780052355,43.99512776463841
1780052370,43.97081920376309
1780052385,44.0319589174798
1780052400,44.03285338833452
1780052415,44.537282334463704
1780052430,44.45846366738312
1780052445,44.04616521929006
1780052460,43.92814768239971
1780052475,44.051163732889954
1780052490,44.18149339801586
1780052505,44.18117770242007
1780052520,44.17402193558231
1780052535,44.13003501590317
1780052550,44.21337865318997
1780052565,44.19354244658825
1780052580,44.14366254245448
1780052595,44.39211497633598
1780052610,44.15171278014696
1780052625,44.15308079439535
1780052640,43.70337241820196
1780052655,43.794608445383346
1780052670,43.760618552904006
1780052685,43.90410220118754
1780052700,43.747517185678994
1780052715,43.92199161828193
1780052730,43.82244227374491
1780052745,43.77277283334167
1780052760,43.74099281003281
1780052775,43.95398210532131
1780052790,43.81307663773667
1780052805,43.87774161893964
1780052820,43.79250380807812
1780052835,43.78597943243193
1780052850,43.87642622062386
1780052865,44.02375083198944
1780052880,43.73483674591503
1780052895,43.70752907687977
1780052910,43.6347612420517
1780052925,43.677169683751934
1780052940,43.81097200043145
1780052955,43.9940754459858
1780052970,43.72347170446683
1780052985,43.83412301078889
1780053000,43.83143959822474
1780053015,43.644284725857844
1780053030,43.66343692533536
1780053045,43.752778778942044
1780053060,43.829492808717404
1780053075,43.60035042211132
1780053090,43.75414679319045
1780053105,44.03711527887759
1780053120,44.09604512342382
1780053135,44.044218429782724
1780053150,43.90026123810551
1780053165,43.832228837214195
1780053180,44.03443186631344
1780053195,44.05200558781205
1780053210,44.0028623067351
1780053225,43.972397681742
1780053240,43.96334774132955
1780053255,43.89642027502349
1780053270,43.75735636508091
1780053285,43.80013311830956
1780053300,43.85811587606844
1780053315,43.84285725560557
1780053330,43.914572771781025
1780053345,43.93956533978054
1780053360,43.93672407941849
1780053375,43.80160636442321
1780053390,43.90394435338965
1780053405,43.95135130868978
1780053420,43.93272526853856
1780053435,43.97792235466822
1780053450,43.97971129637766
1780053465,43.79360874266337
1780053480,43.798291560667494
1780053495,43.606506486229094
1780053510,43.74772764940952
1780053525,43.843278183066616
1780053540,43.80276391494108
1780053555,43.802921762738976
1780053570,43.779297208987856
1780053585,43.71210666301862
1780053600,43.764512131918664
1780053615,43.526267188967495
1780053630,43.60834804387117
1780053645,43.902260643545475
1780053660,43.74062449850439
1780053675,43.712843286075454
1780053690,43.77045773230592
1780053705,43.839331988119326
1780053720,43.62481683078453
1780053735,43.729575152651975
1780053750,43.85174934822014
1780053765,43.93814470959951
1780053780,43.7822963171478
1780053795,43.925201190172395
1780053810,43.74514946871062
1780053825,43.68048448750766
1780053840,43.825599229702746
1780053855,43.666120337899514
1780053870,43.764301668188146
1780053885,43.65807010020705
1780053900,43.986498751686995
1780053915,44.01401688445278
1780053930,43.87705761181543
1780053945,43.8523807394117
1780053960,44.054425920713044
1780053975,43.818180383201835
1780053990,43.72668127635729
1780054005,43.62828948233815
1780054020,43.866850120885104
1780054035,43.8296506565153
1780054050,43.79076748230132
1780054065,43.75020059824315
1780054080,43.77466700691637
1780054095,43.809288290587276
1780054110,43.77887628152681
1780054125,43.64538966044308
1780054140,43.77871843372891
1780054155,43.83422824265416
1780054170,43.98128977435657
1780054185,43.83975291558036
1780054200,44.05205820374467
1780054215,43.888001725802596
1780054230,43.82701985988378
1780054245,43.910679192766366
1780054260,43.80671010988838
1780054275,44.07894494531889
1780054290,43.8263884686922
1780054305,43.804868552246305
1780054320,43.87179601855238
1780054335,44.070894707626415
1780054350,43.9420909045468
1780054365,43.943616766593095
1780054380,44.06252877433816
1780054395,43.93130463835754
1780054410,43.884844769844754
1780054425,43.89036944277096
1780054440,43.92335963253032
1780054455,43.91794019146937
1780054470,43.823599824262786
1780054485,43.634971705782235
1780054500,43.686219624164394
1780054515,43.62834209827078
1780054530,43.83254453280998
1780054545,43.69942622325467
1780054560,43.75341017013362
1780054575,43.759250538655614
1780054590,43.693585854732675
1780054605,43.877689003007006
1780054620,44.00065243756461
1780054635,43.62934180099076
1780054650,43.64581058790412
1780054665,43.572884905278165
1780054680,43.55168068442805
1780054695,43.54836588067232
1780054710,43.53873716500093
1780054725,43.534948817851536
1780054740,43.60003472651554
1780054755,43.60398092146283
1780054770,43.68022140784451
1780054785,43.55373270580064
1780054800,43.56793900761089
1780054815,43.530213383914784
1780054830,43.25334834641278
1780054845,43.43050619157987
1780054860,43.33495565792278
1780054875,43.67853769800033
1780054890,43.596509459029285
1780054905,43.75383109759466
1780054920,43.759829313914544
1780054935,43.63570832883905
1780054950,43.59871932819978
1780054965,43.715895010168026
1780054980,43.7056875192377
1780054995,43.71736825628169
1780055010,43.63049935150863
1780055025,43.89221100041304
1780055040,43.853222594333786
1780055055,43.90252372320862
1780055070,43.8050264000442
1780055085,43.64170654515894
1780055100,43.64139084956315
1780055115,43.61766106394678
1780055130,43.69400678219372
1780055145,43.70400380939352
1780055160,43.68406237092653
1780055175,43.73641522389394
1780055190,43.736467839826574
1780055205,43.8227579693407
1780055220,43.777034723884746
1780055235,43.79808109693696
1780055250,43.68769287027805
1780055265,43.30475411259284
1780055280,43.887265102745765
1780055295,44.00112598095829
1780055310,43.33027283991866
1780055325,43.70158347649251
1780055340,43.697163738151545
1780055355,43.60540155164385
1780055370,43.727628363144646
1780055385,43.77356207233112
1780055400,43.47880761773473
1780055415,43.72247200174685
1780055430,43.72968038451723
1780055445,43.64617889943254
1780055460,43.639549291921085
1780055475,43.59682515462507
1780055490,43.888001725802596
1780055505,43.87500559044284
1780055520,43.90389173745702
1780055535,43.969924732908375
1780055550,43.77277283334167
1780055565,43.55936261059211
1780055580,43.539579019923025
1780055595,43.55499548818378
1780055610,43.58135607043169
1780055625,43.56957010152244
1780055640,43.48464798625672
1780055655,43.61871338259938
1780055670,43.80071189356849
1780055685,43.48470060218935
1780055700,43.583934251130586
1780055715,43.72105137156582
1780055730,43.83396516299101
1780055745,43.93361973939328
1780055760,43.79071486636869
1780055775,43.68395713906128
1780055790,43.816917600818705
1780055805,43.813550181130346
1780055820,43.97923775298398
1780055835,43.96345297319482
1780055850,44.05374191358885
1780055865,44.068579606590674
1780055880,44.108883410985676
1780055895,44.0142273481833
1780055910,43.963821284723224
1780055925,43.9561919744918
1780055940,44.144872708904984
1780055955,43.86174637541994
1780055970,43.87353234432919
1780055985,43.90383912152439
1780056000,43.89547318823613
1780056015,43.90362865779387
1780056030,43.812234782814585
1780056045,43.94451123744781
1780056060,43.88126688642588
1780056075,43.98870862085749
1780056090,44.10535814349943
1780056105,44.282252909003375
1780056120,44.149871222504885
1780056135,44.065843578093876
1780056150,44.07305196086428
1780056165,43.77198359435221
1780056180,43.761513023758724
1780056195,43.83501748164361
1780056210,43.79634477116016
1780056225,43.809814449913574
1780056240,43.73473151404978
1780056255,43.81497081131137
1780056270,43.81428680418718
1780056285,43.67853769800033
1780056300,43.80897259499149
1780056315,43.484227058795675
1780056330,43.89636765909085
1780056345,43.74988490264737
1780056360,43.61566165850681
1780056375,43.74720149008321
1780056390,43.910626576833735
1780056405,43.67032961250996
1780056420,43.66012212157963
1780056435,43.66154275176066
1780056450,43.83470178604784
1780056465,44.02338252046102
1780056480,43.8864758637563
1780056495,43.76961587738383
1780056510,44.3608084964208
1780056525,44.5620644387327
1780056540,43.95014114223928
1780056555,43.8308608229658
1780056570,43.799554343050616
1780056585,43.831860525685784
1780056600,43.73662568762447
1780056615,43.78208585341727
1780056630,43.47407218379797
1780056645,43.564624203855175
1780056660,43.67985309631609
1780056675,43.833333771799445
1780056690,44.20206622767439
1780056705,44.03990392330701
1780056720,44.14071605022717
1780056735,43.88968543564676
1780056750,43.74930612738843
1780056765,43.916046017894686
1780056780,43.80876213126097
1780056795,43.98439411438177
1780056810,43.78897854059187
1780056825,43.840226458974044
1780056840,43.95150915648768
1780056855,43.93646099975533
1780056870,43.89300023940249
1780056885,43.701162549031466
1780056900,43.70621367856401
1780056915,43.78345386766567
1780056930,43.82475737478065
1780056945,43.79660785082331
1780056960,43.57972497652014
1780056975,43.73436320252135
1780056990,43.903523425928604
1780057005,44.07168394661587
1780057020,44.20569672702591
1780057035,44.22758495500022
1780057050,43.83107128669632
1780057065,44.00470386437717
1780057080,43.78113876662992
1780057095,43.763038885805
1780057110,43.73378442726242
1780057125,43.66480493958376
1780057140,43.79834417660011
1780057155,43.75609358269777
1780057170,43.836175032161485
1780057185,43.858852499125256
1780057200,43.83470178604784
1780057215,43.80549994343787
1780057230,43.43129543056933
1780057245,43.61671397715943
1780057260,43.57020149271401
1780057275,43.67638044476247
1780057290,43.86816551920087
1780057305,43.95177223615083
1780057320,43.80386884952633
1780057335,43.806815341753634
1780057350,43.83254453280998
1780057365,43.908258859865356
1780057380,43.91073180869899
1780057395,43.845172356641314
1780057410,43.87111201142818
1780057425,43.834859633845724
1780057440,43.86037836117155
1780057455,43.85637955029162
1780057470,43.98502550557334
1780057485,43.851328420759096
1780057500,43.673907495928844
1780057515,43.69437509372213
1780057530,43.773141144870074
1780057545,43.75956623425139
1780057560,43.937986861801626
1780057575,43.690165819111684
1780057590,43.728470218066725
1780057605,44.04684922641425
1780057620,43.61071576083953
1780057635,43.97502847837353
1780057650,44.054162841049894
1780057665,43.688903036728554
1780057680,44.052847442734134
1780057695,43.74336052700119
1780057710,43.77771873100894
1780057725,43.770510348238545
1780057740,43.82675678022062
1780057755,43.94151212928787
1780057770,43.78697913515192
1780057785,43.43134804650196
1780057800,43.434557618392425
1780057815,43.30643782243702
1780057830,43.45912925893089
1780057845,43.620028780915156
1780057860,43.615556426641554
1780057875,43.69853175239995
1780057890,43.69332277506952
1780057905,43.66869851859841
1780057920,43.67890600952875
1780057935,43.98749845440698
1780057950,43.79066225043605
1780057965,43.835859336565704
1780057980,43.90278680287177
1780057995,43.80723626921468
1780058010,43.87595267723019
1780058025,43.90904809885482
1780058040,44.101201484821615
1780058055,43.96482098744321
1780058070,43.967925327468414
1780058085,43.94382723032362
1780058100,43.82296843307122
1780058115,43.870848931765025
1780058130,44.087889653866085
1780058145,43.97697526788087
1780058160,44.000494589766724
1780058175,43.83175529382052
1780058190,43.789452083985545
1780058205,43.79613430742963
1780058220,43.78545327310563
1780058235,43.951246076824525
1780058250,43.71363252506492
1780058265,43.803553153930544
1780058280,43.92067621996617
1780058295,43.85006563837596
1780058310,43.954245184984465
1780058325,43.921623306753524
1780058340,43.553837937665904
1780058355,43.639286212257936
1780058370,43.71405345252596
1780058385,43.62192295448985
1780058400,43.75167384435681
1780058415,43.77014203671013
1780058430,43.612189006953194
1780058445,43.67175024269099
1780058460,43.793871822326516
1780058475,43.78198062155201
1780058490,43.81155077569039
1780058505,43.89931415131816
1780058520,43.868323366998766
1780058520,43.868323366998766
1780058535,43.899524615048676
1780058550,43.85143365262435
1780058565,43.92662182035342
1780058580,43.90047170183603
1780058595,43.811235080094605
1780058610,43.84675083462023
1780058625,43.805236863774724
1780058640,43.80849905159781
1780058655,43.873216648733404
1780058670,43.92104453149458
1780058685,43.85390660145799
1780058700,43.79692354641909
1780058715,43.89399994212248
1780058730,43.905838526964345
1780058745,44.06263400620342
1780058760,44.39143096921179
1780058775,44.27977996016974
1780058790,44.1275094511369
1780058805,44.101201484821615
1780058820,44.117828119532874
1780058835,44.00680850168239
1780058850,44.186176216019966
1780058865,44.30414113697769
1780058880,44.22663786821287
1780058895,44.22753233906759
1780058910,44.182598332601096
1780058925,44.29940570304094
1780058940,44.25110427688609
1780058955,44.61204957473173
1780058970,44.283252611723356
1780058985,44.62346723211256
1780059000,44.13613846408831
1780059015,44.112250830674036
1780059030,43.781559694090966
1780059045,44.14313638312818
1780059060,43.93746070247532
1780059075,43.86453501984936
1780059090,43.86790243953772
1780059105,44.125615277562204
1780059120,44.39153620107705
1780059135,44.44651985067598
1780059150,44.45541194329054
1780059165,44.13082425489262
1780059180,44.30030017389566
1780059195,44.119248749713904
1780059210,43.96845148679471
1780059225,44.17928352884537
1780059240,44.16649785721615
1780059255,44.14103174582296
1780059270,44.18885962858413
1780059285,44.113513613057165
1780059300,44.320031148632125
1780059315,44.23500380150113
1780059330,44.16270951006675
1780059345,44.140189890900864
1780059360,43.995864387695235
1780059375,43.97529155803669
1780059390,44.54459594909934
1780059405,44.095676811895416
1780059420,44.51029036102422
1780059435,44.16907603791505
1780059450,44.318242206922676
1780059465,44.230320983497016
1780059480,44.10241165127212
1780059495,43.98807722966591
1780059510,43.92199161828193
1780059525,43.96313727759903
1780059540,43.90562806323383
1780059555,43.9954434602342
1780059570,43.87653145248913
1780059585,44.0984128403922
1780059600,44.19927758324498
1780059615,44.557592084459095
1780059630,44.68997377095758
1780059645,44.53444107410165
1780059660,44.597369729527806
1780059675,44.72475290242638
1780059690,44.913275789041684
1780059705,44.77610605267381
1780059720,44.63583197628074
1780059735,44.734013306569366
1780059750,44.73232959672519
1780059765,44.24110724968627
1780059780,44.32813400225722
1780059795,44.266889056675254
1780059810,44.318452670653194
1780059825,44.258312659656475
1780059840,44.219219021711965
1780059855,44.37280492906057
1780059870,44.42836735391844
1780059885,44.13156087794945
1780059900,44.08294375619881
1780059915,44.10698923741098
1780059930,44.1653929226309
1780059945,44.2237439919182
1780059960,44.19512092456716
1780059975,44.17528471796545
1780059990,44.09336171085967
1780060005,43.9314098702228
1780060020,43.83407039485626
1780060035,43.892631927874085
1780060050,43.98476242591018
1780060065,43.94740511374249
1780060080,44.000547205699355
1780060095,43.98439411438177
1780060110,43.97471278277776
1780060125,43.848960703790716
1780060140,44.02643424455359
1780060155,44.0340109388524
1780060170,43.96113787215907
1780060185,44.35738846079982
1780060200,44.20627550228484
1780060215,44.05074280542891
1780060230,44.044902436906916
1780060245,44.008176515930785
1780060260,44.10083317329321
1780060275,44.07741908327261
1780060290,44.197593873400805
1780060305,44.115302554766615
1780060320,44.06721159234228
1780060335,44.076998155811566
1780060350,44.043902734186936
1780060365,43.86706058461562
1780060380,43.8069205736189
1780060395,43.90952164224849
1780060410,43.98223686114392
1780060425,43.89863014419396
1780060440,43.900892629297076
1780060455,43.96297942980114
1780060470,43.8864758637563
1780060485,44.018489238726374
1780060500,43.948615280192996
1780060515,43.75077937350209
1780060530,43.9453530923699
1780060545,44.10304304246368
1780060560,44.17586349322439
1780060575,43.905259751705415
1780060590,44.07831355412733
1780060605,44.06137122382029
1780060620,43.991865576815314
1780060635,44.04216640841013
1780060650,43.90531236763805
1780060665,43.926884900016574
1780060680,43.981500238087094
1780060695,43.966873008815796
1780060710,44.45898982670943
1780060725,44.101832876013184
1780060740,44.0150692031054
1780060755,43.91536201077049
1780060770,44.273834359782484
1780060785,44.16786587146454
1780060800,44.13513876136833
1780060815,44.222165513939274
1780060830,44.18128293428533
1780060845,44.226216940751826
1780060860,44.25841789152173
1780060875,44.09357217459019
1780060890,44.17844167392329
1780060905,44.29588043555469
1780060920,44.18764946213363
1780060935,44.13719078274092
1780060950,44.41037270495879
1780060965,44.0150692031054
1780060980,43.87500559044284
1780060995,43.852275507546445
1780061010,43.82954542465004
1780061025,43.80544732750524
1780061040,44.00317800233089
1780061055,44.07510398223686
1780061070,43.96098002436118
1780061085,43.80539471157261
1780061100,43.96645208135476
1780061115,43.72904899332567
1780061130,43.92672705221868
1780061145,43.74783288127478
1780061160,43.646652442826216
1780061175,43.63502432171485
1780061190,43.78203323748464
1780061205,43.69800559307364
1780061220,43.68916611639171
1780061235,43.88100380676273
1780061250,45.03513428901405
1780061265,45.21592263353266
1780061280,45.740240402196186
1780061295,46.41588159310521
1780061310,43.836543343689904
1780061325,44.1137240767877
1780061340,44.03116967849034
1780061355,43.76556445057128
1780061370,44.05605701462459
1780061385,44.07363073612321
1780061400,44.09804452886379
1780061415,43.636865879356925
1780061430,44.02717086761042
1780061445,44.295827819622055
1780061460,44.26510011496582
1780061475,44.23674012727794
1780061490,44.379171456908864
1780061505,44.64467145296267
1780061520,44.27057217195939
1780061535,44.54854214404664
1780061550,44.53780849379001
1780061565,44.66166639920234
1780061580,44.26136438374905
1780061595,44.061529071618175
1780061610,44.114250236113996
1780061625,44.23042621536227
1780061640,44.254576928439704
1780061655,44.359966641498715
1780061670,44.29067145822426
1780061685,44.3904312664918
1780061700,44.29082930602216
1780061715,44.351232396682036
1780061730,44.516919968535674
1780061745,44.40105968488318
1780061760,44.4145293636366
1780061775,44.13708555087567
1780061790,44.04011438703754
1780061805,44.01743692007377
1780061820,43.960506480967496
1780061835,44.000494589766724
1780061850,43.99507514870577
1780061865,44.08115481448937
1780061880,43.86490333137777
1780061895,43.95408733718658
1780061910,44.00007366230568
1780061925,44.15218632354063
1780061940,44.31582187402168
1780061955,44.27446575097406
1780061970,44.18307187599477
1780061985,44.278517177786604
1780062000,44.12408941551591
1780062015,44.231794229610664
1780062030,44.21148447961527
1780062045,43.865903034097755
1780062060,43.91972913317882
1780062075,43.91562509043363
1780062090,43.984920273708084
1780062105,43.91657217722098
1780062120,43.92183377048404
1780062135,43.90347080999597
1780062150,43.82749340327745
1780062165,43.95229839547713
1780062180,43.86706058461562
1780062195,43.897367361810836
1780062210,43.85195981195066
1780062225,43.91809803926727
1780062240,43.97808020246611
1780062255,43.967504400007364
1780062270,43.80639441429259
1780062285,44.069947620839066
1780062300,44.03806236566494
1780062315,43.86106236829575
1780062330,43.74346575886644
1780062345,43.66396308466166
1780062360,43.84864500819493
1780062375,43.81839084693237
1780062390,43.79681831455383
1780062405,43.96955642137996
1780062420,43.628552562001296
1780062435,43.58577580877265
1780062450,43.553837937665904
1780062465,43.6393914441232
1780062480,43.644968732982036
1780062495,43.63986498751687
1780062510,43.58272408468008
1780062525,43.59003769931573
1780062540,43.62728977961816
1780062555,43.57467384698761
1780062570,43.55510072004903
1780062585,43.57030672457927
1780062600,43.64880969606406
1780062615,43.58514441758109
1780062630,43.619292157858325
1780062645,43.84559328410236
1780062660,43.78366433139619
1780062675,43.8687442944598
1780062690,43.834912249778355
1780062705,44.04511290063744
1780062720,43.90757485274116
1780062735,43.91399399652208
1780062750,43.79208288061708
1780062765,43.888527885128894
1780062780,44.08573240062823
1780062795,44.12030106836651
1780062810,44.0743147432474
1780062825,43.76030285730822
1780062840,43.98981355544272
1780062855,44.22879512145072
1780062870,44.08867889285555
1780062885,44.05032187796787
1780062900,43.97008258070626
1780062915,44.037325742608125
1780062930,44.101569796350034
1780062945,43.97923775298398
1780062960,44.24237003206941
1780062975,44.26310070952585
1780062990,44.1173545761392
1780063005,44.109777881840394
1780063020,44.04732276980793
1780063035,43.81970624524813
1780063050,43.898156600800284
1780063065,43.76635368956073
1780063080,43.80918305872201
1780063095,43.854327528919036
1780063110,43.847171762081274
1780063125,43.91709833654729
1780063140,43.99602223549313
1780063155,43.90531236763805
1780063170,43.883529371528994
1780063185,43.763512429198684
1780063200,43.87747853927648
1780063215,43.94235398420996
1780063230,43.90273418693915
1780063245,44.083890842986165
1780063260,43.96176926335064
1780063275,43.951298692757156
1780063290,43.95955939418015
1780063305,44.13382336305257
1780063320,44.41973834096703
1780063335,44.21422050811206
1780063350,44.12335279245908
1780063365,44.12745683520427
1780063380,44.171548986748675
1780063395,44.06805344726437
1780063410,44.05016403016998
1780063425,43.961874495215895
1780063440,43.97413400751881
1780063455,43.81476034758085
1780063470,44.15323864219324
1780063485,44.073104576796894
1780063500,43.89405255805511
1780063515,43.80965660211569
1780063530,43.989603091712205
1780063545,44.041850712814345
1780063560,44.40542680729151
1780063575,44.0555308552983
1780063590,44.25241967520185
1780063605,43.98670921541752
1780063620,43.948299584597216
1780063635,43.93604007229429
1780063650,43.921623306753524
1780063665,43.78766314227611
1780063680,43.90373388965912
1780063695,43.803237458334756
1780063710,43.98413103471862
1780063725,44.02664470828411
1780063740,44.05626747835512
1780063755,44.10704185334361
1780063770,43.9555079673676
1780063785,43.82917711312162
1780063800,44.348917295646295
1780063815,43.98360487539231
1780063830,43.68216819735184
1780063845,44.08157574195042
1780063860,44.26615243361842
1780063875,44.33039648736033
1780063890,44.25168305214502
1780063905,44.36007187336397
1780063920,44.489507067635145
1780063935,44.36133465574711
1780063950,44.17328531252549
1780063965,44.5190246058409
1780063980,44.63962032343014
1780063995,44.463830492511434
1780064010,44.49639975480976
1780064025,44.875655397210835
1780064040,44.55275141865709
1780064055,44.81614677740566
1780064070,44.526232988611284
1780064085,44.550488933553964
1780064100,44.692551951656476
1780064115,44.40684743747254
1780064130,44.074577822910555
1780064145,44.077576931070496
1780064160,43.96897764612102
1780064175,43.96329512539692
1780064190,44.067527287938056
1780064205,44.03237984494085
1780064220,44.18344018752318
1780064235,44.066211889622295
1780064250,43.9625585023401
1780064265,44.058898274986646
1780064280,44.11214559880877
1780064295,44.274044823513
1780064310,44.25489262403548
1780064325,44.16844464672347
1780064340,44.12650974841692
1780064355,44.080576039230436
1780064370,44.063002317731836
1780064385,44.27009862856571
1780064400,44.01501658717276
1780064415,44.04153501721857
1780064430,43.75409417725782
1780064445,44.07931325684731
1780064460,43.88700202308261
1780064475,43.98734060660908
1780064490,43.943616766593095
1780064505,43.96734655220948
1780064520,44.32534535782781
1780064535,44.15702698934264
1780064550,44.117828119532874
1780064565,44.2058545748238
1780064580,44.365333466627035
1780064595,44.182335252937946
1780064610,44.077261235474715
1780064625,44.1085677153899
1780064640,44.04916432744999
1780064655,44.03364262732398
1780064670,44.20380255345121
1780064685,44.293512718586314
1780064700,44.166129545687724
1780064715,44.335605464690765
1780064730,44.40937300223881
1780064745,44.167550175868755
1780064760,44.16881295825189
1780064775,43.92593781322922
1780064790,44.07073685982853
1780064805,43.984815041842815
1780064820,44.07126301915483
1780064835,43.973186920731465
1780064850,43.85832633979896
1780064865,43.90268157100652
1780064880,43.98828769339643
1780064895,43.95629720635705
1780064910,43.97529155803669
1780064925,43.92420148745242
1780064940,43.9050492879749
1780064955,44.13745386240407
1780064970,44.066211889622295
1780064985,44.00102074909304
1780065000,43.93435636245011
1780065015,43.97813281839874
1780065030,44.11261914220245
1780065045,43.95445564871498
1780065060,43.986867063215406
1780065075,44.24568483582514
1780065090,44.060213673302414
1780065105,43.980290071636595
1780065120,44.24963103077243
1780065135,44.221481506815074
1780065150,44.14702996214284
1780065165,43.896630738754006
1780065180,44.04206117654487
1780065195,44.03527372123553
1780065210,44.14213668040819
1780065225,43.94451123744781
1780065240,44.02454007097889
1780065255,44.07647199648525
1780065270,44.05710933327721
1780065285,44.17307484879497
1780065300,44.08936289997975
1780065315,44.066790664881225
1780065330,43.938933948588975
1780065345,44.02964381644405
1780065360,44.051584660351004
1780065375,44.00896575492025
1780065390,43.91257336634106
1780065405,44.068579606590674
1780065420,44.000284126036206
1780065435,44.07526183003475
1780065450,43.82023240457443
1780065465,43.790925330099206
1780065480,43.842909871538204
1780065495,43.91946605351566
1780065510,43.758303451868265
1780065525,43.75972408204929
1780065540,43.8864758637563
1780065555,43.793293047067586
1780065570,43.86269346220729
1780065585,43.95766522060545
1780065600,43.8683759829314
1780065615,43.56204602315628
1780065630,43.96887241425576
1780065645,44.00212568367827
1780065660,44.220955347488776
1780065675,43.90215541168021
1780065690,44.178862601384324
1780065705,44.27704393167296
1780065720,44.134612602042026
1780065735,44.165340306698276
1780065750,44.241265097484174
1780065765,44.54627965894352
1780065780,44.261311767816416
1780065795,44.42905136104264
1780065810,44.263521636986894
1780065825,44.30913965057759
1780065840,44.32787092259407
1780065855,44.67161081046952
1780065870,44.16665570501404
1780065885,44.2066964297459
1780065900,44.105936918758374
1780065915,44.51855106244722
1780065930,44.5334939873143
1780065945,44.26441610784162
1780065960,44.27320296859092
1780065975,44.27115094721833
1780065990,44.13571753662726
1780066005,44.46946039730291
1780066020,44.21564113829308
1780066035,44.462883405724085
1780066050,44.439679779434016
1780066065,44.077787394801014
1780066080,44.057898572266666
1780066095,44.259891137635385
1780066110,43.896841202484524
1780066125,44.05426807291516
1780066140,44.06310754959709
1780066155,43.80439500885262
1780066170,43.93982841944369
1780066185,43.76345981326606
1780066200,43.76277580614186
1780066215,43.7922933443476
1780066230,43.892631927874085
1780066245,43.81833823099973
1780066260,43.94245921607522
1780066275,43.91651956128836
1780066290,43.98102669469341
1780066305,44.090309986767096
1780066320,43.858484187596844
1780066335,44.215272826764675
1780066350,44.234267178444306
1780066365,44.08683733521348
1780066380,44.34775974512842
1780066395,44.348233288522096
1780066410,44.13740124647144
1780066425,44.033169083930304
1780066440,44.33013340769718
1780066455,44.24047585849471
1780066470,44.27225588180357
1780066485,44.256260638283884
1780066500,44.00749250880659
1780066515,44.1476613533344
1780066530,44.35002223023153
1780066545,43.98844554119433
1780066560,44.08994167523868
1780066575,44.265152730898436
1780066590,44.105147679768905
1780066605,44.25552401522705
1780066620,44.20206622767439
1780066635,44.191911352676705
1780066650,44.12298448093067
1780066665,44.034905409707115
1780066680,44.076314148687366
1780066695,44.02338252046102
1780066710,43.99281266360266
1780066725,44.0212778831558
1780066740,43.89221100041304
1780066755,44.02596070115992
1780066770,44.363965452378636
1780066785,44.0770507717442
1780066800,44.02874934558933
1780066815,44.74606235514176
1780066830,44.58048001515339
1780066845,44.82840628970859
1780066860,44.95073833307464
1780066875,44.87344552804034
1780066890,44.49134862527722
1780066905,44.83377311483691
1780066920,44.56574755401683
1780066935,44.68634327160608
1780066950,44.52107662721348
1780066965,44.585004985359625
1780066980,44.71796544711704
1780066995,44.5960017152794
1780067010,43.788610229063465
1780067025,43.905996374762246
1780067040,44.00707158134555
1780067055,44.13771694206723
1780067070,44.18538697703052
1780067085,44.22879512145072
1780067100,44.15150231641643
1780067115,44.13366551525467
1780067130,44.1602365612331
1780067145,43.91972913317882
1780067160,44.06663281708334
1780067175,43.99449637344684
1780067190,43.93561914483325
1780067205,43.88768603020681
1780067220,43.906575150021176
1780067235,43.93109417462702
1780067250,44.237213670671615
1780067265,43.79024132297501
1780067280,43.78966254771607
1780067295,43.85448537671692
1780067310,43.948930975788784
1780067325,43.96471575557794
1780067340,44.1147763954403
1780067355,43.975817717363
1780067370,44.06194999907922
1780067385,43.99154988121953
1780067400,43.92288608913665
1780067415,43.98039530350185
1780067430,44.024855766574674
1780067445,43.96098002436118
1780067460,44.005861414895044
1780067475,43.93509298550694
1780067490,43.93635576789008
1780067505,44.338025797591776
1780067520,44.02417175945048
1780067535,43.99554869209945
1780067550,44.07952372057783
1780067565,44.043587038591156
1780067580,44.11577609816029
1780067595,44.098202376661675
1780067610,44.06731682420754
1780067625,44.08815273352924
1780067640,44.09009952303657
1780067655,44.29740629760097
1780067670,44.12877223352003
1780067685,44.150186918100665
1780067700,44.254945239968116
1780067715,44.159289474445764
1780067730,44.211326631817386
1780067745,44.175968725089646
1780067760,44.412266878533494
1780067775,44.23474072183799
1780067790,44.22279690513085
1780067805,44.26068037662485
1780067820,44.22132365901719
1780067835,44.45320207412007
1780067850,44.44573061168653
1780067865,44.03032782356825
1780067880,44.00044197383409
1780067895,43.95919108265174
1780067910,43.981237158423944
1780067925,44.068579606590674
1780067940,43.955876278896014
1780067955,44.0813652782199
1780067970,43.97208198614623
1780067985,44.061265991955025
1780068000,43.94366938252572
1780068015,44.05779334040141
1780068030,43.92099191556195
1780068045,43.90236587541073
1780068060,43.94398507812151
1780068075,43.992865279535295
1780068090,44.17512687016756
1780068105,44.05316313832992
1780068120,44.03537895310079
1780068135,44.26304809359321
1780068150,44.144188701780784
1780068165,44.42173774640699
1780068180,44.069158381849604
1780068195,44.152817714732194
1780068210,44.17118067522027
1780068225,44.26068037662485
1780068240,44.23174161367803
1780068255,44.166234777552994
1780068270,44.18465035397369
1780068285,44.325608437490956
1780068300,44.548226448450855
1780068315,44.76211021459409
1780068330,44.230110519766484
1780068345,44.48503471336155
1780068360,44.58232157279546
1780068375,44.346496962745285
1780068390,44.49050677035513
1780068405,44.2507885812903
1780068420,44.241159865618904
1780068435,44.189491019775694
1780068450,44.1977517211987
1780068465,44.02774964286936
1780068480,44.21016908129951
1780068495,44.11703888054341
1780068510,44.13682247121251
1780068525,44.08294375619881
1780068540,44.305140839697664
1780068555,44.311296903815446
1780068570,44.18849131705572
1780068585,44.21511497896679
1780068600,44.06337062926025
1780068615,44.19480522897139
1780068630,44.435207425160414
1780068645,44.27820148219082
1780068660,45.42780699423592
1780068675,45.2915843446554
1780068690,45.741187488983535
1780068705,45.573974055083625
1780068720,45.0868557507899
1780068735,45.090170554545615
1780068750,45.308316211231926
1780068765,45.3346241775472
1780068780,45.25617382199504
1780068795,45.247913120572036
1780068810,45.48142262958647
1780068825,44.8799172877539
1780068840,45.02129629873222
1780068855,45.33236169244409
1780068870,45.03908048396135
1780068885,45.20008523781086
1780068900,45.17451389455241
1780068915,45.3327300039725
1780068930,44.03937776398072
1780068945,43.90862717139377
1780068960,43.97587033329563
1780068975,43.969924732908375
1780068990,44.03653650361866
1780069005,44.39706087400326
1780069020,44.149608142841736
1780069035,44.29645921081362
1780069050,44.20369732158594
1780069065,44.01312241359806
1780069080,44.365912241885965
1780069095,44.08162835788305
1780069110,44.148292744525975
1780069125,44.105252911634174
1780069140,44.053531449858326
1780069155,44.001178596890924
1780069170,44.03932514804808
1780069185,44.03443186631344
1780069200,44.144241317713416
1780069215,44.09630820308698
1780069230,43.959980321641204
1780069245,44.28967175550429
1780069260,43.949930678508764
1780069275,44.110567120829856
1780069290,44.21569375422572
1780069305,44.109935729638295
1780069320,44.06042413703294
1780069335,44.14529363636602
1780069350,44.063212781462354
1780069365,43.89205315261514
1780069380,43.98207901334603
1780069395,44.34928560717471
1780069410,44.33344821145291
1780069425,44.02501361437257
1780069440,44.03311646799768
1780069455,44.07294672899901
1780069470,44.070947323559054
1780069485,44.120827227692814
1780069500,44.18570267262629
1780069515,44.07136825102009
1780069530,44.160499640896255
1780069545,44.07641938055262
1780069560,44.02432960724837
1780069575,44.15181801201222
1780069590,44.277991018460305
1780069605,44.11335576525928
1780069620,44.107304933006766
1780069635,44.04342919079326
1780069650,44.032485076806104
1780069665,43.84217324848137
1780069680,44.025592389631505
1780069695,44.10078055736057
1780069710,43.92367532812611
1780069725,43.55578472717323
1780069740,43.74946397518633
1780069755,43.96276896607062
1780069770,43.99791640906783
1780069785,43.979553448579765
1780069800,43.86348270119675
1780069815,43.81865392659551
1780069830,43.67574905357091
1780069845,43.775193166242666
1780069860,43.77140481909328
1780069875,43.81833823099973
1780069890,43.91783495960412
1780069905,43.84585636376551
1780069920,44.19506830863453
1780069935,44.08736349453978
1780069950,44.147345657738626
1780069965,44.164551067708814
1780069980,44.190017179102
1780069995,44.080944350758855
1780070010,44.301194644750375
1780070025,44.18307187599477
1780070040,44.02332990452839
1780070055,44.018226159063225
1780070070,44.01727907227587
1780070085,44.08162835788305
1780070100,43.98107931062605
1780070115,44.021488346886315
1780070130,43.96329512539692
1780070145,44.16413014024777
1780070160,44.06289708586657
1780070175,44.04100885789226
1780070190,44.00302015453299
1780070205,44.248315632456666
1780070220,44.19685725034398
1780070235,44.19443691744297
1780070250,44.08699518301137
1780070265,44.242633111732566
1780070280,43.91978174911145
1780070295,44.081944053478836
1780070310,43.95798091620124
1780070325,43.96045386503488
1780070340,43.96440005998217
1780070355,44.08268067653566
1780070370,44.158973778849976
1780070385,43.9973376338089
1780070400,43.9383025573974
1780070415,43.980605767232376
1780070430,43.729206841123556
1780070445,44.01943632551373
1780070460,44.181756477679
1780070475,44.02169881061684
1780070490,44.1104618889646
1780070505,44.155238047633205
1780070520,44.31261230213121
1780070535,44.3172425042027
1780070550,44.36996366869852
1780070565,44.285252017163316
1780070580,44.43810130145509
1780070595,44.17649488441595
1780070610,44.267520447866815
1780070625,44.36401806831126
1780070640,43.791872416886555
1780070655,43.7967656986212
1780070670,44.09846545632483
1780070685,44.038588524991255
1780070700,43.97834328212926
1780070715,43.98271040453759
1780070730,44.099254695314286
1780070745,44.09746575360485
1780070760,44.071578714750615
1780070775,43.93440897838274
1780070790,44.08273329246829
1780070805,44.06957930931065
1780070820,44.03222199714295
1780070835,44.09762360140274
1780070850,43.96782009560315
1780070865,43.9902870988364
1780070880,43.95071991749822
1780070895,44.0218040424821
1780070910,44.081891437546204
1780070925,44.05805642006456
1780070940,44.15902639478261
1780070955,44.271571874679374
1780070970,43.9193608216504
1780070985,44.03348477952609
1780071000,44.35517859162933
1780071015,43.85785279640528
1780071030,43.87163817075449
1780071045,44.42205344200277
1780071060,44.41110932801562
1780071075,44.47708970753433
1780071090,44.51760397565987
1780071105,44.53749279819422
1780071120,44.59784327292148
1780071135,44.355231207561964
1780071150,44.555171751558085
1780071165,44.43752252619616
1780071180,44.647617945189985
1780071195,44.253892921315504
1780071210,44.39953382283689
1780071225,44.51802490312091
1780071240,44.28630433581593
1780071255,44.19170088894619
1780071270,44.27846456185397
1780071285,44.28188459747496
1780071300,44.15108138895539
1780071315,44.258891434915405
1780071330,44.23416194657904
1780071345,44.35675706960824
1780071360,44.35738846079982
1780071375,44.33949904370542
1780071390,44.31682157674165
1780071405,44.27820148219082
1780071420,44.30798210005972
1780071435,44.42336884031853
1780071450,44.50534446335694
1780071465,44.4701444044271
1780071480,44.43210308513521
1780071495,44.389589411569716
1780071510,44.469881324763946
1780071525,44.4563590300779
1780071540,44.372278769734265
1780071555,44.39837627231902
1780071570,44.37438340703949
1780071585,44.47440629497018
1780071600,44.3305017192256
1780071615,44.22679571601077
1780071630,44.318557902518464
1780071645,44.2874618863338
1780071660,44.33870980471597
1780071675,44.45493839989687
1780071690,44.44651985067598
1780071705,44.383906890845616
1780071720,44.4083206835862
1780071735,44.409215154440915
1780071750,44.49860962398024
1780071765,44.50450260843486
1780071780,44.46046307282309
1780071795,44.36875350224801
1780071810,44.382591492529855
1780071825,44.51881414211037
1780071840,44.539650051432076
1780071855,44.192490127935635
1780071870,44.17817859426013
1780071885,44.26999339670046
1780071900,44.45562240702107
1780071915,44.35238994719991
1780071930,44.33134357414769
1780071945,44.27551806962666
1780071960,44.36496515509861
1780071975,44.370963371418505
1780071990,44.20848537145533
1780072005,44.17802074646223
1780072020,44.10256949907001
1780072035,44.122300473806476
1780072050,44.005808798962406
1780072065,44.07210487407692
1780072080,44.06073983262871
1780072095,44.189648867573595
1780072110,44.109777881840394
1780072125,44.17281176913181
1780072140,44.17481117457177
1780072155,44.106515694017304
1780072170,44.16960219724134
1780072185,44.13119256642104
1780072200,44.351863787873604
1780072215,44.39585070755275
1780072230,44.17944137664326
1780072245,44.21806147119409
1780072260,43.85138103669172
1780072275,43.85869465132737
1780072290,44.08004987990414
1780072305,44.62499309415884
1780072320,44.916958904325824
1780072335,45.094853372549736
1780072350,45.26653916072326
1780072365,45.10037804547595
1780072380,44.837193150457885
1780072395,44.91080284020804
1780072410,45.15025794960972
1780072425,44.72007008442226
1780072440,44.79788904878286
1780072455,44.91843215043948
1780072470,44.958262411440806
1780072485,44.77921039269901
1780072500,44.818198798778255
1780072515,44.7877867897178
1780072530,44.76553025021507
1780072545,44.616995472399005
1780072560,44.48045712722269
1780072575,44.328660161583535
1780072590,44.29772199319676
1780072605,44.31440124384065
1780072620,44.2673099841363
1780072635,44.32566105342358
1780072650,44.52912686490597
1780072665,44.31082336042177
1780072680,43.90389173745702
1780072695,44.05126896475522
1780072710,44.08673210334821
1780072725,44.006598037951875
1780072740,44.08720564674189
1780072755,44.1022011875416
1780072770,44.14639857095127
1780072785,44.16907603791505
1780072800,44.2096429219732
1780072815,44.13640154375146
1780072830,44.32024161236264
1780072845,44.341814144741164
1780072860,44.50844880338215
1780072875,44.591266281342655
1780072890,44.65703619713085
1780072905,44.67639886033889
1780072920,44.6385153888449
1780072935,44.68113429427565
1780072950,45.212870909440085
1780072965,44.826985659527566
1780072980,44.90854035510493
1780072995,44.99330462257276
1780073010,44.71896514983702
1780073025,44.83508851315266
1780073040,45.05128738033164
1780073055,44.928481793571905
1780073070,44.837140534525254
1780073085,44.849505278693435
1780073100,45.00498535961675
1780073115,44.66550736228437
1780073130,44.787892021583055
1780073145,44.659982689358166
1780073160,44.31782127946163
1780073175,44.46656652100822
1780073190,44.196594170680825
1780073205,44.109988345570926
1780073220,44.05074280542891
1780073235,44.01880493432216
1780073250,44.10230641940686
1780073265,44.26099607222063
1780073280,44.013017181732806
1780073295,44.08457485011036
1780073310,44.15797407612999
1780073325,44.22526985396448
1780073340,44.360545416757645
1780073355,44.13166610981472
1780073370,44.19817264865974
1780073385,44.368227342921706
1780073400,44.25873358711752
1780073415,44.38048685522463
1780073430,43.89626242722559
1780073445,43.98128977435657
1780073460,44.064265100114966
1780073475,44.22111319528666
1780073490,44.38406473864352
1780073505,44.211537095547904
1780073520,44.23942353984211
1780073535,44.4987148558455
1780073550,44.477615866860646
1780073565,44.88365301897067
1780073580,44.7831565876463
1780073595,44.65982484156027
1780073610,44.66340272497915
1780073625,44.81972466082455
1780073640,44.45067650935379
1780073655,44.480141431626905
1780073670,44.32539797376044
1780073685,44.42478947049956
1780073700,44.399639054702156
1780073715,44.2969327542073
1780073730,44.400901837085286
1780073745,44.47772109872591
1780073760,44.20622288635222
1780073775,44.564590003498964
1780073790,44.33502668943182
1780073805,44.2867778792096
1780073820,44.11135635981932
1780073835,44.08015511176939
1780073850,44.085627168762976
1780073865,44.10940957031199
1780073880,44.145977643490234
1780073895,44.122300473806476
1780073910,44.05084803729417
1780073925,44.19480522897139
1780073940,44.36259743813024
1780073955,44.28183198154233
1780073970,44.24400112598096
1780073985,43.992602199872145
1780074000,44.19438430151034
1780074015,44.77768453065273
1780074030,44.679924127825146
1780074045,44.829879535822236
1780074060,45.021506762462735
1780074075,45.11253232591361
1780074090,45.43827756482941
1780074105,45.17772346644288
1780074120,45.12489707008179
1780074135,45.0367653829256
1780074150,45.065967225535566
1780074165,45.097642016979165
1780074180,45.08101538226791
1780074195,45.02077013940592
1780074210,44.309823657701784
1780074225,44.216272529484655
1780074240,44.36007187336397
1780074255,44.25620802235125
1780074270,44.235529960827435
1780074285,44.466882216604006
1780074300,44.305824846821864
1780074315,44.3196628371037
1780074330,44.14434654957867
1780074345,44.12272140126752
1780074360,44.15108138895539
1780074375,44.44125825741293
1780074390,44.33044910329297
1780074405,44.36407068424389
1780074420,44.28209506120548
1780074435,44.27883287338239
1780074450,44.38764262206239
1780074465,44.63420088236919
1780074480,44.31971545303634
1780074495,44.32834446598775
1780074510,44.40537419135888
1780074525,44.36112419201659
1780074540,44.444941372697066
1780074555,44.683291547513505
1780074570,44.38974725936761
1780074585,44.276833467942424
1780074600,44.50902757864109
1780074615,44.33402698671185
1780074630,44.3034571298535
1780074645,44.37438340703949
1780074660,44.502871514523314
1780074675,44.49708376193395
1780074690,44.467513607795574
1780074705,44.25141997248186
1780074720,44.13513876136833
1780074735,44.20406563311437
1780074750,44.34397139797902
1780074765,44.215167594899405
1780074780,44.23447764217483
1780074795,44.286462183613814
1780074810,44.25431384877655
1780074825,44.2640477963132
1780074840,44.16234119853832
1780074855,44.20538103143012
1780074870,44.21942948544248
1780074885,44.37985546403307
1780074900,44.349601302770495
1780074915,44.278675025584505
1780074930,44.36980582090063
1780074945,44.21632514541728
1780074960,44.15208109167536
1780074975,44.179546608508524
1780074990,44.21369434878576
1780075005,44.184229426512644
1780075020,44.22832157805705
1780075035,44.199803742571284
1780075050,44.14239976007135
1780075065,44.10609476655626
1780075080,44.02680255608201
1780075095,44.03979869144175
1780075110,44.104884600105756
1780075125,44.188964860449396
1780075140,44.28977698736954
1780075155,44.49566313175293
1780075170,44.33297466805924
1780075185,44.34854898411788
1780075200,44.252787986730254
1780075215,44.50787002812322
1780075230,44.40216461946842
1780075245,44.36943750937221
1780075260,44.35381057738093
1780075275,44.544175021638296
1780075290,44.504186912839074
1780075305,44.56632632927576
1780075320,44.570640835751476
1780075335,44.637883997653326
1780075350,44.57190361813461
1780075365,44.58374220297648
1780075380,44.56748387979365
1780075395,44.50566015895273
1780075410,44.504239528771706
1780075425,44.214536203707844
1780075440,44.349496070905225
1780075455,44.50955373796739
1780075470,44.39569285975487
1780075485,44.5960017152794
1780075500,44.22337568038978
1780075515,44.31313846145751
1780075530,44.32303025679206
1780075545,44.20169791614599
1780075560,44.27846456185397
1780075575,44.33044910329297
1780075590,44.25136735654923
1780075605,44.21506236303415
1780075620,44.189491019775694
1780075635,44.23605612015374
1780075650,44.54791075285507
1780075665,44.22868988958547
1780075680,44.19133257741776
1780075695,44.29588043555469
1780075710,44.32608198088464
1780075725,44.396482098744315
1780075740,44.52965302423226
1780075755,44.180862006824285
1780075770,44.28846158905378
1780075785,44.26573150615738
1780075800,44.39395653397805
1780075815,44.324240423242564
1780075830,44.429630136301576
1780075845,44.35181117194098
1780075860,44.344971100699006
1780075875,44.51507841089361
1780075890,44.53533554495637
1780075905,44.546542738606675
1780075920,44.373962479578445
1780075935,44.45862151518101
1780075950,44.43105076648259
1780075965,44.41016224122827
1780075980,44.41037270495879
1780075995,44.70865242704143
1780076010,44.52407573537342
1780076025,44.62772912265564
1780076040,44.20969553790584
1780076055,44.31703204047217
1780076070,44.08978382744079
1780076085,44.28209506120548
1780076100,44.1013593326195
1780076115,44.24763162533246
1780076130,44.142504991936605
1780076145,44.118617358522336
1780076160,44.11966967717495
1780076175,44.13634892781884
1780076190,44.30251004306614
1780076205,44.51018512915896
1780076220,44.223901839716085
1780076235,44.16791848739717
1780076250,44.64577638754791
1780076265,44.517656591592505
1780076280,44.43210308513521
1780076295,44.54854214404664
1780076310,44.43752252619616
1780076325,44.592949991186835
1780076340,44.763951772236155
1780076355,44.63625290374178
1780076370,44.54270177552465
1780076385,44.46940778137027
1780076400,44.55543483122124
1780076415,44.415529066356584
1780076430,44.27467621470458
1780076445,44.23584565642322
1780076460,44.22505939023396
1780076475,44.3475492813979
1780076490,44.28546248089384
1780076505,44.31324369332278
1780076520,44.17049666809607
1780076535,44.219587333240376
1780076550,44.46435665183775
1780076565,44.59779065698884
1780076580,44.373278472454246
1780076595,44.331554037878206
1780076610,44.34844375225262
1780076625,44.37269969719531
1780076640,44.35570475095564
1780076655,44.57442918290088
1780076670,44.378487449784664
1780076685,44.40048090962424
1780076700,44.36706979240383
1780076715,44.33108049448453
1780076730,44.531915509335384
1780076745,44.46888162204397
1780076760,44.057214565142466
1780076775,44.00159952435197
1780076790,43.8961045794277
1780076805,43.90447051271595
1780076820,44.00786082033501
1780076835,44.03758882227127
1780076850,43.955928894828645
1780076865,43.93335665973014
1780076880,43.994338525648956
1780076895,44.03843067719336
1780076910,44.16481414737197
1780076925,44.33592116028655
1780076940,44.40937300223881
1780076955,44.2969327542073
1780076970,44.24205433647362
1780076985,44.20227669140493
1780077000,44.218271934924616
1780077015,44.31434862790802
1780077030,44.393640838382275
1780077045,44.325292741895176
1780077060,44.27167710654464
1780077075,44.306877165474475
1780077090,44.36186081507342
1780077105,44.3759618850184
1780077120,44.36007187336397
1780077135,44.57632335647558
1780077150,44.36870088631538
1780077165,44.42115897114805
1780077180,44.66419196396861
1780077195,44.410635784621945
1780077210,44.39874458384744
1780077225,44.32066253982369
1780077240,44.30256265899877
1780077255,44.32934416870773
1780077270,44.352916106526216
1780077285,44.411635487341925
1780077300,44.51686735260304
1780077315,44.44399428590972
1780077330,44.40863637918198
1780077345,44.503608137580144
1780077360,44.57879630530921
1780077375,44.56401122824002
1780077390,44.53612478394583
1780077405,44.75490183182369
1780077420,44.66471812329491
1780077435,44.5131842373189
1780077450,44.502871514523314
1780077465,44.617626863590566
1780077480,44.616995472399005
1780077495,44.253577225719724
1780077510,44.416055225682896
1780077525,44.38138132607935
1780077540,44.434839113631995
1780077555,44.467566223728205
1780077570,44.448834951711724
1780077585,44.339919971166466
1780077600,44.41131979174614
1780077615,44.4227900650596
1780077630,44.43831176518561
1780077645,44.379171456908864
1780077660,44.463935724376704
1780077675,44.24368543038517
1780077690,44.70402222496994
1780077705,44.43441818617095
1780077720,44.35112716481677
1780077735,44.36870088631538
1780077750,44.3527056427957
1780077765,44.41084624835246
1780077780,44.36501777103125
1780077795,44.22611170888657
1780077810,44.28072704695709
1780077825,44.41942264537124
1780077840,44.494189885639265
1780077855,44.36601747375123
1780077870,44.39874458384744
1780077885,44.397587033329565
1780077900,44.352284715334655
1780077915,44.40611081441571
1780077930,44.32571366935621
1780077945,44.29977401456935
1780077960,44.245579603959875
1780077975,44.28998745110007
1780077990,44.24052847442734
1780078005,44.20980076977109
1780078020,44.23205730927382
1780078035,44.05447853664568
1780078050,44.229531744507554
1780078065,44.17675796407911
1780078080,44.109777881840394
1780078095,44.17186468234446
1780078110,43.984551962179665
1780078125,43.99549607616683
1780078140,44.17833644205802
1780078155,44.296406594881
1780078170,44.187912541796784
1780078185,44.12209001007595
1780078200,44.39632425094643
1780078215,44.35807246792402
1780078230,44.23884476458316
1780078245,44.316558497078496
1780078260,44.29267086366423
1780078275,44.32350380018574
1780078290,44.628886673173504
1780078305,44.41731800806602
1780078320,44.45620118228001
1780078335,44.37743513113206
1780078350,44.38874755664762
1780078365,44.307087629205
1780078380,44.47872080144588
1780078395,44.27567591742455
1780078410,44.2401075469663
1780078425,44.308245179722874
1780078440,44.34612865121687
1780078455,44.286251719883296
1780078470,44.3141381641775
1780078485,44.224585846840284
1780078500,44.15865808325419
1780078515,44.27767532286452
1780078530,44.25247229113448
1780078545,44.38406473864352
1780078560,44.37932930470676
1780078575,44.25505047183338
1780078590,44.32597674901937
1780078605,44.343234774922195
1780078620,44.370595059890086
1780078635,44.34465540510322
1780078650,44.41116194394825
1780078665,44.40868899511461
1780078680,44.3597561777682
1780078695,44.34070921015593
1780078710,44.29167116094425
1780078725,44.35144286041256
1780078740,44.62436170296728
1780078755,44.35470504823565
1780078770,44.32029422829527
1780078785,44.41242472633138
1780078800,44.403690481514715
1780078815,44.564537387566325
1780078830,44.51602549768096
1780078845,44.58795147758693
1780078860,44.49297971918876
1780078875,44.592686911523685
1780078890,44.60173685193614
1780078905,44.55411943290548
1780078920,44.587846245721664
1780078935,44.61247050219277
1780078950,44.48108851841426
1780078965,44.49008584289409
1780078980,44.68455432989663
1780078995,44.46977609289869
1780079010,44.47266996919337
1780079025,44.54564826775196
1780079040,44.50081949315072
1780079055,44.79610010707342
1780079070,44.5100798972937
1780079085,44.6624556381918
1780079100,44.64140926513957
1780079115,44.6049464238266
1780079130,44.67008494842323
1780079145,44.9141702598964
1780079160,44.60931354623493
1780079175,44.81509445875306
1780079190,44.76842412650976
1780079205,44.71843899051071
1780079220,44.702969906317335
1780079235,44.565852785882086
1780079250,44.65787805205294
1780079265,44.69039469841862
1780079280,44.74164261680079
1780079295,45.01424576375972
1780079310,44.77084445941075
1780079325,44.82403916730024
1780079340,44.97052192374373
1780079355,44.99462002088852
1780079370,45.09248565558137
1780079385,45.537248134107486
1780079400,45.27895652082407
1780079415,45.26206680644967
1780079430,45.141102777332
1780079445,45.09169641659191
1780079460,45.10690242112214
1780079475,45.23475913741441
1780079490,45.13305253963953
1780079505,45.01319344510711
1780079520,45.01798149497649
1780079535,45.180249031209144
1780079550,44.78752371005464
1780079565,45.00572198267358
1780079580,44.736275791672476
1780079595,44.945845051339994
1780079610,45.02208553772168
1780079625,44.82861675343911
1780079640,45.10348238550116
1780079655,45.06854540623446
1780079670,44.962839997579664
1780079685,44.730961582476795
1780079700,44.94768660898206
1780079715,44.94626597880104
1780079730,44.77273863298545
1780079745,44.99314677477487
1780079760,44.87633940433503
1780079775,44.983518059103474
1780079790,44.862974957446866
1780079805,44.88754659798534
1780079820,45.01408791596183
1780079835,45.0596533136199
1780079850,44.9641027799628
1780079865,44.973310568173154
1780079880,44.73485516149145
1780079895,44.85050498141342
1780079910,44.868447014440434
1780079925,45.20166371578978
1780079940,44.81504184282043
1780079955,45.10795473977475
1780079970,44.9603144328134
1780079985,45.19208761605101
1780080000,45.33872822029239
1780080015,45.10211437125275
1780080030,45.19093006553314
1780080045,45.26585515359906
1780080060,45.33230907651146
1780080075,45.37345473582855
1780080090,45.210661040269606
1780080105,45.21750111151158
1780080120,45.20345265749922
1780080120,45.20345265749922
1780080135,45.26511853054224
1780080150,44.97878262516672
1780080165,45.2359693038649
1780080180,45.15246781878021
1780080195,45.28584920799867
1780080210,45.10606056620004
1780080225,45.23639023132595
1780080240,45.49915419888296
1780080255,45.159939281213745
1780080270,45.35393422482262
1780080285,45.291163417194355
1780080300,45.12558107720599
1780080315,45.63211466064039
1780080330,45.266276081060106
1780080345,45.1836164508975
1780080360,45.198243680168794
1780080375,45.33467679347984
1780080390,44.98504392114976
1780080405,44.81888280590246
1780080420,45.04576270740544
1780080435,45.08722406231831
1780080450,45.07438577475645
1780080465,45.020296596012244
1780080480,45.14515420414455
1780080495,45.02203292178905
1780080510,45.101219900398036
1780080525,45.264908066811714
1780080540,45.26090925593179
1780080555,45.097957712574946
1780080570,44.93674249499491
1780080585,45.18472138548274
1780080600,45.19934861475403
1780080615,45.35866965875937
1780080630,44.5827425002565
1780080645,44.86849963037307
1780080660,44.734276386232516
1780080675,44.76905551770132
1780080690,44.99967115042106
1780080705,44.95163280392936
1780080720,45.078700281232166
1780080735,44.614575139497994
1780080750,44.94331948657373
1780080765,44.84740064138823
1780080780,45.137998437306805
1780080795,44.878601889438144
1780080810,45.00245979485048
1780080825,44.99861883176845
1780080840,45.11847792630086
1780080855,44.65314261811619
1780080870,45.07228113745123
1780080885,45.089697011151955
1780080900,45.22007929221047
1780080915,45.350461573268994
1780080930,45.37608553246009
1780080945,45.622906872430036
1780080960,45.332677388039876
1780080975,45.110006761147346
1780080990,45.20176894765504
1780081005,45.11937239715559
1780081020,44.94616074693578
1780081035,45.105166095345325
1780081050,45.09674754612444
1780081065,45.18066995867018
1780081080,45.290321562272275
1780081095,45.21313398910324
1780081110,45.288848316158614
1780081125,45.28800646123653
1780081140,45.38676656678409
1780081155,45.429438088147464
1780081170,45.378558481293716
1780081185,45.488683628289486
1780081200,45.3353081846714
1780081215,46.09866013527556
1780081230,46.28244758795411
1780081245,46.27408165466584
1780081260,46.45434383985815
1780081275,46.15669550896707
1780081290,46.263295388476585
1780081305,46.28586762357509
1780081320,46.45408076019499
1780081335,46.247668456485314
1780081350,45.32225943337902
1780081365,45.19303470283836
1780081380,45.159939281213745
1780081395,45.10805997164001
1780081410,45.1891411238237
1780081425,45.25743660437818
1780081440,45.132473764380585
1780081455,45.17419819895663
1780081470,44.59452846916575
1780081485,44.861606943198474
1780081500,44.5221289458661
1780081515,44.88244285252018
1780081530,44.55338280984865
1780081545,44.68392293870507
1780081560,44.98756948591603
1780081575,45.411601286985714
1780081590,44.68002935969041
1780081605,44.569588517098865
1780081620,44.7896809632925
1780081635,44.7125460060561
1780081650,44.65445801643195
1780081665,44.77210724179389
1780081680,44.49629452294449
1780081695,44.73911705203453
1780081710,44.59000349895952
1780081725,44.5872148545301
1780081740,44.5997900624288
1780081755,44.909908369353325
1780081770,44.44467829303391
1780081785,44.737170262527194
1780081800,44.54328055078358
1780081815,44.91585396974058
1780081830,44.64966996656258
1780081845,44.67660932406942
1780081860,44.527969314388095
1780081875,44.87654986806555
1780081890,44.980887262471946
1780081905,45.01340390883763
1780081920,44.97504689394995
1780081935,45.21334445283376
1780081950,44.99451478902326
1780081965,44.565168778757894
1780081980,44.470881027483934
1780081995,44.67497823015787
1780082010,44.89949041469248
1780082025,44.965260330480675
1780082040,45.0798052158174
1780082055,45.05486526375052
1780082070,44.624940478226215
1780082085,44.72680492379898
1780082100,44.73653887133563
1780082115,44.77526419775172
1780082130,44.77079184347812
1780082145,44.918642614170004
1780082160,44.77731621912431
1780082175,44.90959267375754
1780082190,44.816304625203564
1780082205,44.67734594712625
1780082220,44.883179475576995
1780082235,44.84550646781352
1780082250,44.89086140174107
1780082265,45.02182245805852
1780082280,44.93242798851921
1780082295,44.88054867894547
1780082310,44.807675612252154
1780082325,45.12021425207767
1780082340,44.852872698381795
1780082355,45.089539163354054
1780082370,44.920957715205745
1780082385,45.23444344181862
1780082400,45.09848387190125
1780082415,45.12021425207767
1780082430,45.04907751116115
1780082445,44.75411259283424
1780082460,45.13599903186684
1780082475,44.97604659666994
1780082490,45.2454401717384
1780082505,45.21118719959591
1780082520,45.18919373975634
1780082535,45.13578856813631
1780082550,44.85303054617968
1780082565,44.91764291145002
1780082580,45.03681799885824
1780082595,45.041974360256035
1780082610,44.94047822621168
1780082625,45.142944334974075
1780082640,44.97567828514152
1780082655,44.96241907011862
1780082670,45.35719641264572
1780082685,44.796310570803946
1780082700,44.70396960903731
1780082715,44.767529655655025
1780082730,44.666822760600134
1780082745,44.45898982670943
1780082760,44.878601889438144
1780082775,44.84671663426402
1780082790,44.79341669450927
1780082805,44.69933940696582
1780082820,44.95710486092294
1780082835,44.391115273616
1780082850,44.56890450997466
1780082865,44.66719107212855
1780082880,44.700602189348956
1780082895,44.86213310252477
1780082910,44.90875081883545
1780082925,44.868447014440434
1780082940,44.76432008376457
1780082955,44.40837329951882
1780082970,45.04050111414237
1780082985,45.13242114844797
1780083000,45.06686169639028
1780083015,43.93709239094691
1780083030,44.7187546861065
1780083045,44.628623593510355
1780083060,44.70076003714685
1780083075,44.76016342508675
1780083090,44.71480849115921
1780083105,44.866921152394156
1780083120,45.065967225535566
1780083135,45.14546989974034
1780083150,45.49557631546408
1780083165,45.05270801051267
1780083180,45.07438577475645
1780083195,45.06012685701357
1780083210,45.00877370676615
1780083225,45.070071268280756
1780083240,44.84540123594826
1780083255,45.32210158558113
1780083270,45.11810961477245
1780083285,44.55238310712867
1780083300,44.501871811803326
1780083315,44.64409267770374
1780083330,44.40737359679885
1780083345,44.57579719714927
1780083360,44.69918155916793
1780083375,44.57884892124184
1780083390,44.62067858768314
1780083405,44.656510037804544
1780083420,44.39727133773378
1780083435,44.769213365499205
1780083450,44.703548681576265
1780083465,44.905962174406035
1780083480,44.875287085682416
1780083495,44.682344460726156
1780083510,45.014561459355505
1780083525,44.91490688295323
1780083540,44.80788607598267
1780083555,44.490927697816176
1780083570,44.5434910145141
1780083585,44.52839024184914
1780083600,44.927955634245606
1780083615,44.42210605793541
1780083630,45.0078266199788
1780083645,44.85971276962377
1780083660,44.59010873082478
1780083675,45.13994522681413
1780083690,44.95147495613146
1780083705,44.76389915630352
1780083720,44.84813726444504
1780083735,45.06975557268497
1780083750,44.88465272169066
1780083765,44.5257594452176
1780083780,44.643461286512164
1780083795,44.94984386221992
1780083810,44.92132602673416
1780083825,44.92290450471307
1780083840,44.54975231049714
1780083855,44.46930254950502
1780083870,44.78436675409681
1780083885,44.858239523510115
1780083900,44.753639049440565
1780083915,45.28206086084927
1780083930,44.884126562364344
1780083945,45.2588572345592
1780083960,44.72696277159687
1780083975,45.143260030569856
1780083990,45.09011793861299
1780084005,45.19855937576458
1780084020,45.20261080257713
1780084035,45.248123584302554
1780084050,45.46963666067722
1780084065,45.457640228037455
1780084080,45.579288264279306
1780084095,45.477844746167584
1780084110,45.20213725918345
1780084125,45.57023832386685
1780084140,45.761918166439976
1780084155,45.282639636108215
1780084170,45.232549268243915
1780084185,45.112584941846244
1780084200,45.23533791267334
1780084215,45.278219897767244
1780084230,45.355828398397314
1780084245,44.76510932275403
1780084260,44.77978916795795
1780084275,45.038606940567675
1780084290,45.22244700917884
1780084305,45.452589098504916
1780084320,45.87756798636195
1780084335,45.59854569562209
1780084350,45.17903886475864
1780084365,44.98756948591603
1780084380,44.99435694122538
1780084395,44.92737685898667
1780084410,45.31252548584237
1780084425,45.48763130963687
1780084440,45.73697821437309
1780084455,45.47574010886236
1780084470,45.28700675851655
1780084485,45.30252845864256
1780084500,45.738293612688864
1780084515,45.7848587130669
1780084530,46.01184384643514
1780084545,45.94328528621752
1780084560,45.70777637176313
1780084575,45.63269343589933
1780084590,45.9468631696364
1780084605,45.64242738343598
1780084620,45.45306264189859
1780084635,45.071544514394404
1780084650,45.416126257191934
1780084665,45.302896770170975
1780084680,45.29510961214165
1780084695,45.4725305369719
1780084710,45.37929510435055
1780084725,45.65647583744834
1780084740,44.90122674046928
1780084755,44.94005729875064
1780084770,44.731224662139944
1780084785,44.970785003406874
1780084800,45.05991639328305
1780084815,45.254963655544536
1780084830,44.59142412914054
1780084845,44.533230907651145
1780084860,44.55943364210116
1780084875,44.76674041666557
1780084890,44.555329599355986
1780084905,44.417949399257594
1780084920,44.713966636237124
1780084935,44.570535603886206
1780084950,44.702812058519434
1780084965,44.59226598406263
1780084980,44.276307308616126
1780084995,44.33044910329297
1780085010,44.32150439474577
1780085025,44.30035278982829
1780085040,44.27778055472977
1780085055,44.35838816351979
1780085070,44.55522436749072
1780085085,44.21474666743836
1780085100,44.36812211105645
1780085115,44.32334595238784
1780085130,44.42447377490378
1780085145,44.7648988590235
1780085160,44.61673239273585
1780085175,44.875655397210835
1780085190,45.008878938631405
1780085205,44.7712653868718
1780085220,44.87418215109717
1780085235,44.69244671979122
1780085250,44.65945653003186
1780085265,44.67103203521058
1780085280,44.61736378392741
1780085295,44.612207422529615
1780085310,44.45015035002749
1780085325,44.80099338880807
1780085340,44.73685456693141
1780085355,44.761215743739356
1780085370,44.787155398526224
1780085385,44.99041074627807
1780085400,44.97625706040046
1780085415,44.65845682731187
1780085430,44.90233167505452
1780085445,44.74679897819859
1780085460,44.85539826314806
1780085475,44.91811645484369
1780085490,44.91406502803114
1780085505,45.02597911673634
1780085520,45.06170533499249
1780085535,44.96557602607646
1780085550,44.97583613293942
1780085565,45.36671989645185
1780085580,45.538616148355885
1780085595,45.25206977924986
1780085610,44.737275494392456
1780085625,44.84945266276081
1780085640,44.70707394906251
1780085655,45.01645563293021
1780085670,44.87349814397298
1780085685,44.83503589722003
1780085700,44.77663221200011
1780085715,44.61341758898012
1780085730,44.72801509024947
1780085745,44.768266278711856
1780085760,45.03181948525833
1780085775,44.80251925085435
1780085790,45.18209058885121
1780085805,44.640988337678536
1780085820,44.97110069900266
1780085835,45.22886615295978
1780085850,45.015508546142854
1780085865,44.84913696716502
1780085880,45.075595941206956
1780085895,44.95878857076712
1780085910,45.29179480838593
1780085925,44.9300076556182
1780085940,45.17751300271235
1780085955,45.12605462059967
1780085970,45.037238926319276
1780085985,45.08169938939211
1780086000,45.05476003188525
1780086015,45.19077221773525
1780086030,44.73106681434204
1780086045,44.86255402998582
1780086060,45.084277570091004
1780086075,44.97041669187847
1780086090,45.129632504018545
1780086105,45.06733523978396
1780086120,45.20866163482964
1780086135,44.983518059103474
1780086150,44.784945529355745
1780086165,44.92532483761408
1780086180,45.04634148266437
1780086195,44.920589403677326
1780086210,44.8014143162691
1780086225,44.95736794058609
1780086240,44.826249036470735
1780086255,44.857555516385915
1780086270,44.96105105587023
1780086285,44.90275260251557
1780086300,45.01103619186926
1780086315,45.028925608963654
1780086330,44.91322317310905
1780086345,44.75548060708263
1780086360,44.88575765627589
1780086375,45.280850694398765
1780086390,45.33173030125253
1780086405,45.2765888038557
1780086420,44.641198801409054
1780086435,44.948160152375735
1780086450,44.90580432660815
1780086465,45.008352779305106
1780086480,45.11732037578299
1780086495,45.07364915169963
1780086510,45.09779986477705
1780086525,45.23070771060185
1780086540,45.23860010049643
1780086555,45.02103321906906
1780086570,45.087276678250944
1780086585,45.17377727149559
1780086600,45.379610799946335
1780086615,45.408391715095256
1780086630,45.61506709846809
1780086645,45.3953955797355
1780086660,45.459323937881635
1780086675,45.05881145869781
1780086690,45.004196120627284
1780086705,45.1960338109983
1780086720,45.04465777282019
1780086735,44.994251709360114
1780086750,45.15557215880541
1780086765,45.35835396316359
1780086780,45.28453380968291
1780086795,45.24943898261833
1780086810,45.085014193147835
1780086825,45.22228916138096
1780086840,45.09143333692875
1780086855,45.06075824820513
1780086870,44.9140124120985
1780086885,45.1772499230492
1780086900,45.205294215141286
1780086915,45.001881019591536
1780086930,44.77421187909911
1780086945,44.96899606169744
1780086960,44.91706413619107
1780086975,45.13436793795529
1780086990,45.26243511797807
1780087005,45.24065212186902
1780087020,44.93305937971077
1780087035,45.2182377345684
1780087050,45.12216104158501
1780087065,45.15025794960972
1780087080,45.197349209314076
1780087095,44.766582568867676
1780087110,45.03634445546456
1780087125,45.031556405595175
1780087140,44.89186110446104
1780087155,45.38518808880517
1780087170,45.18530016074167
1780087185,44.93453262582443
1780087200,45.14741668924766
1780087215,45.23917887575537
1780087230,44.96020920094814
1780087245,44.93642679939912
1780087260,45.21544909013898
1780087275,45.09348535830134
1780087290,45.1261072365323
1780087305,45.03602875986877
1780087320,45.03692323072349
1780087335,45.216290945061075
1780087350,44.73301360384938
1780087365,45.040290650411855
1780087380,44.94910723916309
1780087395,45.01440361155762
1780087410,44.62809743418404
1780087425,44.93979421908748
1780087440,44.85702935705961
1780087455,44.80399249696801
1780087470,44.95868333890185
1780087485,44.751850107731116
1780087500,44.56795742318731
1780087515,44.93200706105816
1780087530,44.422263905733296
1780087545,44.88607335187168
1780087560,44.94579243540736
1780087575,44.70381176123942
1780087590,44.64014648275645
1780087605,44.52833762591651
1780087620,44.73111943027468
1780087635,44.50871188304531
1780087650,44.48540302488997
1780087665,44.67976628002725
1780087680,44.507606948460065
1780087695,44.42284268099223
1780087710,45.067545703514476
1780087725,45.166305809062045
1780087740,44.675504389484175
1780087755,44.575323653755596
1780087770,44.56779957538942
1780087785,44.721490714603284
1780087800,44.61268096592329
1780087815,44.818198798778255
1780087830,44.71375617250659
1780087845,44.76200498272882
1780087860,44.93216490885605
1780087875,44.754375672497396
1780087890,45.06733523978396
1780087905,44.89633345873464
1780087920,45.218553430164185
1780087935,45.299950277943665
1780087950,44.93021811934872
1780087965,44.923956823365685
1780087980,45.116320673063015
1780087995,44.86108078387217
1780088010,44.95373744123457
1780088025,45.09601092306761
1780088040,45.10463993601903
1780088055,45.2561212060624
1780088070,45.53598535172435
1780088085,45.36950854088126
1780088100,45.563713948220666
1780088115,45.250649149068835
1780088130,44.66492858702543
1780088145,44.801940475595416
1780088160,44.941951472325336
1780088175,44.820987443207684
1780088190,45.256910445051865
1780088205,44.87954897622549
1780088220,45.08075230260475
1780088235,45.222183929515694
1780088250,45.28074546253351
1780088265,44.9945674049559
1780088280,44.86997287648673
1780088295,44.686238039740815
1780088310,44.76500409088876
1780088325,44.84471722882406
1780088340,44.8952285241494
1780088355,44.7776319147201
1780088370,44.89407097363153
1780088385,44.78983881109039
1780088400,45.00898417049667
1780088415,45.948862575076355
1780088430,45.95249307442787
1780088445,45.18119611799649
1780088460,45.197349209314076
1780088475,45.115215738477765
1780088490,45.311525783122384
1780088505,45.30210753118151
1780088520,45.281903013051384
1780088535,45.3544077682163
1780088550,45.319365557084346
1780088565,45.30800051563614
1780088580,45.25180669958671
1780088595,45.22770860244191
1780088610,45.21492293081268
1780088625,45.30736912444458
1780088640,45.34940925461639
1780088655,45.27648357199043
1780088670,44.801203852538585
1780088685,44.915327810414276
1780088700,44.94547673981158
1780088715,44.639515091564874
1780088730,44.7686872061729
1780088745,44.96594433760487
1780088760,45.06386258823034
1780088775,44.832615564319035
1780088790,44.77415926316648
1780088805,44.86023892895008
1780088820,44.811306111603656
1780088835,44.74506265242179
1780088850,44.72864648144105
1780088865,44.911223767669085
1780088880,45.027031435388956
1780088895,44.758164019646784
1780088910,44.84319136677778
1780088925,44.81777787131721
1780088940,44.71475587522657
1780088955,44.85366193737126
1780088970,44.97720414718781
1780088985,45.28016668727457
1780089000,45.159939281213745
1780089015,45.815218106194735
1780089030,45.5940733413485
1780089045,45.37598030059482
1780089060,45.77843956928598
1780089075,45.6667359443113
1780089090,45.388608124426156
1780089105,45.40591876626161
1780089120,45.57176418591313
1780089135,45.57744670663724
1780089150,45.595967514923196
1780089165,45.73981947473514
1780089180,45.78306977135747
1780089195,46.167060847695296
1780089210,45.973907759008505
1780089225,45.75907690607794
1780089240,45.755341174861165
1780089255,45.98748266962719
1780089270,45.87288516835783
1780089285,45.74681739377501
1780089300,45.82542559712507
1780089315,45.663263292757684
1780089330,45.858310555019166
1780089345,45.850260317326686
1780089360,46.104658351595454
1780089375,45.85499575126344
1780089390,45.71877310168292
1780089405,46.1510656041756
1780089420,46.21036376025024
1780089435,46.07024753165506
1780089450,46.30544075051366
1780089465,46.22551714884784
1780089480,46.297653592484345
1780089495,46.488912507596424
1780089510,46.088978803671544
1780089525,45.67557542099323
1780089540,46.00111019617851
1780089555,46.173848303004625
1780089570,46.26255876541976
1780089585,46.55142023556154
1780089600,46.41903854906304
1780089615,46.15096037231034
1780089630,45.862993373023286
1780089645,45.840263290126884
1780089660,46.322593544551225
1780089675,46.00395145654056
1780089690,45.64753112890114
1780089705,45.93097315798197
1780089720,45.73634682318153
1780089735,45.72677072344277
1780089750,45.590548073862244
1780089765,45.74471275646979
1780089780,45.69009741839927
1780089795,45.827845930026065
1780089810,45.879462159936644
1780089825,45.85204925903613
1780089840,46.159905080857534
1780089855,46.32974931138898
1780089870,45.375506757201144
1780089885,45.781596525243806
1780089900,45.98469402519777
1780089915,45.85336465735189
1780089930,45.93407749800718
1780089945,46.086926782298946
1780089960,45.95712327649936
1780089975,46.01105460744568
1780089990,45.599650630207336
1780090005,45.80332690542023
1780090020,45.664631307006076
1780090035,45.665210082265006
1780090050,45.35035634140374
1780090065,45.8411577609816
1780090080,45.5978616884979
1780090095,45.73976685880251
1780090110,45.31799754283594
1780090125,45.57371097542047
1780090140,45.75486763146749
1780090155,45.695148547931794
1780090170,46.0758248205139
1780090185,45.94202250383439
1780090200,45.411232975457295
1780090215,46.011633382704616
1780090230,45.94339051808278
1780090245,46.05225288269541
1780090260,46.19089586517694
1780090275,46.17532154911829
1780090290,45.528619121156076
1780090305,45.84394640541102
1780090320,45.57139587438472
1780090335,45.72140389831445
1780090350,45.8690442052758
1780090365,45.51946394887836
1780090380,45.54298327076422
1780090395,45.45632482972168
1780090410,45.9721714332317
1780090425,46.04336079008085
1780090440,46.011633382704616
1780090455,46.32780252188166
1780090470,46.02347196754649
1780090485,46.40335900113913
1780090500,45.762286477968395
1780090515,46.28691994222771
1780090530,46.23119966957194
1780090545,46.11028825638691
1780090560,46.29233938328865
1780090575,46.526322435696756
1780090590,46.40462178352227
1780090605,46.52116607429896
1780090620,46.29812713587802
1780090635,46.19521037165264
1780090650,46.48580816757122
1780090665,46.55131500369627
1780090680,46.35453141565797
1780090695,46.37263129648289
1780090710,46.62366191106329
1780090725,46.45171304322662
1780090740,46.695956202497676
1780090755,46.510958583368634
1780090770,46.60272076987633
1780090785,46.53332035473662
1780090800,46.334905672786775
1780090815,46.001215428043764
1780090830,45.930552230520924
1780090845,46.265505257647064
1780090860,46.737628021141084
1780090875,46.32832868120795
1780090890,46.23367261840558
1780090905,46.11881203747307
1780090920,46.38041845451221
1780090935,46.229568575660394
1780090950,46.324592949991185
1780090965,46.26429509119656
1780090980,46.5387924117302
1780090995,46.79640001788942
1780091010,46.900369100767406
1780091025,46.81670976788481
1780091040,46.740942824896806
1780091055,46.80018836503882
1780091070,46.746572729688275
1780091085,46.7113200548258
1780091100,46.41951209245671
1780091115,46.51011672844654
1780091130,46.57678111508946
1780091145,47.09178586367738
1780091160,47.07679032287767
1780091175,47.30509085456167
1780091190,46.9814502529511
1780091205,46.71721303928042
1780091220,46.7979258799357
1780091235,47.05406023998127
1780091250,47.10878080991705
1780091265,47.26068300742148
1780091280,47.10378229631714
1780091295,47.29625137787974
1780091310,47.423318855182536
1780091325,47.36138990247637
1780091340,47.031014461489086
1780091355,47.286622662208345
1780091370,47.02659472314812
1780091385,47.11514733776535
1780091400,47.029541215375424
1780091415,47.001233843620184
1780091430,46.946618505549665
1780091445,46.84875287085683
1780091460,47.12982718296927
1780091475,47.037328373404755
1780091490,46.951301323553785
1780091505,47.02869936045334
1780091520,47.10493984683502
1780091535,47.142560238665865
1780091550,47.093574805386815
1780091565,47.17423503010947
1780091580,47.25326416092057
1780091595,47.40148324314085
1780091610,47.58400791343627
1780091625,47.658301610310616
1780091640,47.932009691854795
1780091655,47.835669919208236
1780091670,47.66156379813371
1780091685,47.74643329746681
1780091700,47.45804537071871
1780091715,47.6701401951525
1780091730,47.66419459476524
1780091745,47.74727515238889
1780091760,47.640306961350966
1780091775,47.5088197457072
1780091790,47.58306082664892
1780091805,47.48551088755186
1780091820,47.44078734481588
1780091835,47.284360177105235
1780091850,47.46278080465546
1780091865,47.257526051463635
1780091880,47.425581340285646
1780091895,47.343658333179874
1780091910,47.36838782151624
1780091925,47.2724163603981
1780091940,47.156029917419296
1780091955,47.27378437464649
1780091970,47.173393175187385
1780091985,47.049693117572936
1780092000,47.47062057861741
1780092015,48.10553703767037
1780092030,47.64246421458882
1780092045,47.58142973273737
1780092060,47.14471749190372
1780092075,47.15671392454349
1780092090,47.113305780123284
1780092105,47.129511487373485
1780092120,47.26652337594347
1780092135,47.36049543162165
1780092150,47.30430161557221
1780092165,47.3025652897954
1780092180,47.464990673825945
1780092195,47.45978169649552
1780092210,47.49440298016643
1780092225,47.46299126838598
1780092240,47.42063544261838
1780092255,47.81362384343603
1780092270,47.91385719509724
1780092285,47.75258936158458
1780092300,47.88907509082826
1780092315,48.00814494637121
1780092330,47.8533488725721
1780092345,47.798417838905806
1780092360,47.78247521131874
1780092375,47.824304877760035
1780092390,47.815518017010724
1780092405,47.966894055188845
1780092420,47.86666070352763
1780092435,47.8211479218022
1780092450,47.77773977738199
1780092465,48.530673773325304
1780092480,47.88818061997353
1780092495,48.08138632459295
1780092510,48.08322788223502
1780092525,48.290587272732054
1780092540,47.981889595988555
1780092555,48.12926682328676
1780092570,47.872343224251736
1780092585,48.04213483885055
1780092600,48.10979892821345
1780092615,47.974996908813964
1780092630,47.55659501253574
1780092645,47.82241070418534
1780092660,47.859347088891994
1780092675,47.69181795939629
1780092690,47.69539584281516
1780092705,47.95258252151334
1780092720,48.09543477860531
1780092735,48.340309329067935
1780092750,48.191932399049755
1780092765,48.27769636923757
1780092780,48.10537918987249
1780092795,48.01751058237945
1780092810,48.09554001047057
1780092825,48.12411046188897
1780092840,48.08117586086242
1780092855,48.12437354155211
1780092870,47.714758506023216
1780092885,47.81809619770962
1780092900,47.691397031935246
1780092915,47.67761165758604
1780092930,47.624627413427056
1780092945,47.67761165758604
1780092960,47.52670916280158
1780092975,47.56990684349128
1780092990,47.4614654063397
1780093005,47.434894360361255
1780093020,47.41027010389016
1780093035,47.42758074572562
1780093050,47.403640496378706
1780093065,47.40858639404598
1780093080,47.43405250543917
1780093095,47.45004774895886
1780093110,47.429580151165574
1780093125,47.10383491224977
1780093140,47.323190735386575
1780093155,47.425528724353015
1780093170,47.47209382473107
1780093185,47.50866189790931
1780093200,47.5911110643414
1780093215,47.65914346523271
1780093230,47.666299232070465
1780093245,47.66030101575058
1780093260,47.659985320154796
1780093275,47.853664568167886
1780093290,47.71996748335363
1780093305,48.127267417846795
1780093320,47.96505249754678
1780093335,47.89549423460918
1780093350,47.96047491140792
1780093365,47.9786800240981
1780093380,47.64041219321623
1780093395,48.15562740553467
1780093410,48.14852425462954
1780093425,48.37771925716826
1780093440,48.287588164572114
1780093455,48.28637799812161
1780093470,48.195194586872844
1780093485,47.8381954839745
1780093500,47.94037562514305
1780093515,48.21829298129766
1780093530,48.22555398000068
1780093545,48.167255526646024
1780093560,48.10006498067679
1780093575,48.35740950717287
1780093590,48.166203207993405
1780093605,48.264700233877825
1780093620,48.1613625421914
1780093635,48.379034655484034
1780093650,48.31379089902214
1780093665,48.3896630738754
1780093680,48.463956770749746
1780093695,48.0955926264032
1780093710,48.12879327989309
1780093725,48.117059926916475
1780093740,47.9538979198291
1780093755,48.04150344765898
1780093770,47.99183400725574
1780093785,48.02750760957926
1780093800,48.05676206812185
1780093815,48.16778168597233
1780093830,47.83172372426095
1780093845,48.33089107712707
1780093860,48.52925314314428
1780093875,48.77775819295841
1780093890,48.522623535632825
1780093905,48.63790504402638
1780093920,48.64742852783252
1780093935,48.60333637628811
1780093950,48.52246568783494
1780093965,48.54551146632712
1780093980,48.53598798252099
1780093995,48.22581705966383
1780094010,48.41649719951698
1780094025,48.33688929344695
1780094040,48.306319436588595
1780094055,48.19808846316753
1780094070,48.139737393880246
1780094085,48.2706984501977
1780094100,48.76434113013761
1780094115,48.469323595878066
1780094130,48.1589422092904
1780094145,48.19487889127707
1780094160,48.11979595541326
1780094175,48.160204991673524
1780094190,48.45306527269523
1780094205,48.89077721624885
1780094220,48.768918716276474
1780094235,48.5212029054518
1780094250,48.33352187375859
1780094265,48.615595888591024
1780094280,48.714619073801735
1780094295,48.660003735731216
1780094310,49.077300697424185
1780094325,48.93697400509849
1780094340,49.261719541294305
1780094355,48.82185034450281
1780094370,49.14328107694291
1780094385,49.077300697424185
1780094400,48.701465090644106
1780094415,49.2307287569749
1780094430,48.81911431600603
1780094445,49.230465677311756
1780094460,48.78307240215409
1780094475,48.9841704966681
1780094490,48.92224154396193
1780094505,48.902300105494945
1780094520,49.141281671502945
1780094535,48.83221568323104
1780094550,48.90266841702336
1780094565,48.92602989111132
1780094580,48.9859068224449
1780094595,48.854577454599024
1780094610,48.7918592629034
1780094625,48.686048622383346
1780094640,48.66505486526375
1780094655,48.68783756409278
1780094670,48.66647549544477
1780094685,48.73845409128338
1780094700,49.155698437043725
1780094715,48.88514731145738
1780094730,49.02978851025879
1780094745,48.791964494768656
1780094760,48.588288219555764
1780094775,48.71756556602905
1780094790,48.68120795658133
1780094805,48.6610034384512
1780094820,48.8228500472228
1780094835,48.64727068003462
1780094850,48.523307542757024
1780094865,48.497736199498576
1780094880,48.535198743531524
1780094895,48.62117317744986
1780094910,48.766656231173364
1780094925,48.57708102590546
1780094940,48.60544101359333
1780094955,48.590340240928356
1780094970,48.68373352134759
1780094985,48.74845111848318
1780095000,48.81316871561877
1780095015,48.76239434063029
1780095030,48.75960569620087
1780095045,48.6887320349475
1780095060,49.009952303657066
1780095075,49.09750521555433
1780095090,49.18842554713992
1780095105,48.91724303036202
1780095120,48.95902008087069
1780095135,48.904562590598054
1780095150,49.08608755817349
1780095165,48.90572014111593
1780095180,48.98059261324922
1780095195,48.945339938386745
1780095210,48.834372936468895
1780095225,48.87409796560497
1780095240,49.31833428480478
1780095255,49.08203613136094
1780095270,49.139755809456666
1780095285,48.90840355368009
1780095300,49.125602123579036
1780095315,49.01358280300858
1780095330,48.891934766766724
1780095345,48.798383638549595
1780095360,48.768024245421756
1780095375,48.76128940604505
1780095390,48.74613601744744
1780095405,48.681891963705525
1780095420,48.76881348441121
1780095435,48.6103869112606
1780095450,48.60649333224594
1780095465,48.74334737301802
1780095480,48.96491306532531
1780095495,49.158697545203665
1780095510,49.210945166305805
1780095525,48.89330278101512
1780095540,48.825638691652216
1780095555,48.92829237621444
1780095570,49.18532120711473
1780095585,49.121287617103334
1780095600,48.989169010268
1780095615,49.566418407157876
1780095630,49.40430871872311
1780095645,49.449663652650656
1780095660,49.63881793045752
1780095675,49.82881406318648
1780095690,49.65860152112661
1780095705,49.668598548326415
1780095720,49.750679403230095
1780095735,49.56994367464412
1780095750,49.57857268759553
1780095765,49.506120548363256
1780095780,49.530534341103824
1780095795,49.66649391102119
1780095810,49.54042613643838
1780095825,49.56073588643377
1780095840,49.72994872577365
1780095855,49.17911252706432
1780095870,49.18700491695891
1780095885,49.06151591763502
1780095900,49.13212649922522
1780095915,49.18237471488741
1780095930,49.194265915661916
1780095945,49.249986188317685
1780095960,49.19873826993552
1780095975,48.90614106857698
1780095990,48.910718654715836
1780096005,48.93644784577218
1780096020,49.15043684378067
1780096035,49.02347459834312
1780096050,49.03157745196823
1780096065,49.108344097676216
1780096080,49.15785569028157
1780096095,49.10713393122571
1780096110,49.30565384504082
1780096125,49.12218208795805
1780096140,49.10071478744479
1780096155,49.043994812069045
1780096170,49.097715679284846
1780096185,49.191635119030394
1780096200,49.306916627423945
1780096215,49.25614225243547
1780096230,49.20436817472699
1780096245,49.28639641369803
1780096260,49.28618594996751
1780096275,49.50143773035913
1780096290,49.41130663776298
1780096305,49.398363118335865
1780096320,49.43535211897515
1780096335,49.42114581716489
1780096350,49.387366388416076
1780096365,49.287396116418016
1780096380,49.38626145383084
1780096395,49.42093535343437
1780096410,49.36184766109025
1780096425,49.44477037091601
1780096440,49.53626947776056
1780096455,49.40367732753155
1780096470,49.32028107431211
1780096485,49.5148021772473
1780096500,49.40383517532945
1780096515,49.35058785150731
1780096530,49.298655926000954
1780096545,49.45608279643159
1780096560,49.36642524722912
1780096575,49.169483811392936
1780096590,49.058306345744555
1780096605,49.10450313459419
1780096620,49.09276978161758
1780096635,49.218732324335136
1780096650,49.23988392925261
1780096665,49.176271266702265
1780096680,49.187320612554686
1780096695,49.07777424081786
1780096710,49.06856645260751
1780096725,49.12591781917482
1780096740,49.150068532252256
1780096755,49.07877394353785
1780096770,49.22278375114768
1780096785,49.249249565260854
1780096800,49.24283042147993
1780096815,49.38463035991929
1780096830,49.364952001115455
1780096845,49.412990347607156
1780096860,49.3736336299995
1780096875,49.423671381931165
1780096890,49.446611928558085
1780096905,49.61650877502216
1780096920,49.49333487673402
1780096935,49.42014611444492
1780096950,49.69227571801017
1780096965,49.53384914485955
1780096980,49.55726323488015
1780096995,49.47449837285228
1780097010,49.594673162980484
1780097025,49.59409438772154
1780097040,49.61982357877789
1780097055,49.48749450821202
1780097070,49.55505336570967
1780097085,49.457713890343136
1780097100,49.44224480614975
1780097115,49.49012530484356
1780097130,49.45066335537064
1780097145,49.59783011893831
1780097160,49.50990889551265
1780097175,49.54200461441729
1780097190,49.264613417588976
1780097205,49.411043558099834
1780097220,49.38273618634459
1780097235,49.38694546095503
1780097250,49.437667220010894
1780097265,49.44392851599393
1780097280,49.48854682686464
1780097295,49.66249510014127
1780097310,49.50496299784538
1780097325,49.62708457748091
1780097340,49.55989403151169
1780097355,49.66028523097079
1780097370,49.68248915454089
1780097385,49.46650075109243
1780097400,49.62382238965781
1780097415,49.69285449326911
1780097430,49.771094385090755
1780097445,49.72752839287264
1780097460,49.69011846477231
1780097475,49.6215599045547
1780097490,49.66849331646116
1780097505,49.52937679058596
1780097520,49.641343495223786
1780097535,49.675912162962064
1780097550,49.59856674199514
1780097565,49.46139700562727
1780097580,49.49959617271706
1780097595,49.381368172096195
1780097610,49.38073678090462
1780097625,49.379053071060454
1780097640,49.64492137864267
1780097655,49.34101175176855
1780097670,49.37852691173414
1780097685,49.41961995511861
1780097700,49.33527661511182
1780097715,49.3636366027997
1780097730,49.28413392859492
1780097745,49.23335955360643
1780097760,49.26645497523104
1780097775,49.37116068116586
1780097790,49.141334287435576
1780097805,49.17211460802445
1780097820,49.14575402577655
1780097835,49.156961219426854
1780097850,49.03862798694073
1780097865,49.18795200374625
1780097880,49.09271716568494
1780097895,49.09682120843012
1780097910,49.122024240160165
1780097925,49.050624419580494
1780097940,49.06535688071705
1780097955,49.25387976733234
1780097970,49.14612233730495
1780097985,49.34943030098944
1780098000,48.890724600316226
1780098015,48.991589343169004
1780098030,49.36516246484598
1780098045,49.325647899440426
1780098060,48.91455961779787
1780098075,49.16190711709413
1780098090,49.396889872222204
1780098105,49.4552409415095
1780098120,49.78445883197891
1780098135,49.801716857881736
1780098150,49.832602410335866
1780098165,49.52543059563867
1780098180,49.431090228432076
1780098195,49.464869657180884
1780098210,50.033805736715145
1780098225,49.69248618174069
1780098240,50.00176263374312
1780098255,50.35970882342882
1780098270,49.36826680487118
1780098285,49.373265318471084
1780098300,49.47370913386282
1780098315,49.42767019281109
1780098330,49.63723945247861
1780098345,49.400993914967394
1780098360,49.1339680568673
1780098375,49.423250454470114
1780098390,49.60898469665599
1780098405,49.416936542554446
1780098420,49.37358101406687
1780098435,50.02249331119957
1780098450,49.21715384635621
1780098465,49.301391954497745
1780098480,49.2501966520482
1780098495,49.27908279906238
1780098510,49.39815265460534
1780098525,49.58825401919955
1780098540,49.454925245913714
1780098555,49.3521137135536
1780098570,49.486705269222576
1780098585,49.47897072712588
1780098600,49.40857060926619
1780098615,49.67312351853265
1780098630,49.673439214128436
1780098645,49.683331009462975
1780098660,49.63766037993965
1780098675,49.821658296348716
1780098690,49.60645913188972
1780098705,49.764622625377186
1780098720,49.52448350885131
1780098735,49.663705266591776
1780098750,49.526588146156534
1780098765,49.40678166755676
1780098780,49.31954445125528
1780098795,49.29691960022414
1780098810,49.27881971939924
1780098825,49.49170378282247
1780098840,49.18484766372105
1780098855,49.15143654650065
1780098870,49.20126383470178
1780098885,49.1668530147614
1780098900,49.17411401346442
1780098915,49.19447637939245
1780098930,49.19395022006614
1780098945,49.28223975502022
1780098960,49.302917816544024
1780098975,49.34016989684646
1780098990,49.136756701296726
1780099005,49.30986311965127
1780099020,49.55736846674541
1780099035,49.069355691596975
1780099050,48.99153672723637
1780099065,49.0010602110425
1780099080,49.2933943327379
1780099095,49.00884736907183
1780099110,48.897617287490824
1780099125,49.09103345584076
1780099140,49.09508488265332
1780099155,49.112500756354024
1780099170,49.14112382370506
1780099185,49.05025610805208
1780099200,49.5089618087253
1780099215,49.324069421461516
1780099230,49.20589403677328
1780099245,49.042995109349064
1780099260,49.073301886544265
1780099275,49.21147132563212
1780099290,49.1744297090602
1780099305,49.1642748340625
1780099320,49.1711675212371
1780099335,49.103976975267884
1780099350,49.284239160460174
1780099365,49.393732916264376
1780099380,49.34664165656002
1780099395,49.24746062355142
1780099410,49.220310802314046
1780099425,49.32470081265308
1780099440,49.44403374785919
1780099455,49.44287619734131
1780099470,49.3653729285765
1780099485,49.282976378077045
1780099500,49.2293607427265
1780099515,49.26987501085204
1780099530,49.600671379300366
1780099545,49.3824204907488
1780099560,49.459239752389415
1780099575,49.481075364431106
1780099590,49.7840905204505
1780099605,50.42258486292235
1780099620,49.358690705132425
1780099635,49.36647786316174
1780099650,49.38841870706868
1780099665,49.455398789307395
1780099680,49.46276501987567
1780099695,49.458397897467336
1780099710,49.64150134302167
1780099725,49.373317934403715
1780099740,49.515328336573596
1780099755,49.39420645965805
1780099770,49.38394635279509
1780099785,49.48123321222899
1780099800,49.64818356646576
1780099815,49.466342903294546
1780099830,49.02231704782525
1780099845,49.223625606069774
1780099860,49.097031672160654
1780099875,49.224362229126605
1780099890,49.235622038709536
1780099905,49.40646597196097
1780099920,49.40662381975886
1780099935,49.34943030098944
1780099950,49.43145853996048
1780099965,49.4762346986291
1780099980,49.34106436770118
1780099995,49.271663952561475
1780100010,49.44245526988027
1780100025,49.406255508230444
1780100040,49.37410717339318
1780100055,49.79093059169247
1780100070,49.606406515957104
1780100085,49.479602118317445
1780100100,49.428301584002654
1780100115,49.61456198551484
1780100130,49.66496804897491
1780100145,49.56284052373899
1780100160,49.470394330107105
1780100175,49.52879801532703
1780100190,49.54463541104882
1780100205,49.3609005743029
1780100220,49.40946508012091
1780100235,49.23783190788002
1780100250,49.26114076603536
1780100265,49.21073470257529
1780100280,49.264981729117395
1780100295,49.13286312228205
1780100310,49.25387976733234
1780100325,49.26782298947945
1780100340,49.21278672394788
1780100355,49.10655515596678
1780100370,49.14575402577655
1780100385,49.66123231775814
1780100400,48.67226324803414
1780100415,49.08656110156716
1780100430,49.188004619678885
1780100445,49.15896062486682
1780100460,49.22278375114768
1780100475,49.2302025976486
1780100490,49.45282060860849
1780100505,49.39983636444952
1780100520,49.41893594799441
1780100535,49.637292068411234
1780100550,49.75520437343632
1780100565,49.98234735460245
1780100580,49.587359548344836
1780100595,49.48149629189215
1780100610,49.52532536377341
1780100625,49.48949391365199
1780100640,49.49954355678443
1780100655,49.753941591053184
1780100670,49.516275423360945
1780100685,49.474393140987026
1780100700,49.269611931188884
1780100715,49.29818238260728
1780100730,49.429616982318414
1780100745,49.668598548326415
1780100760,49.43777245187615
1780100775,49.40425610279049
1780100790,49.58841186699745
1780100805,49.37626442663103
1780100820,49.334329528324474
1780100835,49.672649975138974
1780100850,49.63823915519858
1780100865,49.49712322388342
1780100880,49.71416394598448
1780100895,49.275294451912984
1780100910,49.225888091172884
1780100925,49.375633035439456
1780100940,49.27276888714671
1780100955,49.3572700749514
1780100970,49.27771478481399
1780100985,49.50854088126425
1780101000,49.44503345057917
1780101015,49.89389997185047
1780101030,49.38389373686246
1780101045,49.56115681389481
1780101060,49.49854385406445
1780101075,49.50491038191275
1780101090,49.68080544469671
1780101105,49.507646410409535
1780101120,49.589779881245846
1780101135,49.475655923370155
1780101150,49.47702393761855
1780101165,49.522641951209245
1780101180,49.494334579454005
1780101195,49.394995698647506
1780101210,49.40615027636519
1780101225,49.422934758874334
1780101240,49.41420051405766
1780101255,49.51953761118404
1780101270,49.53984736117943
1780101285,49.50675193955482
1780101300,49.303707055533486
1780101315,49.321333392964725
1780101330,49.26108815010273
1780101345,49.37179207235744
1780101360,49.35206109762097
1780101375,49.37784290460995
1780101390,49.41746270188075
1780101405,49.198948733666036
1780101420,49.36142673362921
1780101435,49.72147756062013
1780101450,49.237410980418986
1780101465,49.02784172075146
1780101480,49.451663058090624
1780101495,49.60288124847085
1780101510,49.318597364467934
1780101525,49.36889819606275
1780101540,49.30896864879655
1780101555,49.136598853498825
1780101570,49.28413392859492
1780101585,49.64250104574166
1780101600,49.60182892981824
1780101615,49.882114002941236
1780101630,49.154751350256376
1780101645,49.37531733984368
1780101660,49.41025431911037
1780101675,49.42182982428909
1780101690,49.45013719604433
1780101705,49.61282565973802
1780101720,49.454556934385295
1780101720,49.454556934385295
1780101735,49.41309557947242
1780101750,49.39210182235283
1780101765,49.69916840518478
1780101780,49.663968346254926
1780101795,49.61203642074856
1780101810,49.66665175881909
1780101825,49.96372131445123
1780101840,49.965615488025925
1780101855,49.730317037302065
1780101870,49.88784913959796
1780101885,50.259475471767615
1780101900,50.084317032040474
1780101915,49.88874361045268
1780101930,50.02838629565418
1780101945,49.87337975812456
1780101960,49.99155514281279
1780101975,49.866381839084696
1780101990,49.982610434265595
1780102005,50.045065546298076
1780102020,50.349974875892165
1780102035,49.826025418757055
1780102050,49.88642850941694
1780102065,49.946094977019996
1780102080,49.821342600752935
1780102095,49.829708534041195
1780102110,49.71474272124342
1780102125,49.74568088963019
1780102140,49.69264402953858
1780102155,49.804031958917484
1780102170,49.735736478363016
1780102185,49.85180722574603
1780102200,50.32482446009476
1780102215,49.989713585170726
1780102230,49.48723142854888
1780102245,49.660232615038154
1780102260,49.781038796357926
1780102275,49.878115192061315
1780102290,49.78472191164206
1780102305,49.78309081773051
1780102320,49.73384230478831
1780102335,49.65276115260462
1780102350,49.57609973876189
1780102365,49.61019486310649
1780102380,49.694275123450126
1780102395,49.510066743310546
1780102410,49.4494005729875
1780102425,49.40883368892934
1780102440,49.42419754125746
1780102455,49.58483398357857
1780102470,49.56841781259783
1780102485,49.62040235403683
1780102500,49.566997182416806
1780102515,49.5246413566492
1780102530,49.5678390373389
1780102545,49.464974889046154
1780102560,49.78214373094316
1780102575,49.463291179201974
1780102590,49.528271856000714
1780102605,49.2875539642159
1780102620,49.6069326752834
1780102635,49.45760865847787
1780102650,49.530271261440674
1780102665,49.46302809953882
1780102680,49.34343208466956
1780102695,49.13154772396629
1780102710,49.534638383849014
1780102725,49.20857744933743
1780102740,49.27245319155094
1780102755,49.39957328478637
1780102770,49.22309944674347
1780102785,49.41135925369561
1780102800,49.484916327513126
1780102815,50.261001333813894
1780102830,50.44741958312397
1780102845,50.48235656239066
1780102860,50.5700673220858
1780102875,50.6041624464304
1780102890,50.62520881948262
1780102905,50.635100614817176
1780102920,50.56859407597214
1780102935,50.458311081178486
1780102950,49.918629460186835
1780102965,49.85338570372494
1780102980,49.91026352689858
1780102995,49.99544872182745
1780103010,49.9004769634293
1780103025,49.83823231512734
1780103040,49.9068434912776
1780103055,49.832023635076936
1780103070,49.29328910087264
1780103085,49.44861133399805
1780103100,49.39399599592753
1780103115,49.4931244130035
1780103130,49.591937134483686
1780103145,49.673439214128436
1780103160,49.544477563250936
1780103175,49.641659190819574
1780103190,49.39083903996969
1780103205,49.549739156513986
1780103220,49.53711133268265
1780103235,49.62555871543463
1780103250,49.81660716681618
1780103265,49.37857952766678
1780103280,49.61582476789796
1780103295,49.54405663578988
1780103310,49.76614848742348
1780103325,49.50969843178213
1780103340,49.65954860791396
1780103355,49.547581903276125
1780103370,49.514644329449396
1780103385,49.476971321685916
1780103400,49.56715503021471
1780103415,49.657023043147696
1780103430,49.750048012038526
1780103445,49.887691291800074
1780103460,49.742892245200764
1780103475,49.63076769276504
1780103490,49.63744991620913
1780103505,49.42072488970385
1780103520,49.57441602891771
1780103535,49.531270964160655
1780103550,49.44045586444032
1780103565,49.35947994412187
1780103580,49.313388387137515
1780103595,49.49838600626656
1780103610,49.4566089557579
1780103625,49.38799777960764
1780103640,49.48391662479315
1780103655,49.407044747219906
1780103670,49.43771983594352
1780103685,49.74205039027868
1780103700,49.4717623443555
1780103715,49.482022451218455
1780103730,49.489651761449885
1780103745,49.487704971942556
1780103760,49.498333390333926
1780103775,49.560262343040094
1780103790,49.49680752828765
1780103805,49.4798651979806
1780103820,49.49101977569828
1780103835,49.38389373686246
1780103850,49.44419159565708
1780103865,49.441666030890815
1780103880,49.421935056154354
1780103895,49.5917792866858
1780103910,49.46044991883992
1780103925,49.398363118335865
1780103940,49.430616685038395
1780103955,49.454609550317926
1780103970,49.55426412672021
1780103985,49.58704385274905
1780104000,49.59856674199514
1780104015,49.72810716813159
1780104030,49.86033100683218
1780104045,49.881693075480186
1780104060,49.81829087666036
1780104075,49.951303954350415
1780104090,49.90416007871343
1780104105,49.92988926976978
1780104120,49.855279877299644
1780104135,49.801295930420686
1780104150,49.42277691107644
1780104165,49.50149034629177
1780104180,49.439982321046635
1780104195,49.545372034105654
1780104210,49.6317147795524
1780104225,49.64086995183011
1780104240,49.477234401349065
1780104255,49.54952869278346
1780104270,49.395416626108556
1780104285,49.47370913386282
1780104300,49.37010836251326
1780104315,49.37505426018053
1780104330,49.294709731053665
1780104345,49.3729496228753
1780104360,49.36442584178915
1780104375,49.45702988321894
1780104390,49.31107328610177
1780104405,49.19958012485761
1780104420,49.17874421553591
1780104435,49.15317287227745
1780104450,49.20820913780902
1780104465,49.15501442991952
1780104480,49.14985806852174
1780104495,49.18626829390208
1780104510,49.10718654715834
1780104525,49.26766514168155
1780104540,49.3071797070871
1780104555,49.15722429909001
1780104570,49.2839234648644
1780104585,49.200053668251286
1780104600,49.370266210311144
1780104615,49.48339046546685
1780104630,49.608563769194944
1780104645,49.4583452815347
1780104660,49.507330714813754
1780104675,49.57410033332194
1780104690,49.570943377364095
1780104705,49.67706971347994
1780104720,49.5392685859205
1780104735,49.70853404119301
1780104750,49.790036120837755
1780104765,49.701588738085775
1780104780,49.60540681323712
1780104795,49.682015611147214
1780104810,49.70690294728146
1780104825,49.654707942111955
1780104840,49.672755207004236
1780104855,49.77535627563382
1780104870,49.66717791814539
1780104885,49.6379234596028
1780104900,49.6251904039062
1780104915,49.55258041687603
1780104930,49.621296824891544
1780104945,49.57867791946079
1780104960,49.55447459045074
1780104975,49.54574034563406
1780104990,49.61429890585168
1780105005,49.53847934693104
1780105020,49.700746883163696
1780105035,49.500701107302305
1780105050,49.497965078805514
1780105065,49.68706674067974
1780105080,49.49680752828765
1780105095,49.459397600187316
1780105110,49.630294149371366
1780105125,49.598987669456186
1780105140,49.616614006887424
1780105155,49.89916156511354
1780105170,49.773409486126496
1780105185,49.695380058035376
1780105200,49.765674944029804
1780105215,49.34943030098944
1780105230,49.59277898940579
1780105245,49.871064657088816
1780105260,49.78914164998302
1780105275,49.80582090062692
1780105290,49.8106089504963
1780105305,49.751731721882706
1780105320,49.69969456451108
1780105335,49.814923456972004
1780105350,49.79308784493033
1780105365,49.708691888990906
1780105380,49.679700510111466
1780105395,49.76299153146564
1780105410,49.767990045065545
1780105425,49.912631243866954
1780105440,49.924364596843574
1780105455,49.81834349259299
1780105470,49.76614848742348
1780105485,49.70658725168568
1780105500,49.67443891684841
1780105515,49.939938912902214
1780105530,49.84438837924512
1780105545,49.825657107228636
1780105560,49.80319010399539
1780105575,50.0192837393091
1780105590,49.98213689087192
1780105605,49.976033442686784
1780105620,49.92546953142881
1780105635,49.93488778336969
1780105650,50.04853819785169
1780105665,50.20086132281716
1780105680,50.169554842901974
1780105695,49.39304890914018
1780105710,49.61682447061795
1780105725,49.72389789352114
1780105740,49.6239802374557
1780105755,49.63455603991444
1780105770,49.75273142460268
1780105785,49.690697240031255
1780105800,49.7386303546577
1780105815,49.163380363207786
1780105830,49.3994680529211
1780105845,49.6317147795524
1780105860,49.530692188901725
1780105875,49.60751145054234
1780105890,49.72705484947897
1780105905,49.66907209172009
1780105920,49.824973100104444
1780105935,50.12925103850697
1780105950,49.590726968033195
1780105965,49.6587593689245
1780105980,49.54005782490996
1780105995,49.5828345781386
1780106010,49.663389570995996
1780106025,49.91589343169005
1780106040,49.63797607553543
1780106055,49.736946644813514
1780106070,49.64350074846165
1780106085,49.773356870193865
1780106100,49.457713890343136
1780106115,49.93057327689397
1780106130,49.76435954571404
1780106145,49.810293254900515
1780106160,49.02473738072626
1780106175,49.22357299013714
1780106190,49.73915651398399
1780106205,49.51043505483895
1780106220,49.50738333074638
1780106235,49.50675193955482
1780106250,49.559367872185376
1780106265,49.65465532617932
1780106280,49.59562024976783
1780106295,49.383630657199305
1780106310,49.26745467795103
1780106325,49.425723403303756
1780106340,49.40946508012091
1780106355,49.71442702564764
1780106370,49.70979682357615
1780106385,49.46902631585871
1780106400,49.134915143654645
1780106415,49.353060800340955
1780106430,49.54558249783617
1780106445,49.48212768308371
1780106460,49.63965978537961
1780106475,49.52069516170191
1780106490,49.50959319991687
1780106505,49.49344010859929
1780106520,49.60151323422245
1780106535,49.649183269185734
1780106550,49.65202452954779
1780106565,49.55942048811801
1780106580,49.52785092853967
1780106595,49.58120348422705
1780106610,49.61871864419265
1780106625,49.7107439103635
1780106640,49.825604491296005
1780106655,49.80040145956597
1780106670,49.70942851204774
1780106685,49.76651679895189
1780106700,49.668230236798
1780106715,50.13077690055325
1780106730,49.837022148676844
1780106745,49.79571864156185
1780106760,49.8650138248363
1780106775,49.77130484882127
1780106790,49.79519248223555
1780106805,49.69106555155967
1780106820,49.489599145517246
1780106835,49.40141484242844
1780106850,49.6487623417247
1780106865,49.40251977701367
1780106880,49.509224888388445
1780106895,49.49417673165611
1780106910,49.552948728404445
1780106925,49.53321775366799
1780106940,49.61703493434847
1780106955,49.13549391891359
1780106970,49.34148529516222
1780106985,49.429406518587896
1780107000,49.45139997842747
1780107015,49.57520526790717
1780107030,49.60509111764133
1780107045,49.60719575494655
1780107060,49.70222012927734
1780107075,49.645237074238445
1780107090,49.80771507420162
1780107105,49.808714776921605
1780107120,49.89495229050309
1780107135,49.892374109804194
1780107150,49.85722666680697
1780107165,49.89947726070931
1780107180,49.64150134302167
1780107195,49.656970427215064
1780107210,49.71153314935296
1780107225,49.85170199388077
1780107240,49.92457506057409
1780107255,49.800717155161756
1780107270,49.86069931836059
1780107285,49.78209111501054
1780107300,49.62082328149787
1780107315,49.68569872643135
1780107330,49.65276115260462
1780107345,49.675070308039984
1780107360,49.61282565973802
1780107375,49.628978751055605
1780107390,49.67380752565684
1780107405,49.73042226916733
1780107420,49.65465532617932
1780107435,49.50685717142008
1780107450,49.42619694669743
1780107465,49.41078047843668
1780107480,49.439035234259286
1780107495,49.57857268759553
1780107510,49.50196388968544
1780107525,49.542899085272005
1780107540,49.50659409175693
1780107555,49.492335174014045
1780107570,49.50496299784538
1780107585,49.50043802763915
1780107600,49.51238184434629
1780107615,49.26919100372784
1780107630,49.40736044281569
1780107645,49.51196091688524
1780107660,49.801032850757544
1780107675,49.59798796673621
1780107690,49.63545051076916
1780107705,49.718057524999146
1780107720,49.7942453954482
1780107735,49.74694367201332
1780107750,49.88227185073912
1780107765,49.76767434946976
1780107780,49.81024063896788
1780107795,49.817238558007745
1780107810,49.78808933133042
1780107825,49.76293891553302
1780107840,49.68075282876407
1780107855,49.78093356449267
1780107870,49.743997179786014
1780107885,49.63555574263443
1780107900,49.7315798196852
1780107915,49.35169278609256
1780107930,49.36547816044177
1780107945,49.41446359372081
1780107960,49.34885152573051
1780107975,49.36979266691747
1780107990,49.3269632977562
1780108005,49.33111995643401
1780108020,49.36284736381024
1780108035,49.24972310865453
1780108050,49.122550399486464
1780108065,49.37237084761637
1780108080,49.42514462804481
1780108095,49.41051739877352
1780108110,49.68885568238919
1780108125,49.530323877373306
1780108140,49.48712619668362
1780108155,49.504068526990665
1780108170,49.540005208977334
1780108185,49.50806733787058
1780108200,49.582939810003865
1780108215,49.62471686051253
1780108230,49.6652837445707
1780108245,49.53632209369319
1780108260,49.63350372126184
1780108275,49.618613412327385
1780108290,49.73684141294825
1780108305,49.62113897709365
1780108320,49.72047785790015
1780108335,49.617929405203185
1780108350,49.700010260106865
1780108365,49.69611668109221
1780108380,49.70579801269622
1780108395,49.467973997206094
1780108410,49.28097697263708
1780108425,49.25324837614078
1780108440,49.2383054512737
1780108455,49.34874629386524
1780108470,49.421251049030154
1780108485,49.488967754325685
1780108500,49.42319783853749
1780108515,49.452925840473746
1780108530,49.49491335471294
1780108545,49.62555871543463
1780108560,49.583413353397546
1780108575,49.506120548363256
1780108590,49.565050392909484
1780108605,49.6258744110304
1780108620,49.631925243282915
1780108635,49.69169694275124
1780108650,49.64786787086998
1780108665,49.57888838319131
1780108680,49.6677040774717
1780108695,49.603617871527675
1780108710,49.600723995233
1780108725,49.64628939289106
1780108740,49.635660974499686
1780108755,49.50106941883071
1780108770,49.53479623164691
1780108785,49.58562322256802
1780108800,49.4888099065278
1780108815,49.44692762415387
1780108830,49.548634221928744
1780108845,49.51959022711667
1780108860,49.5879909395364
1780108875,49.591937134483686
1780108890,49.67764848873888
1780108905,49.675017692107346
1780108920,49.629031366988244
1780108935,49.702062281479456
1780108950,49.63092554056294
1780108965,49.5962516409594
1780108980,49.68048974910092
1780108995,49.78566899842941
1780109010,49.74731198354173
1780109025,49.71484795310867
1780109040,49.72284557486852
1780109055,49.769621138977094
1780109070,49.85301739219653
1780109085,49.69743207940797
1780109100,49.7107439103635
1780109115,49.67112411309269
1780109130,49.689223993917594
1780109145,49.817133326142496
1780109160,49.616245695359005
1780109175,49.78393267265261
1780109190,49.85664789154804
1780109205,49.86143594141742
1780109220,49.8068206033469
1780109235,49.76241275620671
1780109250,49.319018291928984
1780109265,49.38647191756136
1780109280,50.08684259680673
1780109295,50.18055157282178
1780109310,49.70279890453628
1780109325,50.039698721169756
1780109340,49.992344381802255
1780109355,49.94746299126839
1780109370,49.77856584752429
1780109385,49.72352958199272
1780109400,49.4090967685925
1780109415,49.6525506888741
1780109430,49.61598261569586
1780109445,49.66470496931176
1780109460,49.72752839287264
1780109475,49.830445157098026
1780109490,49.766464183019266
1780109505,49.77077868949497
1780109520,49.82518356383496
1780109535,49.81208219660995
1780109550,49.830971316424325
1780109565,49.813976370184655
1780109580,50.153980526843334
1780109595,49.916314359151094
1780109610,49.87832565579183
1780109625,49.71242762020768
1780109640,49.7751458119033
1780109655,49.82697250554441
1780109670,49.95930157611026
1780109685,49.88411340838119
1780109700,49.84254682160305
1780109715,49.773988261385426
1780109730,49.549739156513986
1780109745,49.44050848037295
1780109760,49.46949985925237
1780109775,49.44561222583811
1780109790,49.51953761118404
1780109805,49.51895883592511
1780109820,49.47370913386282
1780109835,49.43866692273087
1780109850,49.49875431779497
1780109865,49.506225780228505
1780109880,49.47718178541645
1780109895,49.81139818948576
1780109910,49.522063175950315
1780109925,49.98092672442142
1780109940,49.70048380350054
1780109955,49.9473051434705
1780109970,49.92610092262038
1780109985,49.92410151718042
1780110000,49.87411638118139
1780110015,50.65719930652202
1780110030,50.68792701117826
1780110045,50.800682954805545
1780110060,50.673247165974324
1780110075,50.56501619255327
1780110090,50.661619044862974
1780110105,50.722285215186005
1780110120,50.892024213852196
1780110135,50.65262172038315
1780110150,50.71107802153569
1780110165,50.667985572711274
1780110180,50.67635150599954
1780110195,49.88853314672216
1780110210,49.86848647638992
1780110225,49.77814492006325
1780110240,49.93409854438022
1780110255,49.89679384814516
1780110270,50.23832386685012
1780110285,50.05711459487048
1780110300,50.01286459552817
1780110315,49.72837024779474
1780110330,49.81145080541839
1780110345,49.8706963455604
1780110360,49.83717999647473
1780110375,49.890006392835815
1780110390,49.857647594268016
1780110405,49.902949912262926
1780110420,49.82949807031068
1780110435,49.54011044084259
1780110450,49.57010152244201
1780110465,49.58862233072797
1780110480,49.61761370960741
1780110495,49.654023934987755
1780110510,49.807031067077425
1780110525,49.83397042458427
1780110540,49.79461370697661
1780110555,49.65749658654137
1780110570,49.696642840418505
1780110585,49.75899272058572
1780110600,50.00712945887145
1780110615,49.8219739919445
1780110630,49.8137132905215
1780110645,49.885060495168545
1780110660,49.849123813181876
1780110675,49.91852422832158
1780110690,49.84328344465988
1780110705,49.916945750342656
1780110720,49.8655399841626
1780110735,49.95661816354611
1780110750,49.909369056043865
1780110765,49.93409854438022
1780110780,49.97450758064049
1780110795,49.68990800104179
1780110810,49.68569872643135
1780110825,49.83765353986841
1780110840,49.87537916356452
1780110855,49.88584973415801
1780110870,50.037278388268746
1780110885,49.98818772312445
1780110900,49.94804176652732
1780110915,49.835654134428445
1780110930,49.883429401257
1780110945,49.838337546992605
1780110960,49.884586951774864
1780110975,49.939938912902214
1780110990,49.984241528177144
1780111005,50.005971908353565
1780111020,50.07553017129116
1780111035,49.649656812579416
1780111050,50.01128611754926
1780111065,50.0168634064081
1780111080,49.90389699905028
1780111095,49.948567925853624
1780111110,49.83002422963697
1780111125,49.77114700102337
1780111140,49.897688318999876
1780111155,49.78677393301466
1780111170,49.795666025629224
1780111185,49.9571443228724
1780111200,49.85028136369974
1780111215,49.87322191032667
1780111230,49.93946536950854
1780111245,50.03922517777608
1780111260,49.8782730398592
1780111275,49.73973528924294
1780111290,49.675333387703134
1780111305,49.78177541941476
1780111320,49.80887262471949
1780111335,49.78551115063152
1780111350,49.79629741682079
1780111365,49.910000447235426
1780111380,49.84049480023046
1780111395,49.81118772575523
1780111410,49.567207646147324
1780111425,49.62787381647037
1780111440,49.59756703927516
1780111455,49.67764848873888
1780111470,49.61687708655058
1780111485,49.75283665646795
1780111500,49.71347993886028
1780111515,49.71116483782454
1780111530,49.506699323622186
1780111545,49.54095229576468
1780111560,49.629610142247174
1780111575,49.704693078110985
1780111590,49.62019189030631
1780111605,49.67317613446528
1780111620,49.567681189541005
1780111635,49.54005782490996
1780111650,49.59488362671101
1780111665,49.5418467666194
1780111680,49.607774530205496
1780111695,49.71369040259081
1780111710,49.72295080673379
1780111725,49.65670734755191
1780111740,49.5962516409594
1780111755,49.71148053342033
1780111770,49.66691483848224
1780111785,49.5821505710144
1780111800,49.6721764317453
1780111815,49.727317929142124
1780111830,49.75478344597527
1780111845,49.76220229247619
1780111860,49.976612217945714
1780111875,49.95382951911669
1780111890,49.8674341577373
1780111905,49.835180591034764
1780111920,50.04748587919908
1780111935,49.82570972316127
1780111950,49.91342048285642
1780111965,49.919734394772085
1780111980,49.84191543041149
1780111995,49.84380960398618
1780112010,49.67228166361056
1780112025,49.61850818046213
1780112040,49.635082199240756
1780112055,49.64097518369538
1780112070,49.57646805029031
1780112085,49.54689789615193
1780112100,49.613983210255896
1780112115,49.649288501051004
1780112130,49.48081228476795
1780112145,49.529008479057545
1780112160,49.56052542270325
1780112175,49.41209587675244
1780112190,49.48375877699526
1780112205,49.501648194089654
1780112220,49.53979474524681
1780112235,49.80824123352793
1780112250,49.46529058464193
1780112265,49.51790651727249
1780112280,49.480338741374275
1780112295,49.45045289164012
1780112310,49.487441892279406
1780112325,49.5821505710144
1780112340,49.57857268759553
1780112355,49.5032792880012
1780112370,49.49333487673402
1780112385,49.53553285470373
1780112400,49.48086490070058
1780112415,49.55589522063176
1780112430,49.63939670571646
1780112445,49.64707863188052
1780112460,49.730580116965214
1780112475,49.795402945966075
1780112490,49.781249260088444
1780112505,49.88279801006543
1780112520,49.87701025747606
1780112535,49.91457803337429
1780112550,49.78808933133042
1780112565,49.77046299389918
1780112580,49.887007284675875
1780112595,49.784300984181016
1780112610,49.67764848873888
1780112625,49.83560151849582
1780112640,49.77930247058112
1780112655,49.76783219726766
1780112670,49.80155901008384
1780112685,49.77682952174748
1780112700,49.82397339738446
1780112715,49.76730603794135
1780112730,49.78693178081255
1780112745,49.83844277885786
1780112760,49.85385924711861
1780112775,49.80724153080794
1780112790,49.822710615001334
1780112805,49.64923588511837
1780112820,49.71553196023287
1780112835,49.69453820311328
1780112850,49.83849539479049
1780112865,49.63345110532921
1780112880,49.71547934430025
1780112895,49.72742316100739
1780112910,49.612299500411716
1780112925,49.79082535982721
1780112940,49.78577423029468
1780112955,49.63045199716927
1780112970,49.676280474490476
1780112985,49.63987024911013
1780113000,49.73515770310407
1780113015,49.92383843751726
1780113030,49.87238005540458
1780113045,49.84175758261359
1780113060,49.9996579964379
1780113075,50.03175371534254
1780113090,50.225538195220885
1780113105,50.19565234548673
1780113120,49.43077453283629
1780113135,49.640028096908026
1780113150,49.63082030869768
1780113165,49.64892018952259
1780113180,49.81708071020986
1780113195,49.731264124089414
1780113210,49.82586757095916
1780113225,49.537637492008955
1780113240,49.70485092590887
1780113255,49.59041127243741
1780113270,49.659232912318174
1780113285,49.87253790320247
1780113300,49.63050461310189
1780113315,49.84980782030607
1780113330,49.826025418757055
1780113345,49.84438837924512
1780113360,49.64639462475632
1780113375,49.74247131773972
1780113390,49.71721567007705
1780113405,49.76093951009305
1780113420,49.61508814484114
1780113435,49.74247131773972
1780113450,49.0037962395393
1780113465,49.506699323622186
1780113480,49.63229355481133
1780113495,49.5874647802101
1780113510,49.06341009120971
1780113525,49.58862233072797
1780113540,49.43308963387203
1780113555,49.357638386479806
1780113570,49.36389968246284
1780113585,49.42261906327855
1780113600,49.43777245187615
1780113615,49.091349151436546
1780113630,49.31765027768058
1780113645,49.43608874203197
1780113660,49.50506822971064
1780113675,49.458292665602066
1780113690,49.59714611181412
1780113705,49.659390760116075
1780113720,49.60324955999926
1780113735,49.56878612412625
1780113750,49.61361489872749
1780113765,49.61019486310649
1780113780,49.76220229247619
1780113795,49.705955860494115
1780113810,49.616298311291644
1780113825,49.3572700749514
1780113840,49.43566781457093
1780113855,49.50412114292328
1780113870,49.77630336242117
1780113885,49.59551501790257
1780113900,49.567365493945225
1780113915,50.030333085161516
1780113930,49.75720377887628
1780113945,49.947778686864176
1780113960,49.780670484829514
1780113975,50.062534035931414
1780113990,50.01086519008822
1780114005,50.212699907659044
1780114020,49.785300686901
1780114035,49.66386311438967
1780114050,50.13051382089011
1780114065,49.86238302820477
1780114080,50.00365680731782
1780114095,49.92378582158463
1780114110,49.8093987840458
1780114125,49.835338438832665
1780114140,49.89489967457046
1780114155,49.98050579696037
1780114170,49.917892837130005
1780114185,50.02123052881643
1780114200,49.88684943687798
1780114215,49.865697831960496
1780114230,50.172027791735616
1780114245,50.17944663823653
1780114260,50.24842612591519
1780114275,50.18465561556695
1780114290,50.21364699444639
1780114305,50.360024519024606
1780114320,50.33887291410713
1780114335,50.73917492956041
1780114350,50.39206762199662
1780114365,50.334400559833526
1780114380,50.289045625905985
1780114395,50.2944124510343
1780114410,50.214699313099
1780114425,50.2765230339399
1780114440,50.201334866210836
1780114455,50.26563153588538
1780114470,50.25384556697614
1780114485,50.45015561162076
1780114500,50.296622320204776
1780114515,50.282731713990316
1780114530,49.76362292265721
1780114545,49.673649677858954
1780114560,49.719320307382276
1780114575,49.75904533651835
1780114590,49.7555200690321
1780114605,49.697747775003755
1780114620,49.662968643534946
1780114635,49.77835538379377
1780114650,49.77346210205913
1780114665,49.986083085819224
1780114680,49.98650401328027
1780114695,49.696064065159575
1780114710,49.796981423944985
1780114725,49.99013451263177
1780114740,49.9364662613486
1780114755,49.565681784101045
1780114770,49.81192434881206
1780114785,49.89900371731564
1780114800,49.77414610918333
1780114815,49.065304264784416
1780114830,49.437456756280376
1780114845,49.605564661035004
1780114860,49.63471388771234
1780114875,49.57615235469453
1780114890,49.7915093669514
1780114905,49.641396111156425
1780114920,49.87590532289082
1780114935,49.73557863056512
1780114950,49.72005693043911
1780114965,49.77388302952017
1780114980,49.764622625377186
1780114995,49.703745991323636
1780115010,49.97335003012262
1780115025,49.927311089070884
1780115040,50.055588732824184
1780115055,49.73920912991663
1780115070,49.74515473030389
1780115085,49.799401756845995
1780115100,50.20165056180662
1780115115,49.7815123397516
1780115130,50.00844485718721
1780115145,49.81502868883727
1780115160,49.73705187667877
1780115175,49.7555200690321
1780115190,50.22701144133455
1780115205,49.85280692846601
1780115220,49.72979087797575
1780115235,49.73247429053992
1780115250,49.76656941488452
1780115265,50.035121135030906
1780115280,49.746312280821755
1780115295,49.69011846477231
1780115310,49.6448161467774
1780115325,50.01228582026924
1780115340,49.74320794079655
1780115355,49.604722806112925
1780115370,49.93925490577802
1780115385,50.19191661426996
1780115400,49.69864224585847
1780115415,49.08056288524728
1780115430,49.30654831589554
1780115445,49.61750847774214
1780115460,49.545950809364584
1780115475,49.580993020496535
1780115490,49.635029583308125
1780115505,49.65081436309728
1780115520,49.630346765304
1780115535,49.74857476592487
1780115550,49.826709425881255
1780115565,49.777039985478
1780115580,49.71847845246019
1780115595,49.730317037302065
1780115610,49.702377977075244
1780115625,49.72305603859905
1780115640,49.64018594470592
1780115655,49.503963295125395
1780115670,49.41204326081981
1780115685,49.54121537542784
1780115700,49.51832744473354
1780115715,49.74310270893129
1780115730,49.706955563214095
1780115745,49.68948707358075
1780115760,49.80966186370895
1780115775,49.53553285470373
1780115790,49.545424650038285
1780115805,49.55642137995806
1780115820,49.46150223749254
1780115835,49.547055743949834
1780115850,49.52469397258184
1780115865,49.56310360340215
1780115880,49.552212105347614
1780115895,49.59114789549424
1780115910,49.56925966751993
1780115925,49.57978285404603
1780115940,49.79861251785653
1780115955,49.90836935332388
1780115970,49.57494218824402
1780115985,49.505383925306425
1780116000,49.61929741945158
1780116015,49.71137530155506
1780116030,49.41541068050817
1780116045,49.46602720769876
1780116060,49.826604194015985
1780116075,49.82292107873185
1780116090,49.73647310141984
1780116105,49.61724539807899
1780116120,49.60730098681182
1780116135,49.5898851131111
1780116150,49.572627087208275
1780116165,49.548423758198226
1780116180,49.631925243282915
1780116195,49.60419664678661
1780116210,49.74389194792075
1780116225,49.705692780830965
1780116240,49.79782327886707
1780116255,49.75220526527638
1780116270,49.69995764417423
1780116285,49.6840676325198
1780116300,49.78645823741887
1780116315,49.977243609137275
1780116330,49.775777203094876
1780116345,49.73999836890609
1780116360,49.904581006174475
1780116375,49.79224599000823
1780116390,49.87695764154344
1780116405,50.50913807209961
1780116420,49.822394919405546
1780116435,49.84191543041149
1780116450,49.821342600752935
1780116465,49.75673023548261
1780116480,49.86717107807414
1780116495,49.97145585654792
1780116510,49.85086013895867
1780116525,49.82044812989821
1780116540,49.90489670177026
1780116555,49.85664789154804
1780116570,49.81413421798254
1780116585,49.816659782748815
1780116600,49.871064657088816
1780116615,49.75894010465309
1780116630,49.61987619471052
1780116645,49.649183269185734
1780116660,49.748311686261715
1780116675,49.734421080047255
1780116690,49.766253719288734
1780116705,49.752941888333204
1780116720,49.861646405147944
1780116735,49.84017910463467
1780116750,49.758729640922574
1780116765,49.78077571669477
1780116780,49.87443207677716
1780116795,49.865697831960496
1780116810,49.64970942851205
1780116825,49.82313154246237
1780116840,50.14277333319303
1780116855,49.71190146088137
1780116870,49.74915354118381
1780116885,49.96856198025325
1780116900,50.037067924538235
1780116915,50.024177021043734
1780116930,50.16366185844736
1780116945,50.61521179228282
1780116960,50.15045525935709
1780116975,50.15555900482225
1780116990,49.906369947883924
1780117005,49.998658293717924
1780117020,50.47588480267711
1780117035,49.976401754215196
1780117050,49.93020496536557
1780117065,49.98476768750345
1780117080,50.091946342271896
1780117095,49.93441423997601
1780117110,49.941622622746394
1780117125,49.949988556034654
1780117140,49.87690502561081
1780117155,49.88427125617908
1780117170,49.936045333887556
1780117185,50.194284331238336
1780117200,50.17381673344505
1780117215,50.4309507962106
1780117230,51.02461636408121
1780117245,51.18919900134959
1780117260,51.22802955963095
1780117275,51.23928936921389
1780117290,51.24512973773589
1780117305,50.94784971837323
1780117320,50.89975875594889
1780117335,50.89912736475733
1780117350,50.932064938584055
1780117365,50.97221089518117
1780117380,51.00504323714263
1780117395,50.91080810180131
1780117410,50.961056317463495
1780117425,50.289045625905985
1780117440,50.1552959251591
1780117455,50.27810151191883
1780117470,50.32482446009476
1780117485,50.30398855077306
1780117500,50.219803058564175
1780117515,50.32535061942107
1780117530,50.32056256955168
1780117545,50.09815502232231
1780117560,50.05506257349788
1780117575,50.09652392841076
1780117590,50.07379384551436
1780117605,50.097628862996004
1780117620,50.149876484098144
1780117635,50.11388718617884
1780117650,50.19012767256052
1780117665,50.03280603399516
1780117680,50.0867899808741
1780117695,50.18555008642167
1780117710,50.207964473722285
1780117725,50.2356930702186
1780117740,50.16981792256513
1780117755,50.18497131116273
1780117770,50.201019170615055
1780117785,50.17913094264075
1780117800,50.22648528200824
1780117815,50.178973094842846
1780117830,50.192968932922575
1780117845,50.131408291744826
1780117860,50.24674241607101
1780117875,50.25189877746881
1780117890,50.28457327163238
1780117905,50.26784140505587
1780117920,50.23874479431116
1780117935,50.27378700544312
1780117950,50.23769247565855
1780117965,50.283731416710296
1780117980,50.39159407860294
1780117995,50.288203770983884
1780118010,50.24526916995735
1780118025,50.11378195431359
1780118040,50.227590216593484
1780118055,50.1064157237453
1780118070,50.144404427104575
1780118085,50.09126233514771
1780118100,50.10173290574118
1780118115,50.087000444604634
1780118130,50.46520376835309
1780118145,50.11088807801891
1780118160,50.04259259746444
1780118175,50.10736281053265
1780118190,50.16844990831674
1780118205,50.142036710136196
1780118220,50.16997577036302
1780118235,50.2095429517012
1780118250,50.240638967885864
1780118265,50.02165145627748
1780118280,49.97487589216891
1780118295,49.98234735460245
1780118310,49.93088897248976
1780118325,49.935045631167576
1780118340,49.98860865058548
1780118355,49.95477660590404
1780118370,50.04722279953593
1780118385,50.087053060537265
1780118400,50.04101411948552
1780118415,50.10394277491167
1780118430,50.100680587088576
1780118445,50.05885092064728
1780118460,50.165029872695754
1780118475,50.34808070231747
1780118490,50.14624598474664
1780118505,50.238218634984854
1780118520,50.11499212076409
1780118535,50.08821061105513
1780118550,50.03712054047086
1780118565,50.04611786495068
1780118580,50.09478760263395
1780118595,50.3381362910503
1780118610,50.193705555979406
1780118625,50.175553059221855
1780118640,49.9307837406245
1780118655,49.947989150594694
1780118670,50.01844188438701
1780118685,50.07274152686174
1780118700,50.043066140858116
1780118715,50.04653879241173
1780118730,50.06348112271877
1780118745,50.07310983839016
1780118760,50.00249925679996
1780118775,49.984346760042406
1780118790,49.87532654763189
1780118805,50.275312867489404
1780118820,49.959354192042895
1780118835,50.08010775743003
1780118850,49.96224806833758
1780118865,49.95361905538617
1780118880,49.813976370184655
1780118895,49.81034587083315
1780118910,49.81118772575523
1780118925,49.80713629894268
1780118940,49.83328641746007
1780118955,49.97624390641731
1780118970,49.761044741958315
1780118985,49.7846166797768
1780119000,49.808714776921605
1780119015,49.82928760658015
1780119030,49.95309289605986
1780119045,49.927258473138245
1780119060,49.90042434749667
1780119075,50.04417107544336
1780119090,49.970350921962684
1780119105,49.973402646055256
1780119120,50.00023677169684
1780119135,50.10888867257894
1780119150,50.082580706263656
1780119165,49.97698052947413
1780119180,50.024387484774266
1780119195,49.98266305019823
1780119210,50.13987945689835
1780119225,50.08689521273937
1780119240,50.042066438138136
1780119255,50.17044931375669
1780119270,50.05111637855059
1780119285,50.08442226390572
1780119300,50.051063762617964
1780119315,50.251267386277235
1780119330,50.09962826843597
1780119345,50.13225014666691
1780119360,50.16881821984516
1780119375,50.05516780536314
1780119390,50.0268604336079
1780119405,49.993765011983285
1780119420,50.048696045649585
1780119435,50.13282892192586
1780119450,50.04669664020962
1780119465,50.01596893555338
1780119480,50.10352184745063
1780119495,50.66514431234923
1780119510,49.99102898348649
1780119525,50.07679295367431
1780119540,50.07079473735442
1780119555,49.960090815099726
1780119570,50.005971908353565
1780119585,50.111729932940996
1780119600,49.97787500032885
1780119615,49.915051576767965
1780119630,50.19444217903624
1780119645,50.03227987466885
1780119660,50.06421774577559
1780119675,50.20291334418976
1780119690,50.15334913565177
1780119705,50.19154830274155
1780119720,50.22869515117873
1780119735,50.25037291542252
1780119750,50.11967493876821
1780119765,50.36533872822029
1780119780,50.21938213110312
1780119795,50.17876263111233
1780119810,50.20675430727179
1780119825,50.208280169318066
1780119840,50.50019336355241
1780119855,50.23779770752381
1780119870,50.156874403138005
1780119885,50.36891661163917
1780119900,50.19112737528051
1780119915,50.06074509422198
1780119930,50.1995459245014
1780119945,50.262737659590705
1780119960,50.08263332219629
1780119975,50.10857297698317
1780119990,50.11372933838096
1780120005,50.18549747048904
1780120020,50.22643266607562
1780120035,50.23716631633225
1780120050,50.15787410585799
1780120065,50.23411459223968
1780120080,50.17055454562196
1780120095,50.20291334418976
1780120110,50.22127630467782
1780120125,50.444052163435614
1780120140,51.09217522157885
1780120155,51.353623790820095
1780120170,51.447806310228806
1780120185,51.3112679650525
1780120200,51.29906106868221
1780120215,51.315635087460834
1780120230,51.101277777923926
1780120245,51.035350014337844
1780120260,51.14352837182628
1780120275,51.06449924101517
1780120290,51.35904323188105
1780120305,51.0614475169226
1780120320,51.518679971482165
1780120335,51.117378253308885
1780120350,50.20491274962971
1780120365,50.29499122629324
1780120380,50.4877760034516
1780120395,50.20180840960451
1780120410,50.26279027552334
1780120425,50.21138450934328
1780120440,50.68098170807103
1780120455,50.35818296138254
1780120470,50.37049508961808
1780120485,50.32361429364426
1780120500,50.239691881098516
1780120515,50.64194068605914
1780120530,50.2424279095953
1780120545,50.429109238568536
1780120560,50.47130721653824
1780120575,50.20559675675391
1780120590,50.13388124057846
1780120605,50.029649078037316
1780120620,50.09157803074349
1780120635,50.1153604322925
1780120650,50.09652392841076
1780120665,50.013601218585
1780120680,49.939360137643284
1780120695,50.00039461949473
1780120710,49.92225995953835
1780120725,49.91847161238895
1780120740,49.894320899311516
1780120755,50.04464461883703
1780120770,50.01844188438701
1780120785,50.07616156248274
1780120800,50.109467447837886
1780120815,50.067006390205016
1780120830,50.12709378526912
1780120845,50.1198327865661
1780120860,50.242901452988974
1780120875,50.0123910521345
1780120890,50.115255200427235
1780120905,50.056904131139945
1780120920,50.219539978901004
1780120935,50.14714045560136
1780120950,50.12740948086489
1780120965,49.94114907935272
1780120980,50.196336352610935
1780120995,50.11457119330305
1780121010,50.17386934937769
1780121025,50.21459408123374
1780121040,50.18418207217328
1780121055,50.148982013243426
1780121070,50.21122666154538
1780121085,50.33839937071345
1780121100,50.112413940065196
1780121115,50.140668695887804
1780121130,50.09094663955192
1780121145,50.066322383080816
1780121160,50.110940693951534
1780121175,50.23227303459761
1780121190,50.415271248286686
1780121205,49.941990934274806
1780121220,50.00428819850939
1780121235,50.01218058840398
1780121250,50.01933635524173
1780121265,50.15119188241391
1780121280,50.034963287233005
1780121295,50.02370347765006
1780121310,50.09736578333286
1780121325,49.9800322535667
1780121340,50.02717612920369
1780121355,50.10289045625906
1780121370,50.06190264473985
1780121385,50.08636905341306
1780121400,50.00349895951993
1780121415,50.06911102751024
1780121430,50.227748064391385
1780121445,50.329665125896774
1780121460,50.14498320236351
1780121475,50.20259764859397
1780121490,50.19386340377729
1780121505,50.30977630336242
1780121520,50.32940204623362
1780121535,50.39980216409331
1780121550,50.26284289145596
1780121565,50.31072339014977
1780121580,50.29930573276894
1780121595,50.33792582731977
1780121610,50.269419883034786
1780121625,50.4517867055323
1780121640,50.444420474964026
1780121655,50.37286280658646
1780121670,50.417165421861384
1780121685,50.28794069132074
1780121700,50.227905912189264
1780121715,50.19375817191203
1780121730,50.199335460770875
1780121745,50.24800519845414
1780121760,50.30909229623822
1780121775,50.28915085777123
1780121790,50.521134504739386
1780121805,50.005340517162
1780121820,50.06458605730402
1780121835,50.053957638912635
1780121850,50.08273855406156
1780121865,50.00055246729262
1780121880,50.20959556763383
1780121895,50.216330407010545
1780121910,50.16887083577779
1780121925,50.024387484774266
1780121940,50.1084677451179
1780121955,50.13766958772786
1780121970,50.200072083827706
1780121985,50.00281495239574
1780122000,50.00113124255156
1780122015,50.06153433321143
1780122030,50.16066275028741
1780122045,50.12225311946711
1780122060,50.16660835067467
1780122075,50.03954087337187
1780122090,50.15156019394234
1780122105,50.161609837074764
1780122120,50.228063759987165
1780122135,50.200177315692976
1780122150,49.792351221873496
1780122165,50.25616066801189
1780122180,50.46146803713633
1780122195,50.276365186142016
1780122210,50.728914822697455
1780122225,50.41185121266572
1780122240,50.22474895623144
1780122255,50.264263521636984
1780122270,50.23053670882081
1780122285,50.307671666057196
1780122300,50.20517582929287
1780122315,50.154769765832796
1780122330,50.10494247763165
1780122345,50.02707089733842
1780122360,50.07684556960693
1780122375,50.17860478331444
1780122390,50.09731316740022
1780122405,50.09631346468024
1780122420,50.54481167442313
1780122435,50.48535567055059
1780122450,50.39091007147874
1780122465,50.69182059019292
1780122480,50.59006137648541
1780122495,50.49614193673986
1780122510,50.9722635111138
1780122525,50.6277343842489
1780122540,50.42626797820648
1780122555,50.76379918603152
1780122570,50.45094485061021
1780122585,50.38727957212723
1780122600,50.51229502805745
1780122615,50.36712766992972
1780122630,50.028859839047854
1780122645,50.23085240441658
1780122660,50.18349806504907
1780122675,50.21412053784007
1780122690,50.37181048793384
1780122705,50.310986469812924
1780122720,50.41574479168036
1780122735,50.44115828714093
1780122750,50.449366372631296
1780122765,50.40969395942785
1780122780,50.242954068921605
1780122795,50.258107457519216
1780122810,50.35976143936145
1780122825,50.273260846116806
1780122840,50.25474003783086
1780122855,50.225906506749304
1780122870,50.1659769594831
1780122885,50.45715353066063
1780122900,49.84680871214613
1780122915,49.920313170031015
1780122930,49.87643148221713
1780122945,50.11478165703356
1780122960,49.91952393104155
1780122975,49.85285954439864
1780122990,49.91389402625009
1780123005,49.928100328060346
1780123020,49.92462767650673
1780123035,50.37165264013596
1780123050,50.312722795589735
1780123065,50.17586875481766
1780123080,50.26489491282855
1780123095,50.45662737133432
1780123110,50.502245384925004
1780123125,50.397750142720724
1780123140,50.670668985275434
1780123155,50.52408099696669
1780123170,50.177289384998666
1780123185,50.44736696719134
1780123200,50.456995682862726
1780123215,50.008287009389306
1780123230,50.23395674444178
1780123245,50.23679800480383
1780123260,50.26252719586017
1780123275,50.23043147695554
1780123290,50.192705853259426
1780123305,50.204649669966564
1780123320,50.27378700544312
1780123320,50.27378700544312
1780123335,50.28331048924925
1780123350,50.33529503068824
1780123365,50.3481333182501
1780123380,50.251056922546724
1780123395,50.60968711935661
1780123410,50.211594973073794
1780123425,50.12819871985437
1780123440,50.20512321336024
1780123455,50.14866631764765
1780123470,50.199335460770875
1780123485,50.41848082017716
1780123500,50.327928800119956
1780123515,50.248320894049925
1780123530,50.26036994262233
1780123545,50.25289848018879
1780123560,50.08105484421738
1780123575,50.30925014403611
1780123590,50.120306329959774
1780123605,50.45089223467758
1780123620,50.22648528200824
1780123635,50.126462394077556
1780123650,50.26936726710215
1780123665,50.53660358893277
1780123680,50.2766808817378
1780123695,50.27441839663469
1780123710,50.32940204623362
1780123725,50.479988845422284
1780123740,50.35023795555532
1780123755,49.959354192042895
1780123770,50.37323111811487
1780123785,50.33982000089448
1780123800,50.49645763233565
1780123815,50.33203284286515
1780123830,50.0497483643022
1780123845,50.259212392104445
1780123860,50.18718118033322
1780123875,50.24248052552793
1780123890,50.2482682781173
1780123905,50.24595317708156
1780123920,50.24953106050043
1780123935,50.40979919129312
1780123950,50.42432118869915
1780123965,50.325666315016846
1780123980,50.425005195823346
1780123995,50.239954960761665
1780124010,50.24753165506046
1780124025,50.405747764480566
1780124040,50.39027868028718
1780124055,50.540391936082166
1780124070,50.511400557202734
1780124085,50.394067027436584
1780124100,50.426688905667525
1780124115,50.689979032550845
1780124130,50.4986148855735
1780124145,50.4479983583829
1780124160,50.55964936742495
1780124175,50.52923735836449
1780124190,50.401696337668014
1780124205,50.436001925743135
1780124220,50.511979332461664
1780124235,50.59737499112107
1780124250,50.68861101830245
1780124265,50.87976470154927
1780124280,50.471728143999286
1780124295,50.68892671389824
1780124310,50.610423742413445
1780124325,50.65651529939781
1780124340,50.64041482401286
1780124355,50.418743899840315
1780124370,50.13219753073428
1780124385,50.41158813300255
1780124400,50.381491819537885
1780124415,50.92264668664318
1780124430,51.28916927334765
1780124445,51.40481909326964
1780124460,51.20256344823776
1780124475,51.210981997458646
1780124490,51.23429085561399
1780124505,51.227766479967805
1780124520,51.37714311270596
1780124535,51.318686811553405
1780124550,51.26070405379453
1780124565,51.26622872672073
1780124580,50.337399667993466
1780124595,50.3145643532318
1780124610,50.37228403132752
1780124625,50.439685041027275
1780124640,50.4505765390818
1780124655,50.62715560898996
1780124670,50.44373646783983
1780124685,50.58274776184977
1780124700,50.1906012159542
1780124715,50.226958825401915
1780124730,50.19412648344045
1780124745,50.20549152488864
1780124760,50.15024479562656
1780124775,50.31188094066764
1780124790,50.221960311802015
1780124805,50.19923022890562
1780124820,50.13177660327324
1780124835,50.1628726194579
1780124850,50.19491572242991
1780124865,50.131355675812195
1780124880,50.28062707668509
1780124895,50.26126441347705
1780124910,50.34576560128172
1780124925,50.50114045033977
1780124940,50.35786726578675
1780124955,50.17229087139876
1780124970,50.207911857789654
1780124985,50.14971863630026
1780125000,50.3544998460984
1780125015,50.488986169902105
1780125030,50.284678503497645
1780125045,50.25384556697614
1780125060,50.29557000155217
1780125075,50.21117404561275
1780125090,50.29909526903842
1780125105,50.28336310518188
1780125120,50.259001928373934
1780125135,50.76022130261264
1780125150,50.32287767058743
1780125165,50.383701688708356
1780125180,50.23737678006277
1780125195,50.18065680468703
1780125210,50.22632743421036
1780125225,50.199966851962444
1780125240,50.3980658383165
1780125255,50.22701144133455
1780125270,50.35760418612361
1780125285,50.268683259977955
1780125300,49.98045318102775
1780125315,49.8972147756062
1780125330,49.92804771212771
1780125345,50.01807357285859
1780125360,50.05153730601164
1780125375,49.955513228960854
1780125390,49.92788986432982
1780125405,50.13640680534473
1780125420,50.07700341740482
1780125435,49.968982907714285
1780125450,50.23153641154078
1780125465,50.18691810067006
1780125480,50.26321120298438
1780125495,50.43121387587375
1780125510,50.086105973749916
1780125525,50.08073914862159
1780125540,50.252424936795116
1780125555,50.12804087205647
1780125570,50.11272963566098
1780125585,50.327665720456814
1780125600,50.17134378461141
1780125615,50.32955989403152
1780125630,50.57159318413209
1780125645,50.51592552740895
1780125660,50.58953521715911
1780125675,50.63278551378143
1780125690,50.64830721390745
1780125705,50.647781054581145
1780125720,50.619368450960636
1780125735,50.5521779049914
1780125750,50.44557802548189
1780125765,50.47683188946445
1780125780,50.732071778655296
1780125795,50.46209942832789
1780125810,50.490827727544186
1780125825,50.412798299453065
1780125840,50.447630046854485
1780125855,50.44094782341041
1780125870,50.53470941535807
1780125885,50.44389431563771
1780125900,50.37065293741598
1780125915,50.34823855011537
1780125930,50.42247963105708
1780125945,50.19817791025301
1780125960,50.16108367774845
1780125975,50.15108665054866
1780125990,50.21064788628644
1780126005,50.189969824762635
1780126020,50.44021120035358
1780126035,50.35544693288574
1780126050,50.24821566218467
1780126065,50.367180285862354
1780126080,50.19286370105731
1780126095,50.10546863695795
1780126110,50.167608053394645
1780126125,50.22464372436617
1780126140,50.32045733768642
1780126155,50.17023885002618
1780126170,50.35207951319739
1780126185,50.29946358056683
1780126200,50.19901976517509
1780126215,50.3519216653995
1780126230,50.26242196399492
1780126245,50.24979414016359
1780126260,50.27615472241149
1780126275,50.42158516020236
1780126290,50.59811161417789
1780126305,50.35444723016577
1780126320,50.4385274905094
1780126335,50.44452570682929
1780126350,50.78458247942059
1780126365,50.49487915435673
1780126380,50.51960864269309
1780126395,50.47551649114869
1780126410,50.55212528905878
1780126425,50.5530197599135
1780126440,50.54223349372424
1780126455,50.50161399373344
1780126470,50.639993896551815
1780126485,50.523028678314084
1780126500,50.593744491769556
1780126515,50.46146803713633
1780126530,50.613949009899684
1780126545,50.51729354165735
1780126560,50.474201092832914
1780126575,50.537234980124325
1780126590,50.53776113945063
1780126605,50.90786160957399
1780126620,50.89144543859325
1780126635,50.65740977025253
1780126650,50.704711493687405
1780126665,50.649359532560055
1780126680,50.66546000794501
1780126695,50.71644484666402
1780126710,50.9123339638476
1780126725,50.78621357333214
1780126740,50.3777560883211
1780126755,50.320352105821165
1780126770,50.305777492482505
1780126785,50.28078492448298
1780126800,50.89386577149426
1780126815,49.87343237405719
1780126830,50.17144901647668
1780126845,50.28678314080286
1780126860,50.40706316279633
1780126875,50.302252224996245
1780126890,50.530657988545514
1780126905,50.3286654231768
1780126920,50.352184745062644
1780126935,50.468045028715146
1780126950,50.37696684933164
1780126965,50.33455840763141
1780126980,50.57243503905418
1780126995,50.40732624245947
1780127010,50.44057951188199
1780127025,50.59748022298633
1780127040,50.54370673983789
1780127055,50.8021562009192
1780127070,50.96121416526138
1780127085,50.7401746322804
1780127100,50.56559496781221
1780127115,50.40174895360063
1780127130,50.33203284286515
1780127145,50.44010596848831
1780127160,50.97352629349694
1780127175,50.217961500922094
1780127190,50.717286701586104
1780127205,50.95816244116881
1780127220,50.91417552148967
1780127235,50.891971597919564
1780127250,50.63594246973926
1780127265,50.7661669029999
1780127280,50.64583426507381
1780127295,50.61058159021133
1780127310,50.91912141915693
1780127325,50.99420435502074
1780127340,50.8324629781144
1780127355,50.9211208245969
1780127370,50.84845822163408
1780127385,50.58695703646021
1780127400,51.00172843338691
1780127415,49.885902350090625
1780127430,50.53891868996851
1780127445,50.646360424400115
1780127460,50.617369045520675
1780127475,50.5593862877618
1780127490,50.509348535830135
1780127505,50.58774627544966
1780127520,50.64809675017692
1780127535,50.27310299831892
1780127550,50.79368503576568
1780127565,51.164048585552194
1780127580,50.573013814313114
1780127595,50.98683812445246
1780127610,51.01809198843501
1780127625,51.05618592365955
1780127640,50.96005661474351
1780127655,50.25816007345184
1780127670,50.724705548087016
1780127685,50.78994930454891
1780127700,51.123481701494036
1780127715,50.8531410396382
1780127730,50.56206970032595
1780127745,50.50103521847451
1780127760,50.44268414918722
1780127775,50.589798296822266
1780127790,50.551072970406175
1780127805,50.59390233956744
1780127820,50.48309318544748
1780127835,50.50529710901759
1780127850,50.46594039140992
1780127865,50.383964768371506
1780127880,50.47467463622659
1780127895,50.48340888104327
1780127910,50.87166184792417
1780127925,50.51297903518164
1780127940,50.44705127159554
1780127955,50.43910626576833
1780127970,50.420690689347644
1780127985,50.49477392249146
1780128000,50.4342129840337
1780128015,49.80813600166266
1780128030,50.29472814663008
1780128045,50.302199609063614
1780128060,50.458679392706905
1780128075,50.359182664102505
1780128090,50.4107988940131
1780128105,50.5030872398471
1780128120,50.826622609592405
1780128135,50.527711496318204
1780128150,50.62889193476676
1780128165,50.589640449024365
1780128180,50.58874597816965
1780128195,50.47509556368763
1780128210,50.50955899956065
1780128225,50.44926114076603
1780128240,50.467624101254096
1780128255,50.39501411422393
1780128270,50.14577244135297
1780128285,49.889953776903184
1780128300,50.251267386277235
1780128315,50.147982310523446
1780128330,50.53776113945063
1780128345,50.35171120166897
1780128360,50.536077429606465
1780128375,50.457679689986925
1780128390,50.47514817962026
1780128405,50.151034034616025
1780128420,50.33113837201043
1780128435,50.22816899185243
1780128450,50.35086934674688
1780128465,50.274102701038906
1780128480,50.28473111943028
1780128495,50.1045215501706
1780128510,50.29920050090369
1780128525,50.45957386356162
1780128540,50.1824983623291
1780128555,50.140616079955166
1780128570,50.236955852601724
1780128585,50.36281316345402
1780128600,50.241743902471114
1780128615,50.274997171893624
1780128630,50.11851738825034
1780128645,50.28620436554393
1780128660,50.29293920492064
1780128675,50.26452660130014
1780128690,50.339977848692364
1780128705,50.290729335750164
1780128720,50.36549657601819
1780128735,50.425583971082276
1780128750,50.41521863235406
1780128765,50.30867136877718
1780128780,50.41663926253509
1780128795,50.566068511205884
1780128810,50.312670179657104
1780128825,50.22406494910724
1780128840,50.0635337386514
1780128855,50.05743029046626
1780128870,50.181182964013324
1780128885,50.17581613888502
1780128900,50.204597054033925
1780128915,50.32040472175379
1780128930,50.628997166632026
1780128945,50.376809001533765
1780128960,50.23158902747341
1780128975,50.11678106247353
1780128990,50.13467047956792
1780129005,50.21938213110312
1780129020,50.16492464083049
1780129035,50.21017434289276
1780129050,50.35097457861215
1780129065,50.16092582995058
1780129080,50.091946342271896
1780129095,50.06695377427239
1780129110,50.11188778073888
1780129125,50.08747398799831
1780129140,50.06600668748504
1780129155,50.12146388047765
1780129170,50.11357149058306
1780129185,49.886638973147456
1780129200,49.993081004859086
1780129215,50.06148171727881
1780129230,49.99692196794111
1780129245,50.079686829968985
1780129260,50.2165934866737
1780129275,50.177605080594454
1780129290,50.44010596848831
1780129305,50.34181940633443
1780129320,50.43047725281693
1780129335,50.352342592860545
1780129350,50.12851441545014
1780129365,50.32361429364426
1780129380,50.34103016734497
1780129395,50.54823171004412
1780129410,50.40422190243427
1780129425,50.37454651643064
1780129440,50.375020059824315
1780129455,50.40885210450576
1780129470,50.501666609666074
1780129485,50.47278046265189
1780129500,50.449997763822864
1780129515,50.0117070450103
1780129530,50.24684764793628
1780129545,50.25247755272775
1780129560,50.36112945360984
1780129575,50.46604562327519
1780129590,50.81699389392102
1780129605,50.44720911939344
1780129620,50.688453170504566
1780129635,50.859454951553886
1780129650,50.31140739727397
1780129665,50.389068513836676
1780129680,50.32955989403152
1780129695,50.1002070436949
1780129710,50.22085537721678
1780129725,50.18418207217328
1780129740,50.172027791735616
1780129755,50.29009794455859
1780129770,50.397539678990185
1780129785,50.43221357859373
1780129800,50.55665025926501
1780129815,50.465045920555205
1780129830,50.09084140768666
1780129845,50.13288153785849
1780129860,50.51771446911839
1780129875,50.44568325734715
1780129890,50.326613401804195
1780129905,50.305356565021455
1780129920,50.358077729517284
1780129935,50.433634208774755
1780129950,50.489407097363156
1780129965,50.76090530973685
1780129980,50.57011993801843
1780129995,50.48188301899699
1780130010,50.4753586433508
1780130025,50.32382475737478
1780130040,50.49750995098825
1780130055,50.21012172696013
1780130070,50.28673052487024
1780130085,50.18412945624065
1780130100,50.257107754799236
1780130115,50.31609021527809
1780130130,50.48335626511064
1780130145,50.35244782472581
1780130160,50.25716037073187
1780130175,50.303672855177275
1780130190,50.23043147695554
1780130205,50.211752820871695
1780130220,50.23974449703115
1780130235,50.58953521715911
1780130250,50.62357772557108
1780130265,50.22164461620624
1780130280,50.12640977814492
1780130295,50.096944855871804
1780130310,50.55586102027555
1780130325,50.02296685459324
1780130340,50.16676619847256
1780130355,50.15540115702436
1780130370,50.27152452034001
1780130385,50.42684675346541
1780130400,50.45988955915741
1780130415,50.14624598474664
1780130430,50.032227258736214
1780130445,50.11420288177463
1780130460,50.26131702940968
1780130475,50.38685864466619
1780130490,50.26699955013378
1780130505,50.25495050156138
1780130520,50.25079384288355
1780130535,50.27610210647886
1780130550,50.34855424571114
1780130565,50.21496239276215
1780130580,50.614685632956515
1780130595,50.635311078547694
1780130610,50.16550341608943
1780130625,50.441684446467235
1780130640,50.39974954816068
1780130655,50.52665917766559
1780130670,50.50492879748917
1780130685,50.453996574702785
1780130700,50.51960864269309
1780130715,50.46572992767939
1780130730,50.5826425299845
1780130745,50.38385953650625
1780130760,50.944113987156456
1780130775,50.45604859607538
1780130790,50.55433515822927
1780130805,50.4979308784493
1780130820,50.42247963105708
1780130835,50.486723684798996
1780130850,50.4412635190062
1780130865,50.291308111009094
1780130880,50.30056851515208
1780130895,50.22853730338084
1780130910,50.20086132281716
1780130925,50.44557802548189
1780130940,50.2031764238529
1780130955,50.19491572242991
1780130970,50.178710015179696
1780130985,50.220276601957835
1780131000,50.1997037722993
1780131015,50.10257476066327
1780131030,49.87753641680237
1780131045,50.044486771039146
1780131060,50.06811132479025
1780131075,50.08468534356889
1780131090,50.015021848766025
1780131105,50.11572874382091
1780131120,50.25758129819291
1780131135,50.244322083170005
1780131150,50.25142523407513
1780131165,50.32819187978313
1780131180,50.43047725281693
1780131195,50.36686459026658
1780131210,50.559491519627066
1780131225,50.176657993807105
1780131240,50.441421366804086
1780131255,50.331611915404096
1780131270,50.470991520942455
1780131285,50.60642493153351
1780131300,50.68234972231942
1780131315,50.52292344644882
1780131330,50.64699181559168
1780131345,50.93895762575866
1780131360,50.3646547210961
1780131375,50.308618752844545
1780131390,50.344660666696484
1780131405,50.365286112287656
1780131420,50.39175192640084
1780131435,50.39922338883438
1780131450,50.426741521600164
1780131465,50.40285388818588
1780131480,50.422111319528675
1780131495,50.24127035907744
1780131510,50.2362192295449
1780131525,50.22053968162099
1780131540,50.295412153754285
1780131555,50.24942582863516
1780131570,50.38080781241368
1780131585,50.31777392512227
1780131600,50.4087468726405
1780131615,50.90039014714045
1780131630,51.0641835454194
1780131645,51.1607863977291
1780131660,51.320002209869166
1780131675,51.11785179670256
1780131690,51.26654442231653
1780131705,51.178360119227705
1780131720,51.25091749032524
1780131735,51.14052926366632
1780131750,51.180412140600296
1780131765,51.154630333611316
1780131780,51.09585833686299
1780131795,51.06218413997943
1780131810,50.49019633635261
1780131825,50.491985278062046
1780131840,50.515715063678435
1780131855,50.41174598080045
1780131870,50.43273973792004
1780131885,50.41674449440035
1780131900,50.499877667956625
1780131915,50.444104779368246
1780131930,50.35276352032159
1780131945,50.25163569780565
1780131960,50.3285075753789
1780131975,50.325982010612634
1780131990,50.250951690681454
1780132005,50.29720109546372
1780132020,50.493037596714665
1780132035,50.35618355594258
1780132050,50.287098836398656
1780132065,50.301410370074166
1780132080,50.29004532862595
1780132095,50.3159323674802
1780132110,50.240638967885864
1780132125,50.195020954295174
1780132140,50.19717820753302
1780132155,50.23421982410494
1780132170,50.1800780294281
1780132185,50.180025413495464
1780132200,50.30209437719836
1780132215,50.2641056738391
1780132230,50.38417523210204
1780132245,50.400065243756465
1780132260,50.4576270740543
1780132275,50.615106560417566
1780132290,50.95269038417523
1780132305,50.73854353836885
1780132320,50.59437588296112
1780132335,50.5960595928053
1780132350,50.599321780628394
1780132365,50.51192671652903
1780132380,50.6143173214281
1780132395,50.6862959172667
1780132410,50.568541460039505
1780132425,50.56075430201019
1780132440,50.531447227534976
1780132455,50.61342285057337
1780132470,50.58406316016553
1780132485,50.58864074630438
1780132500,50.5473372391894
1780132515,50.502245384925004
1780132530,50.434318215898955
1780132545,50.371968335731744
1780132560,50.37075816928124
1780132575,50.35681494713414
1780132590,50.23443028783545
1780132605,50.233535816980734
1780132620,50.27294515052103
1780132635,50.276786113603066
1780132650,50.25905454430657
1780132665,50.39380394777342
1780132680,50.23385151257652
1780132695,50.212384212063256
1780132710,50.17350103784928
1780132725,50.412798299453065
1780132740,50.33655781307138
1780132755,50.23979711296378
1780132770,50.232378266462874
1780132785,50.26826233251691
1780132800,50.294359835101666
1780132815,50.308618752844545
1780132830,50.2587914646434
1780132845,50.439579809162005
1780132860,50.29946358056683
1780132875,50.309302759968745
1780132890,50.28894039404073
1780132905,50.407115778728965
1780132920,50.30640888367406
1780132935,50.597848534514746
1780132950,50.403011735983775
1780132965,50.367390749592886
1780132980,50.311565245071854
1780132995,50.37865055917583
1780133010,50.43158218740217
1780133025,50.45352303130911
1780133040,50.31409080983813
1780133055,50.34455543483123
1780133070,50.61131821326816
1780133085,50.44578848921242
1780133100,50.42184823986551
1780133115,50.35444723016577
1780133130,50.45041869128391
1780133145,50.44705127159554
1780133160,50.47009705008774
1780133175,50.754328318158024
1780133190,50.70834199303891
1780133205,50.12662024187544
1780133220,50.614001625832316
1780133235,50.505981116141776
1780133250,50.557281650456574
1780133265,50.751329209998076
1780133280,50.483619344773786
1780133295,50.29572784935006
1780133310,50.23343058511548
1780133325,50.260422558554964
1780133340,50.30898706437297
1780133355,50.30119990634364
1780133370,50.303357159581495
1780133385,50.24747903912784
1780133400,50.3620765403972
1780133415,49.78288035399999
1780133430,50.068006092924996
1780133445,50.145982905083486
1780133460,50.26200103653387
1780133475,50.34413450737018
1780133490,50.13446001583739
1780133505,50.329138966570476
1780133520,50.32635032214105
1780133535,50.39880246137333
1780133550,50.3354002625535
1780133565,50.3608663739467
1780133580,50.392015006063986
1780133595,50.533551864840184
1780133610,50.04101411948552
1780133625,50.47241215112348
1780133640,50.02459794850478
1780133655,50.5745396763594
1780133670,50.631259651735135
1780133685,50.76685091012409
1780133700,50.67956107789
1780133715,50.497615182853515
1780133730,50.6339430642993
1780133745,50.39885507730596
1780133760,50.167450205596765
1780133775,50.450050379755496
1780133790,50.25989639922865
1780133805,50.246268872677334
1780133820,50.65020138748214
1780133835,50.41074627808047
1780133850,50.48761815565371
1780133865,50.36433902550031
1780133880,50.37675638560113
1780133895,50.352237360995275
1780133910,50.339609537163945
1780133925,50.498667501506134
1780133940,50.53865561030535
1780133955,50.64025697621497
1780133970,50.564121721698555
1780133985,50.389752520960876
1780134000,50.258107457519216
1780134015,49.92841602365612
1780134030,50.05022190769587
1780134045,50.20959556763383
1780134060,50.251109538479355
1780134075,50.09294604499188
1780134090,50.21359437851376
1780134105,50.542917500848425
1780134120,50.48619752547269
1780134135,50.28362618484503
1780134150,50.37649330593796
1780134165,50.34918563690272
1780134180,50.40537945295215
1780134195,50.36433902550031
1780134210,50.45331256757859
1780134225,50.29635924054163
1780134240,50.34981702809428
1780134255,50.497773030651416
1780134270,50.28509943095869
1780134285,50.40427451836691
1780134300,50.37996595749159
1780134315,50.269682962697935
1780134330,50.26820971658428
1780134345,50.227327136930334
1780134360,50.19412648344045
1780134375,50.15661132347486
1780134390,50.48388242443694
1780134405,50.20538629302339
1780134420,50.17397458124295
1780134435,50.20191364146977
1780134450,50.56222754812385
1780134465,50.30998676709295
1780134480,50.18481346336484
1780134495,50.37291542251909
1780134510,50.26647339080748
1780134525,50.43252927418952
1780134540,50.508717144638574
1780134555,50.45973171135951
1780134570,50.41553432794985
1780134585,50.44321030851352
1780134600,50.24095466348164
1780134615,50.06458605730402
1780134630,50.19754651906143
1780134645,50.27426054883679
1780134660,50.30083159481522
1780134675,50.3858589419462
1780134690,50.33113837201043
1780134705,50.420901153078155
1780134720,50.47483248402449
1780134735,50.42400549310337
1780134750,50.440526895949354
1780134765,50.323298598048474
1780134780,50.302252224996245
1780134795,50.712393419851466
1780134810,50.29488599442797
1780134825,50.64388747556647
1780134840,50.31151262913923
1780134855,50.160715366220046
1780134870,50.32514015569054
1780134885,50.6296285578236
1780134900,50.686979924390904
1780134915,50.45899508830269
1780134930,50.6776669043153
1780134945,50.72139074433129
1780134960,50.33155929947147
1780134975,50.55843920097445
1780134990,50.225064651827225
1780135005,50.349133020970086
1780135020,50.703606559102155
1780135035,50.444683554627176
1780135050,50.48177778713172
1780135065,50.499035813034546
1780135080,50.38059734868315
1780135095,50.465361616150986
1780135110,50.55686072299552
1780135125,50.88802540297228
1780135140,50.899969219679406
1780135155,50.57438182856151
1780135170,50.56201708439332
1780135185,50.590008760552784
1780135200,50.23858694651327
1780135215,50.031280171948865
1780135230,50.148403237984496
1780135245,50.296043544945846
1780135260,50.23790293938908
1780135275,50.23779770752381
1780135290,50.36255008379087
1780135305,50.642045917924406
1780135320,50.47078105721193
1780135335,50.48425073596536
1780135350,50.81315293083899
1780135365,50.744646986553995
1780135380,50.516451686735266
1780135395,50.543075348646326
1780135410,50.574171364830974
1780135425,50.69345168410446
1780135440,50.5936392599043
1780135455,50.648991221031636
1780135470,50.90144246579307
1780135485,50.588167202910704
1780135500,50.560070294885996
1780135515,50.47877867897178
1780135530,50.503455551375524
1780135545,50.619947226219566
1780135560,50.4820934827275
1780135575,50.470991520942455
1780135590,50.495510545548306
1780135605,50.511400557202734
1780135620,50.596006976872665
1780135635,50.57943295809404
1780135650,50.55985983115547
1780135665,50.6508327786737
1780135680,50.79442165882251
1780135695,50.59474419448953
1780135710,50.37238926319279
1780135725,50.479725765759135
1780135740,50.36823260451497
1780135755,50.44005335255568
1780135770,50.56143830913439
1780135785,50.310986469812924
1780135800,50.51829324437733
1780135815,49.70190443368156
1780135830,50.086632133076215
1780135845,50.20707000286757
1780135860,50.27368177357785
1780135875,50.20501798149497
1780135890,50.273366077982075
1780135905,50.23653492514069
1780135920,50.192705853259426
1780135935,50.19980900416455
1780135950,50.34976441216165
1780135965,50.41174598080045
1780135980,50.40295912005115
1780135995,50.29151857473961
1780136010,50.16660835067467
1780136025,50.24595317708156
1780136040,50.39869722950807
1780136055,50.26026471075706
1780136070,50.265684151818014
1780136085,50.32066780141695
1780136100,50.282994793653465
1780136115,50.272418991194726
1780136130,50.50150876186819
1780136145,50.42463688429493
1780136160,50.408694256707875
1780136175,50.51150578906799
1780136190,50.502403232722905
1780136205,50.32066780141695
1780136220,50.36012975088986
1780136235,50.1539279109107
1780136250,50.23769247565855
1780136265,50.20743831439598
1780136280,50.21943474703575
1780136295,50.161715068940026
1780136310,50.26663123860536
1780136325,50.096576544343385
1780136340,50.11120377361469
1780136355,50.26847279624743
1780136370,50.446577728201866
1780136385,50.0206517535575
1780136400,50.056693667409434
1780136415,50.343976659572284
1780136430,50.03575252622247
1780136445,50.127672560528055
1780136460,50.24653195234049
1780136475,50.324350916701086
1780136490,49.905475477029206
1780136505,50.48477689529166
1780136520,50.34608129687751
1780136535,50.48661845293374
1780136550,50.323035518385325
1780136565,50.6573571543199
1780136580,50.38717434026198
1780136595,50.55038896328197
1780136610,50.203439503516066
1780136625,50.35286875218685
1780136640,50.46793979684989
1780136655,50.40801024958368
1780136670,50.65141155393265
1780136685,51.118641035692015
1780136700,50.584747167289734
1780136715,50.43289758571794
1780136730,50.39759229492282
1780136745,50.76758753318092
1780136760,50.41953313882976
1780136775,50.290624103884895
1780136790,50.540970711341096
1780136805,50.612686227516555
1780136820,50.581379747601375
1780136835,50.52602778647402
1780136850,50.638994193831834
1780136865,50.62473527608895
1780136880,50.76243117178313
1780136895,50.62163093606375
1780136910,50.69944990042434
1780136925,50.63694217245924
1780136940,50.63078610834146
1780136955,50.548652637505164
1780136970,50.58427362389606
1780136985,50.60047933114626
1780137000,50.612686227516555
1780137015,50.35076411488163
1780137030,50.14629860067927
1780137045,50.22716928913245
1780137060,50.328034031985226
1780137075,50.33513718289036
1780137090,50.41227214012676
1780137105,50.44273676511985
1780137120,50.490985575342066
1780137135,50.417165421861384
1780137150,50.59258694125168
1780137165,50.68013985314893
1780137180,50.83919781749111
1780137195,50.797578614780335
1780137210,50.627944847979414
1780137225,50.53818206691167
1780137240,50.58274776184977
1780137255,50.82783277604291
1780137270,50.51192671652903
1780137285,50.53449895162754
1780137300,50.669564050690184
1780137315,50.74806702217498
1780137330,50.462941283249975
1780137345,50.43873795423992
1780137360,50.332927313719864
1780137375,50.242322677730044
1780137390,50.33639996527348
1780137405,50.4624677398563
1780137420,50.5041395584997
1780137435,50.54428551509682
1780137450,50.35513123728996
1780137465,50.47151768026876
1780137480,50.7799522773491
1780137495,50.40622130787425
1780137510,50.26605246334643
1780137525,50.5845367035592
1780137540,50.61657980653121
1780137555,50.67493087581851
1780137570,50.76521981621255
1780137585,50.60610923593774
1780137600,50.72780988811222
1780137615,50.972947518238
1780137630,50.2816793953377
1780137645,50.39212023792925
1780137660,50.418059892716116
1780137675,50.45289164011755
1780137690,50.44994514789023
1780137705,50.474201092832914
1780137720,50.48109378000753
1780137735,50.370968633011756
1780137750,50.44184229426513
1780137765,50.44915590890078
1780137780,50.31209140439816
1780137795,50.51366304230584
1780137810,50.50282416018395
1780137825,50.453365183511224
1780137840,50.63220673852249
1780137855,50.31787915698753
1780137870,50.4125352197899
1780137885,50.66688063812603
1780137900,50.5740135170331
1780137915,50.65646268346518
1780137930,50.312670179657104
1780137945,50.520976656941485
1780137960,50.70265947231481
1780137975,50.899916603746775
1780137990,50.84730067111622
1780138005,50.77784764004388
1780138020,50.78568741400584
1780138035,50.69808188617595
1780138050,50.74127956686565
1780138065,50.69150489459713
1780138080,50.43621238947365
1780138095,50.58585210187496
1780138110,50.81851975596731
1780138125,50.79037023200996
1780138140,50.64757059085061
1780138155,50.56901500343318
1780138170,50.41606048727616
1780138185,50.39722398339441
1780138200,50.30414639857095
1780138215,50.4251104276886
1780138230,50.05895615251254
1780138245,50.1424050216646
1780138260,50.366022735344494
1780138275,50.37817701578216
1780138290,50.168660372047256
1780138305,50.74154264652879
1780138320,50.48172517119909
1780138335,50.48861785837369
1780138350,50.879291158155596
1780138365,50.75280245611174
1780138380,50.66388152996608
1780138395,50.94011517627652
1780138410,50.84956315621933
1780138425,50.90317879156987
1780138440,50.96258217950977
1780138455,50.953006079771015
1780138470,50.84745851891411
1780138485,50.904599421750895
1780138500,50.92711904091678
1780138515,50.917437709312765
1780138530,50.99046862380398
1780138545,50.778899958696485
1780138560,50.68566452607514
1780138575,50.6403095921476
1780138590,50.62389342116687
1780138605,50.53507772688648
1780138620,50.888446330433325
1780138635,50.77947873395543
1780138650,50.78379324043114
1780138665,50.606214467803
1780138680,50.652358640719996
1780138695,50.768692467766165
1780138710,50.49345852417571
1780138725,50.48945971329578
1780138740,50.64567641727591
1780138755,50.651622017663165
1780138770,50.59926916469576
1780138785,50.60410983049777
1780138800,50.197599134994064
1780138815,50.94316690036911
1780138830,51.0974368148419
1780138845,51.38019483679853
1780138860,51.716305414442544
1780138875,51.56824418002015
1780138890,51.563403514218145
1780138905,51.46306493069166
1780138920,51.23271237763507
1780138935,51.60039251485742
1780138950,51.39119156671832
1780138965,51.41849923575358
1780138980,51.344679082272904
1780138995,51.337628547300405
1780139010,51.33936487307722
1780139025,50.70976262321993
1780139040,50.99341511603128
1780139055,50.84156553445949
1780139070,50.96084585373297
1780139085,50.85377243082978
1780139100,50.83467284728489
1780139115,50.93153877925774
1780139130,50.96684407005285
1780139145,50.8026823602455
1780139160,50.790633311673105
1780139175,50.82472843601771
1780139190,50.79710507138666
1780139205,50.78926529742471
1780139220,50.800104179546615
1780139235,50.83467284728489
1780139250,50.87692344118723
1780139265,50.77258604678083
1780139280,50.72175905585971
1780139295,50.84803729417304
1780139310,50.82199240752092
1780139325,50.80510269314651
1780139340,50.77584823460393
1780139355,50.868820587562126
1780139370,51.020301857605496
1780139385,50.87134615232838
1780139400,50.85956018341914
1780139415,50.78184645092381
1780139430,50.76248378771575
1780139445,50.74443652282348
1780139460,50.76911339522721
1780139475,50.749329804558116
1780139490,50.71791809277768
1780139505,50.698344965839105
1780139520,50.809364583689586
1780139535,50.79384288356357
1780139550,50.76916601115984
1780139565,50.85072070673721
1780139580,50.8007881866708
1780139595,50.75606464393483
1780139610,50.76001083888212
1780139625,50.267946636921124
1780139640,50.24837350998256
1780139655,50.24227006179741
1780139670,50.33771536358924
1780139685,50.28815115505125
1780139700,50.242901452988974
1780139715,50.34013569649025
1780139730,50.31109170167818
1780139745,50.27441839663469
1780139760,50.24148082280795
1780139775,50.25658159547292
1780139790,50.15298082412336
1780139805,50.269630346765304
1780139820,50.275786410883086
1780139835,50.21601471141477
1780139850,50.3722314153949
1780139865,50.204544438101294
1780139880,50.20949033576858
1780139895,50.2184876602484
1780139910,50.085316734760454
1780139925,50.09941780470544
1780139940,50.140721311820435
1780139955,50.108309897320005
1780139970,50.10410062270956
1780139985,50.23043147695554
1780140000,50.359393127833044
1780140015,50.31288064338762
1780140030,50.305356565021455
1780140045,50.46809764464777
1780140060,50.58448408762657
1780140075,50.68676946066037
1780140090,50.57317166211101
1780140105,50.565068808485904
1780140120,50.64078313554128
1780140135,50.63236458632039
1780140150,50.670668985275434
1780140165,50.57859110317195
1780140180,50.66645971066499
1780140195,50.68161309926259
1780140210,50.654621125823105
1780140225,50.50208753712712
1780140240,50.3929094769187
1780140255,50.42826738364644
1780140270,50.384385695832556
1780140285,50.43352897690949
1780140300,50.47246476705611
1780140315,50.49724687132511
1780140330,50.34818593418273
1780140345,50.257002522933966
1780140360,50.28320525738399
1780140375,50.35623617187521
1780140390,50.30530394908883
1780140405,50.31461696916444
1780140420,50.22858991931347
1780140435,50.316037599345464
1780140450,50.40979919129312
1780140465,50.38112350800946
1780140480,50.58722011612337
1780140495,50.42274271072023
1780140510,50.44115828714093
1780140525,50.430003709423254
1780140540,50.459047704235324
1780140555,50.41884913170558
1780140570,50.45420703843331
1780140585,50.387226956194596
1780140600,50.48172517119909
1780140615,50.51287380331638
1780140630,50.53318355331178
1780140645,50.42868831110749
1780140660,50.48977540889157
1780140675,50.53518295875175
1780140690,50.62647160186577
1780140705,50.55875489657022
1780140720,50.63168057919618
1780140735,50.575013219753075
1780140750,50.58879859410228
1780140765,50.5845367035592
1780140780,50.66524954421448
1780140795,50.565331888149046
1780140810,50.77242819898294
1780140825,50.44215798986092
1780140840,50.297832486655295
1780140855,50.244059003506855
1780140870,50.367180285862354
1780140885,50.38917374570193
1780140900,50.668880043566
1780140915,50.44563064141453
1780140930,50.4087468726405
1780140945,50.44578848921242
1780140960,50.305356565021455
1780140975,50.343029572784936
1780140990,50.56843622817425
1780141005,50.2160673273474
1780141020,50.210700502219076
1780141035,50.26710478199904
1780141050,50.308039977585615
1780141065,50.33860983444397
1780141080,50.34160894260391
1780141095,50.375020059824315
1780141110,50.34729146332801
1780141125,50.37144217640544
1780141140,50.39248854945766
1780141155,50.41306137911621
1780141170,50.387332188059865
1780141185,50.374441284565386
1780141200,50.45678521913221
1780141215,50.3670750539971
1780141230,50.47125460060561
1780141245,50.50961161549329
1780141260,50.579327726228776
1780141275,50.57296119838048
1780141290,50.571908879727864
1780141305,50.63888896196658
1780141320,50.52586993867614
1780141335,50.554703469757676
1780141350,50.62641898593313
1780141365,50.73407118409526
1780141380,50.61131821326816
1780141395,50.568541460039505
1780141410,50.548336941909376
1780141425,50.76764014911355
1780141440,50.54791601444833
1780141455,50.463309594778394
1780141470,50.611949604459724
1780141485,50.463940985969955
1780141500,50.37191571979911
1780141515,50.769692170486145
1780141530,50.518924635568894
1780141545,50.50408694256707
1780141560,50.44610418480819
1780141575,50.41779681305296
1780141590,50.59947962842628
1780141605,50.79105423913415
1780141620,50.681981410790996
1780141635,50.933012025371404
1780141650,50.61573795160912
1780141665,50.62515620354999
1780141680,50.68855840236982
1780141695,50.569751626490024
1780141710,50.56291155524805
1780141725,50.6490964528969
1780141740,50.44694603973029
1780141755,50.361866076666686
1780141770,50.35913004816989
1780141785,50.33061221268412
1780141800,50.48903878583474
1780141815,50.37991334155896
1780141830,50.42300579038339
1780141845,50.49524746588514
1780141860,50.367443365525524
1780141875,50.36675935840131
1780141890,50.65256910445052
1780141905,50.628734086968876
1780141920,50.63467968735613
1780141935,50.46988658635721
1780141950,50.595270353815835
1780141965,50.676772433460584
1780141980,50.56296417118067
1780141995,50.67219484732172
1780142010,50.74454175468874
1780142025,50.67166868799542
1780142040,50.61989461028694
1780142055,50.41158813300255
1780142070,50.41379800217304
1780142085,50.71302481104303
1780142100,50.563279866776455
1780142115,50.458048001515344
1780142130,50.433371129111606
1780142145,50.41590263947826
1780142160,50.65014877154952
1780142175,50.385069702956756
1780142190,50.2494784445678
1780142205,50.57890679876773
1780142220,50.36055067835091
1780142235,50.46651916666887
1780142250,50.39732921525968
1780142265,50.44720911939344
1780142280,50.679034918563694
1780142295,50.435265302686304
1780142310,50.394645802695514
1780142325,50.7926853330457
1780142340,50.3519216653995
1780142355,50.76432534535783
1780142370,50.355604780683635
1780142385,50.89028788807539
1780142400,50.6990289729633
1780142415,50.41385061810567
1780142430,50.43295020165056
1780142445,50.52292344644882
1780142460,50.375598835083245
1780142475,50.66309229097663
1780142490,50.49124865500523
1780142505,50.50282416018395
1780142520,50.738438306503596
1780142535,50.447630046854485
1780142550,50.49045941601577
1780142565,50.794684738485664
1780142580,50.461994196462626
1780142595,50.54633753646942
1780142610,50.53486726315596
1780142625,50.42416334090125
1780142640,50.87613420219776
1780142655,50.700028675683285
1780142670,50.54333842830947
1780142685,50.622104479457434
1780142700,50.569699010557386
1780142715,50.69061042374241
1780142730,50.89912736475733
1780142745,50.827411848581875
1780142760,50.71960180262185
1780142775,50.830674036404965
1780142790,50.58537855848129
1780142805,50.7591163680274
1780142820,50.63315382530984
1780142835,50.79126470286468
1780142850,50.702291160786395
1780142865,50.714287593426164
1780142880,50.830253108943914
1780142895,50.85114163419825
1780142910,50.611739140729206
1780142925,50.74748824691605
1780142940,50.87376648522939
1780142955,50.669616666622815
1780142970,50.99088955126502
1780142985,50.76863985183353
1780143000,50.77121803253244
1780143015,50.9784721911642
1780143030,50.70060745094223
1780143045,50.77453283628815
1780143060,50.931328315527225
1780143075,50.6885057864372
1780143090,50.67987677348577
1780143105,50.77742671258283
1780143120,50.76300994704206
1780143135,50.82709615298609
1780143150,50.84324924430367
1780143165,50.83183158692284
1780143180,50.88770970737648
1780143195,50.88423705582288
1780143210,50.86908366722527
1780143225,50.94621862446167
1780143240,50.86576886346954
1780143255,50.89207682978483
1780143270,50.8584552488339
1780143285,50.939694248815485
1780143300,51.01924953895289
1780143315,50.842986164640514
1780143330,50.89612825659737
1780143345,50.932643713842985
1780143360,50.70113361026852
1780143375,50.76579859147148
1780143390,51.04839876563022
1780143405,50.69971298008751
1780143420,50.60952927155873
1780143435,50.625577131011035
1780143450,50.56143830913439
1780143465,51.13716184397797
1780143480,50.74543622554346
1780143495,50.531289379737075
1780143510,50.86955721061894
1780143525,50.56943593089424
1780143540,50.57048824954684
1780143555,50.78984407268366
1780143570,50.86887320349476
1780143585,50.643045620644386
1780143600,50.7105518622094
1780143615,50.78084674820382
1780143630,50.92222575918214
1780143645,50.72828343150589
1780143660,50.81699389392102
1780143675,51.027773320039046
1780143690,50.79131731879731
1780143705,50.75259199238121
1780143720,50.87708128898512
1780143735,50.747698710646574
1780143750,51.006937410717335
1780143765,50.99883455709223
1780143780,50.89318176437008
1780143795,51.182411546040264
1780143810,50.79984109988346
1780143825,50.74375251569928
1780143840,50.91254442757811
1780143855,50.83404145609332
1780143870,50.77816333563967
1780143885,50.53697190046118
1780143900,50.49587885707672
1780143915,50.82756969637976
1780143930,50.61315977091023
1780143945,50.7680610765746
1780143960,50.83698794832063
1780143975,50.70834199303891
1780143990,50.56049122234704
1780144005,50.69813450210858
1780144020,50.63246981818564
1780144035,50.899706140016264
1780144050,50.64257207725071
1780144065,50.6372052521224
1780144080,50.82699092112082
1780144095,50.532604778052836
1780144110,50.41242998792465
1780144125,50.88560507007127
1780144140,50.70976262321993
1780144155,50.719759650419746
1780144170,50.57701262519303
1780144185,50.435317918618935
1780144200,50.80773348977804
1780144215,50.63178581106145
1780144230,50.57738093672145
1780144245,50.780478436675416
1780144260,50.47220168739296
1780144275,50.520292649817286
1780144290,50.65335834343998
1780144305,50.89907474882469
1780144320,50.808259649104336
1780144335,50.650306619347404
1780144350,50.80968027928536
1780144365,50.7957896730709
1780144380,50.81909853122624
1780144395,50.877396984580905
1780144410,50.78994930454891
1780144425,50.90023229934256
1780144440,50.86771565297688
1780144455,50.8135212423674
1780144470,50.67172130392804
1780144485,50.657935929578834
1780144500,50.69508277801601
1780144515,50.83167373912494
1780144530,50.72607356233541
1780144545,50.631259651735135
1780144560,50.73922754549305
1780144575,50.80736517824962
1780144590,50.6871377721888
1780144605,50.68213925858889
1780144620,50.649306916627424
1780144635,50.69355691596973
1780144650,50.75759050598112
1780144665,50.755748948339054
1780144680,50.817730516977846
1780144695,50.73559704614154
1780144710,50.79521089781196
1780144725,50.74043771194356
1780144740,50.750750434739146
1780144755,50.67161607206279
1780144770,50.74954026828864
1780144785,50.668406500172324
1780144800,50.76264163551365
1780144815,50.786318805197396
1780144830,50.97636755385899
1780144845,50.870925224867335
1780144860,50.8932343803027
1780144875,50.88613122939758
1780144890,50.90612528379719
1780144905,50.89249775724587
1780144920,50.883816128361836
1780144920,50.883816128361836
1780144935,50.91791125270644
1780144950,50.6881900908414
1780144965,50.809311967756955
1780144980,50.982576233909384
1780144995,50.92369900529579
1780145010,50.98015590100838
1780145025,50.92764520024309
1780145040,50.997624390641725
1780145055,51.004043534422664
1780145070,50.91854264389799
1780145085,50.809311967756955
1780145100,50.72928313422588
1780145115,50.77163895999348
1780145130,50.80063033887292
1780145145,50.81951945868728
1780145160,50.814731408817906
1780145175,50.85272011217717
1780145190,50.842670469044734
1780145205,50.816046807133674
1780145220,50.793211492372
1780145235,50.804997461281246
1780145250,50.897022727452104
1780145265,50.826675225525044
1780145280,50.759221599892655
1780145295,50.69771357464754
1780145310,51.612809874958245
1780145325,51.624437996069595
1780145340,51.63096237171578
1780145355,51.302060176842154
1780145370,51.41118562111793
1780145385,51.45817164895702
1780145400,51.508051553090795
1780145415,51.53688508417233
1780145430,50.78616095739952
1780145445,50.99567760113439
1780145460,51.073023022101324
1780145475,51.01025221447306
1780145490,51.04808307003444
1780145505,51.0385595862283
1780145520,50.94863895736268
1780145535,50.98715382004825
1780145550,50.77106018473454
1780145565,50.89291868470691
1780145580,50.92632980192733
1780145595,50.97489430774533
1780145610,50.83814549883851
1780145625,50.766272134865154
1780145640,50.67377332530063
1780145655,50.747698710646574
1780145670,50.75522278901274
1780145685,50.62078908114166
1780145700,50.74448913875611
1780145715,50.70849984083681
1780145730,50.71528729614614
1780145745,50.80057772294029
1780145760,50.79005453641416
1780145775,50.850668090804575
1780145790,50.81452094508738
1780145805,50.75138182593071
1780145820,50.78210953058695
1780145835,50.69823973397385
1780145850,51.05718562637953
1780145865,50.86813658043792
1780145880,50.88597338159968
1780145895,50.866031943132704
1780145910,50.87939639002086
1780145925,50.73343979290369
1780145940,50.64162499046336
1780145955,50.7169183900577
1780145970,50.77142849626295
1780145985,50.65919871196196
1780146000,50.75159228966124
1780146015,51.72840707894757
1780146030,52.00285178354858
1780146045,52.140652911108006
1780146060,52.01947841825984
1780146075,52.17469541951998
1780146090,52.10045433857826
1780146105,52.11423971292748
1780146120,52.1528598074783
1780146135,51.91777182048496
1780146150,51.20550994046506
1780146165,51.1702572656026
1780146180,51.38640351684893
1780146195,51.23881582582022
1780146210,51.21113984525654
1780146225,51.16215441197749
1780146240,51.232028370510875
1780146255,51.16257533943853
1780146270,50.82314995803879
1780146285,50.88002778121243
1780146300,50.85487736541502
1780146315,50.94995435567844
1780146330,50.9362742131945
1780146345,50.898390741700496
1780146360,51.006358635458405
1780146375,50.92917106228938
1780146390,50.853667198964516
1780146405,50.84724805518359
1780146420,50.934380039619796
1780146435,50.89307653250481
1780146450,50.95295346383839
1780146465,50.94400875529119
1780146480,50.830095261146035
1780146495,50.781057211934346
1780146510,50.61331761870812
1780146525,50.72865174303431
1780146540,50.76206286025471
1780146555,50.79799954224138
1780146570,50.852404416581386
1780146585,50.83809288290587
1780146600,50.98831137056612
1780146615,51.013987945689834
1780146630,50.83393622422806
1780146645,50.80962766335274
1780146660,50.761010541602104
1780146675,50.820887472935674
1780146690,50.74012201634777
1780146705,50.722074751455494
1780146720,50.674246868694304
1780146735,50.781267675664864
1780146750,50.62847100730572
1780146765,50.60179472946202
1780146780,50.511979332461664
1780146795,50.51492582468897
1780146810,50.57843325537406
1780146825,50.55975459929021
1780146840,50.562701091517525
1780146855,50.44826143804606
1780146870,50.429056622635905
1780146885,50.59648052026634
1780146900,50.5630167871133
1780146915,50.57238242312154
1780146930,50.496773327931436
1780146945,50.73617582140049
1780146960,50.56322725084384
1780146975,50.532710009918105
1780146990,50.592060781925376
1780147005,50.50719128259229
1780147020,50.487091996327415
1780147035,50.54838955784201
1780147050,50.546600616132565
1780147065,50.484934743089546
1780147080,50.70050221907696
1780147095,50.78773943537842
1780147110,50.64583426507381
1780147125,50.786108341466885
1780147140,50.58164282726452
1780147155,50.60116333827046
1780147170,50.51071655007853
1780147185,50.61942106689327
1780147200,50.64241422945281
1780147215,50.8160994230663
1780147230,50.86203313225277
1780147245,50.872661550644146
1780147260,50.86150697292647
1780147275,50.90733545024768
1780147290,50.99725607911332
1780147305,50.89233990944798
1780147320,50.99841362963119
1780147335,50.98347070476411
1780147350,51.01551380773613
1780147365,50.94590292886589
1780147380,50.87350340556625
1780147395,50.89212944571746
1780147410,50.91885833949379
1780147425,50.98404948002304
1780147440,50.86818919637055
1780147455,51.02850994309587
1780147470,51.12363954929192
1780147485,51.132636873771744
1780147500,51.667688292691906
1780147515,51.390560175526744
1780147530,51.33620791711938
1780147545,51.319739130206024
1780147560,50.84103937513318
1780147575,51.16657415031845
1780147590,51.23560625392975
1780147605,51.27170078371432
1780147620,51.228924030485665
1780147635,51.13058485239915
1780147650,50.993888659424954
1780147665,51.00630601952577
1780147680,50.93979948068075
1780147695,50.77200727152189
1780147710,50.81757266917995
1780147725,50.77216511931978
1780147740,50.753591695101186
1780147755,51.11648378245417
1780147770,51.07844246316227
1780147785,50.88781493924175
1780147800,50.811995380321115
1780147815,50.86555839973903
1780147830,51.175729322596176
1780147845,51.254547989676745
1780147860,50.887499243645976
1780147875,50.92280453444107
1780147890,50.9710533446633
1780147905,50.954374094019414
1780147920,51.065709407465675
1780147935,51.40129382578338
1780147950,51.24207801364331
1780147965,51.340575039527714
1780147980,51.33804947476146
1780147995,51.403977238347544
1780148010,51.428917190414424
1780148025,51.330104468934245
1780148040,51.0018862811848
1780148055,51.09222783751149
1780148070,51.040769455398795
1780148085,50.87481880388201
1780148100,50.945482001404855
1780148115,50.965002512410784
1780148130,50.90602005193192
1780148145,50.89654918405843
1780148160,50.87229323911573
1780148175,50.875397579140945
1780148190,50.945376769539585
1780148205,51.12474448387716
1780148220,50.98236577017887
1780148235,50.82015084987886
1780148250,50.78331969703746
1780148265,50.8324629781144
1780148280,50.77595346646918
1780148295,50.91722724558223
1780148310,51.01088360566464
1780148325,51.03003580514216
1780148340,51.23986814447284
1780148355,50.8618752844549
1780148370,50.924435628352626
1780148385,50.84945792435407
1780148400,51.05618592365955
1780148415,50.338188906982914
1780148430,50.6649338486187
1780148445,50.70618473980106
1780148460,50.769692170486145
1780148475,50.76995525014929
1780148490,50.826675225525044
1780148505,50.89570732913633
1780148520,50.912965355039155
1780148535,50.90917700788976
1780148550,51.099015292820816
1780148565,50.97857742302947
1780148580,50.85282534404243
1780148595,50.841355070728966
1780148610,50.85524567694344
1780148625,50.8763446659283
1780148640,50.890761431469066
1780148655,50.56222754812385
1780148670,50.6282605435752
1780148685,50.674983491751135
1780148700,50.68161309926259
1780148715,50.57843325537406
1780148730,50.72517909148069
1780148745,50.841670766324754
1780148760,50.88244811411343
1780148775,50.740700791606706
1780148790,50.86645287059375
1780148805,50.77290174237661
1780148820,50.800104179546615
1780148835,51.22687200911308
1780148850,50.97178996772013
1780148865,51.084914222875824
1780148880,50.9715795039896
1780148895,50.96921178702123
1780148910,51.089439193082065
1780148925,50.81825667630415
1780148940,50.90970316721606
1780148955,51.0461362805271
1780148970,51.04476826627871
1780148985,51.13300518530016
1780149000,51.08559823000003
1780149015,50.289677017097546
1780149030,50.67545703514481
1780149045,50.83551470220697
1780149060,50.90949270348555
1780149075,50.83388360829543
1780149090,50.742963276709816
1780149105,50.92022635374218
1780149120,50.889656496883816
1780149135,50.9925732611092
1780149150,50.92554056293787
1780149165,50.749066724894966
1780149180,50.47462202029396
1780149195,50.590640151744346
1780149210,50.603320591508314
1780149225,50.697608342782274
1780149240,50.74259496518141
1780149255,50.75032950727809
1780149270,50.71249865171672
1780149285,50.64578164914118
1780149300,50.611370829200794
1780149315,50.6490964528969
1780149330,50.546390152402054
1780149345,50.57390828516783
1780149360,50.82351826956722
1780149375,50.84803729417304
1780149390,50.77821595157231
1780149405,50.79684199172352
1780149420,50.811574452860064
1780149435,50.802050969053944
1780149450,50.78384585636376
1780149465,50.76395703382941
1780149480,50.78773943537842
1780149495,50.71807594057556
1780149510,50.96494989647815
1780149525,50.91417552148967
1780149540,50.85471951761713
1780149555,50.7124460357841
1780149570,50.856350611528676
1780149585,51.17588717039408
1780149600,51.125375875068734
1780149615,50.35997190309198
1780149630,50.681192171801534
1780149645,50.85503521321291
1780149660,50.9461133925964
1780149675,50.84367017176471
1780149690,51.087334555776835
1780149705,51.508682944282356
1780149720,51.6229121340233
1780149735,51.18883068982119
1780149750,51.14579085692939
1780149765,51.170362497467856
1780149780,50.77374359729869
1780149795,50.99509882587546
1780149810,51.35136130571698
1780149825,50.88481583108181
1780149840,50.809364583689586
1780149855,50.89865382136365
1780149870,50.92769781617572
1780149885,51.03677064451886
1780149900,50.83588301373538
1780149915,50.661724276728236
1780149930,50.70392225469795
1780149945,50.763904417896775
1780149960,50.78331969703746
1780149975,51.13305780123278
1780149990,50.91880572356116
1780150005,51.1151683841384
1780150020,50.57953818995931
1780150035,50.6148434807544
1780150050,51.11385298582264
1780150065,50.76211547618734
1780150080,50.61589579940702
1780150095,50.592323861588525
1780150110,50.90428372615512
1780150125,50.8458800409352
1780150140,50.72749419251643
1780150155,50.96289787510556
1780150170,51.10264579217233
1780150185,50.84309139650578
1780150200,50.873292941835714
1780150215,50.70881553643258
1780150230,50.95858336862986
1780150245,50.98589103766511
1780150260,50.78773943537842
1780150275,50.95642611539199
1780150290,50.97178996772013
1780150305,51.0051484690079
1780150320,51.01172546058672
1780150335,51.0072004903805
1780150350,50.9856805739346
1780150365,50.91512260827702
1780150380,50.89654918405843
1780150395,50.8495105402867
1780150410,50.73175608305951
1780150425,50.69513539394864
1780150440,51.29821921376012
1780150455,51.30569067619366
1780150470,51.24502450587063
1780150485,51.3346820550731
1780150500,50.867347341448465
1780150515,50.88776232330912
1780150530,50.86950459468631
1780150545,50.97784079997264
1780150560,51.08922872935153
1780150575,51.11427391328368
1780150590,51.1189567312878
1780150605,51.43017997279756
1780150620,51.33394543201627
1780150635,51.41481612046944
1780150650,51.266281342653365
1780150665,51.16520613607006
1780150680,51.16562706353112
1780150695,51.20014311533676
1780150710,51.116220702791004
1780150725,51.221031640591086
1780150740,51.01193592431724
1780150755,50.856297995596044
1780150770,50.91670108625592
1780150785,50.9286975188957
1780150800,50.859297103755985
1780150815,51.01298824296985
1780150830,51.328841686551094
1780150845,51.315687703393465
1780150860,51.50784108936026
1780150875,51.251127954055775
1780150890,51.40387200648229
1780150905,51.55530066059304
1780150920,51.401135977985504
1780150935,51.60960030306777
1780150950,51.65600755564792
1780150965,51.46827390802209
1780150980,51.78886278554009
1780150995,51.428338415155494
1780151010,51.08638746898948
1780151025,51.13937171314846
1780151040,51.66384732960988
1780151055,51.48700518003857
1780151070,51.25891511208509
1780151085,51.789652024529545
1780151100,51.088386874429446
1780151115,50.921068208664266
1780151130,51.34746772670232
1780151145,51.14363360369154
1780151160,51.25249596830417
1780151175,51.23308068916348
1780151190,51.013882713824565
1780151205,51.0449261140766
1780151220,51.220768560927944
1780151235,51.02145940812337
1780151250,50.914122905557036
1780151265,50.89965352408363
1780151280,50.76443057722309
1780151295,50.84566957720467
1780151310,50.82372873329773
1780151325,51.24249894110435
1780151340,51.217453757172215
1780151355,51.32947307774267
1780151370,51.17362468529095
1780151385,51.214033721551225
1780151400,51.229081878283566
1780151415,51.57850428688311
1780151430,51.69115499864514
1780151445,51.40424031801069
1780151460,51.231186515588774
1780151475,51.52720375256832
1780151490,51.704045902139626
1780151505,51.59691986330381
1780151520,51.52152123184421
1780151535,51.34478431413816
1780151550,51.34015411206667
1780151565,51.36404174548095
1780151580,51.47490351553354
1780151595,50.776953169189156
1780151610,50.752381528650695
1780151625,50.79094900726889
1780151640,50.8711883045305
1780151655,50.93979948068075
1780151670,50.8818693388545
1780151685,51.03082504413161
1780151700,50.927013809051516
1780151715,51.039611904880914
1780151730,50.69745049498439
1780151745,50.734965654949974
1780151760,51.20850904862502
1780151775,51.88583394937821
1780151790,51.04103253506194
1780151805,51.17883366262137
1780151820,51.106697218984884
1780151835,51.0082528090331
1780151850,50.94016779220916
1780151865,51.13384704022226
1780151880,50.89286606877428
1780151895,50.91880572356116
1780151910,50.93174924298827
1780151925,50.75153967372861
1780151940,50.79568444120564
1780151955,51.07233901497712
1780151970,50.81141660506218
1780151985,50.86903105129264
1780152000,50.82956910181973
1780152015,50.98152391525678
1780152030,50.83046357267445
1780152045,51.11743086924152
1780152060,51.008410656830996
1780152075,51.05213449684699
1780152090,51.035928789596774
1780152105,50.995309289605984
1780152120,51.11437914514894
1780152135,51.32926261401215
1780152150,51.177623496170874
1780152165,51.15726113024285
1780152180,51.32063360106074
1780152195,51.15147337765349
1780152210,51.07044484140242
1780152225,51.22334674162683
1780152240,51.148737349156704
1780152255,51.47537705892722
1780152270,51.7322480420296
1780152285,51.396347928116114
1780152300,51.43423139961012
1780152315,51.56840202781805
1780152330,51.09217522157885
1780152345,50.91691154998645
1780152360,50.78395108822903
1780152375,51.43449447927326
1780152390,51.030667196333724
1780152405,51.11059079799954
1780152420,51.45953966320542
1780152435,51.02845732716324
1780152450,51.182622009770775
1780152465,51.10285625590285
1780152480,50.99599329673019
1780152495,51.121797991649856
1780152510,51.37293383809551
1780152525,51.29574626492648
1780152540,51.411343468915824
1780152555,51.04729383104498
1780152570,50.94032564000705
1780152585,51.015092880275084
1780152600,51.08317789709902
1780152615,51.14884258102196
1780152630,50.90533604480774
1780152645,50.96347665036449
1780152660,50.950059587543706
1780152675,51.23181790678035
1780152690,51.52157384777685
1780152705,51.32063360106074
1780152720,51.06018473453946
1780152735,51.038717434026196
1780152750,51.11911457908569
1780152765,51.02614222612749
1780152780,51.45427806994236
1780152795,51.31637171051766
1780152810,50.91854264389799
1780152825,50.7959475208688
1780152840,50.720391041611315
1780152855,50.689347641359284
1780152870,50.98983723261241
1780152885,50.85503521321291
1780152900,51.14016095213791
1780152915,50.73270316984686
1780152930,51.00062349880168
1780152945,51.02461636408121
1780152960,50.9924154133113
1780152975,50.96342403443186
1780152990,50.97063241720225
1780153005,51.13579382972958
1780153020,50.844091099225764
1780153035,50.732019162722665
1780153050,50.749855963884414
1780153065,50.76490412061676
1780153080,50.75511755714748
1780153095,50.72849389523641
1780153110,50.73317671324054
1780153125,50.695345857679165
1780153140,51.43481017486905
1780153155,51.05366035889327
1780153170,50.94716571124902
1780153185,50.824623204152445
1780153200,50.87260893471153
1780153215,51.45059495465822
1780153230,51.6892082091378
1780153245,51.88278222528564
1780153260,51.84095255884434
1780153275,51.87736278422469
1780153290,51.789125865203246
1780153305,51.81985356985949
1780153320,51.80985654265968
1780153335,51.79480838592734
1780153350,51.72004114565931
1780153365,51.83826914628018
1780153380,51.953287575010584
1780153395,51.889622296527605
1780153410,51.87194334316374
1780153425,51.19188241391376
1780153440,50.99467789841442
1780153455,50.95200637705104
1780153470,50.97636755385899
1780153485,50.96531820800656
1780153500,50.93548497420504
1780153515,51.194671058343175
1780153530,51.055607148400604
1780153545,50.84351232396682
1780153560,50.86350637836643
1780153575,50.977367256578965
1780153590,50.87534496320831
1780153605,51.020407089470766
1780153620,50.92264668664318
1780153635,50.935853285733444
1780153650,50.98020851694102
1780153665,50.882079802585025
1780153680,51.117483485174155
1780153695,50.97647278572425
1780153710,50.93316987316929
1780153725,50.907703761776105
1780153740,50.968948707358074
1780153755,50.84025013614373
1780153770,50.89607564066475
1780153785,50.822676414645116
1780153800,50.926698113455735
1780153815,50.996414224191234
1780153830,51.00141273779113
1780153845,51.18446356741284
1780153860,51.163311962495364
1780153875,51.253390439158885
1780153890,51.355781044057956
1780153905,51.36535714379671
1780153920,51.372355062836576
1780153935,51.327999831629015
1780153950,51.298534909355894
1780153965,51.333682352353115
1780153980,51.5559320517846
1780153995,51.34741511076969
1780154010,51.24597159265798
1780154025,51.07165500785293
1780154040,50.99131047872607
1780154055,50.92317284596949
1780154070,50.94553461733747
1780154085,50.80983812708326
1780154100,50.74596238486977
1780154115,50.76337825857048
1780154130,50.70129145806641
1780154145,50.565279272216415
1780154160,50.757064346654815
1780154175,50.76469365688624
1780154190,50.795421361542495
1780154205,50.766272134865154
1780154220,50.793211492372
1780154235,50.7465411601287
1780154250,50.839092585625856
1780154265,50.949691276015294
1780154280,50.89097189519958
1780154295,50.94653432005746
1780154310,51.11074864579743
1780154325,51.07170762378556
1780154340,51.04450518661557
1780154355,51.004832773412126
1780154370,51.044347338817666
1780154385,51.036665412653605
1780154400,50.94106226306388
1780154415,51.00025518727326
1780154430,51.25796802529774
1780154445,51.0588693362237
1780154460,50.94600816073115
1780154475,51.11237973970898
1780154490,51.3283155272248
1780154505,51.34830958162442
1780154520,51.18330601689498
1780154535,51.33957533680774
1780154550,51.07886339062331
1780154565,51.115115768205776
1780154580,51.09617403245876
1780154595,51.11616808685838
1780154610,51.128953758487604
1780154625,51.15541957260078
1780154640,51.04019068013985
1780154655,51.13889816975479
1780154670,51.06081612573104
1780154685,50.97799864777053
1780154700,51.29106344692236
1780154715,51.24975993980737
1780154730,51.10590797999542
1780154745,50.82157148005988
1780154760,50.71607653513561
1780154775,50.70029175534644
1780154790,50.841775998190016
1780154805,50.990679087534495
1780154820,51.047662142573394
1780154835,50.91259704351074
1780154850,51.29027420793291
1780154865,51.367409165169306
1780154880,50.78816036283948
1780154895,50.83619870933117
1780154910,50.82704353705345
1780154925,50.82283426244301
1780154940,50.859297103755985
1780154955,50.835988245600646
1780154970,51.08570346186529
1780154985,50.93416957588928
1780155000,50.80978551115063
1780155015,50.790633311673105
1780155030,50.69287290884552
1780155045,50.6472022793222
1780155060,50.68524359861409
1780155075,50.817730516977846
1780155090,50.928329207367284
1780155105,50.935274510474514
1780155120,50.922330991047396
1780155135,50.91617492692963
1780155150,50.8760289703325
1780155165,50.865295320075866
1780155180,50.86729472551583
1780155195,51.382667785632165
1780155210,51.39050755959412
1780155225,51.16983633814155
1780155240,51.13679353244955
1780155255,50.982576233909384
1780155270,51.001097042195354
1780155285,51.09054412766729
1780155300,50.95558426046991
1780155315,51.00851588869626
1780155330,51.1544198698808
1780155345,51.01614519892769
1780155360,51.01819722030028
1780155375,51.094122011086185
1780155390,50.963371418499236
1780155405,50.95647873132463
1780155420,51.29285238863179
1780155435,51.08980750461048
1780155450,51.018933843357104
1780155465,51.01093622159727
1780155480,50.90670405905613
1780155495,50.82478105195034
1780155510,50.77258604678083
1780155525,50.89186636605431
1780155540,50.85093117046773
1780155555,50.889656496883816
1780155570,50.881711491056606
1780155585,50.98015590100838
1780155600,50.89744365491315
1780155615,50.31714253393069
1780155630,50.76469365688624
1780155645,50.76300994704206
1780155660,51.26349269822394
1780155675,50.86261190751171
1780155690,50.97073764906752
1780155705,50.94563984920274
1780155720,50.953269159434164
1780155735,50.96910655515596
1780155750,51.371092280453446
1780155765,51.04687290358394
1780155780,50.882658577843955
1780155795,50.87402956489255
1780155810,50.829042942493416
1780155825,50.910229326542364
1780155840,51.0013601218585
1780155855,50.80147219379501
1780155870,50.87702867305248
1780155885,50.796368448329844
1780155900,50.84477510634995
1780155915,50.85545614067396
1780155930,50.74512052994768
1780155945,50.95874121642774
1780155960,51.08086279606327
1780155975,50.95279561604049
1780155990,50.94090441526598
1780156005,51.003622606961606
1780156020,50.78858129030051
1780156035,50.854035510492935
1780156050,50.839776592750056
1780156065,50.8223081031167
1780156080,50.79463212255303
1780156095,51.46653758224529
1780156110,51.48658425257753
1780156125,51.55009168326261
1780156140,51.44338657188783
1780156155,51.48847842615223
1780156170,51.421287880182994
1780156185,51.524467724071535
1780156200,51.710359814055295
1780156215,50.293991523573254
1780156230,50.95369008689521
1780156245,50.87408218082518
1780156260,50.982997161370434
1780156275,51.0445578025482
1780156290,51.17062557713101
1780156305,51.28916927334765
1780156320,51.14273913283681
1780156335,51.29832444562539
1780156350,51.24923378048108
1780156365,51.21987409007321
1780156380,51.31016303046725
1780156395,51.06539371186989
1780156410,51.10417165421861
1780156425,51.14747456677357
1780156440,51.127375280508694
1780156455,51.259283423613496
1780156470,51.13111101172546
1780156485,51.165732295396374
1780156500,51.10038330706921
1780156515,51.04503134594187
1780156530,51.06444662508254
1780156545,51.10422427015124
1780156560,51.200195731269396
1780156575,50.89476024234898
1780156590,50.869978138079986
1780156605,50.90428372615512
1780156620,51.04503134594187
1780156635,51.09796297416821
1780156650,51.2176116049701
1780156665,51.270385385398555
1780156680,51.309479023343066
1780156695,51.42918027007759
1780156710,50.561701388797545
1780156725,51.01425102535298
1780156740,50.618053052644875
1780156755,51.39555868912665
1780156770,51.39224388537094
1780156785,51.1745717720783
1780156800,51.21350756222491
1780156815,50.897811966441566
1780156830,50.60695109085982
1780156845,50.84219692565106
1780156860,50.83114757979864
1780156875,50.92996030127883
1780156890,51.03634971705782
1780156905,51.18283247350131
1780156920,51.14631701625569
1780156935,51.2307129721951
1780156950,51.339417489009854
1780156965,51.276751913246855
1780156980,51.300113387334825
1780156995,51.21413895341649
1780157010,51.3276315201006
1780157025,51.51268175516228
1780157040,51.4528048238287
1780157055,51.24691867944533
1780157070,51.06239460370995
1780157085,51.00430661408581
1780157100,50.97652540165687
1780157115,50.969001323290705
1780157130,51.267386277238614
1780157145,51.18867284202329
1780157160,51.18046475653293
1780157175,51.04466303441345
1780157190,51.003043831702676
1780157205,51.01109406939515
1780157220,51.00393830255741
1780157235,51.09549002533458
1780157250,51.03619186925993
1780157265,51.058658872493176
1780157280,51.06407831355413
1780157295,51.1549460292071
1780157310,51.09906790875345
1780157325,51.14815857389776
1780157340,50.9281713595694
1780157355,51.130637468331784
1780157370,51.15962884721122
1780157385,50.61200222039235
1780157400,51.096226648391394
1780157415,50.7598003751516
1780157430,50.71939133889133
1780157445,51.21292878696598
1780157460,51.10817046509853
1780157475,50.96126678119401
1780157490,51.0552388368722
1780157505,51.10948586341431
1780157520,51.086124389326336
1780157535,51.00988390294465
1780157550,51.01777629283924
1780157565,51.035139550607326
1780157580,51.206351795387164
1780157595,51.07475934787813
1780157610,51.08186249878326
1780157625,51.1967756956484
1780157640,51.22408336468366
1780157655,51.14742195084093
1780157670,51.11890411535517
1780157685,51.05302896770171
1780157700,51.009305127685714
1780157715,51.44022961593
1780157730,51.332419569969986
1780157745,51.324632411940655
1780157760,50.736386285131
1780157775,50.9352218945419
1780157790,51.060605662000505
1780157805,50.91459644895071
1780157820,50.86055988613912
1780157835,51.03629710112519
1780157850,50.99983425981222
1780157865,51.13742492364113
1780157880,51.16467997674376
1780157895,51.254705837474646
1780157910,51.260651437861895
1780157925,50.99441481875127
1780157940,51.0950164819409
1780157955,51.20729888217451
1780157970,51.23781612310023
1780157985,51.12227153504353
1780158000,51.094700786345115
1780158015,51.31763449290079
1780158030,51.099962379608165
1780158045,51.0323509061779
1780158060,51.12006166587304
1780158075,51.22645108165204
1780158090,51.14500161793993
1780158105,51.21113984525654
1780158120,51.338365170357235
1780158135,51.60891629594357
1780158150,51.14605393659254
1780158165,51.18583158166125
1780158180,51.178938894486635
1780158195,51.153051855632405
1780158210,51.057869633503714
1780158225,51.12753312830658
1780158240,51.14031879993581
1780158255,51.140003104340025
1780158270,51.04692551951657
1780158285,50.9381683867692
1780158300,50.95647873132463
1780158315,51.106065827793316
1780158330,51.08086279606327
1780158345,51.019670466413935
1780158360,51.018355068098174
1780158375,51.01351440229615
1780158390,51.078284615364375
1780158405,50.97336844569904
1780158420,50.96779115684021
1780158435,50.973631525362194
1780158450,51.032403522110535
1780158465,51.59265797276073
1780158480,52.02126735996927
1780158495,51.85831581661242
1780158510,51.83926884900016
1780158525,51.878046791348886
1780158540,51.78407473567071
1780158555,51.820905888512094
1780158570,51.95428727773057
1780158585,52.01947841825984
1780158600,51.929031630067904
1780158615,51.9853306779826
1780158630,51.524415108138896
1780158645,51.6091267596741
1780158660,51.63969661653245
1780158675,51.63432979140414
1780158690,51.63806552262091
1780158705,51.66584673504984
1780158720,51.666320278443514
1780158735,51.68331522468319
1780158750,51.48179620270814
1780158765,51.38314132902584
1780158780,51.47937586980713
1780158795,51.487268259701715
1780158810,51.507104466303446
1780158825,51.58097723571675
1780158840,51.52115292031581
1780158855,51.41760476489886
1780158870,51.33320880895944
1780158885,51.257073554443025
1780158900,51.31295167489667
1780158915,51.32026528953233
1780158930,51.31426707321244
1780158945,51.273068797962715
1780158960,51.287275099772955
1780158975,51.247602686569515
1780158990,51.15647189125339
1780159005,50.98283931357255
1780159020,50.97836695929894
1780159035,50.996782535719646
1780159050,51.017039669782406
1780159065,51.0955426412672
1780159080,51.13563598193169
1780159095,51.10059377079974
1780159110,50.95042789907212
1780159125,50.97399983689061
1780159140,50.88813063483754
1780159155,51.09854174942714
1780159170,50.978314343366314
1780159185,51.024353284418055
1780159200,51.12774359203711
1780159215,51.190724863395886
1780159230,51.13332088089595
1780159245,51.27296356609745
1780159260,51.213928489685955
1780159275,51.36020078239891
1780159290,51.33615530118676
1780159305,51.299008452749575
1780159320,51.2670179657102
1780159335,51.31674002204607
1780159350,51.18977777660854
1780159365,51.18819929862961
1780159380,51.32847337502269
1780159395,51.37151320791449
1780159410,51.682315521963204
1780159425,51.57629441771263
1780159440,51.51699626163799
1780159455,51.42460268393872
1780159470,51.405818795989624
1780159485,51.28422337568039
1780159500,51.313056906761936
1780159515,51.328052447561646
1780159530,51.34741511076969
1780159545,51.36214757190625
1780159560,51.480112492863974
1780159575,51.46459079273795
1780159590,51.30890024808412
1780159605,51.19382920342108
1780159620,51.631435915109456
1780159635,51.65153520137433
1780159650,51.691681157971445
1780159665,51.68463062299895
1780159680,51.66295285875516
1780159695,51.615072360061355
1780159710,51.546040256450055
1780159725,51.2112450771218
1780159740,51.258073257163005
1780159755,51.22029501753427
1780159770,51.32394840481646
1780159785,51.27785684783209
1780159800,51.29006374420237
1780159815,51.245498049264306
1780159830,51.16004977467227
1780159845,51.13447843141381
1780159860,51.466274502582124
1780159875,51.410028070600056
1780159890,51.43459971113853
1780159905,51.414921352334694
1780159920,51.51241867549913
1780159935,51.53041332445878
1780159950,51.47921802200924
1780159965,51.38556166192685
1780159980,51.3403645757972
1780159995,51.31295167489667
1780160010,51.50215856863617
1780160025,51.397558094566605
1780160040,51.33973318460563
1780160055,51.46090767745382
1780160070,51.7267233691034
1780160085,51.746086032311446
1780160100,51.73793056275371
1780160115,51.904670453259946
1780160130,52.007008442226386
1780160145,51.97296593381442
1780160160,51.54656641577636
1780160175,51.95833870454312
1780160190,51.78254887362442
1780160205,51.97864845453852
1780160220,51.8947786579254
1780160235,51.86178846816605
1780160250,51.85889459187136
1780160265,51.86363002580811
1780160280,51.84721385482738
1780160295,51.94818382954543
1780160310,51.96659940596612
1780160325,51.468379139887354
1780160340,51.2664918063839
1780160355,51.219663626342694
1780160370,51.345415705329735
1780160385,51.368566715687166
1780160400,51.240657383462285
1780160415,51.876731393033126
1780160430,51.573611005148464
1780160445,51.598445725350096
1780160460,51.55987824673189
1780160475,51.61838716381708
1780160490,51.48879412174801
1780160505,51.44480720206885
1780160520,51.4459121366541
1780160535,51.701046793979685
1780160550,51.647325926763884
1780160565,51.51946921047163
1780160580,51.41607890285258
1780160595,51.17394038088674
1780160610,51.0087789683594
1780160625,51.159260535682805
1780160640,51.13211071444543
1780160655,51.265071176202866
1780160670,51.29416778694756
1780160685,51.26933306674595
1780160700,51.23713211597604
1780160715,51.16557444759848
1780160730,51.16615322285741
1780160745,51.378721590684876
1780160760,51.18814668269699
1780160775,51.11953550654673
1780160790,51.083546208627425
1780160805,51.19672307971577
1780160820,51.26023051040085
1780160835,51.19351350782531
1780160850,50.90317879156987
1780160865,50.904599421750895
1780160880,51.06949775461507
1780160895,51.05497575720904
1780160910,50.93743176371237
1780160925,50.86108604546542
1780160940,50.91496476047912
1780160955,50.94258812511016
1780160970,50.85487736541502
1780160985,50.8047343816181
1780161000,50.77858426310071
1780161015,50.87150400012628
1780161030,51.13500459074012
1780161045,50.95705750658357
1780161060,50.872661550644146
1780161075,51.02403758882227
1780161090,50.93858931423024
1780161105,51.03377153635893
1780161120,51.22860833488989
1780161135,51.03350845669576
1780161150,51.00972605514676
1780161165,51.03266660177368
1780161180,51.01903907522236
1780161195,51.01019959854043
1780161210,50.91428075335492
1780161225,51.08501945474109
1780161240,50.91417552148967
1780161255,50.93664252472292
1780161270,50.862454059713826
1780161285,50.96152986085717
1780161300,51.096226648391394
1780161315,51.187304827774895
1780161330,51.010620526001475
1780161345,50.89728580711525
1780161360,50.84403848329313
1780161375,50.93932593728707
1780161390,50.88786755517438
1780161405,51.07381226109078
1780161420,50.91985804221376
1780161435,50.97694632911792
1780161450,51.00278075203952
1780161465,50.95516333300887
1780161480,50.9862067332609
1780161495,51.01556642366876
1780161510,51.01298824296985
1780161525,51.15047367493351
1780161540,51.16136517298804
1780161555,51.02761547224115
1780161570,51.10406642235334
1780161585,51.08444067948214
1780161600,50.95200637705104
1780161615,51.055396684670086
1780161630,50.92243622291266
1780161645,51.018039372502386
1780161660,51.120377361468826
1780161675,51.16015500653752
1780161690,51.195249833602105
1780161705,51.178938894486635
1780161720,51.16310149876484
1780161735,51.16725815744265
1780161750,51.17983336534135
1780161765,51.3062694514526
1780161780,51.20051142686517
1780161795,51.2289766464183
1780161810,50.880080397145065
1780161825,50.97052718533699
1780161840,51.0879659469684
1780161855,51.02319573390018
1780161870,51.14358098775891
1780161885,51.211034613391284
1780161900,51.07375964515815
1780161915,51.15731374617548
1780161930,51.16231225977539
1780161945,51.00656909918892
1780161960,50.95205899298367
1780161975,50.892287293515345
1780161990,51.01593473519716
1780162005,51.04692551951657
1780162020,51.010094366675176
1780162035,51.019512618616034
1780162050,51.02540560307067
1780162065,51.1247970998098
1780162080,51.07860031096016
1780162095,51.01077837379937
1780162110,51.166311070655304
1780162125,51.04445257068293
1780162140,51.28759079536876
1780162155,51.226714161315186
1780162170,50.764272729425194
1780162185,51.03156166718844
1780162200,51.00041303507115
1780162215,51.08507207067372
1780162230,50.946060776663785
1780162245,51.132689489704376
1780162260,51.24802361403056
1780162275,51.34367937955292
1780162290,51.35215054470644
1780162305,51.28175042684675
1780162320,51.10285625590285
1780162335,51.25218027270838
1780162350,51.19966957194308
1780162365,51.07823199943176
1780162380,51.24239370923909
1780162395,51.038401738430416
1780162410,50.98846921836402
1780162425,51.22013716973637
1780162440,51.2165592863175
1780162455,51.23555363799712
1780162470,51.094700786345115
1780162485,51.09922575655135
1780162500,51.04624151239236
1780162515,51.113747753957384
1780162530,51.318002804429206
1780162545,51.1272174327108
1780162560,51.21245524357231
1780162575,51.01414579348773
1780162590,50.97131642432645
1780162605,51.02224864711283
1780162620,50.981629147122035
1780162635,51.11248497157423
1780162650,51.18520019046968
1780162665,51.00835804089836
1780162680,50.855350908808695
1780162695,50.95595257199832
1780162710,50.95774151370777
1780162725,51.07775845603808
1780162740,51.20750934590503
1780162755,51.039454057083034
1780162770,51.05150310565543
1780162785,50.989363689218735
1780162800,51.022038183382314
1780162815,51.199985267538864
1780162830,51.119956434007776
1780162845,50.98636458105879
1780162860,51.010304830405694
1780162875,51.12079828892987
1780162890,51.07991570927592
1780162905,50.99909763675539
1780162920,51.148000726099866
1780162935,51.41655244624626
1780162950,51.40292491969494
1780162965,51.37887943848276
1780162980,51.50352658288456
1780162995,51.539358033005975
1780163010,51.5333598166861
1780163025,51.36109525325363
1780163040,51.521994775237886
1780163055,51.47190440737359
1780163070,51.52515173119572
1780163085,51.48279590542813
1780163100,51.56829679595278
1780163115,51.7184626676804
1780163130,51.583818496078806
1780163145,51.490530447524804
1780163160,51.36646207838196
1780163175,51.29516748966755
1780163190,51.34131166258455
1780163205,51.38813984262575
1780163220,51.38319394495847
1780163235,51.435862493521654
1780163250,51.28122426752044
1780163265,51.455435620460236
1780163280,51.43459971113853
1780163295,51.75008484319137
1780163310,51.66195315603518
1780163325,51.41928847474304
1780163340,52.01084940530842
1780163355,52.01911010673142
1780163370,52.22252330228117
1780163385,52.043102972010956
1780163400,51.89330541181175
1780163415,51.86562943124808
1780163430,51.06933990681719
1780163445,51.33578698965834
1780163460,51.2675441250365
1780163475,51.280329796665725
1780163490,51.38356225648688
1780163505,51.43454709520589
1780163520,51.25607385172304
1780163535,51.372723374364995
1780163550,51.409291447543225
1780163565,51.322685622433326
1780163580,51.26091451752506
1780163595,51.416026286919944
1780163610,51.57755720009576
1780163625,51.20687795471346
1780163640,51.11969335434463
1780163655,51.18977777660854
1780163670,51.31147842878302
1780163685,51.244077419083276
1780163700,51.354623493540075
1780163715,51.25507414900306
1780163730,51.125428491001365
1780163745,51.010304830405694
1780163760,51.07891600655594
1780163775,51.14016095213791
1780163790,51.19361873969057
1780163805,51.06560417560042
1780163820,50.99851886149644
1780163835,50.85456166981923
1780163850,51.169573258478394
1780163865,51.3579382972958
1780163880,51.513997153478044
1780163895,51.50720969816871
1780163910,51.339785800538266
1780163925,51.451015882119265
1780163940,51.17220405510993
1780163955,51.148000726099866
1780163970,51.2530747435631
1780163985,51.30290203176424
1780164000,51.378932054415394
1780164015,51.37193413537553
1780164030,51.17073080899628
1780164045,51.3706713529924
1780164060,51.48279590542813
1780164075,51.59150042224285
1780164090,51.62480630759801
1780164105,51.61091570138354
1780164120,51.42718086463762
1780164135,51.31179412437881
1780164150,51.72961724539809
1780164165,51.752399944227115
1780164180,51.83284970521924
1780164195,51.960127646252566
1780164210,51.99885297266865
1780164225,52.0524686080192
1780164240,51.60649596304256
1780164255,51.5817664747062
1780164270,51.40245137630126
1780164285,51.52015321759582
1780164300,51.428022719559706
1780164315,51.63401409580835
1780164330,51.56203549996974
1780164345,51.49153015024479
1780164360,51.510682349722316
1780164375,51.25781017749984
1780164390,51.44617521631724
1780164405,51.35756998576739
1780164420,51.48547931799228
1780164435,51.31210981997458
1780164450,51.86347217801022
1780164465,51.71251706729314
1780164480,51.683578304346334
1780164495,51.62754233609479
1780164510,51.7551359727239
1780164525,51.73456314306535
1780164540,51.97075606464394
1780164555,52.08393293573227
1780164570,51.734668374930614
1780164585,51.53620107704814
1780164600,51.50268472796247
1780164615,51.25528461273359
1780164630,51.04071683946616
1780164645,51.26949091454382
1780164660,50.992310181446044
1780164675,51.00725310631312
1780164690,51.00288598390479
1780164705,51.104592581679654
1780164720,51.08102064386117
1780164735,51.07002391394138
1780164750,51.04597843272922
1780164765,50.991415710591326
1780164780,51.077337528577026
1780164795,51.47185179144096
1780164810,51.130269156803365
1780164825,51.08175726691799
1780164840,51.035928789596774
1780164855,51.08507207067372
1780164870,51.208666896422905
1780164885,51.328999534348995
1780164900,51.14663271185147
1780164915,51.0855456140674
1780164930,51.086019157461074
1780164945,50.99057385566923
1780164960,50.926540265657835
1780164975,50.829042942493416
1780164990,50.94290382070594
1780165005,50.91680631812119
1780165020,50.99146832652395
1780165035,50.986154117328276
1780165050,50.985943653597744
1780165065,51.03340322483051
1780165080,51.04034852793775
1780165095,50.89575994506896
1780165110,51.017460597243456
1780165125,50.980050669143125
1780165140,51.38935000907625
1780165155,51.1038033426902
1780165170,51.39376974741722
1780165185,51.27491035560479
1780165200,51.216348822586966
1780165215,51.22629323385415
1780165230,51.0518188012512
1780165245,51.14026618400318
1780165260,51.03866481809356
1780165275,51.18751529150543
1780165290,51.24655036791691
1780165305,51.18630512505492
1780165320,51.11216927597846
1780165335,51.109433247481675
1780165350,51.19046178373273
1780165365,51.41076469365689
1780165380,51.301639249381104
1780165395,51.33510298253414
1780165410,51.3105839579283
1780165425,51.391770341977264
1780165440,51.20093235432621
1780165455,51.23850013022444
1780165470,51.33405066388153
1780165485,51.621912431303315
1780165500,51.27596267425739
1780165515,51.17283544630149
1780165530,51.283013209229885
1780165545,51.28253966583621
1780165560,51.23176529084772
1780165575,51.071076232593995
1780165590,51.12511279540557
1780165605,51.11927242688359
1780165620,51.07533812313707
1780165635,51.12637557778871
1780165650,51.08338836082954
1780165665,51.256968322577755
1780165680,51.460381518127505
1780165695,51.06349953829519
1780165710,51.32379055701857
1780165725,51.08480899101057
1780165740,51.085913925595804
1780165755,51.015671655534014
1780165770,51.127901439834986
1780165785,51.16752123710581
1780165800,51.15410417428501
1780165815,51.44812200582458
1780165830,51.07533812313707
1780165845,51.15194692104716
1780165860,51.144685922344145
1780165875,51.23044989253196
1780165890,51.279067014282596
1780165905,51.23771089123497
1780165920,51.27927747801312
1780165935,51.10885447222273
1780165950,51.42960119753863
1780165965,51.537042931970234
1780165980,51.643695427412375
1780165995,51.489951672265875
1780166010,51.409396679408495
1780166025,51.486163325116486
1780166040,51.37809019949331
1780166055,51.454541149605504
1780166070,52.468976330722704
1780166085,52.33112258723064
1780166100,52.073620212936675
1780166115,51.67978995719693
1780166130,51.6316989947726
1780166145,51.703993286206995
1780166160,51.65916451160576
1780166175,51.686366948775756
1780166190,51.14247605317366
1780166205,51.263966241617624
1780166220,51.10485566134282
1780166235,51.08586130966317
1780166250,51.05529145280483
1780166265,51.296377656118054
1780166280,51.37009257773346
1780166295,51.29595672865701
1780166310,51.86715529329437
1780166325,52.15791093701083
1780166340,51.2270824728436
1780166355,51.2361850291887
1780166370,51.09833128569663
1780166385,51.07518027533917
1780166400,51.21282355510073
1780166415,51.09385893142302
1780166430,50.90917700788976
1780166445,51.18877807388855
1780166460,51.12148229605407
1780166475,51.197407086839966
1780166490,51.483690376282844
1780166505,51.457014098439146
1780166520,51.28774864316663
1780166520,51.28774864316663
1780166535,51.21782206870063
1780166550,51.27064846506171
1780166565,51.255389844598845
1780166580,51.404556013606474
1780166595,51.35183484911066
1780166610,51.44654352784567
1780166625,51.43512587046484
1780166640,51.362778963097824
1780166655,51.399925811534985
1780166670,51.50994572666549
1780166685,51.184358335547586
1780166700,51.145264697603075
1780166715,51.42612854598501
1780166730,51.3971897830382
1780166745,51.43196891450701
1780166760,51.35488657320323
1780166775,51.44112408678472
1780166790,51.35288716776327
1780166805,51.517364573166404
1780166820,51.71314845848472
1780166835,51.5957096968533
1780166850,51.78617937297594
1780166865,52.025003091186036
1780166880,52.157016466156115
1780166895,51.68947128880097
1780166910,51.52946623767143
1780166925,51.3529397836959
1780166940,51.338523018155136
1780166955,51.34257444496768
1780166970,51.47542967485985
1780166985,51.52394156474522
1780167000,51.61354649801506
1780167015,51.721935319234014
1780167030,50.75206583305491
1780167045,50.933590800630334
1780167060,51.19567076106315
1780167075,51.12258723063932
1780167090,51.114116065485796
1780167105,51.10511874100596
1780167120,51.15815560109757
1780167135,51.13416273581804
1780167150,51.10527658880386
1780167165,51.11285328310265
1780167180,51.1537358627566
1780167195,51.1341101198854
1780167210,51.20892997608606
1780167225,51.28948496894344
1780167240,51.06602510306146
1780167255,50.99336250009865
1780167270,51.11779918076993
1780167285,51.12627034592345
1780167300,51.03624448519256
1780167315,50.96258217950977
1780167330,50.924225164622094
1780167345,51.07312825396658
1780167360,50.61763212518382
1780167375,50.81873021969783
1780167390,50.67151084019752
1780167405,50.64662350406326
1780167420,50.721022432802876
1780167435,50.9095979353508
1780167450,50.71539252801141
1780167465,50.73854353836885
1780167480,50.67314193410907
1780167495,50.66714371778917
1780167510,50.509401151762766
1780167525,50.609266191895564
1780167540,50.640730519608645
1780167555,50.74101648720249
1780167570,50.619631530623785
1780167585,50.6167376543291
1780167600,50.75038212321073
1780167615,52.092404100885794
1780167630,52.35116925756289
1780167645,52.010375861914746
1780167660,52.012796194815756
1780167675,51.99985267538864
1780167690,51.988066706479394
1780167705,52.00537734831484
1780167720,52.0309486915733
1780167735,52.04952211579188
1780167750,51.93681878809721
1780167765,51.31358306608824
1780167780,51.19451321054529
1780167795,51.23334376882664
1780167810,51.431495371113336
1780167825,51.32594781025642
1780167840,51.31752926103553
1780167855,51.33757593136779
1780167870,51.37493324353548
1780167885,51.05118741005964
1780167900,51.01304085890248
1780167915,51.021143712527596
1780167930,50.98799567497034
1780167945,51.072023319381344
1780167960,51.016460894523476
1780167975,51.01546119180349
1780167990,51.02945702988322
1780168005,50.971737351787496
1780168020,51.02019662574024
1780168035,51.21219216390915
1780168050,51.211929084246
1780168065,51.23392254408557
1780168080,51.21929531481428
1780168095,51.21208693204389
1780168110,51.17830750329507
1780168125,50.95642611539199
1780168140,50.97868265489473
1780168155,51.0373494197778
1780168170,51.10385595862284
1780168185,51.12716481677817
1780168200,51.09322754023145
1780168215,51.19119840678956
1780168230,51.24975993980737
1780168245,51.24281463670014
1780168260,51.22029501753427
1780168275,51.20850904862502
1780168290,51.23018681286881
1780168305,51.30216540870741
1780168320,51.197038775311555
1780168335,51.21650667038487
1780168350,51.15178907324926
1780168365,50.87134615232838
1780168380,50.83825073070376
1780168395,50.93459050335032
1780168410,50.886762620589145
1780168425,50.9461133925964
1780168440,51.01456672094877
1780168455,50.914070289624405
1780168470,50.92506701954419
1780168485,50.90028491527519
1780168500,50.826254298064
1780168515,50.87139876826101
1780168530,50.87934377408823
1780168545,50.995204057740715
1780168560,50.97820911150106
1780168575,50.97605185826319
1780168590,51.045399657470284
1780168605,50.943114284436476
1780168620,50.89986398781414
1780168635,50.954374094019414
1780168650,51.00178104931954
1780168665,51.044347338817666
1780168680,50.989416305151366
1780168695,50.98520703054093
1780168710,50.97841957523157
1780168725,50.866610718391634
1780168740,50.909440087552916
1780168755,50.83672486865748
1780168770,50.88576291786916
1780168785,50.96963271448227
1780168800,50.99278372483972
1780168815,51.05124002599227
1780168830,51.03208782651475
1780168845,51.20914043981658
1780168860,51.13279472156964
1780168875,51.2358693335929
1780168890,51.26054620599664
1780168905,51.25665262698198
1780168920,51.194407978680026
1780168935,51.23750042750446
1780168950,51.23081820406037
1780168965,51.27259525456904
1780168980,51.21014014253655
1780168995,51.217032829711165
1780169010,51.19356612375794
1780169025,51.15720851431023
1780169040,51.221136872456356
1780169055,51.10490827727544
1780169070,51.038033426902004
1780169085,51.147316718975674
1780169100,50.9488494210932
1780169115,51.011778076519356
1780169130,50.94432445088697
1780169145,50.936063749463976
1780169160,51.080284020804335
1780169175,51.083546208627425
1780169190,51.05376559075854
1780169205,51.04608366459448
1780169220,51.05913241588686
1780169235,51.01077837379937
1780169250,51.08191511471589
1780169265,50.991784022119745
1780169280,51.1611547092575
1780169295,51.047714758506025
1780169310,51.00330691136583
1780169325,51.18667343658333
1780169340,51.44559644105831
1780169355,51.31763449290079
1780169370,51.202195136709335
1780169385,51.02124894439285
1780169400,50.97368414129482
1780169415,51.01814460436764
1780169430,51.02451113221594
1780169445,51.06086874166367
1780169460,51.099383604349235
1780169475,51.127322664576056
1780169490,51.09159644631991
1780169505,51.501316713714075
1780169520,51.42470791580398
1780169535,51.24349864382434
1780169550,51.41344810622104
1780169565,51.26917521894805
1780169580,51.239341985146524
1780169595,51.19035655186748
1780169610,51.275068203402675
1780169625,51.16520613607006
1780169640,51.21061368593023
1780169655,51.12890114255497
1780169670,51.26664965418178
1780169685,51.3035334229558
1780169700,51.29258930896865
1780169715,51.294378250678086
1780169730,51.08912349748627
1780169745,51.026773617319066
1780169760,51.042084853714556
1780169775,51.00409615035528
1780169790,51.18009644500452
1780169805,51.200090499404126
1780169820,51.20066927466307
1780169835,51.22581969046047
1780169850,50.923067614104234
1780169865,50.95511071707624
1780169880,50.861401741061215
1780169895,50.91222873198233
1780169910,50.914070289624405
1780169925,50.86761042111161
1780169940,50.84614312059834
1780169955,51.6211758082465
1780169970,51.48295375322601
1780169985,51.448385085487736
1780170000,51.54509316966271
1780170015,50.51660953453315
1780170030,50.85598230000026
1780170045,50.84740590298148
1780170060,50.90407326242459
1780170075,51.02372189322648
1780170090,50.95384793469311
1780170105,50.915701383535946
1780170120,50.98762736344192
1780170135,51.00756880190891
1780170150,50.997677006574364
1780170165,50.88407920802498
1780170180,50.92527748327471
1780170195,50.82372873329773
1780170210,50.8331469852386
1780170225,50.871977543519954
1780170240,50.98157653118941
1780170255,50.974473380284294
1780170270,50.967475461244426
1780170285,50.91654323845805
1780170300,51.462380923567466
1780170315,50.70965739135468
1780170330,50.83098973200075
1780170345,51.02161725592127
1780170360,51.06302599490151
1780170375,51.40587141192224
1780170390,50.9881009068356
1780170405,51.2213999521195
1780170420,51.4688000673484
1780170435,51.05608069179428
1780170450,51.248549773356864
1780170465,50.82362350143247
1780170480,50.38059734868315
1780170495,50.663723682168204
1780170510,50.86934674688843
1780170525,51.1380563148327
1780170540,51.137372307708496
1780170555,51.11422129735106
1780170570,51.2200319378711
1780170585,50.97000102601068
1780170600,51.11427391328368
1780170615,50.77069187320613
1780170630,51.09596356872825
1780170645,50.86203313225277
1780170660,50.87376648522939
1780170675,50.95174329738788
1780170690,50.94753402277743
1780170705,50.945376769539585
1780170720,50.94984912381319
1780170735,50.99215233364816
1780170750,51.06328907456468
1780170765,51.26375577788711
1780170780,51.13610952532537
1780170795,51.077968919768594
1780170810,50.96642314259181
1780170825,51.044031643221885
1780170840,51.016250430792944
1780170855,50.70944692762416
1780170870,50.87345078963361
1780170885,50.99094216719765
1780170900,50.86229621191593
1780170915,50.929697221615676
1780170930,50.90880869636134
1780170945,50.58916690563069
1780170960,51.130637468331784
1780170975,51.18804145083173
1780170990,51.36888241128297
1780171005,51.49005690413113
1780171020,51.105539668467
1780171035,50.733702872566845
1780171050,50.7666930623262
1780171065,50.86834704416845
1780171080,51.02277480643913
1780171095,50.9512697539942
1780171110,50.92206791138425
1780171125,51.14721148711041
1780171140,51.22960803760988
1780171155,51.22818740742885
1780171170,51.44107147085209
1780171185,51.26312438669554
1780171200,51.214349417147
1780171215,50.53171030719812
1780171230,51.02366927729386
1780171245,51.01661874232136
1780171260,51.05881672029107
1780171275,50.971947815518014
1780171290,50.893023916572176
1780171305,50.90444157395301
1780171320,50.930012917211464
1780171335,50.99252064517656
1780171350,50.925382715139975
1780171365,50.94911250075636
1780171380,51.07612736212652
1780171395,50.93043384467251
1780171410,50.844301562956275
1780171425,50.81709912578628
1780171440,50.83530423847645
1780171455,50.848668685364615
1780171470,50.801051266333964
1780171485,50.97836695929894
1780171500,50.980261132873636
1780171515,50.925593178870486
1780171530,50.814941872548424
1780171545,50.8029980558413
1780171560,50.74091125533723
1780171575,50.807891337575924
1780171590,50.8217819437904
1780171605,50.80994335894853
1780171620,50.81841452410205
1780171635,50.83656702085959
1780171650,50.7167605422598
1780171665,50.74575192113924
1780171680,50.819624690552544
1780171695,50.78484555908375
1780171710,50.79184347812361
1780171725,50.7634308745031
1780171740,50.7028173201127
1780171755,50.77747932851546
1780171770,50.753223383572774
1780171785,50.96579175140023
1780171800,51.09796297416821
1780171815,51.03108812379477
1780171830,50.674404716492205
1780171845,50.789633608953125
1780171860,50.902284320715154
1780171875,50.89123497486274
1780171890,50.9848387190125
1780171905,50.85214133691823
1780171920,50.85740293018128
1780171935,50.95732058624672
1780171950,50.982628849842015
1780171965,50.981366067458886
1780171980,50.8958125610016
1780171995,50.96016184660876
1780172010,50.865663631604285
1780172025,51.28585446959193
1780172040,50.84009228834583
1780172055,50.82851678316711
1780172070,50.95353223909732
1780172085,50.947639254642695
1780172100,51.064972784408845
1780172115,51.104592581679654
1780172130,51.10959109527956
1780172145,50.95048051500475
1780172160,51.13353134462646
1780172175,51.30190232904426
1780172190,51.042874092704004
1780172205,51.11916719501832
1780172220,51.30911071181464
1780172235,51.0981208219661
1780172250,51.01525072807297
1780172265,51.072075935313975
1780172280,51.06223675591206
1780172295,51.0571330104469
1780172310,50.923330693767376
1780172325,50.96247694764451
1780172340,50.95237468857945
1780172355,51.20208990484409
1780172370,50.67051113747753
1780172385,50.94790233430585
1780172400,50.889025105692255
1780172415,50.86903105129264
1780172430,50.5578604257155
1780172445,50.73280840171213
1780172460,50.85298319184033
1780172475,50.80273497617813
1780172490,50.78526648654479
1780172505,50.911913036386544
1780172520,50.93737914777974
1780172535,50.992362797378675
1780172550,51.08396713608848
1780172565,51.01114668532778
1780172580,50.99220494958079
1780172595,51.008673736494146
1780172610,50.9810503718631
1780172625,51.13468889514434
1780172640,51.032982297369465
1780172655,51.079705245545405
1780172670,51.093701083625135
1780172685,51.09349061989461
1780172700,51.145422545400976
1780172715,51.464064633411645
1780172730,51.589606248668154
1780172745,51.16589014319426
1780172760,51.130321772735996
1780172775,51.14147635045367
1780172790,51.17878104668875
1780172805,51.09775251043769
1780172820,51.12553372286662
1780172835,51.27070108099434
1780172850,51.310478726063046
1780172865,51.0588693362237
1780172880,50.97084288093278
1780172895,51.0518188012512
1780172910,51.22376766908787
1780172925,51.264018857550255
1780172940,51.276594065448954
1780172955,51.27627836985318
1780172970,51.10085685046288
1780172985,51.20356315095774
1780173000,51.01488241654455
1780173015,51.65285059969009
1780173030,51.34220613343927
1780173045,51.33694454017621
1780173060,51.390560175526744
1780173075,51.2005640427978
1780173090,51.11553669566682
1780173105,51.08549299813476
1780173120,51.07112884852663
1780173135,51.130690084264415
1780173150,51.12979561340969
1780173165,51.155682652263934
1780173180,51.22176826364792
1780173195,51.18651558878544
1780173210,51.104645197612285
1780173225,50.790633311673105
1780173240,50.76201024432208
1780173255,50.74922457269287
1780173270,50.81873021969783
1780173285,50.76327302670522
1780173300,50.72349538163652
1780173315,50.696608640062294
1780173330,50.80978551115063
1780173345,50.66782772491338
1780173360,50.688453170504566
1780173375,50.824412740421934
1780173390,50.93453788741768
1780173405,51.238394898359175
1780173420,50.90822992110241
1780173435,50.92317284596949
1780173450,50.97784079997264
1780173465,51.03482385501154
1780173480,51.00157058558903
1780173495,51.05676469891848
1780173510,51.02872040682639
1780173525,51.094858634143
1780173540,51.040401143870376
1780173555,50.897706734576296
1780173570,50.90281048004146
1780173585,50.77947873395543
1780173600,50.69855542956962
1780173615,50.78210953058695
1780173630,50.701028378403265
1780173645,50.75622249173273
1780173660,50.923330693767376
1780173675,51.07223378311186
1780173690,51.12390262895508
1780173705,51.03277183363895
1780173720,51.14963182001142
1780173735,51.08459852728004
1780173750,51.11216927597846
1780173765,51.09975191587765
1780173780,51.01361963416142
1780173795,51.139056017552676
1780173810,51.095332177536676
1780173825,50.78642403706266
1780173840,50.81704650985365
1780173855,50.74391036349717
1780173870,50.78021535701226
1780173885,50.76379918603152
1780173900,50.74743563098342
1780173915,50.739964168549875
1780173930,50.733597640701575
1780173945,50.750697818806515
1780173960,50.76490412061676
1780173975,50.74049032787619
1780173990,50.89723319118262
1780174005,50.93564282200293
1780174020,50.99046862380398
1780174035,51.128006671700255
1780174050,51.141792046049474
1780174065,51.20277391196828
1780174080,51.331419867250005
1780174095,51.5559320517846
1780174110,51.141792046049474
1780174125,51.16794216456686
1780174140,51.12011428180567
1780174155,51.230502508464596
1780174170,51.33515559846678
1780174185,51.38161546697956
1780174200,51.163995969619556
1780174215,51.264965944337604
1780174230,50.82193979158829
1780174245,50.874450492353596
1780174260,51.0158295033319
1780174275,51.01482980061191
1780174290,51.002254592713214
1780174305,51.01577688739927
1780174320,50.89612825659737
1780174335,51.098699597225036
1780174350,51.04971416394599
1780174365,51.099330988416604
1780174380,51.035718325866256
1780174395,51.07581166653075
1780174410,51.20919305574921
1780174425,51.58644929271033
1780174440,51.03677064451886
1780174455,50.9417988861207
1780174470,50.99167879025448
1780174485,51.02882563869164
1780174500,51.00383307069214
1780174515,51.04582058493132
1780174530,51.05965857521316
1780174545,50.98799567497034
1780174560,50.90880869636134
1780174575,50.93096000399881
1780174590,51.02761547224115
1780174605,51.0158295033319
1780174620,51.04571535306606
1780174635,50.888446330433325
1780174650,50.89981137188152
1780174665,50.91417552148967
1780174680,50.661566428930335
1780174695,50.69587201700547
1780174710,50.91917403508957
1780174725,50.909071776024504
1780174740,50.85287795997506
1780174755,50.97147427212434
1780174770,50.96174032458769
1780174785,51.002412440511115
1780174800,50.979050966423145
1780174815,51.52257355049683
1780174830,51.81022485418809
1780174845,51.82721980042777
1780174860,51.72851231081283
1780174875,51.832691857421345
1780174890,51.754925508993374
1780174905,51.81680184576691
1780174920,51.77549833865193
1780174935,51.84053163138329
1780174950,51.14710625524515
1780174965,51.032613985841046
1780174980,50.84130245479634
1780174995,51.006358635458405
1780175010,51.03640233299045
1780175025,51.00941035955098
1780175040,51.10922278375114
1780175055,51.15110506612508
1780175070,51.04450518661557
1780175085,50.8798173174819
1780175100,50.90980839908133
1780175115,51.09270138090516
1780175130,51.05213449684699
1780175145,51.05860625656056
1780175160,51.05066125073334
1780175175,51.054028670421694
1780175190,50.966265294793914
1780175205,50.92948675788516
1780175220,50.928907982626214
1780175235,51.00977867107939
1780175250,50.95647873132463
1780175265,50.95532118080677
1780175280,51.04939846835019
1780175295,51.03913836148723
1780175310,51.02956226174848
1780175325,50.86482177668219
1780175340,50.865663631604285
1780175355,50.83614609339855
1780175370,50.78642403706266
1780175385,50.83888212189534
1780175400,50.813310778636875
1780175415,50.888393714500694
1780175430,50.91380720996125
1780175445,50.885078910744966
1780175460,51.15226261664294
1780175475,50.94043087187231
1780175490,50.977735568107384
1780175505,50.99452005061653
1780175520,51.020301857605496
1780175535,50.927329504647304
1780175550,51.0178815247045
1780175565,50.960319694406664
1780175580,51.04666243985341
1780175595,51.06118443725944
1780175610,50.98746951564404
1780175625,51.03345584076314
1780175640,51.06223675591206
1780175655,51.129690381544435
1780175670,51.01619781486032
1780175685,50.975630930802154
1780175700,50.938326234567086
1780175715,50.938431466432355
1780175730,50.9027052481762
1780175745,50.97536785113901
1780175760,50.97636755385899
1780175775,50.902389552580416
1780175790,50.89923259662259
1780175805,50.87160923199154
1780175820,50.78089936413646
1780175835,50.72370584536703
1780175850,50.8331469852386
1780175865,50.832936521508074
1780175880,50.85735031424865
1780175895,50.875976354399874
1780175910,50.867347341448465
1780175925,50.7957896730709
1780175940,50.88634169312809
1780175955,50.93848408236499
1780175970,51.196460000052625
1780175985,51.067393117309855
1780176000,51.199353876347296
1780176015,51.30963687114095
1780176030,51.32473764380592
1780176045,51.417657380831486
1780176060,51.21256047543756
1780176075,51.43928252914265
1780176090,51.30942640741043
1780176105,51.277909463764715
1780176120,51.451331577715045
1780176135,51.446333064115144
1780176150,51.307900545364134
1780176165,51.329736157405826
1780176180,51.27406850068269
1780176195,51.01688182198452
1780176210,51.08186249878326
1780176225,51.038191274699884
1780176240,51.103066719633375
1780176255,50.983733784427265
1780176270,51.07533812313707
1780176285,50.9893110732861
1780176300,50.84251262124684
1780176315,50.853351503368735
1780176330,50.84251262124684
1780176345,50.883973976159716
1780176360,50.903073559704616
1780176375,50.88981434468172
1780176390,50.86282237124223
1780176405,50.904704653616164
1780176420,50.91796386863906
1780176435,50.81546803187473
1780176450,50.843144012438415
1780176465,50.930012917211464
1780176480,51.002412440511115
1780176495,50.89291868470691
1780176510,50.911649956723394
1780176525,50.86608455906534
1780176540,50.92727688871468
1780176555,50.88076440426925
1780176570,50.84188123005527
1780176585,50.84551172940679
1780176600,50.882921657507104
1780176615,50.82846416723448
1780176630,50.8603494224086
1780176645,50.87160923199154
1780176660,50.87487141981464
1780176675,50.85850786476654
1780176690,50.91222873198233
1780176705,51.02466898001383
1780176720,51.02067016913392
1780176735,51.14279174876945
1780176750,51.05907979995423
1780176765,51.09517432973879
1780176780,51.11090649359533
1780176795,51.06602510306146
1780176810,51.320317905464954
1780176825,51.0778110719707
1780176840,50.97747248844422
1780176855,51.0221960311802
1780176870,51.12495494760769
1780176885,51.06023735047209
1780176900,51.05302896770171
1780176915,50.938326234567086
1780176930,51.04860922936074
1780176945,51.019670466413935
1780176960,51.03677064451886
1780176975,51.03877004995883
1780176990,51.03866481809356
1780177005,51.03929620928513
1780177020,51.02587914646435
1780177035,50.8217819437904
1780177050,50.85529829287607
1780177065,50.85750816204655
1780177080,50.848668685364615
1780177095,50.82841155130184
1780177110,50.978314343366314
1780177125,51.008410656830996
1780177140,50.92622457006206
1780177155,50.92043681747269
1780177170,50.82488628381561
1780177185,50.80657593926017
1780177200,50.86818919637055
1780177215,50.99220494958079
1780177230,50.74348943603613
1780177245,50.95789936150565
1780177260,50.99957118014906
1780177275,50.968633011762286
1780177290,50.962371715779256
1780177305,51.01882861149185
1780177320,51.051134794127016
1780177335,50.611949604459724
1780177350,51.00977867107939
1780177365,51.02424805255279
1780177380,51.04708336731445
1780177395,51.04261101304086
1780177410,51.050713866665966
1780177425,51.06881374749088
1780177440,51.05502837314167
1780177455,51.03971713674618
1780177470,50.95411101435625
1780177485,51.041716542186144
1780177500,51.10664460305225
1780177515,51.100014995540796
1780177530,51.05192403311647
1780177545,51.21671713411538
1780177560,51.16346981029325
1780177575,51.012777779239336
1780177590,51.112537587506864
1780177605,51.170941272726786
1780177620,51.304059582282115
1780177635,51.12958514967918
1780177650,51.12300815810036
1780177665,51.16946802661314
1780177680,51.5066835388424
1780177695,51.36356820208727
1780177710,50.99551975333652
1780177725,50.92433039648736
1780177740,51.04787260630391
1780177755,50.89823289390261
1780177770,50.902389552580416
1780177785,50.95290084790576
1780177800,50.87302986217257
1780177815,50.91680631812119
1780177830,50.561385693201764
1780177845,50.7124460357841
1780177860,50.78531910247742
1780177875,50.808101801306464
1780177890,50.88071178833662
1780177905,50.836672252724846
1780177920,50.839092585625856
1780177935,50.883973976159716
1780177950,50.923646389363164
1780177965,50.832726057777556
1780177980,50.953374391299434
1780177995,50.906967138719274
1780178010,50.91964757848324
1780178025,50.91838479610011
1780178040,51.00499062121001
1780178055,50.95742581811198
1780178070,51.002412440511115
1780178085,50.912965355039155
1780178100,50.90991363094659
1780178115,50.66440768929239
1780178130,50.72139074433129
1780178145,50.73775429937939
1780178160,50.67977154162051
1780178175,50.6738785571659
1780178190,50.73454472748893
1780178205,50.72354799756915
1780178220,50.68308634537624
1780178235,50.7312299237332
1780178250,50.86287498717487
1780178265,51.06486755254358
1780178280,50.796052752734056
1780178295,51.13058485239915
1780178310,50.747751326579206
1780178325,51.179096742284536
1780178340,51.43096921178702
1780178355,51.26417670534815
1780178370,50.92759258431045
1780178385,50.7868449645237
1780178400,50.79505305001408
1780178415,50.94353521189752
1780178430,50.754328318158024
1780178445,50.87318770997046
1780178460,50.80294543990866
1780178475,50.99110001499554
1780178490,50.9798402054126
1780178505,50.928329207367284
1780178520,51.01425102535298
1780178535,50.988363986498754
1780178550,50.98831137056612
1780178565,51.02982534141163
1780178580,50.9810503718631
1780178595,50.810311670476935
1780178610,50.779005190561755
1780178625,50.87518711541041
1780178640,50.86198051632015
1780178655,50.7901071523468
1780178670,50.781057211934346
1780178685,50.80831226503697
1780178700,50.89802243017208
1780178715,50.896601799991046
1780178730,50.996624687921745
1780178745,51.08133633945695
1780178760,50.99736131097858
1780178775,50.97636755385899
1780178790,51.08991273647574
1780178805,51.15268354410398
1780178820,51.74019304785682
1780178835,51.53188657057244
1780178850,51.64280095655766
1780178865,51.6408015511177
1780178880,51.03719157197991
1780178895,51.08081018013064
1780178910,51.12174537571722
1780178925,51.112695435304765
1780178940,51.3112679650525
1780178955,51.181359227387645
1780178970,51.22392551688577
1780178985,51.285959701457195
1780179000,51.4028723037623
1780179015,51.66468918453197
1780179030,50.93622159726186
1780179045,51.05413390228695
1780179060,51.08349359269481
1780179075,51.16983633814155
1780179090,51.021932951517044
1780179105,50.968738243627556
1780179120,51.06991868207612
1780179135,51.00630601952577
1780179150,51.05387082262381
1780179165,51.13316303309805
1780179180,51.121797991649856
1780179195,51.49042521565955
1780179210,51.0879659469684
1780179225,51.079757861478036
1780179240,51.05881672029107
1780179255,50.87487141981464
1780179270,50.91533307200753
1780179285,50.93190709078617
1780179300,50.959267375754045
1780179315,50.93553759013767
1780179330,50.817993596640996
1780179345,50.732755785779496
1780179360,51.07833723129701
1780179375,50.99204710178289
1780179390,51.028878254624274
1780179405,50.89786458237418
1780179420,50.84982623588249
1780179435,50.818677603765195
1780179450,50.958425520831966
1780179465,50.800682954805545
1780179480,50.80783872164329
1780179495,50.80815441723908
1780179510,50.73112469186795
1780179525,50.78231999431748
1780179540,50.96879085956019
1780179555,51.0499246276765
1780179570,50.73254532204897
1780179585,50.694240923093915
1780179600,50.89502332201214
1780179615,51.13979264060951
1780179630,51.363357738356754
1780179645,51.15736636210811
1780179660,51.11764133297203
1780179675,51.26186160431241
1780179690,51.455435620460236
1780179705,51.542935916424845
1780179720,51.51715410943588
1780179735,51.31279382709879
1780179750,51.32152807191546
1780179765,51.246602983849534
1780179780,51.06649864645514
1780179795,51.25702093851039
1780179810,50.54444336289472
1780179825,50.577959711980384
1780179840,50.699292052626454
1780179855,50.76143146906315
1780179870,51.17825488736244
1780179885,51.00777926563943
1780179900,50.79884139716347
1780179915,50.84240738938157
1780179930,50.75059258694126
1780179945,50.740648175674075
1780179960,50.928960598558845
1780179975,50.653042647844195
1780179990,50.63536369448032
1780180005,50.69339906817183
1780180020,50.753381231370675
1780180035,50.7155503758093
1780180050,50.66251351571769
1780180065,50.698976357030666
1780180080,50.798525701567684
1780180095,50.861559588859095
1780180110,50.75969514328633
1780180125,50.85682415492235
1780180140,50.470886289077185
1780180155,50.90786160957399
1780180170,50.96147724492454
1780180185,50.960109230676146
1780180200,51.10038330706921
1780180215,51.00656909918892
1780180230,50.741332182798274
1780180245,50.79857831750032
1780180260,50.902336936647785
1780180275,50.92590887446627
1780180290,51.00246505644375
1780180305,51.020617553201284
1780180320,50.984943950877756
1780180335,51.00588509206473
1780180350,51.00157058558903
1780180365,51.00793711343732
1780180380,51.014777184679296
1780180395,51.07186547158344
1780180410,50.945482001404855
1780180425,50.91991065814639
1780180440,50.78389847229639
1780180455,50.93295940943877
1780180470,50.90175816138884
1780180485,50.87281939844204
1780180500,50.875765890669356
1780180515,50.861664820724364
1780180530,50.88786755517438
1780180545,50.72254829484917
1780180560,50.63988866468656
1780180575,50.77079710507139
1780180590,50.749961195749684
1780180605,50.720917200937606
1780180620,50.7725334308482
1780180635,50.81341601050213
1780180650,50.885499838206
1780180665,50.836882716455364
1780180680,50.781635987193276
1780180695,50.789686224885756
1780180710,50.84219692565106
1780180725,51.0096208232815
1780180740,50.78284615364379
1780180755,50.8190459152936
1780180770,50.749961195749684
1780180785,50.94511368987643
1780180800,51.333682352353115
1780180815,51.3365762286478
1780180830,51.22445167621208
1780180845,50.97620970606109
1780180860,50.82078224107042
1780180875,50.9679490046381
1780180890,50.99115263092817
1780180905,50.92012112187692
1780180920,50.97799864777053
1780180935,50.92959198975042
1780180950,50.90549389260561
1780180965,50.95021743534159
1780180980,51.003727838826876
1780180995,50.86592671126744
1780181010,51.08722932391158
1780181025,50.87529234727568
1780181040,50.76516720027991
1780181055,50.754328318158024
1780181070,50.71218295612094
1780181085,50.75143444186334
1780181100,50.85745554611392
1780181115,50.76011607074739
1780181130,50.772112503387156
1780181145,50.72012796194816
1780181160,51.20877212828816
1780181175,50.83488331101541
1780181190,50.94542938547222
1780181205,50.759589911421074
1780181220,50.82530721127665
1780181235,50.85324627150347
1780181250,50.71833902023872
1780181265,50.83304175337333
1780181280,50.606898474927185
1780181295,50.62678729746155
1780181310,50.58132713166874
1780181325,50.63594246973926
1780181340,50.718023324642935
1780181355,50.69029472814663
1780181370,50.65514728514942
1780181385,50.59942701249365
1780181400,50.684770055220426
1780181415,50.71170941272727
1780181430,51.18546327013283
1780181445,51.08712409204631
1780181460,51.12858544695919
1780181475,51.0824412740422
1780181490,51.01319870670038
1780181505,50.917490325245396
1780181520,51.11885149942255
1780181535,50.94106226306388
1780181550,50.962634795442405
1780181565,50.94890203702583
1780181580,50.976998945050546
1780181595,50.90154769765833
1780181610,50.97752510437685
1780181625,50.80741779418225
1780181640,50.71291957917777
1780181655,50.82941125402183
1780181670,50.84067106360477
1780181685,50.7548018615517
1780181700,50.73975370481936
1780181715,50.791738246258355
1780181730,50.830253108943914
1780181745,50.723653229434404
1780181760,50.706921362857884
1780181775,50.69576678514021
1780181790,50.88928818535541
1780181805,50.82141363226198
1780181820,50.82215025531882
1780181835,50.41400846590356
1780181850,50.847721598577266
1780181865,50.713708818167234
1780181880,50.92464609208314
1780181895,50.443052460715634
1780181910,51.054817909411156
1780181925,51.205457324532446
1780181940,51.022669574573875
1780181955,51.08075756419801
1780181970,51.00609555579525
1780181985,51.14773764643672
1780182000,51.00367522289424
1780182015,51.282013506509905
1780182030,51.89725160675904
1780182045,51.93487199858989
1780182060,52.01879441113564
1780182075,51.91724566115865
1780182090,51.898724852872704
1780182105,52.19579440850484
1780182120,51.930031332787884
1780182135,51.954760821124246
1780182150,51.891726933832835
1780182165,51.90419690986627
1780182180,51.99995790725389
1780182195,50.83914520155848
1780182210,50.7439629794298
1780182225,50.7725334308482
1780182240,50.753381231370675
1780182255,50.74480483435189
1780182270,50.83356791269964
1780182285,50.8026823602455
1780182300,50.78816036283948
1780182315,50.798525701567684
1780182330,51.053397279230126
1780182345,51.12474448387716
1780182360,50.987259051913504
1780182375,51.0254582190033
1780182390,50.97526261927374
1780182405,51.14194989384735
1780182420,51.40392462241492
1780182435,51.20687795471346
1780182450,51.11969335434463
1780182465,51.25502153307042
1780182480,51.15847129669335
1780182495,51.307321770105204
1780182510,51.17957028567821
1780182525,51.03287706550421
1780182540,50.93895762575866
1780182555,50.85419335829082
1780182570,50.892971300639545
1780182585,50.888288482635424
1780182600,50.91964757848324
1780182615,50.97599924233057
1780182630,51.0552388368722
1780182645,51.303375575157915
1780182660,51.15805036923231
1780182675,51.26449240094393
1780182690,51.15783990550178
1780182705,51.12100875266039
1780182720,51.141423734521055
1780182735,51.25854680055668
1780182750,51.07244424684239
1780182765,51.205773020128234
1780182780,51.064236161352014
1780182795,50.752276296785425
1780182810,50.662408283852436
1780182825,50.72128551246603
1780182840,50.71049924627676
1780182855,50.89112974299748
1780182870,50.99273110890709
1780182885,50.97389460502535
1780182900,50.86361161023169
1780182915,50.79168563032572
1780182930,50.76774538097881
1780182945,50.80194573718868
1780182960,50.807891337575924
1780182975,50.872398470981
1780182990,51.062657683373104
1780183005,51.029141334287445
1780183020,51.05644900332269
1780183035,50.99167879025448
1780183050,51.03303491330209
1780183065,51.08859733815997
1780183080,51.098752213157674
1780183095,51.142265589443134
1780183110,51.122113687245644
1780183125,51.162733187236434
1780183140,51.0955426412672
1780183155,50.82809585570607
1780183170,50.77416452475973
1780183185,50.84482772228258
1780183200,50.874397876420964
1780183215,50.8173095895168
1780183230,50.94690263158588
1780183245,50.97542046707164
1780183260,50.83083188420285
1780183275,50.858613096631785
1780183290,50.95084882653316
1780183305,50.861664820724364
1780183320,50.84793206230779
1780183335,50.834725463217524
1780183350,51.171993591379405
1780183365,50.92753996837782
1780183380,50.896391336260535
1780183395,50.98662766072195
1780183410,50.81141660506218
1780183425,50.85287795997506
1780183440,50.904599421750895
1780183455,51.102224864711275
1780183470,50.90670405905613
1780183485,51.00746357004364
1780183500,50.98015590100838
1780183515,50.733702872566845
1780183530,50.83451499948699
1780183545,50.93553759013767
1780183560,50.77590085053655
1780183575,50.845301265676255
1780183590,50.73028283694585
1780183605,50.810416902342205
1780183620,50.76890293149668
1780183635,51.08291481743588
1780183650,50.70839460897154
1780183665,50.67108991273648
1780183680,50.78053105260805
1780183695,50.72828343150589
1780183710,50.97852480709684
1780183725,50.86050727020649
1780183740,50.804313454157054
1780183755,50.75374954289909
1780183770,50.79568444120564
1780183785,50.760326534477905
1780183800,50.73417641596052
1780183815,50.86403253769274
1780183830,50.80247189651499
1780183845,50.80410299042653
1780183860,50.917279861514864
1780183875,50.92632980192733
1780183890,50.76416749755994
1780183905,50.69687171972546
1780183920,50.9748416918127
1780183935,50.84472249041732
1780183950,50.8242022766914
1780183965,50.88886725789437
1780183980,50.78021535701226
1780183995,50.87181969572205
1780184010,50.86608455906534
1780184025,50.77053402540823
1780184040,50.76411488162731
1780184055,50.820992704800936
1780184070,50.88113271579767
1780184085,50.79799954224138
1780184100,50.771323264397694
1780184115,50.88223765038291
1780184130,50.74049032787619
1780184145,50.68908456169613
1780184160,50.621894015726895
1780184175,50.728336047438525
1780184190,50.74085863940459
1780184205,50.70044960314433
1780184220,50.67429948462694
1780184235,50.6895581050898
1780184250,50.63415352802983
1780184265,50.60721417052297
1780184280,50.558018273513404
1780184295,50.85082593860246
1780184310,50.579012030632995
1780184325,50.698344965839105
1780184340,50.61547487194598
1780184355,50.66219782012191
1780184370,50.771112800667176
1780184385,50.65114847426949
1780184400,50.68966333695506
1780184415,50.69487231428549
1780184430,50.77753194444809
1780184445,50.90028491527519
1780184460,50.91591184726647
1780184475,51.05723824231215
1780184490,51.02872040682639
1780184505,50.94974389194792
1780184520,50.972053047383284
1780184535,50.99646684012386
1780184550,50.93516927860926
1780184565,50.98783782717244
1780184580,51.040769455398795
1780184595,50.967317613446525
1780184610,51.01819722030028
1780184625,50.9891532254882
1780184640,51.18446356741284
1780184655,50.98210269051571
1780184670,51.010094366675176
1780184685,51.0443999547503
1780184700,51.130111309005486
1780184715,51.20024834720201
1780184730,51.064025697621496
1780184745,51.054660061613255
1780184760,50.88813063483754
1780184775,51.143002212499965
1780184790,51.35756998576739
1780184805,51.338312554424604
1780184820,51.27785684783209
1780184835,51.16936279474788
1780184850,51.09343800396198
1780184865,51.13216333037806
1780184880,51.45185773704135
1780184895,51.18088568399397
1780184910,51.2961145764549
1780184925,51.23860536208969
1780184940,51.191987645779015
1780184955,51.19356612375794
1780184970,51.25996743073771
1780184985,51.17957028567821
1780185000,51.1322159463107
1780185015,51.319739130206024
1780185030,51.185042342671785
1780185045,51.248707621154765
1780185060,51.167679084903696
1780185075,51.70720285809747
1780185090,50.88034347680821
1780185105,51.0159873511298
1780185120,51.02366927729386
1780185135,51.21482296054067
1780185150,51.178886278554
1780185165,51.03492908687679
1780185180,51.08470375914531
1780185195,51.04850399749547
1780185210,50.9899950804103
1780185225,51.145264697603075
1780185240,50.93316987316929
1780185255,50.90675667498875
1780185270,50.947586638710064
1780185285,50.81020643861167
1780185300,50.782056914654326
1780185315,50.72333753383862
1780185330,50.51345257857531
1780185345,50.5771178570583
1780185360,50.545074754086286
1780185375,50.55738688232183
1780185390,50.59558604941162
1780185405,50.72370584536703
1780185420,50.40448498209743
1780185435,50.74359466790139
1780185450,50.74954026828864
1780185465,50.70329086350638
1780185480,50.5774861685867
1780185495,50.82520197941138
1780185510,50.82572813873769
1780185525,51.12174537571722
1780185540,51.139634792811606
1780185555,50.93069692433565
1780185570,51.11348467429422
1780185585,50.86087558173491
1780185600,50.77316482203976
1780185615,50.730493300676386
1780185630,50.968001620570725
1780185645,51.32815767942691
1780185660,51.123323853696135
1780185675,51.72051468905299
1780185690,51.34120643071929
1780185705,51.08622962119159
1780185720,51.09354323582724
1780185735,51.55266986396151
1780185750,51.691681157971445
1780185765,51.23476439900767
1780185780,51.024195436620154
1780185795,51.5819243225041
1780185810,51.13190025071492
1780185825,51.803121703282976
1780185840,51.37819543135858
1780185855,51.711780444236325
1780185870,51.21750637310484
1780185885,51.09480601821037
1780185900,51.02751024037588
1780185915,51.04224270151245
1780185930,51.09280661277042
1780185945,51.18178015484869
1780185960,51.126533425586594
1780185975,51.15036844306824
1780185990,51.15142076172086
1780186005,51.10906493595326
1780186020,51.11822010823097
1780186035,51.0437159476261
1780186050,51.19093532712641
1780186065,50.87045168147366
1780186080,51.01372486602669
1780186095,50.98304977730306
1780186110,50.93285417757352
1780186125,50.92043681747269
1780186140,50.97221089518117
1780186155,51.056396387390066
1780186170,51.185042342671785
1780186185,50.875713274736725
1780186200,50.86987290621473
1780186215,50.79252748524781
1780186230,50.491722198398904
1780186245,50.614685632956515
1780186260,50.54838955784201
1780186275,50.69413569122866
1780186290,50.77895257462912
1780186305,50.85150994572667
1780186320,50.703448711304276
1780186335,50.78179383499118
1780186350,50.895233785742654
1780186365,50.9264876497252
1780186380,50.89412885115742
1780186395,50.847616366712
1780186410,50.795263513744594
1780186425,50.76253640364838
1780186440,50.873082478105204
1780186455,50.98389163222515
1780186470,50.69787142244543
1780186485,51.04245316524296
1780186500,50.903599719030915
1780186515,50.96110893339612
